solid OpenSCAD_Model
  facet normal -0.969933 -0.243371 0
    outer loop
      vertex 22.7164 3.34141 0
      vertex 22.6746 3.508 3
      vertex 22.6746 3.508 0
    endloop
  endfacet
  facet normal -0.969933 -0.243371 0
    outer loop
      vertex 22.6746 3.508 3
      vertex 22.7164 3.34141 0
      vertex 22.7164 3.34141 3
    endloop
  endfacet
  facet normal -0.998803 -0.0489124 0
    outer loop
      vertex 22.75 3 0
      vertex 22.7416 3.17153 3
      vertex 22.7416 3.17153 0
    endloop
  endfacet
  facet normal -0.998803 -0.0489124 0
    outer loop
      vertex 22.7416 3.17153 3
      vertex 22.75 3 0
      vertex 22.75 3 3
    endloop
  endfacet
  facet normal 0.0490952 -0.998794 0
    outer loop
      vertex 20.8285 4.74157 0
      vertex 21 4.75 3
      vertex 20.8285 4.74157 3
    endloop
  endfacet
  facet normal 0.0490952 -0.998794 0
    outer loop
      vertex 21 4.75 3
      vertex 20.8285 4.74157 0
      vertex 21 4.75 0
    endloop
  endfacet
  facet normal -0.671695 -0.740828 0
    outer loop
      vertex 22.1102 4.35277 0
      vertex 22.2374 4.23744 3
      vertex 22.1102 4.35277 3
    endloop
  endfacet
  facet normal -0.671695 -0.740828 -0
    outer loop
      vertex 22.2374 4.23744 3
      vertex 22.1102 4.35277 0
      vertex 22.2374 4.23744 0
    endloop
  endfacet
  facet normal 0.740756 -0.671774 0
    outer loop
      vertex 19.6472 4.11019 3
      vertex 19.7626 4.23744 0
      vertex 19.7626 4.23744 3
    endloop
  endfacet
  facet normal 0.740756 -0.671774 0
    outer loop
      vertex 19.7626 4.23744 0
      vertex 19.6472 4.11019 3
      vertex 19.6472 4.11019 0
    endloop
  endfacet
  facet normal 0.427678 -0.903931 0
    outer loop
      vertex 20.1751 4.54336 0
      vertex 20.3303 4.61679 3
      vertex 20.1751 4.54336 3
    endloop
  endfacet
  facet normal 0.427678 -0.903931 0
    outer loop
      vertex 20.3303 4.61679 3
      vertex 20.1751 4.54336 0
      vertex 20.3303 4.61679 0
    endloop
  endfacet
  facet normal 0.671695 0.740828 -0
    outer loop
      vertex 19.8898 1.64723 0
      vertex 19.7626 1.76256 3
      vertex 19.8898 1.64723 3
    endloop
  endfacet
  facet normal 0.671695 0.740828 0
    outer loop
      vertex 19.7626 1.76256 3
      vertex 19.8898 1.64723 0
      vertex 19.7626 1.76256 0
    endloop
  endfacet
  facet normal -0.94165 -0.336595 0
    outer loop
      vertex 22.6746 3.508 0
      vertex 22.6168 3.6697 3
      vertex 22.6168 3.6697 0
    endloop
  endfacet
  facet normal -0.94165 -0.336595 0
    outer loop
      vertex 22.6168 3.6697 3
      vertex 22.6746 3.508 0
      vertex 22.6746 3.508 3
    endloop
  endfacet
  facet normal -0.336904 -0.941539 0
    outer loop
      vertex 21.508 4.67465 0
      vertex 21.6697 4.61679 3
      vertex 21.508 4.67465 3
    endloop
  endfacet
  facet normal -0.336904 -0.941539 -0
    outer loop
      vertex 21.6697 4.61679 3
      vertex 21.508 4.67465 0
      vertex 21.6697 4.61679 0
    endloop
  endfacet
  facet normal 0.904041 -0.427445 0
    outer loop
      vertex 19.3832 3.6697 3
      vertex 19.4566 3.82494 0
      vertex 19.4566 3.82494 3
    endloop
  endfacet
  facet normal 0.904041 -0.427445 0
    outer loop
      vertex 19.4566 3.82494 0
      vertex 19.3832 3.6697 3
      vertex 19.3832 3.6697 0
    endloop
  endfacet
  facet normal 0.857714 -0.514128 0
    outer loop
      vertex 19.4566 3.82494 3
      vertex 19.5449 3.97225 0
      vertex 19.5449 3.97225 3
    endloop
  endfacet
  facet normal 0.857714 -0.514128 0
    outer loop
      vertex 19.5449 3.97225 0
      vertex 19.4566 3.82494 3
      vertex 19.4566 3.82494 0
    endloop
  endfacet
  facet normal 0.998803 0.0489124 0
    outer loop
      vertex 19.2584 2.82847 3
      vertex 19.25 3 0
      vertex 19.25 3 3
    endloop
  endfacet
  facet normal 0.998803 0.0489124 0
    outer loop
      vertex 19.25 3 0
      vertex 19.2584 2.82847 3
      vertex 19.2584 2.82847 0
    endloop
  endfacet
  facet normal -0.904041 0.427445 0
    outer loop
      vertex 22.5434 2.17506 0
      vertex 22.6168 2.3303 3
      vertex 22.6168 2.3303 0
    endloop
  endfacet
  facet normal -0.904041 0.427445 0
    outer loop
      vertex 22.6168 2.3303 3
      vertex 22.5434 2.17506 0
      vertex 22.5434 2.17506 3
    endloop
  endfacet
  facet normal -0.336904 0.941539 0
    outer loop
      vertex 21.6697 1.38321 0
      vertex 21.508 1.32535 3
      vertex 21.6697 1.38321 3
    endloop
  endfacet
  facet normal -0.336904 0.941539 0
    outer loop
      vertex 21.508 1.32535 3
      vertex 21.6697 1.38321 0
      vertex 21.508 1.32535 0
    endloop
  endfacet
  facet normal -0.740756 0.671774 0
    outer loop
      vertex 22.2374 1.76256 0
      vertex 22.3528 1.88981 3
      vertex 22.3528 1.88981 0
    endloop
  endfacet
  facet normal -0.740756 0.671774 0
    outer loop
      vertex 22.3528 1.88981 3
      vertex 22.2374 1.76256 0
      vertex 22.2374 1.76256 3
    endloop
  endfacet
  facet normal -0.969933 0.243371 0
    outer loop
      vertex 22.6746 2.492 0
      vertex 22.7164 2.65859 3
      vertex 22.7164 2.65859 0
    endloop
  endfacet
  facet normal -0.969933 0.243371 0
    outer loop
      vertex 22.7164 2.65859 3
      vertex 22.6746 2.492 0
      vertex 22.6746 2.492 3
    endloop
  endfacet
  facet normal 0.242919 0.970047 -0
    outer loop
      vertex 20.6586 1.28363 0
      vertex 20.492 1.32535 3
      vertex 20.6586 1.28363 3
    endloop
  endfacet
  facet normal 0.242919 0.970047 0
    outer loop
      vertex 20.492 1.32535 3
      vertex 20.6586 1.28363 0
      vertex 20.492 1.32535 0
    endloop
  endfacet
  facet normal 0.427678 0.903931 -0
    outer loop
      vertex 20.3303 1.38321 0
      vertex 20.1751 1.45664 3
      vertex 20.3303 1.38321 3
    endloop
  endfacet
  facet normal 0.427678 0.903931 0
    outer loop
      vertex 20.1751 1.45664 3
      vertex 20.3303 1.38321 0
      vertex 20.1751 1.45664 0
    endloop
  endfacet
  facet normal 0.94165 0.336595 0
    outer loop
      vertex 19.3832 2.3303 3
      vertex 19.3254 2.492 0
      vertex 19.3254 2.492 3
    endloop
  endfacet
  facet normal 0.94165 0.336595 0
    outer loop
      vertex 19.3254 2.492 0
      vertex 19.3832 2.3303 3
      vertex 19.3832 2.3303 0
    endloop
  endfacet
  facet normal -0.989176 -0.146734 0
    outer loop
      vertex 22.7416 3.17153 0
      vertex 22.7164 3.34141 3
      vertex 22.7164 3.34141 0
    endloop
  endfacet
  facet normal -0.989176 -0.146734 0
    outer loop
      vertex 22.7164 3.34141 3
      vertex 22.7416 3.17153 0
      vertex 22.7416 3.17153 3
    endloop
  endfacet
  facet normal -0.904041 -0.427445 0
    outer loop
      vertex 22.6168 3.6697 0
      vertex 22.5434 3.82494 3
      vertex 22.5434 3.82494 0
    endloop
  endfacet
  facet normal -0.904041 -0.427445 0
    outer loop
      vertex 22.5434 3.82494 3
      vertex 22.6168 3.6697 0
      vertex 22.6168 3.6697 3
    endloop
  endfacet
  facet normal -0.857714 -0.514128 0
    outer loop
      vertex 22.5434 3.82494 0
      vertex 22.4551 3.97225 3
      vertex 22.4551 3.97225 0
    endloop
  endfacet
  facet normal -0.857714 -0.514128 0
    outer loop
      vertex 22.4551 3.97225 3
      vertex 22.5434 3.82494 0
      vertex 22.5434 3.82494 3
    endloop
  endfacet
  facet normal -0.803217 -0.595687 0
    outer loop
      vertex 22.4551 3.97225 0
      vertex 22.3528 4.11019 3
      vertex 22.3528 4.11019 0
    endloop
  endfacet
  facet normal -0.803217 -0.595687 0
    outer loop
      vertex 22.3528 4.11019 3
      vertex 22.4551 3.97225 0
      vertex 22.4551 3.97225 3
    endloop
  endfacet
  facet normal -0.146717 -0.989178 0
    outer loop
      vertex 21.1715 4.74157 0
      vertex 21.3414 4.71637 3
      vertex 21.1715 4.74157 3
    endloop
  endfacet
  facet normal -0.146717 -0.989178 -0
    outer loop
      vertex 21.3414 4.71637 3
      vertex 21.1715 4.74157 0
      vertex 21.3414 4.71637 0
    endloop
  endfacet
  facet normal -0.0490952 -0.998794 0
    outer loop
      vertex 21 4.75 0
      vertex 21.1715 4.74157 3
      vertex 21 4.75 3
    endloop
  endfacet
  facet normal -0.0490952 -0.998794 -0
    outer loop
      vertex 21.1715 4.74157 3
      vertex 21 4.75 0
      vertex 21.1715 4.74157 0
    endloop
  endfacet
  facet normal -0.59552 -0.803341 0
    outer loop
      vertex 21.9722 4.45507 0
      vertex 22.1102 4.35277 3
      vertex 21.9722 4.45507 3
    endloop
  endfacet
  facet normal -0.59552 -0.803341 -0
    outer loop
      vertex 22.1102 4.35277 3
      vertex 21.9722 4.45507 0
      vertex 22.1102 4.35277 0
    endloop
  endfacet
  facet normal -0.51411 -0.857724 0
    outer loop
      vertex 21.8249 4.54336 0
      vertex 21.9722 4.45507 3
      vertex 21.8249 4.54336 3
    endloop
  endfacet
  facet normal -0.51411 -0.857724 -0
    outer loop
      vertex 21.9722 4.45507 3
      vertex 21.8249 4.54336 0
      vertex 21.9722 4.45507 0
    endloop
  endfacet
  facet normal 0.803217 -0.595687 0
    outer loop
      vertex 19.5449 3.97225 3
      vertex 19.6472 4.11019 0
      vertex 19.6472 4.11019 3
    endloop
  endfacet
  facet normal 0.803217 -0.595687 0
    outer loop
      vertex 19.6472 4.11019 0
      vertex 19.5449 3.97225 3
      vertex 19.5449 3.97225 0
    endloop
  endfacet
  facet normal 0.94165 -0.336595 0
    outer loop
      vertex 19.3254 3.508 3
      vertex 19.3832 3.6697 0
      vertex 19.3832 3.6697 3
    endloop
  endfacet
  facet normal 0.94165 -0.336595 0
    outer loop
      vertex 19.3832 3.6697 0
      vertex 19.3254 3.508 3
      vertex 19.3254 3.508 0
    endloop
  endfacet
  facet normal 0.989176 -0.146734 0
    outer loop
      vertex 19.2584 3.17153 3
      vertex 19.2836 3.34141 0
      vertex 19.2836 3.34141 3
    endloop
  endfacet
  facet normal 0.989176 -0.146734 0
    outer loop
      vertex 19.2836 3.34141 0
      vertex 19.2584 3.17153 3
      vertex 19.2584 3.17153 0
    endloop
  endfacet
  facet normal 0.998803 -0.0489124 0
    outer loop
      vertex 19.25 3 3
      vertex 19.2584 3.17153 0
      vertex 19.2584 3.17153 3
    endloop
  endfacet
  facet normal 0.998803 -0.0489124 0
    outer loop
      vertex 19.2584 3.17153 0
      vertex 19.25 3 3
      vertex 19.25 3 0
    endloop
  endfacet
  facet normal 0.59552 -0.803341 0
    outer loop
      vertex 19.8898 4.35277 0
      vertex 20.0278 4.45507 3
      vertex 19.8898 4.35277 3
    endloop
  endfacet
  facet normal 0.59552 -0.803341 0
    outer loop
      vertex 20.0278 4.45507 3
      vertex 19.8898 4.35277 0
      vertex 20.0278 4.45507 0
    endloop
  endfacet
  facet normal 0.671695 -0.740828 0
    outer loop
      vertex 19.7626 4.23744 0
      vertex 19.8898 4.35277 3
      vertex 19.7626 4.23744 3
    endloop
  endfacet
  facet normal 0.671695 -0.740828 0
    outer loop
      vertex 19.8898 4.35277 3
      vertex 19.7626 4.23744 0
      vertex 19.8898 4.35277 0
    endloop
  endfacet
  facet normal 0.146717 -0.989178 0
    outer loop
      vertex 20.6586 4.71637 0
      vertex 20.8285 4.74157 3
      vertex 20.6586 4.71637 3
    endloop
  endfacet
  facet normal 0.146717 -0.989178 0
    outer loop
      vertex 20.8285 4.74157 3
      vertex 20.6586 4.71637 0
      vertex 20.8285 4.74157 0
    endloop
  endfacet
  facet normal 0.336904 -0.941539 0
    outer loop
      vertex 20.3303 4.61679 0
      vertex 20.492 4.67465 3
      vertex 20.3303 4.61679 3
    endloop
  endfacet
  facet normal 0.336904 -0.941539 0
    outer loop
      vertex 20.492 4.67465 3
      vertex 20.3303 4.61679 0
      vertex 20.492 4.67465 0
    endloop
  endfacet
  facet normal 0.242919 -0.970047 0
    outer loop
      vertex 20.492 4.67465 0
      vertex 20.6586 4.71637 3
      vertex 20.492 4.67465 3
    endloop
  endfacet
  facet normal 0.242919 -0.970047 0
    outer loop
      vertex 20.6586 4.71637 3
      vertex 20.492 4.67465 0
      vertex 20.6586 4.71637 0
    endloop
  endfacet
  facet normal -0.146717 0.989178 0
    outer loop
      vertex 21.3414 1.28363 0
      vertex 21.1715 1.25843 3
      vertex 21.3414 1.28363 3
    endloop
  endfacet
  facet normal -0.146717 0.989178 0
    outer loop
      vertex 21.1715 1.25843 3
      vertex 21.3414 1.28363 0
      vertex 21.1715 1.25843 0
    endloop
  endfacet
  facet normal -0.242919 0.970047 0
    outer loop
      vertex 21.508 1.32535 0
      vertex 21.3414 1.28363 3
      vertex 21.508 1.32535 3
    endloop
  endfacet
  facet normal -0.242919 0.970047 0
    outer loop
      vertex 21.3414 1.28363 3
      vertex 21.508 1.32535 0
      vertex 21.3414 1.28363 0
    endloop
  endfacet
  facet normal -0.51411 0.857724 0
    outer loop
      vertex 21.9722 1.54493 0
      vertex 21.8249 1.45664 3
      vertex 21.9722 1.54493 3
    endloop
  endfacet
  facet normal -0.51411 0.857724 0
    outer loop
      vertex 21.8249 1.45664 3
      vertex 21.9722 1.54493 0
      vertex 21.8249 1.45664 0
    endloop
  endfacet
  facet normal -0.671695 0.740828 0
    outer loop
      vertex 22.2374 1.76256 0
      vertex 22.1102 1.64723 3
      vertex 22.2374 1.76256 3
    endloop
  endfacet
  facet normal -0.671695 0.740828 0
    outer loop
      vertex 22.1102 1.64723 3
      vertex 22.2374 1.76256 0
      vertex 22.1102 1.64723 0
    endloop
  endfacet
  facet normal -0.803217 0.595687 0
    outer loop
      vertex 22.3528 1.88981 0
      vertex 22.4551 2.02775 3
      vertex 22.4551 2.02775 0
    endloop
  endfacet
  facet normal -0.803217 0.595687 0
    outer loop
      vertex 22.4551 2.02775 3
      vertex 22.3528 1.88981 0
      vertex 22.3528 1.88981 3
    endloop
  endfacet
  facet normal -0.857714 0.514128 0
    outer loop
      vertex 22.4551 2.02775 0
      vertex 22.5434 2.17506 3
      vertex 22.5434 2.17506 0
    endloop
  endfacet
  facet normal -0.857714 0.514128 0
    outer loop
      vertex 22.5434 2.17506 3
      vertex 22.4551 2.02775 0
      vertex 22.4551 2.02775 3
    endloop
  endfacet
  facet normal 0.0490952 0.998794 -0
    outer loop
      vertex 21 1.25 0
      vertex 20.8285 1.25843 3
      vertex 21 1.25 3
    endloop
  endfacet
  facet normal 0.0490952 0.998794 0
    outer loop
      vertex 20.8285 1.25843 3
      vertex 21 1.25 0
      vertex 20.8285 1.25843 0
    endloop
  endfacet
  facet normal 0.59552 0.803341 -0
    outer loop
      vertex 20.0278 1.54493 0
      vertex 19.8898 1.64723 3
      vertex 20.0278 1.54493 3
    endloop
  endfacet
  facet normal 0.59552 0.803341 0
    outer loop
      vertex 19.8898 1.64723 3
      vertex 20.0278 1.54493 0
      vertex 19.8898 1.64723 0
    endloop
  endfacet
  facet normal -0.0490952 0.998794 0
    outer loop
      vertex 21.1715 1.25843 0
      vertex 21 1.25 3
      vertex 21.1715 1.25843 3
    endloop
  endfacet
  facet normal -0.0490952 0.998794 0
    outer loop
      vertex 21 1.25 3
      vertex 21.1715 1.25843 0
      vertex 21 1.25 0
    endloop
  endfacet
  facet normal 0.51411 0.857724 -0
    outer loop
      vertex 20.1751 1.45664 0
      vertex 20.0278 1.54493 3
      vertex 20.1751 1.45664 3
    endloop
  endfacet
  facet normal 0.51411 0.857724 0
    outer loop
      vertex 20.0278 1.54493 3
      vertex 20.1751 1.45664 0
      vertex 20.0278 1.54493 0
    endloop
  endfacet
  facet normal 0.857714 0.514128 0
    outer loop
      vertex 19.5449 2.02775 3
      vertex 19.4566 2.17506 0
      vertex 19.4566 2.17506 3
    endloop
  endfacet
  facet normal 0.857714 0.514128 0
    outer loop
      vertex 19.4566 2.17506 0
      vertex 19.5449 2.02775 3
      vertex 19.5449 2.02775 0
    endloop
  endfacet
  facet normal 0.740756 0.671774 0
    outer loop
      vertex 19.7626 1.76256 3
      vertex 19.6472 1.88981 0
      vertex 19.6472 1.88981 3
    endloop
  endfacet
  facet normal 0.740756 0.671774 0
    outer loop
      vertex 19.6472 1.88981 0
      vertex 19.7626 1.76256 3
      vertex 19.7626 1.76256 0
    endloop
  endfacet
  facet normal 0.803217 0.595687 0
    outer loop
      vertex 19.6472 1.88981 3
      vertex 19.5449 2.02775 0
      vertex 19.5449 2.02775 3
    endloop
  endfacet
  facet normal 0.803217 0.595687 0
    outer loop
      vertex 19.5449 2.02775 0
      vertex 19.6472 1.88981 3
      vertex 19.6472 1.88981 0
    endloop
  endfacet
  facet normal 0.989176 0.146734 0
    outer loop
      vertex 19.2836 2.65859 3
      vertex 19.2584 2.82847 0
      vertex 19.2584 2.82847 3
    endloop
  endfacet
  facet normal 0.989176 0.146734 0
    outer loop
      vertex 19.2584 2.82847 0
      vertex 19.2836 2.65859 3
      vertex 19.2836 2.65859 0
    endloop
  endfacet
  facet normal -0.740756 -0.671774 0
    outer loop
      vertex 22.3528 4.11019 0
      vertex 22.2374 4.23744 3
      vertex 22.2374 4.23744 0
    endloop
  endfacet
  facet normal -0.740756 -0.671774 0
    outer loop
      vertex 22.2374 4.23744 3
      vertex 22.3528 4.11019 0
      vertex 22.3528 4.11019 3
    endloop
  endfacet
  facet normal -0.242919 -0.970047 0
    outer loop
      vertex 21.3414 4.71637 0
      vertex 21.508 4.67465 3
      vertex 21.3414 4.71637 3
    endloop
  endfacet
  facet normal -0.242919 -0.970047 -0
    outer loop
      vertex 21.508 4.67465 3
      vertex 21.3414 4.71637 0
      vertex 21.508 4.67465 0
    endloop
  endfacet
  facet normal -0.427678 -0.903931 0
    outer loop
      vertex 21.6697 4.61679 0
      vertex 21.8249 4.54336 3
      vertex 21.6697 4.61679 3
    endloop
  endfacet
  facet normal -0.427678 -0.903931 -0
    outer loop
      vertex 21.8249 4.54336 3
      vertex 21.6697 4.61679 0
      vertex 21.8249 4.54336 0
    endloop
  endfacet
  facet normal 0.969933 -0.243371 0
    outer loop
      vertex 19.2836 3.34141 3
      vertex 19.3254 3.508 0
      vertex 19.3254 3.508 3
    endloop
  endfacet
  facet normal 0.969933 -0.243371 0
    outer loop
      vertex 19.3254 3.508 0
      vertex 19.2836 3.34141 3
      vertex 19.2836 3.34141 0
    endloop
  endfacet
  facet normal 0.51411 -0.857724 0
    outer loop
      vertex 20.0278 4.45507 0
      vertex 20.1751 4.54336 3
      vertex 20.0278 4.45507 3
    endloop
  endfacet
  facet normal 0.51411 -0.857724 0
    outer loop
      vertex 20.1751 4.54336 3
      vertex 20.0278 4.45507 0
      vertex 20.1751 4.54336 0
    endloop
  endfacet
  facet normal -0.427678 0.903931 0
    outer loop
      vertex 21.8249 1.45664 0
      vertex 21.6697 1.38321 3
      vertex 21.8249 1.45664 3
    endloop
  endfacet
  facet normal -0.427678 0.903931 0
    outer loop
      vertex 21.6697 1.38321 3
      vertex 21.8249 1.45664 0
      vertex 21.6697 1.38321 0
    endloop
  endfacet
  facet normal -0.59552 0.803341 0
    outer loop
      vertex 22.1102 1.64723 0
      vertex 21.9722 1.54493 3
      vertex 22.1102 1.64723 3
    endloop
  endfacet
  facet normal -0.59552 0.803341 0
    outer loop
      vertex 21.9722 1.54493 3
      vertex 22.1102 1.64723 0
      vertex 21.9722 1.54493 0
    endloop
  endfacet
  facet normal -0.94165 0.336595 0
    outer loop
      vertex 22.6168 2.3303 0
      vertex 22.6746 2.492 3
      vertex 22.6746 2.492 0
    endloop
  endfacet
  facet normal -0.94165 0.336595 0
    outer loop
      vertex 22.6746 2.492 3
      vertex 22.6168 2.3303 0
      vertex 22.6168 2.3303 3
    endloop
  endfacet
  facet normal -0.989176 0.146734 0
    outer loop
      vertex 22.7164 2.65859 0
      vertex 22.7416 2.82847 3
      vertex 22.7416 2.82847 0
    endloop
  endfacet
  facet normal -0.989176 0.146734 0
    outer loop
      vertex 22.7416 2.82847 3
      vertex 22.7164 2.65859 0
      vertex 22.7164 2.65859 3
    endloop
  endfacet
  facet normal -0.998803 0.0489124 0
    outer loop
      vertex 22.7416 2.82847 0
      vertex 22.75 3 3
      vertex 22.75 3 0
    endloop
  endfacet
  facet normal -0.998803 0.0489124 0
    outer loop
      vertex 22.75 3 3
      vertex 22.7416 2.82847 0
      vertex 22.7416 2.82847 3
    endloop
  endfacet
  facet normal 0.146717 0.989178 -0
    outer loop
      vertex 20.8285 1.25843 0
      vertex 20.6586 1.28363 3
      vertex 20.8285 1.25843 3
    endloop
  endfacet
  facet normal 0.146717 0.989178 0
    outer loop
      vertex 20.6586 1.28363 3
      vertex 20.8285 1.25843 0
      vertex 20.6586 1.28363 0
    endloop
  endfacet
  facet normal 0.336904 0.941539 -0
    outer loop
      vertex 20.492 1.32535 0
      vertex 20.3303 1.38321 3
      vertex 20.492 1.32535 3
    endloop
  endfacet
  facet normal 0.336904 0.941539 0
    outer loop
      vertex 20.3303 1.38321 3
      vertex 20.492 1.32535 0
      vertex 20.3303 1.38321 0
    endloop
  endfacet
  facet normal 0.969933 0.243371 0
    outer loop
      vertex 19.3254 2.492 3
      vertex 19.2836 2.65859 0
      vertex 19.2836 2.65859 3
    endloop
  endfacet
  facet normal 0.969933 0.243371 0
    outer loop
      vertex 19.2836 2.65859 0
      vertex 19.3254 2.492 3
      vertex 19.3254 2.492 0
    endloop
  endfacet
  facet normal 0.904041 0.427445 0
    outer loop
      vertex 19.4566 2.17506 3
      vertex 19.3832 2.3303 0
      vertex 19.3832 2.3303 3
    endloop
  endfacet
  facet normal 0.904041 0.427445 0
    outer loop
      vertex 19.3832 2.3303 0
      vertex 19.4566 2.17506 3
      vertex 19.4566 2.17506 0
    endloop
  endfacet
  facet normal -0.998803 0.0489209 0
    outer loop
      vertex 22.7416 86.8285 0
      vertex 22.75 87 3
      vertex 22.75 87 0
    endloop
  endfacet
  facet normal -0.998803 0.0489209 0
    outer loop
      vertex 22.75 87 3
      vertex 22.7416 86.8285 0
      vertex 22.7416 86.8285 3
    endloop
  endfacet
  facet normal -0.514153 -0.857698 0
    outer loop
      vertex 21.8249 88.5434 0
      vertex 21.9722 88.4551 3
      vertex 21.8249 88.5434 3
    endloop
  endfacet
  facet normal -0.514153 -0.857698 -0
    outer loop
      vertex 21.9722 88.4551 3
      vertex 21.8249 88.5434 0
      vertex 21.9722 88.4551 0
    endloop
  endfacet
  facet normal 0.427535 -0.903999 0
    outer loop
      vertex 20.1751 88.5434 0
      vertex 20.3303 88.6168 3
      vertex 20.1751 88.5434 3
    endloop
  endfacet
  facet normal 0.427535 -0.903999 0
    outer loop
      vertex 20.3303 88.6168 3
      vertex 20.1751 88.5434 0
      vertex 20.3303 88.6168 0
    endloop
  endfacet
  facet normal 0.94165 -0.336595 0
    outer loop
      vertex 19.3254 87.508 3
      vertex 19.3832 87.6697 0
      vertex 19.3832 87.6697 3
    endloop
  endfacet
  facet normal 0.94165 -0.336595 0
    outer loop
      vertex 19.3832 87.6697 0
      vertex 19.3254 87.508 3
      vertex 19.3254 87.508 0
    endloop
  endfacet
  facet normal 0.857698 0.514153 0
    outer loop
      vertex 19.5449 86.0278 3
      vertex 19.4566 86.1751 0
      vertex 19.4566 86.1751 3
    endloop
  endfacet
  facet normal 0.857698 0.514153 0
    outer loop
      vertex 19.4566 86.1751 0
      vertex 19.5449 86.0278 3
      vertex 19.5449 86.0278 0
    endloop
  endfacet
  facet normal -0.969937 -0.243357 0
    outer loop
      vertex 22.7164 87.3414 0
      vertex 22.6746 87.508 3
      vertex 22.6746 87.508 0
    endloop
  endfacet
  facet normal -0.969937 -0.243357 0
    outer loop
      vertex 22.6746 87.508 3
      vertex 22.7164 87.3414 0
      vertex 22.7164 87.3414 3
    endloop
  endfacet
  facet normal -0.94165 -0.336595 0
    outer loop
      vertex 22.6746 87.508 0
      vertex 22.6168 87.6697 3
      vertex 22.6168 87.6697 0
    endloop
  endfacet
  facet normal -0.94165 -0.336595 0
    outer loop
      vertex 22.6168 87.6697 3
      vertex 22.6746 87.508 0
      vertex 22.6746 87.508 3
    endloop
  endfacet
  facet normal -0.740625 -0.671919 0
    outer loop
      vertex 22.3528 88.1102 0
      vertex 22.2374 88.2374 3
      vertex 22.2374 88.2374 0
    endloop
  endfacet
  facet normal -0.740625 -0.671919 0
    outer loop
      vertex 22.2374 88.2374 3
      vertex 22.3528 88.1102 0
      vertex 22.3528 88.1102 3
    endloop
  endfacet
  facet normal -0.427535 -0.903999 0
    outer loop
      vertex 21.6697 88.6168 0
      vertex 21.8249 88.5434 3
      vertex 21.6697 88.6168 3
    endloop
  endfacet
  facet normal -0.427535 -0.903999 -0
    outer loop
      vertex 21.8249 88.5434 3
      vertex 21.6697 88.6168 0
      vertex 21.8249 88.5434 0
    endloop
  endfacet
  facet normal 0.998803 0.0489209 0
    outer loop
      vertex 19.2584 86.8285 3
      vertex 19.25 87 0
      vertex 19.25 87 3
    endloop
  endfacet
  facet normal 0.998803 0.0489209 0
    outer loop
      vertex 19.25 87 0
      vertex 19.2584 86.8285 3
      vertex 19.2584 86.8285 0
    endloop
  endfacet
  facet normal 0.671919 -0.740625 0
    outer loop
      vertex 19.7626 88.2374 0
      vertex 19.8898 88.3528 3
      vertex 19.7626 88.2374 3
    endloop
  endfacet
  facet normal 0.671919 -0.740625 0
    outer loop
      vertex 19.8898 88.3528 3
      vertex 19.7626 88.2374 0
      vertex 19.8898 88.3528 0
    endloop
  endfacet
  facet normal -0.803341 0.59552 0
    outer loop
      vertex 22.3528 85.8898 0
      vertex 22.4551 86.0278 3
      vertex 22.4551 86.0278 0
    endloop
  endfacet
  facet normal -0.803341 0.59552 0
    outer loop
      vertex 22.4551 86.0278 3
      vertex 22.3528 85.8898 0
      vertex 22.3528 85.8898 3
    endloop
  endfacet
  facet normal -0.336595 0.94165 0
    outer loop
      vertex 21.6697 85.3832 0
      vertex 21.508 85.3254 3
      vertex 21.6697 85.3832 3
    endloop
  endfacet
  facet normal -0.336595 0.94165 0
    outer loop
      vertex 21.508 85.3254 3
      vertex 21.6697 85.3832 0
      vertex 21.508 85.3254 0
    endloop
  endfacet
  facet normal -0.740625 0.671919 0
    outer loop
      vertex 22.2374 85.7626 0
      vertex 22.3528 85.8898 3
      vertex 22.3528 85.8898 0
    endloop
  endfacet
  facet normal -0.740625 0.671919 0
    outer loop
      vertex 22.3528 85.8898 3
      vertex 22.2374 85.7626 0
      vertex 22.2374 85.7626 3
    endloop
  endfacet
  facet normal -0.0489209 0.998803 0
    outer loop
      vertex 21.1715 85.2584 0
      vertex 21 85.25 3
      vertex 21.1715 85.2584 3
    endloop
  endfacet
  facet normal -0.0489209 0.998803 0
    outer loop
      vertex 21 85.25 3
      vertex 21.1715 85.2584 0
      vertex 21 85.25 0
    endloop
  endfacet
  facet normal 0.427535 0.903999 -0
    outer loop
      vertex 20.3303 85.3832 0
      vertex 20.1751 85.4566 3
      vertex 20.3303 85.3832 3
    endloop
  endfacet
  facet normal 0.427535 0.903999 0
    outer loop
      vertex 20.1751 85.4566 3
      vertex 20.3303 85.3832 0
      vertex 20.1751 85.4566 0
    endloop
  endfacet
  facet normal -0.903999 -0.427535 0
    outer loop
      vertex 22.6168 87.6697 0
      vertex 22.5434 87.8249 3
      vertex 22.5434 87.8249 0
    endloop
  endfacet
  facet normal -0.903999 -0.427535 0
    outer loop
      vertex 22.5434 87.8249 3
      vertex 22.6168 87.6697 0
      vertex 22.6168 87.6697 3
    endloop
  endfacet
  facet normal -0.857698 -0.514153 0
    outer loop
      vertex 22.5434 87.8249 0
      vertex 22.4551 87.9722 3
      vertex 22.4551 87.9722 0
    endloop
  endfacet
  facet normal -0.857698 -0.514153 0
    outer loop
      vertex 22.4551 87.9722 3
      vertex 22.5434 87.8249 0
      vertex 22.5434 87.8249 3
    endloop
  endfacet
  facet normal -0.803341 -0.59552 0
    outer loop
      vertex 22.4551 87.9722 0
      vertex 22.3528 88.1102 3
      vertex 22.3528 88.1102 0
    endloop
  endfacet
  facet normal -0.803341 -0.59552 0
    outer loop
      vertex 22.3528 88.1102 3
      vertex 22.4551 87.9722 0
      vertex 22.4551 87.9722 3
    endloop
  endfacet
  facet normal -0.671919 -0.740625 0
    outer loop
      vertex 22.1102 88.3528 0
      vertex 22.2374 88.2374 3
      vertex 22.1102 88.3528 3
    endloop
  endfacet
  facet normal -0.671919 -0.740625 -0
    outer loop
      vertex 22.2374 88.2374 3
      vertex 22.1102 88.3528 0
      vertex 22.2374 88.2374 0
    endloop
  endfacet
  facet normal 0.0489209 -0.998803 0
    outer loop
      vertex 20.8285 88.7416 0
      vertex 21 88.75 3
      vertex 20.8285 88.7416 3
    endloop
  endfacet
  facet normal 0.0489209 -0.998803 0
    outer loop
      vertex 21 88.75 3
      vertex 20.8285 88.7416 0
      vertex 21 88.75 0
    endloop
  endfacet
  facet normal -0.336595 -0.94165 0
    outer loop
      vertex 21.508 88.6746 0
      vertex 21.6697 88.6168 3
      vertex 21.508 88.6746 3
    endloop
  endfacet
  facet normal -0.336595 -0.94165 -0
    outer loop
      vertex 21.6697 88.6168 3
      vertex 21.508 88.6746 0
      vertex 21.6697 88.6168 0
    endloop
  endfacet
  facet normal -0.146717 -0.989178 0
    outer loop
      vertex 21.1715 88.7416 0
      vertex 21.3414 88.7164 3
      vertex 21.1715 88.7416 3
    endloop
  endfacet
  facet normal -0.146717 -0.989178 -0
    outer loop
      vertex 21.3414 88.7164 3
      vertex 21.1715 88.7416 0
      vertex 21.3414 88.7164 0
    endloop
  endfacet
  facet normal 0.989178 -0.146717 0
    outer loop
      vertex 19.2584 87.1715 3
      vertex 19.2836 87.3414 0
      vertex 19.2836 87.3414 3
    endloop
  endfacet
  facet normal 0.989178 -0.146717 0
    outer loop
      vertex 19.2836 87.3414 0
      vertex 19.2584 87.1715 3
      vertex 19.2584 87.1715 0
    endloop
  endfacet
  facet normal 0.803341 -0.59552 0
    outer loop
      vertex 19.5449 87.9722 3
      vertex 19.6472 88.1102 0
      vertex 19.6472 88.1102 3
    endloop
  endfacet
  facet normal 0.803341 -0.59552 0
    outer loop
      vertex 19.6472 88.1102 0
      vertex 19.5449 87.9722 3
      vertex 19.5449 87.9722 0
    endloop
  endfacet
  facet normal 0.903999 -0.427535 0
    outer loop
      vertex 19.3832 87.6697 3
      vertex 19.4566 87.8249 0
      vertex 19.4566 87.8249 3
    endloop
  endfacet
  facet normal 0.903999 -0.427535 0
    outer loop
      vertex 19.4566 87.8249 0
      vertex 19.3832 87.6697 3
      vertex 19.3832 87.6697 0
    endloop
  endfacet
  facet normal 0.857698 -0.514153 0
    outer loop
      vertex 19.4566 87.8249 3
      vertex 19.5449 87.9722 0
      vertex 19.5449 87.9722 3
    endloop
  endfacet
  facet normal 0.857698 -0.514153 0
    outer loop
      vertex 19.5449 87.9722 0
      vertex 19.4566 87.8249 3
      vertex 19.4566 87.8249 0
    endloop
  endfacet
  facet normal 0.146717 -0.989178 0
    outer loop
      vertex 20.6586 88.7164 0
      vertex 20.8285 88.7416 3
      vertex 20.6586 88.7164 3
    endloop
  endfacet
  facet normal 0.146717 -0.989178 0
    outer loop
      vertex 20.8285 88.7416 3
      vertex 20.6586 88.7164 0
      vertex 20.8285 88.7416 0
    endloop
  endfacet
  facet normal 0.336595 -0.94165 0
    outer loop
      vertex 20.3303 88.6168 0
      vertex 20.492 88.6746 3
      vertex 20.3303 88.6168 3
    endloop
  endfacet
  facet normal 0.336595 -0.94165 0
    outer loop
      vertex 20.492 88.6746 3
      vertex 20.3303 88.6168 0
      vertex 20.492 88.6746 0
    endloop
  endfacet
  facet normal 0.243357 -0.969937 0
    outer loop
      vertex 20.492 88.6746 0
      vertex 20.6586 88.7164 3
      vertex 20.492 88.6746 3
    endloop
  endfacet
  facet normal 0.243357 -0.969937 0
    outer loop
      vertex 20.6586 88.7164 3
      vertex 20.492 88.6746 0
      vertex 20.6586 88.7164 0
    endloop
  endfacet
  facet normal 0.514153 -0.857698 0
    outer loop
      vertex 20.0278 88.4551 0
      vertex 20.1751 88.5434 3
      vertex 20.0278 88.4551 3
    endloop
  endfacet
  facet normal 0.514153 -0.857698 0
    outer loop
      vertex 20.1751 88.5434 3
      vertex 20.0278 88.4551 0
      vertex 20.1751 88.5434 0
    endloop
  endfacet
  facet normal 0.59552 -0.803341 0
    outer loop
      vertex 19.8898 88.3528 0
      vertex 20.0278 88.4551 3
      vertex 19.8898 88.3528 3
    endloop
  endfacet
  facet normal 0.59552 -0.803341 0
    outer loop
      vertex 20.0278 88.4551 3
      vertex 19.8898 88.3528 0
      vertex 20.0278 88.4551 0
    endloop
  endfacet
  facet normal 0.740625 -0.671919 0
    outer loop
      vertex 19.6472 88.1102 3
      vertex 19.7626 88.2374 0
      vertex 19.7626 88.2374 3
    endloop
  endfacet
  facet normal 0.740625 -0.671919 0
    outer loop
      vertex 19.7626 88.2374 0
      vertex 19.6472 88.1102 3
      vertex 19.6472 88.1102 0
    endloop
  endfacet
  facet normal -0.998803 -0.0489209 0
    outer loop
      vertex 22.75 87 0
      vertex 22.7416 87.1715 3
      vertex 22.7416 87.1715 0
    endloop
  endfacet
  facet normal -0.998803 -0.0489209 0
    outer loop
      vertex 22.7416 87.1715 3
      vertex 22.75 87 0
      vertex 22.75 87 3
    endloop
  endfacet
  facet normal -0.146717 0.989178 0
    outer loop
      vertex 21.3414 85.2836 0
      vertex 21.1715 85.2584 3
      vertex 21.3414 85.2836 3
    endloop
  endfacet
  facet normal -0.146717 0.989178 0
    outer loop
      vertex 21.1715 85.2584 3
      vertex 21.3414 85.2836 0
      vertex 21.1715 85.2584 0
    endloop
  endfacet
  facet normal -0.94165 0.336595 0
    outer loop
      vertex 22.6168 86.3303 0
      vertex 22.6746 86.492 3
      vertex 22.6746 86.492 0
    endloop
  endfacet
  facet normal -0.94165 0.336595 0
    outer loop
      vertex 22.6746 86.492 3
      vertex 22.6168 86.3303 0
      vertex 22.6168 86.3303 3
    endloop
  endfacet
  facet normal -0.857698 0.514153 0
    outer loop
      vertex 22.4551 86.0278 0
      vertex 22.5434 86.1751 3
      vertex 22.5434 86.1751 0
    endloop
  endfacet
  facet normal -0.857698 0.514153 0
    outer loop
      vertex 22.5434 86.1751 3
      vertex 22.4551 86.0278 0
      vertex 22.4551 86.0278 3
    endloop
  endfacet
  facet normal -0.243357 0.969937 0
    outer loop
      vertex 21.508 85.3254 0
      vertex 21.3414 85.2836 3
      vertex 21.508 85.3254 3
    endloop
  endfacet
  facet normal -0.243357 0.969937 0
    outer loop
      vertex 21.3414 85.2836 3
      vertex 21.508 85.3254 0
      vertex 21.3414 85.2836 0
    endloop
  endfacet
  facet normal -0.514153 0.857698 0
    outer loop
      vertex 21.9722 85.5449 0
      vertex 21.8249 85.4566 3
      vertex 21.9722 85.5449 3
    endloop
  endfacet
  facet normal -0.514153 0.857698 0
    outer loop
      vertex 21.8249 85.4566 3
      vertex 21.9722 85.5449 0
      vertex 21.8249 85.4566 0
    endloop
  endfacet
  facet normal -0.671919 0.740625 0
    outer loop
      vertex 22.2374 85.7626 0
      vertex 22.1102 85.6472 3
      vertex 22.2374 85.7626 3
    endloop
  endfacet
  facet normal -0.671919 0.740625 0
    outer loop
      vertex 22.1102 85.6472 3
      vertex 22.2374 85.7626 0
      vertex 22.1102 85.6472 0
    endloop
  endfacet
  facet normal -0.59552 0.803341 0
    outer loop
      vertex 22.1102 85.6472 0
      vertex 21.9722 85.5449 3
      vertex 22.1102 85.6472 3
    endloop
  endfacet
  facet normal -0.59552 0.803341 0
    outer loop
      vertex 21.9722 85.5449 3
      vertex 22.1102 85.6472 0
      vertex 21.9722 85.5449 0
    endloop
  endfacet
  facet normal 0.146717 0.989178 -0
    outer loop
      vertex 20.8285 85.2584 0
      vertex 20.6586 85.2836 3
      vertex 20.8285 85.2584 3
    endloop
  endfacet
  facet normal 0.146717 0.989178 0
    outer loop
      vertex 20.6586 85.2836 3
      vertex 20.8285 85.2584 0
      vertex 20.6586 85.2836 0
    endloop
  endfacet
  facet normal 0.243357 0.969937 -0
    outer loop
      vertex 20.6586 85.2836 0
      vertex 20.492 85.3254 3
      vertex 20.6586 85.2836 3
    endloop
  endfacet
  facet normal 0.243357 0.969937 0
    outer loop
      vertex 20.492 85.3254 3
      vertex 20.6586 85.2836 0
      vertex 20.492 85.3254 0
    endloop
  endfacet
  facet normal 0.0489209 0.998803 -0
    outer loop
      vertex 21 85.25 0
      vertex 20.8285 85.2584 3
      vertex 21 85.25 3
    endloop
  endfacet
  facet normal 0.0489209 0.998803 0
    outer loop
      vertex 20.8285 85.2584 3
      vertex 21 85.25 0
      vertex 20.8285 85.2584 0
    endloop
  endfacet
  facet normal 0.336595 0.94165 -0
    outer loop
      vertex 20.492 85.3254 0
      vertex 20.3303 85.3832 3
      vertex 20.492 85.3254 3
    endloop
  endfacet
  facet normal 0.336595 0.94165 0
    outer loop
      vertex 20.3303 85.3832 3
      vertex 20.492 85.3254 0
      vertex 20.3303 85.3832 0
    endloop
  endfacet
  facet normal 0.59552 0.803341 -0
    outer loop
      vertex 20.0278 85.5449 0
      vertex 19.8898 85.6472 3
      vertex 20.0278 85.5449 3
    endloop
  endfacet
  facet normal 0.59552 0.803341 0
    outer loop
      vertex 19.8898 85.6472 3
      vertex 20.0278 85.5449 0
      vertex 19.8898 85.6472 0
    endloop
  endfacet
  facet normal 0.94165 0.336595 0
    outer loop
      vertex 19.3832 86.3303 3
      vertex 19.3254 86.492 0
      vertex 19.3254 86.492 3
    endloop
  endfacet
  facet normal 0.94165 0.336595 0
    outer loop
      vertex 19.3254 86.492 0
      vertex 19.3832 86.3303 3
      vertex 19.3832 86.3303 0
    endloop
  endfacet
  facet normal 0.989178 0.146717 0
    outer loop
      vertex 19.2836 86.6586 3
      vertex 19.2584 86.8285 0
      vertex 19.2584 86.8285 3
    endloop
  endfacet
  facet normal 0.989178 0.146717 0
    outer loop
      vertex 19.2584 86.8285 0
      vertex 19.2836 86.6586 3
      vertex 19.2836 86.6586 0
    endloop
  endfacet
  facet normal 0.740625 0.671919 0
    outer loop
      vertex 19.7626 85.7626 3
      vertex 19.6472 85.8898 0
      vertex 19.6472 85.8898 3
    endloop
  endfacet
  facet normal 0.740625 0.671919 0
    outer loop
      vertex 19.6472 85.8898 0
      vertex 19.7626 85.7626 3
      vertex 19.7626 85.7626 0
    endloop
  endfacet
  facet normal 0.671919 0.740625 -0
    outer loop
      vertex 19.8898 85.6472 0
      vertex 19.7626 85.7626 3
      vertex 19.8898 85.6472 3
    endloop
  endfacet
  facet normal 0.671919 0.740625 0
    outer loop
      vertex 19.7626 85.7626 3
      vertex 19.8898 85.6472 0
      vertex 19.7626 85.7626 0
    endloop
  endfacet
  facet normal -0.989178 -0.146717 0
    outer loop
      vertex 22.7416 87.1715 0
      vertex 22.7164 87.3414 3
      vertex 22.7164 87.3414 0
    endloop
  endfacet
  facet normal -0.989178 -0.146717 0
    outer loop
      vertex 22.7164 87.3414 3
      vertex 22.7416 87.1715 0
      vertex 22.7416 87.1715 3
    endloop
  endfacet
  facet normal -0.59552 -0.803341 0
    outer loop
      vertex 21.9722 88.4551 0
      vertex 22.1102 88.3528 3
      vertex 21.9722 88.4551 3
    endloop
  endfacet
  facet normal -0.59552 -0.803341 -0
    outer loop
      vertex 22.1102 88.3528 3
      vertex 21.9722 88.4551 0
      vertex 22.1102 88.3528 0
    endloop
  endfacet
  facet normal -0.0489209 -0.998803 0
    outer loop
      vertex 21 88.75 0
      vertex 21.1715 88.7416 3
      vertex 21 88.75 3
    endloop
  endfacet
  facet normal -0.0489209 -0.998803 -0
    outer loop
      vertex 21.1715 88.7416 3
      vertex 21 88.75 0
      vertex 21.1715 88.7416 0
    endloop
  endfacet
  facet normal -0.243357 -0.969937 0
    outer loop
      vertex 21.3414 88.7164 0
      vertex 21.508 88.6746 3
      vertex 21.3414 88.7164 3
    endloop
  endfacet
  facet normal -0.243357 -0.969937 -0
    outer loop
      vertex 21.508 88.6746 3
      vertex 21.3414 88.7164 0
      vertex 21.508 88.6746 0
    endloop
  endfacet
  facet normal 0.998803 -0.0489209 0
    outer loop
      vertex 19.25 87 3
      vertex 19.2584 87.1715 0
      vertex 19.2584 87.1715 3
    endloop
  endfacet
  facet normal 0.998803 -0.0489209 0
    outer loop
      vertex 19.2584 87.1715 0
      vertex 19.25 87 3
      vertex 19.25 87 0
    endloop
  endfacet
  facet normal 0.969937 -0.243357 0
    outer loop
      vertex 19.2836 87.3414 3
      vertex 19.3254 87.508 0
      vertex 19.3254 87.508 3
    endloop
  endfacet
  facet normal 0.969937 -0.243357 0
    outer loop
      vertex 19.3254 87.508 0
      vertex 19.2836 87.3414 3
      vertex 19.2836 87.3414 0
    endloop
  endfacet
  facet normal -0.989178 0.146717 0
    outer loop
      vertex 22.7164 86.6586 0
      vertex 22.7416 86.8285 3
      vertex 22.7416 86.8285 0
    endloop
  endfacet
  facet normal -0.989178 0.146717 0
    outer loop
      vertex 22.7416 86.8285 3
      vertex 22.7164 86.6586 0
      vertex 22.7164 86.6586 3
    endloop
  endfacet
  facet normal -0.969937 0.243357 0
    outer loop
      vertex 22.6746 86.492 0
      vertex 22.7164 86.6586 3
      vertex 22.7164 86.6586 0
    endloop
  endfacet
  facet normal -0.969937 0.243357 0
    outer loop
      vertex 22.7164 86.6586 3
      vertex 22.6746 86.492 0
      vertex 22.6746 86.492 3
    endloop
  endfacet
  facet normal -0.903999 0.427535 0
    outer loop
      vertex 22.5434 86.1751 0
      vertex 22.6168 86.3303 3
      vertex 22.6168 86.3303 0
    endloop
  endfacet
  facet normal -0.903999 0.427535 0
    outer loop
      vertex 22.6168 86.3303 3
      vertex 22.5434 86.1751 0
      vertex 22.5434 86.1751 3
    endloop
  endfacet
  facet normal -0.427535 0.903999 0
    outer loop
      vertex 21.8249 85.4566 0
      vertex 21.6697 85.3832 3
      vertex 21.8249 85.4566 3
    endloop
  endfacet
  facet normal -0.427535 0.903999 0
    outer loop
      vertex 21.6697 85.3832 3
      vertex 21.8249 85.4566 0
      vertex 21.6697 85.3832 0
    endloop
  endfacet
  facet normal 0.514153 0.857698 -0
    outer loop
      vertex 20.1751 85.4566 0
      vertex 20.0278 85.5449 3
      vertex 20.1751 85.4566 3
    endloop
  endfacet
  facet normal 0.514153 0.857698 0
    outer loop
      vertex 20.0278 85.5449 3
      vertex 20.1751 85.4566 0
      vertex 20.0278 85.5449 0
    endloop
  endfacet
  facet normal 0.969937 0.243357 0
    outer loop
      vertex 19.3254 86.492 3
      vertex 19.2836 86.6586 0
      vertex 19.2836 86.6586 3
    endloop
  endfacet
  facet normal 0.969937 0.243357 0
    outer loop
      vertex 19.2836 86.6586 0
      vertex 19.3254 86.492 3
      vertex 19.3254 86.492 0
    endloop
  endfacet
  facet normal 0.903999 0.427535 0
    outer loop
      vertex 19.4566 86.1751 3
      vertex 19.3832 86.3303 0
      vertex 19.3832 86.3303 3
    endloop
  endfacet
  facet normal 0.903999 0.427535 0
    outer loop
      vertex 19.3832 86.3303 0
      vertex 19.4566 86.1751 3
      vertex 19.4566 86.1751 0
    endloop
  endfacet
  facet normal 0.803341 0.59552 0
    outer loop
      vertex 19.6472 85.8898 3
      vertex 19.5449 86.0278 0
      vertex 19.5449 86.0278 3
    endloop
  endfacet
  facet normal 0.803341 0.59552 0
    outer loop
      vertex 19.5449 86.0278 0
      vertex 19.6472 85.8898 3
      vertex 19.6472 85.8898 0
    endloop
  endfacet
  facet normal -0.59552 -0.803341 0
    outer loop
      vertex 180.972 4.45507 0
      vertex 181.11 4.35277 3
      vertex 180.972 4.45507 3
    endloop
  endfacet
  facet normal -0.59552 -0.803341 -0
    outer loop
      vertex 181.11 4.35277 3
      vertex 180.972 4.45507 0
      vertex 181.11 4.35277 0
    endloop
  endfacet
  facet normal -0.998914 0.0465884 0
    outer loop
      vertex 181.742 2.82847 0
      vertex 181.75 3 3
      vertex 181.75 3 0
    endloop
  endfacet
  facet normal -0.998914 0.0465884 0
    outer loop
      vertex 181.75 3 3
      vertex 181.742 2.82847 0
      vertex 181.742 2.82847 3
    endloop
  endfacet
  facet normal 0.428129 -0.903718 0
    outer loop
      vertex 179.175 4.54336 0
      vertex 179.33 4.61679 3
      vertex 179.175 4.54336 3
    endloop
  endfacet
  facet normal 0.428129 -0.903718 0
    outer loop
      vertex 179.33 4.61679 3
      vertex 179.175 4.54336 0
      vertex 179.33 4.61679 0
    endloop
  endfacet
  facet normal 0.94128 -0.337627 0
    outer loop
      vertex 178.325 3.508 3
      vertex 178.383 3.6697 0
      vertex 178.383 3.6697 3
    endloop
  endfacet
  facet normal 0.94128 -0.337627 0
    outer loop
      vertex 178.383 3.6697 0
      vertex 178.325 3.508 3
      vertex 178.325 3.508 0
    endloop
  endfacet
  facet normal -0.902688 -0.430295 0
    outer loop
      vertex 181.617 3.6697 0
      vertex 181.543 3.82494 3
      vertex 181.543 3.82494 0
    endloop
  endfacet
  facet normal -0.902688 -0.430295 0
    outer loop
      vertex 181.543 3.82494 3
      vertex 181.617 3.6697 0
      vertex 181.617 3.6697 3
    endloop
  endfacet
  facet normal -0.858484 -0.512841 0
    outer loop
      vertex 181.543 3.82494 0
      vertex 181.455 3.97225 3
      vertex 181.455 3.97225 0
    endloop
  endfacet
  facet normal -0.858484 -0.512841 0
    outer loop
      vertex 181.455 3.97225 3
      vertex 181.543 3.82494 0
      vertex 181.543 3.82494 3
    endloop
  endfacet
  facet normal -0.336351 -0.941737 0
    outer loop
      vertex 180.508 4.67465 0
      vertex 180.67 4.61679 3
      vertex 180.508 4.67465 3
    endloop
  endfacet
  facet normal -0.336351 -0.941737 -0
    outer loop
      vertex 180.67 4.61679 3
      vertex 180.508 4.67465 0
      vertex 180.67 4.61679 0
    endloop
  endfacet
  facet normal 0.804053 -0.594558 0
    outer loop
      vertex 178.545 3.97225 3
      vertex 178.647 4.11019 0
      vertex 178.647 4.11019 3
    endloop
  endfacet
  facet normal 0.804053 -0.594558 0
    outer loop
      vertex 178.647 4.11019 0
      vertex 178.545 3.97225 3
      vertex 178.545 3.97225 0
    endloop
  endfacet
  facet normal 0.242372 -0.970183 0
    outer loop
      vertex 179.492 4.67465 0
      vertex 179.659 4.71637 3
      vertex 179.492 4.67465 3
    endloop
  endfacet
  facet normal 0.242372 -0.970183 0
    outer loop
      vertex 179.659 4.71637 3
      vertex 179.492 4.67465 0
      vertex 179.659 4.71637 0
    endloop
  endfacet
  facet normal -0.804053 0.594558 0
    outer loop
      vertex 181.353 1.88981 0
      vertex 181.455 2.02775 3
      vertex 181.455 2.02775 0
    endloop
  endfacet
  facet normal -0.804053 0.594558 0
    outer loop
      vertex 181.455 2.02775 3
      vertex 181.353 1.88981 0
      vertex 181.353 1.88981 3
    endloop
  endfacet
  facet normal -0.94128 0.337627 0
    outer loop
      vertex 181.617 2.3303 0
      vertex 181.675 2.492 3
      vertex 181.675 2.492 0
    endloop
  endfacet
  facet normal -0.94128 0.337627 0
    outer loop
      vertex 181.675 2.492 3
      vertex 181.617 2.3303 0
      vertex 181.617 2.3303 3
    endloop
  endfacet
  facet normal 0.0489529 0.998801 -0
    outer loop
      vertex 180 1.25 0
      vertex 179.828 1.25843 3
      vertex 180 1.25 3
    endloop
  endfacet
  facet normal 0.0489529 0.998801 0
    outer loop
      vertex 179.828 1.25843 3
      vertex 180 1.25 0
      vertex 179.828 1.25843 0
    endloop
  endfacet
  facet normal 0.59552 0.803341 -0
    outer loop
      vertex 179.028 1.54493 0
      vertex 178.89 1.64723 3
      vertex 179.028 1.54493 3
    endloop
  endfacet
  facet normal 0.59552 0.803341 0
    outer loop
      vertex 178.89 1.64723 3
      vertex 179.028 1.54493 0
      vertex 178.89 1.64723 0
    endloop
  endfacet
  facet normal 0.971024 0.238982 0
    outer loop
      vertex 178.325 2.492 3
      vertex 178.284 2.65859 0
      vertex 178.284 2.65859 3
    endloop
  endfacet
  facet normal 0.971024 0.238982 0
    outer loop
      vertex 178.284 2.65859 0
      vertex 178.325 2.492 3
      vertex 178.325 2.492 0
    endloop
  endfacet
  facet normal -0.98849 -0.151288 0
    outer loop
      vertex 181.742 3.17153 0
      vertex 181.716 3.34141 3
      vertex 181.716 3.34141 0
    endloop
  endfacet
  facet normal -0.98849 -0.151288 0
    outer loop
      vertex 181.716 3.34141 3
      vertex 181.742 3.17153 0
      vertex 181.742 3.17153 3
    endloop
  endfacet
  facet normal -0.971024 -0.238982 0
    outer loop
      vertex 181.716 3.34141 0
      vertex 181.675 3.508 3
      vertex 181.675 3.508 0
    endloop
  endfacet
  facet normal -0.971024 -0.238982 0
    outer loop
      vertex 181.675 3.508 3
      vertex 181.716 3.34141 0
      vertex 181.716 3.34141 3
    endloop
  endfacet
  facet normal -0.94128 -0.337627 0
    outer loop
      vertex 181.675 3.508 0
      vertex 181.617 3.6697 3
      vertex 181.617 3.6697 0
    endloop
  endfacet
  facet normal -0.94128 -0.337627 0
    outer loop
      vertex 181.617 3.6697 3
      vertex 181.675 3.508 0
      vertex 181.675 3.508 3
    endloop
  endfacet
  facet normal -0.73902 -0.673684 0
    outer loop
      vertex 181.353 4.11019 0
      vertex 181.237 4.23744 3
      vertex 181.237 4.23744 0
    endloop
  endfacet
  facet normal -0.73902 -0.673684 0
    outer loop
      vertex 181.237 4.23744 3
      vertex 181.353 4.11019 0
      vertex 181.353 4.11019 3
    endloop
  endfacet
  facet normal -0.804053 -0.594558 0
    outer loop
      vertex 181.455 3.97225 0
      vertex 181.353 4.11019 3
      vertex 181.353 4.11019 0
    endloop
  endfacet
  facet normal -0.804053 -0.594558 0
    outer loop
      vertex 181.353 4.11019 3
      vertex 181.455 3.97225 0
      vertex 181.455 3.97225 3
    endloop
  endfacet
  facet normal -0.672275 -0.740301 0
    outer loop
      vertex 181.11 4.35277 0
      vertex 181.237 4.23744 3
      vertex 181.11 4.35277 3
    endloop
  endfacet
  facet normal -0.672275 -0.740301 -0
    outer loop
      vertex 181.237 4.23744 3
      vertex 181.11 4.35277 0
      vertex 181.237 4.23744 0
    endloop
  endfacet
  facet normal -0.514882 -0.857261 0
    outer loop
      vertex 180.825 4.54336 0
      vertex 180.972 4.45507 3
      vertex 180.825 4.54336 3
    endloop
  endfacet
  facet normal -0.514882 -0.857261 -0
    outer loop
      vertex 180.972 4.45507 3
      vertex 180.825 4.54336 0
      vertex 180.972 4.45507 0
    endloop
  endfacet
  facet normal 0.0489529 -0.998801 0
    outer loop
      vertex 179.828 4.74157 0
      vertex 180 4.75 3
      vertex 179.828 4.74157 3
    endloop
  endfacet
  facet normal 0.0489529 -0.998801 0
    outer loop
      vertex 180 4.75 3
      vertex 179.828 4.74157 0
      vertex 180 4.75 0
    endloop
  endfacet
  facet normal -0.428129 -0.903718 0
    outer loop
      vertex 180.67 4.61679 0
      vertex 180.825 4.54336 3
      vertex 180.67 4.61679 3
    endloop
  endfacet
  facet normal -0.428129 -0.903718 -0
    outer loop
      vertex 180.825 4.54336 3
      vertex 180.67 4.61679 0
      vertex 180.825 4.54336 0
    endloop
  endfacet
  facet normal -0.242372 -0.970183 0
    outer loop
      vertex 180.341 4.71637 0
      vertex 180.508 4.67465 3
      vertex 180.341 4.71637 3
    endloop
  endfacet
  facet normal -0.242372 -0.970183 -0
    outer loop
      vertex 180.508 4.67465 3
      vertex 180.341 4.71637 0
      vertex 180.508 4.67465 0
    endloop
  endfacet
  facet normal -0.147482 -0.989065 0
    outer loop
      vertex 180.172 4.74157 0
      vertex 180.341 4.71637 3
      vertex 180.172 4.74157 3
    endloop
  endfacet
  facet normal -0.147482 -0.989065 -0
    outer loop
      vertex 180.341 4.71637 3
      vertex 180.172 4.74157 0
      vertex 180.341 4.71637 0
    endloop
  endfacet
  facet normal 0.998914 0.0465884 0
    outer loop
      vertex 178.258 2.82847 3
      vertex 178.25 3 0
      vertex 178.25 3 3
    endloop
  endfacet
  facet normal 0.998914 0.0465884 0
    outer loop
      vertex 178.25 3 0
      vertex 178.258 2.82847 3
      vertex 178.258 2.82847 0
    endloop
  endfacet
  facet normal 0.971024 -0.238982 0
    outer loop
      vertex 178.284 3.34141 3
      vertex 178.325 3.508 0
      vertex 178.325 3.508 3
    endloop
  endfacet
  facet normal 0.971024 -0.238982 0
    outer loop
      vertex 178.325 3.508 0
      vertex 178.284 3.34141 3
      vertex 178.284 3.34141 0
    endloop
  endfacet
  facet normal 0.98849 -0.151288 0
    outer loop
      vertex 178.258 3.17153 3
      vertex 178.284 3.34141 0
      vertex 178.284 3.34141 3
    endloop
  endfacet
  facet normal 0.98849 -0.151288 0
    outer loop
      vertex 178.284 3.34141 0
      vertex 178.258 3.17153 3
      vertex 178.258 3.17153 0
    endloop
  endfacet
  facet normal 0.902688 -0.430295 0
    outer loop
      vertex 178.383 3.6697 3
      vertex 178.457 3.82494 0
      vertex 178.457 3.82494 3
    endloop
  endfacet
  facet normal 0.902688 -0.430295 0
    outer loop
      vertex 178.457 3.82494 0
      vertex 178.383 3.6697 3
      vertex 178.383 3.6697 0
    endloop
  endfacet
  facet normal 0.858484 -0.512841 0
    outer loop
      vertex 178.457 3.82494 3
      vertex 178.545 3.97225 0
      vertex 178.545 3.97225 3
    endloop
  endfacet
  facet normal 0.858484 -0.512841 0
    outer loop
      vertex 178.545 3.97225 0
      vertex 178.457 3.82494 3
      vertex 178.457 3.82494 0
    endloop
  endfacet
  facet normal 0.336351 -0.941737 0
    outer loop
      vertex 179.33 4.61679 0
      vertex 179.492 4.67465 3
      vertex 179.33 4.61679 3
    endloop
  endfacet
  facet normal 0.336351 -0.941737 0
    outer loop
      vertex 179.492 4.67465 3
      vertex 179.33 4.61679 0
      vertex 179.492 4.67465 0
    endloop
  endfacet
  facet normal 0.147482 -0.989065 0
    outer loop
      vertex 179.659 4.71637 0
      vertex 179.828 4.74157 3
      vertex 179.659 4.71637 3
    endloop
  endfacet
  facet normal 0.147482 -0.989065 0
    outer loop
      vertex 179.828 4.74157 3
      vertex 179.659 4.71637 0
      vertex 179.828 4.74157 0
    endloop
  endfacet
  facet normal 0.59552 -0.803341 0
    outer loop
      vertex 178.89 4.35277 0
      vertex 179.028 4.45507 3
      vertex 178.89 4.35277 3
    endloop
  endfacet
  facet normal 0.59552 -0.803341 0
    outer loop
      vertex 179.028 4.45507 3
      vertex 178.89 4.35277 0
      vertex 179.028 4.45507 0
    endloop
  endfacet
  facet normal 0.672275 -0.740301 0
    outer loop
      vertex 178.763 4.23744 0
      vertex 178.89 4.35277 3
      vertex 178.763 4.23744 3
    endloop
  endfacet
  facet normal 0.672275 -0.740301 0
    outer loop
      vertex 178.89 4.35277 3
      vertex 178.763 4.23744 0
      vertex 178.89 4.35277 0
    endloop
  endfacet
  facet normal 0.514882 -0.857261 0
    outer loop
      vertex 179.028 4.45507 0
      vertex 179.175 4.54336 3
      vertex 179.028 4.45507 3
    endloop
  endfacet
  facet normal 0.514882 -0.857261 0
    outer loop
      vertex 179.175 4.54336 3
      vertex 179.028 4.45507 0
      vertex 179.175 4.54336 0
    endloop
  endfacet
  facet normal 0.73902 -0.673684 0
    outer loop
      vertex 178.647 4.11019 3
      vertex 178.763 4.23744 0
      vertex 178.763 4.23744 3
    endloop
  endfacet
  facet normal 0.73902 -0.673684 0
    outer loop
      vertex 178.763 4.23744 0
      vertex 178.647 4.11019 3
      vertex 178.647 4.11019 0
    endloop
  endfacet
  facet normal -0.998914 -0.0465884 0
    outer loop
      vertex 181.75 3 0
      vertex 181.742 3.17153 3
      vertex 181.742 3.17153 0
    endloop
  endfacet
  facet normal -0.998914 -0.0465884 0
    outer loop
      vertex 181.742 3.17153 3
      vertex 181.75 3 0
      vertex 181.75 3 3
    endloop
  endfacet
  facet normal -0.971024 0.238982 0
    outer loop
      vertex 181.675 2.492 0
      vertex 181.716 2.65859 3
      vertex 181.716 2.65859 0
    endloop
  endfacet
  facet normal -0.971024 0.238982 0
    outer loop
      vertex 181.716 2.65859 3
      vertex 181.675 2.492 0
      vertex 181.675 2.492 3
    endloop
  endfacet
  facet normal -0.147482 0.989065 0
    outer loop
      vertex 180.341 1.28363 0
      vertex 180.172 1.25843 3
      vertex 180.341 1.28363 3
    endloop
  endfacet
  facet normal -0.147482 0.989065 0
    outer loop
      vertex 180.172 1.25843 3
      vertex 180.341 1.28363 0
      vertex 180.172 1.25843 0
    endloop
  endfacet
  facet normal -0.242372 0.970183 0
    outer loop
      vertex 180.508 1.32535 0
      vertex 180.341 1.28363 3
      vertex 180.508 1.32535 3
    endloop
  endfacet
  facet normal -0.242372 0.970183 0
    outer loop
      vertex 180.341 1.28363 3
      vertex 180.508 1.32535 0
      vertex 180.341 1.28363 0
    endloop
  endfacet
  facet normal -0.336351 0.941737 0
    outer loop
      vertex 180.67 1.38321 0
      vertex 180.508 1.32535 3
      vertex 180.67 1.38321 3
    endloop
  endfacet
  facet normal -0.336351 0.941737 0
    outer loop
      vertex 180.508 1.32535 3
      vertex 180.67 1.38321 0
      vertex 180.508 1.32535 0
    endloop
  endfacet
  facet normal -0.73902 0.673684 0
    outer loop
      vertex 181.237 1.76256 0
      vertex 181.353 1.88981 3
      vertex 181.353 1.88981 0
    endloop
  endfacet
  facet normal -0.73902 0.673684 0
    outer loop
      vertex 181.353 1.88981 3
      vertex 181.237 1.76256 0
      vertex 181.237 1.76256 3
    endloop
  endfacet
  facet normal -0.672275 0.740301 0
    outer loop
      vertex 181.237 1.76256 0
      vertex 181.11 1.64723 3
      vertex 181.237 1.76256 3
    endloop
  endfacet
  facet normal -0.672275 0.740301 0
    outer loop
      vertex 181.11 1.64723 3
      vertex 181.237 1.76256 0
      vertex 181.11 1.64723 0
    endloop
  endfacet
  facet normal -0.514882 0.857261 0
    outer loop
      vertex 180.972 1.54493 0
      vertex 180.825 1.45664 3
      vertex 180.972 1.54493 3
    endloop
  endfacet
  facet normal -0.514882 0.857261 0
    outer loop
      vertex 180.825 1.45664 3
      vertex 180.972 1.54493 0
      vertex 180.825 1.45664 0
    endloop
  endfacet
  facet normal -0.0489529 0.998801 0
    outer loop
      vertex 180.172 1.25843 0
      vertex 180 1.25 3
      vertex 180.172 1.25843 3
    endloop
  endfacet
  facet normal -0.0489529 0.998801 0
    outer loop
      vertex 180 1.25 3
      vertex 180.172 1.25843 0
      vertex 180 1.25 0
    endloop
  endfacet
  facet normal 0.242372 0.970183 -0
    outer loop
      vertex 179.659 1.28363 0
      vertex 179.492 1.32535 3
      vertex 179.659 1.28363 3
    endloop
  endfacet
  facet normal 0.242372 0.970183 0
    outer loop
      vertex 179.492 1.32535 3
      vertex 179.659 1.28363 0
      vertex 179.492 1.32535 0
    endloop
  endfacet
  facet normal 0.428129 0.903718 -0
    outer loop
      vertex 179.33 1.38321 0
      vertex 179.175 1.45664 3
      vertex 179.33 1.38321 3
    endloop
  endfacet
  facet normal 0.428129 0.903718 0
    outer loop
      vertex 179.175 1.45664 3
      vertex 179.33 1.38321 0
      vertex 179.175 1.45664 0
    endloop
  endfacet
  facet normal 0.94128 0.337627 0
    outer loop
      vertex 178.383 2.3303 3
      vertex 178.325 2.492 0
      vertex 178.325 2.492 3
    endloop
  endfacet
  facet normal 0.94128 0.337627 0
    outer loop
      vertex 178.325 2.492 0
      vertex 178.383 2.3303 3
      vertex 178.383 2.3303 0
    endloop
  endfacet
  facet normal 0.98849 0.151288 0
    outer loop
      vertex 178.284 2.65859 3
      vertex 178.258 2.82847 0
      vertex 178.258 2.82847 3
    endloop
  endfacet
  facet normal 0.98849 0.151288 0
    outer loop
      vertex 178.258 2.82847 0
      vertex 178.284 2.65859 3
      vertex 178.284 2.65859 0
    endloop
  endfacet
  facet normal 0.73902 0.673684 0
    outer loop
      vertex 178.763 1.76256 3
      vertex 178.647 1.88981 0
      vertex 178.647 1.88981 3
    endloop
  endfacet
  facet normal 0.73902 0.673684 0
    outer loop
      vertex 178.647 1.88981 0
      vertex 178.763 1.76256 3
      vertex 178.763 1.76256 0
    endloop
  endfacet
  facet normal 0.858484 0.512841 0
    outer loop
      vertex 178.545 2.02775 3
      vertex 178.457 2.17506 0
      vertex 178.457 2.17506 3
    endloop
  endfacet
  facet normal 0.858484 0.512841 0
    outer loop
      vertex 178.457 2.17506 0
      vertex 178.545 2.02775 3
      vertex 178.545 2.02775 0
    endloop
  endfacet
  facet normal 0.672275 0.740301 -0
    outer loop
      vertex 178.89 1.64723 0
      vertex 178.763 1.76256 3
      vertex 178.89 1.64723 3
    endloop
  endfacet
  facet normal 0.672275 0.740301 0
    outer loop
      vertex 178.763 1.76256 3
      vertex 178.89 1.64723 0
      vertex 178.763 1.76256 0
    endloop
  endfacet
  facet normal -0.0489529 -0.998801 0
    outer loop
      vertex 180 4.75 0
      vertex 180.172 4.74157 3
      vertex 180 4.75 3
    endloop
  endfacet
  facet normal -0.0489529 -0.998801 -0
    outer loop
      vertex 180.172 4.74157 3
      vertex 180 4.75 0
      vertex 180.172 4.74157 0
    endloop
  endfacet
  facet normal 0.998914 -0.0465884 0
    outer loop
      vertex 178.25 3 3
      vertex 178.258 3.17153 0
      vertex 178.258 3.17153 3
    endloop
  endfacet
  facet normal 0.998914 -0.0465884 0
    outer loop
      vertex 178.258 3.17153 0
      vertex 178.25 3 3
      vertex 178.25 3 0
    endloop
  endfacet
  facet normal -0.98849 0.151288 0
    outer loop
      vertex 181.716 2.65859 0
      vertex 181.742 2.82847 3
      vertex 181.742 2.82847 0
    endloop
  endfacet
  facet normal -0.98849 0.151288 0
    outer loop
      vertex 181.742 2.82847 3
      vertex 181.716 2.65859 0
      vertex 181.716 2.65859 3
    endloop
  endfacet
  facet normal -0.902688 0.430295 0
    outer loop
      vertex 181.543 2.17506 0
      vertex 181.617 2.3303 3
      vertex 181.617 2.3303 0
    endloop
  endfacet
  facet normal -0.902688 0.430295 0
    outer loop
      vertex 181.617 2.3303 3
      vertex 181.543 2.17506 0
      vertex 181.543 2.17506 3
    endloop
  endfacet
  facet normal -0.858484 0.512841 0
    outer loop
      vertex 181.455 2.02775 0
      vertex 181.543 2.17506 3
      vertex 181.543 2.17506 0
    endloop
  endfacet
  facet normal -0.858484 0.512841 0
    outer loop
      vertex 181.543 2.17506 3
      vertex 181.455 2.02775 0
      vertex 181.455 2.02775 3
    endloop
  endfacet
  facet normal -0.428129 0.903718 0
    outer loop
      vertex 180.825 1.45664 0
      vertex 180.67 1.38321 3
      vertex 180.825 1.45664 3
    endloop
  endfacet
  facet normal -0.428129 0.903718 0
    outer loop
      vertex 180.67 1.38321 3
      vertex 180.825 1.45664 0
      vertex 180.67 1.38321 0
    endloop
  endfacet
  facet normal -0.59552 0.803341 0
    outer loop
      vertex 181.11 1.64723 0
      vertex 180.972 1.54493 3
      vertex 181.11 1.64723 3
    endloop
  endfacet
  facet normal -0.59552 0.803341 0
    outer loop
      vertex 180.972 1.54493 3
      vertex 181.11 1.64723 0
      vertex 180.972 1.54493 0
    endloop
  endfacet
  facet normal 0.147482 0.989065 -0
    outer loop
      vertex 179.828 1.25843 0
      vertex 179.659 1.28363 3
      vertex 179.828 1.25843 3
    endloop
  endfacet
  facet normal 0.147482 0.989065 0
    outer loop
      vertex 179.659 1.28363 3
      vertex 179.828 1.25843 0
      vertex 179.659 1.28363 0
    endloop
  endfacet
  facet normal 0.336351 0.941737 -0
    outer loop
      vertex 179.492 1.32535 0
      vertex 179.33 1.38321 3
      vertex 179.492 1.32535 3
    endloop
  endfacet
  facet normal 0.336351 0.941737 0
    outer loop
      vertex 179.33 1.38321 3
      vertex 179.492 1.32535 0
      vertex 179.33 1.38321 0
    endloop
  endfacet
  facet normal 0.514882 0.857261 -0
    outer loop
      vertex 179.175 1.45664 0
      vertex 179.028 1.54493 3
      vertex 179.175 1.45664 3
    endloop
  endfacet
  facet normal 0.514882 0.857261 0
    outer loop
      vertex 179.028 1.54493 3
      vertex 179.175 1.45664 0
      vertex 179.028 1.54493 0
    endloop
  endfacet
  facet normal 0.902688 0.430295 0
    outer loop
      vertex 178.457 2.17506 3
      vertex 178.383 2.3303 0
      vertex 178.383 2.3303 3
    endloop
  endfacet
  facet normal 0.902688 0.430295 0
    outer loop
      vertex 178.383 2.3303 0
      vertex 178.457 2.17506 3
      vertex 178.457 2.17506 0
    endloop
  endfacet
  facet normal 0.804053 0.594558 0
    outer loop
      vertex 178.647 1.88981 3
      vertex 178.545 2.02775 0
      vertex 178.545 2.02775 3
    endloop
  endfacet
  facet normal 0.804053 0.594558 0
    outer loop
      vertex 178.545 2.02775 0
      vertex 178.647 1.88981 3
      vertex 178.647 1.88981 0
    endloop
  endfacet
  facet normal -0.998914 -0.0465966 0
    outer loop
      vertex 181.75 87 0
      vertex 181.742 87.1715 3
      vertex 181.742 87.1715 0
    endloop
  endfacet
  facet normal -0.998914 -0.0465966 0
    outer loop
      vertex 181.742 87.1715 3
      vertex 181.75 87 0
      vertex 181.75 87 3
    endloop
  endfacet
  facet normal 0.0487791 -0.99881 0
    outer loop
      vertex 179.828 88.7416 0
      vertex 180 88.75 3
      vertex 179.828 88.7416 3
    endloop
  endfacet
  facet normal 0.0487791 -0.99881 0
    outer loop
      vertex 180 88.75 3
      vertex 179.828 88.7416 0
      vertex 180 88.75 0
    endloop
  endfacet
  facet normal -0.672499 -0.740098 0
    outer loop
      vertex 181.11 88.3528 0
      vertex 181.237 88.2374 3
      vertex 181.11 88.3528 3
    endloop
  endfacet
  facet normal -0.672499 -0.740098 -0
    outer loop
      vertex 181.237 88.2374 3
      vertex 181.11 88.3528 0
      vertex 181.237 88.2374 0
    endloop
  endfacet
  facet normal 0.738888 -0.673828 0
    outer loop
      vertex 178.647 88.1102 3
      vertex 178.763 88.2374 0
      vertex 178.763 88.2374 3
    endloop
  endfacet
  facet normal 0.738888 -0.673828 0
    outer loop
      vertex 178.763 88.2374 0
      vertex 178.647 88.1102 3
      vertex 178.647 88.1102 0
    endloop
  endfacet
  facet normal 0.427986 -0.903785 0
    outer loop
      vertex 179.175 88.5434 0
      vertex 179.33 88.6168 3
      vertex 179.175 88.5434 3
    endloop
  endfacet
  facet normal 0.427986 -0.903785 0
    outer loop
      vertex 179.33 88.6168 3
      vertex 179.175 88.5434 0
      vertex 179.33 88.6168 0
    endloop
  endfacet
  facet normal -0.902645 -0.430385 0
    outer loop
      vertex 181.617 87.6697 0
      vertex 181.543 87.8249 3
      vertex 181.543 87.8249 0
    endloop
  endfacet
  facet normal -0.902645 -0.430385 0
    outer loop
      vertex 181.543 87.8249 3
      vertex 181.617 87.6697 0
      vertex 181.617 87.6697 3
    endloop
  endfacet
  facet normal -0.336042 -0.941847 0
    outer loop
      vertex 180.508 88.6746 0
      vertex 180.67 88.6168 3
      vertex 180.508 88.6746 3
    endloop
  endfacet
  facet normal -0.336042 -0.941847 -0
    outer loop
      vertex 180.67 88.6168 3
      vertex 180.508 88.6746 0
      vertex 180.67 88.6168 0
    endloop
  endfacet
  facet normal -0.514924 -0.857236 0
    outer loop
      vertex 180.825 88.5434 0
      vertex 180.972 88.4551 3
      vertex 180.825 88.5434 3
    endloop
  endfacet
  facet normal -0.514924 -0.857236 -0
    outer loop
      vertex 180.972 88.4551 3
      vertex 180.825 88.5434 0
      vertex 180.972 88.4551 0
    endloop
  endfacet
  facet normal 0.94128 -0.337627 0
    outer loop
      vertex 178.325 87.508 3
      vertex 178.383 87.6697 0
      vertex 178.383 87.6697 3
    endloop
  endfacet
  facet normal 0.94128 -0.337627 0
    outer loop
      vertex 178.383 87.6697 0
      vertex 178.325 87.508 3
      vertex 178.325 87.508 0
    endloop
  endfacet
  facet normal 0.242809 -0.970074 0
    outer loop
      vertex 179.492 88.6746 0
      vertex 179.659 88.7164 3
      vertex 179.492 88.6746 3
    endloop
  endfacet
  facet normal 0.242809 -0.970074 0
    outer loop
      vertex 179.659 88.7164 3
      vertex 179.492 88.6746 0
      vertex 179.659 88.7164 0
    endloop
  endfacet
  facet normal -0.971027 0.238968 0
    outer loop
      vertex 181.675 86.492 0
      vertex 181.716 86.6586 3
      vertex 181.716 86.6586 0
    endloop
  endfacet
  facet normal -0.971027 0.238968 0
    outer loop
      vertex 181.716 86.6586 3
      vertex 181.675 86.492 0
      vertex 181.675 86.492 3
    endloop
  endfacet
  facet normal 0.672499 0.740098 -0
    outer loop
      vertex 178.89 85.6472 0
      vertex 178.763 85.7626 3
      vertex 178.89 85.6472 3
    endloop
  endfacet
  facet normal 0.672499 0.740098 0
    outer loop
      vertex 178.763 85.7626 3
      vertex 178.89 85.6472 0
      vertex 178.763 85.7626 0
    endloop
  endfacet
  facet normal 0.902645 0.430385 0
    outer loop
      vertex 178.457 86.1751 3
      vertex 178.383 86.3303 0
      vertex 178.383 86.3303 3
    endloop
  endfacet
  facet normal 0.902645 0.430385 0
    outer loop
      vertex 178.383 86.3303 0
      vertex 178.457 86.1751 3
      vertex 178.457 86.1751 0
    endloop
  endfacet
  facet normal -0.971027 -0.238968 0
    outer loop
      vertex 181.716 87.3414 0
      vertex 181.675 87.508 3
      vertex 181.675 87.508 0
    endloop
  endfacet
  facet normal -0.971027 -0.238968 0
    outer loop
      vertex 181.675 87.508 3
      vertex 181.716 87.3414 0
      vertex 181.716 87.3414 3
    endloop
  endfacet
  facet normal -0.988492 -0.15127 0
    outer loop
      vertex 181.742 87.1715 0
      vertex 181.716 87.3414 3
      vertex 181.716 87.3414 0
    endloop
  endfacet
  facet normal -0.988492 -0.15127 0
    outer loop
      vertex 181.716 87.3414 3
      vertex 181.742 87.1715 0
      vertex 181.742 87.1715 3
    endloop
  endfacet
  facet normal -0.94128 -0.337627 0
    outer loop
      vertex 181.675 87.508 0
      vertex 181.617 87.6697 3
      vertex 181.617 87.6697 0
    endloop
  endfacet
  facet normal -0.94128 -0.337627 0
    outer loop
      vertex 181.617 87.6697 3
      vertex 181.675 87.508 0
      vertex 181.675 87.508 3
    endloop
  endfacet
  facet normal -0.804176 -0.594391 0
    outer loop
      vertex 181.455 87.9722 0
      vertex 181.353 88.1102 3
      vertex 181.353 88.1102 0
    endloop
  endfacet
  facet normal -0.804176 -0.594391 0
    outer loop
      vertex 181.353 88.1102 3
      vertex 181.455 87.9722 0
      vertex 181.455 87.9722 3
    endloop
  endfacet
  facet normal -0.738888 -0.673828 0
    outer loop
      vertex 181.353 88.1102 0
      vertex 181.237 88.2374 3
      vertex 181.237 88.2374 0
    endloop
  endfacet
  facet normal -0.738888 -0.673828 0
    outer loop
      vertex 181.237 88.2374 3
      vertex 181.353 88.1102 0
      vertex 181.353 88.1102 3
    endloop
  endfacet
  facet normal -0.858468 -0.512866 0
    outer loop
      vertex 181.543 87.8249 0
      vertex 181.455 87.9722 3
      vertex 181.455 87.9722 0
    endloop
  endfacet
  facet normal -0.858468 -0.512866 0
    outer loop
      vertex 181.455 87.9722 3
      vertex 181.543 87.8249 0
      vertex 181.543 87.8249 3
    endloop
  endfacet
  facet normal -0.147482 -0.989065 0
    outer loop
      vertex 180.172 88.7416 0
      vertex 180.341 88.7164 3
      vertex 180.172 88.7416 3
    endloop
  endfacet
  facet normal -0.147482 -0.989065 -0
    outer loop
      vertex 180.341 88.7164 3
      vertex 180.172 88.7416 0
      vertex 180.341 88.7164 0
    endloop
  endfacet
  facet normal -0.242809 -0.970074 0
    outer loop
      vertex 180.341 88.7164 0
      vertex 180.508 88.6746 3
      vertex 180.341 88.7164 3
    endloop
  endfacet
  facet normal -0.242809 -0.970074 -0
    outer loop
      vertex 180.508 88.6746 3
      vertex 180.341 88.7164 0
      vertex 180.508 88.6746 0
    endloop
  endfacet
  facet normal -0.0487791 -0.99881 0
    outer loop
      vertex 180 88.75 0
      vertex 180.172 88.7416 3
      vertex 180 88.75 3
    endloop
  endfacet
  facet normal -0.0487791 -0.99881 -0
    outer loop
      vertex 180.172 88.7416 3
      vertex 180 88.75 0
      vertex 180.172 88.7416 0
    endloop
  endfacet
  facet normal -0.427986 -0.903785 0
    outer loop
      vertex 180.67 88.6168 0
      vertex 180.825 88.5434 3
      vertex 180.67 88.6168 3
    endloop
  endfacet
  facet normal -0.427986 -0.903785 -0
    outer loop
      vertex 180.825 88.5434 3
      vertex 180.67 88.6168 0
      vertex 180.825 88.5434 0
    endloop
  endfacet
  facet normal -0.59552 -0.803341 0
    outer loop
      vertex 180.972 88.4551 0
      vertex 181.11 88.3528 3
      vertex 180.972 88.4551 3
    endloop
  endfacet
  facet normal -0.59552 -0.803341 -0
    outer loop
      vertex 181.11 88.3528 3
      vertex 180.972 88.4551 0
      vertex 181.11 88.3528 0
    endloop
  endfacet
  facet normal 0.988492 -0.15127 0
    outer loop
      vertex 178.258 87.1715 3
      vertex 178.284 87.3414 0
      vertex 178.284 87.3414 3
    endloop
  endfacet
  facet normal 0.988492 -0.15127 0
    outer loop
      vertex 178.284 87.3414 0
      vertex 178.258 87.1715 3
      vertex 178.258 87.1715 0
    endloop
  endfacet
  facet normal 0.858468 -0.512866 0
    outer loop
      vertex 178.457 87.8249 3
      vertex 178.545 87.9722 0
      vertex 178.545 87.9722 3
    endloop
  endfacet
  facet normal 0.858468 -0.512866 0
    outer loop
      vertex 178.545 87.9722 0
      vertex 178.457 87.8249 3
      vertex 178.457 87.8249 0
    endloop
  endfacet
  facet normal 0.804176 -0.594391 0
    outer loop
      vertex 178.545 87.9722 3
      vertex 178.647 88.1102 0
      vertex 178.647 88.1102 3
    endloop
  endfacet
  facet normal 0.804176 -0.594391 0
    outer loop
      vertex 178.647 88.1102 0
      vertex 178.545 87.9722 3
      vertex 178.545 87.9722 0
    endloop
  endfacet
  facet normal 0.902645 -0.430385 0
    outer loop
      vertex 178.383 87.6697 3
      vertex 178.457 87.8249 0
      vertex 178.457 87.8249 3
    endloop
  endfacet
  facet normal 0.902645 -0.430385 0
    outer loop
      vertex 178.457 87.8249 0
      vertex 178.383 87.6697 3
      vertex 178.383 87.6697 0
    endloop
  endfacet
  facet normal 0.971027 -0.238968 0
    outer loop
      vertex 178.284 87.3414 3
      vertex 178.325 87.508 0
      vertex 178.325 87.508 3
    endloop
  endfacet
  facet normal 0.971027 -0.238968 0
    outer loop
      vertex 178.325 87.508 0
      vertex 178.284 87.3414 3
      vertex 178.284 87.3414 0
    endloop
  endfacet
  facet normal 0.998914 -0.0465966 0
    outer loop
      vertex 178.25 87 3
      vertex 178.258 87.1715 0
      vertex 178.258 87.1715 3
    endloop
  endfacet
  facet normal 0.998914 -0.0465966 0
    outer loop
      vertex 178.258 87.1715 0
      vertex 178.25 87 3
      vertex 178.25 87 0
    endloop
  endfacet
  facet normal 0.59552 -0.803341 0
    outer loop
      vertex 178.89 88.3528 0
      vertex 179.028 88.4551 3
      vertex 178.89 88.3528 3
    endloop
  endfacet
  facet normal 0.59552 -0.803341 0
    outer loop
      vertex 179.028 88.4551 3
      vertex 178.89 88.3528 0
      vertex 179.028 88.4551 0
    endloop
  endfacet
  facet normal 0.514924 -0.857236 0
    outer loop
      vertex 179.028 88.4551 0
      vertex 179.175 88.5434 3
      vertex 179.028 88.4551 3
    endloop
  endfacet
  facet normal 0.514924 -0.857236 0
    outer loop
      vertex 179.175 88.5434 3
      vertex 179.028 88.4551 0
      vertex 179.175 88.5434 0
    endloop
  endfacet
  facet normal 0.672499 -0.740098 0
    outer loop
      vertex 178.763 88.2374 0
      vertex 178.89 88.3528 3
      vertex 178.763 88.2374 3
    endloop
  endfacet
  facet normal 0.672499 -0.740098 0
    outer loop
      vertex 178.89 88.3528 3
      vertex 178.763 88.2374 0
      vertex 178.89 88.3528 0
    endloop
  endfacet
  facet normal 0.336042 -0.941847 0
    outer loop
      vertex 179.33 88.6168 0
      vertex 179.492 88.6746 3
      vertex 179.33 88.6168 3
    endloop
  endfacet
  facet normal 0.336042 -0.941847 0
    outer loop
      vertex 179.492 88.6746 3
      vertex 179.33 88.6168 0
      vertex 179.492 88.6746 0
    endloop
  endfacet
  facet normal 0.147482 -0.989065 0
    outer loop
      vertex 179.659 88.7164 0
      vertex 179.828 88.7416 3
      vertex 179.659 88.7164 3
    endloop
  endfacet
  facet normal 0.147482 -0.989065 0
    outer loop
      vertex 179.828 88.7416 3
      vertex 179.659 88.7164 0
      vertex 179.828 88.7416 0
    endloop
  endfacet
  facet normal -0.998914 0.0465966 0
    outer loop
      vertex 181.742 86.8285 0
      vertex 181.75 87 3
      vertex 181.75 87 0
    endloop
  endfacet
  facet normal -0.998914 0.0465966 0
    outer loop
      vertex 181.75 87 3
      vertex 181.742 86.8285 0
      vertex 181.742 86.8285 3
    endloop
  endfacet
  facet normal -0.147482 0.989065 0
    outer loop
      vertex 180.341 85.2836 0
      vertex 180.172 85.2584 3
      vertex 180.341 85.2836 3
    endloop
  endfacet
  facet normal -0.147482 0.989065 0
    outer loop
      vertex 180.172 85.2584 3
      vertex 180.341 85.2836 0
      vertex 180.172 85.2584 0
    endloop
  endfacet
  facet normal -0.336042 0.941847 0
    outer loop
      vertex 180.67 85.3832 0
      vertex 180.508 85.3254 3
      vertex 180.67 85.3832 3
    endloop
  endfacet
  facet normal -0.336042 0.941847 0
    outer loop
      vertex 180.508 85.3254 3
      vertex 180.67 85.3832 0
      vertex 180.508 85.3254 0
    endloop
  endfacet
  facet normal -0.672499 0.740098 0
    outer loop
      vertex 181.237 85.7626 0
      vertex 181.11 85.6472 3
      vertex 181.237 85.7626 3
    endloop
  endfacet
  facet normal -0.672499 0.740098 0
    outer loop
      vertex 181.11 85.6472 3
      vertex 181.237 85.7626 0
      vertex 181.11 85.6472 0
    endloop
  endfacet
  facet normal -0.514924 0.857236 0
    outer loop
      vertex 180.972 85.5449 0
      vertex 180.825 85.4566 3
      vertex 180.972 85.5449 3
    endloop
  endfacet
  facet normal -0.514924 0.857236 0
    outer loop
      vertex 180.825 85.4566 3
      vertex 180.972 85.5449 0
      vertex 180.825 85.4566 0
    endloop
  endfacet
  facet normal -0.804176 0.594391 0
    outer loop
      vertex 181.353 85.8898 0
      vertex 181.455 86.0278 3
      vertex 181.455 86.0278 0
    endloop
  endfacet
  facet normal -0.804176 0.594391 0
    outer loop
      vertex 181.455 86.0278 3
      vertex 181.353 85.8898 0
      vertex 181.353 85.8898 3
    endloop
  endfacet
  facet normal -0.902645 0.430385 0
    outer loop
      vertex 181.543 86.1751 0
      vertex 181.617 86.3303 3
      vertex 181.617 86.3303 0
    endloop
  endfacet
  facet normal -0.902645 0.430385 0
    outer loop
      vertex 181.617 86.3303 3
      vertex 181.543 86.1751 0
      vertex 181.543 86.1751 3
    endloop
  endfacet
  facet normal 0.59552 0.803341 -0
    outer loop
      vertex 179.028 85.5449 0
      vertex 178.89 85.6472 3
      vertex 179.028 85.5449 3
    endloop
  endfacet
  facet normal 0.59552 0.803341 0
    outer loop
      vertex 178.89 85.6472 3
      vertex 179.028 85.5449 0
      vertex 178.89 85.6472 0
    endloop
  endfacet
  facet normal 0.427986 0.903785 -0
    outer loop
      vertex 179.33 85.3832 0
      vertex 179.175 85.4566 3
      vertex 179.33 85.3832 3
    endloop
  endfacet
  facet normal 0.427986 0.903785 0
    outer loop
      vertex 179.175 85.4566 3
      vertex 179.33 85.3832 0
      vertex 179.175 85.4566 0
    endloop
  endfacet
  facet normal 0.242809 0.970074 -0
    outer loop
      vertex 179.659 85.2836 0
      vertex 179.492 85.3254 3
      vertex 179.659 85.2836 3
    endloop
  endfacet
  facet normal 0.242809 0.970074 0
    outer loop
      vertex 179.492 85.3254 3
      vertex 179.659 85.2836 0
      vertex 179.492 85.3254 0
    endloop
  endfacet
  facet normal 0.0487791 0.99881 -0
    outer loop
      vertex 180 85.25 0
      vertex 179.828 85.2584 3
      vertex 180 85.25 3
    endloop
  endfacet
  facet normal 0.0487791 0.99881 0
    outer loop
      vertex 179.828 85.2584 3
      vertex 180 85.25 0
      vertex 179.828 85.2584 0
    endloop
  endfacet
  facet normal 0.804176 0.594391 0
    outer loop
      vertex 178.647 85.8898 3
      vertex 178.545 86.0278 0
      vertex 178.545 86.0278 3
    endloop
  endfacet
  facet normal 0.804176 0.594391 0
    outer loop
      vertex 178.545 86.0278 0
      vertex 178.647 85.8898 3
      vertex 178.647 85.8898 0
    endloop
  endfacet
  facet normal 0.858468 0.512866 0
    outer loop
      vertex 178.545 86.0278 3
      vertex 178.457 86.1751 0
      vertex 178.457 86.1751 3
    endloop
  endfacet
  facet normal 0.858468 0.512866 0
    outer loop
      vertex 178.457 86.1751 0
      vertex 178.545 86.0278 3
      vertex 178.545 86.0278 0
    endloop
  endfacet
  facet normal 0.738888 0.673828 0
    outer loop
      vertex 178.763 85.7626 3
      vertex 178.647 85.8898 0
      vertex 178.647 85.8898 3
    endloop
  endfacet
  facet normal 0.738888 0.673828 0
    outer loop
      vertex 178.647 85.8898 0
      vertex 178.763 85.7626 3
      vertex 178.763 85.7626 0
    endloop
  endfacet
  facet normal 0.988492 0.15127 0
    outer loop
      vertex 178.284 86.6586 3
      vertex 178.258 86.8285 0
      vertex 178.258 86.8285 3
    endloop
  endfacet
  facet normal 0.988492 0.15127 0
    outer loop
      vertex 178.258 86.8285 0
      vertex 178.284 86.6586 3
      vertex 178.284 86.6586 0
    endloop
  endfacet
  facet normal 0.94128 0.337627 0
    outer loop
      vertex 178.383 86.3303 3
      vertex 178.325 86.492 0
      vertex 178.325 86.492 3
    endloop
  endfacet
  facet normal 0.94128 0.337627 0
    outer loop
      vertex 178.325 86.492 0
      vertex 178.383 86.3303 3
      vertex 178.383 86.3303 0
    endloop
  endfacet
  facet normal 0.998914 0.0465966 0
    outer loop
      vertex 178.258 86.8285 3
      vertex 178.25 87 0
      vertex 178.25 87 3
    endloop
  endfacet
  facet normal 0.998914 0.0465966 0
    outer loop
      vertex 178.25 87 0
      vertex 178.258 86.8285 3
      vertex 178.258 86.8285 0
    endloop
  endfacet
  facet normal -0.242809 0.970074 0
    outer loop
      vertex 180.508 85.3254 0
      vertex 180.341 85.2836 3
      vertex 180.508 85.3254 3
    endloop
  endfacet
  facet normal -0.242809 0.970074 0
    outer loop
      vertex 180.341 85.2836 3
      vertex 180.508 85.3254 0
      vertex 180.341 85.2836 0
    endloop
  endfacet
  facet normal -0.427986 0.903785 0
    outer loop
      vertex 180.825 85.4566 0
      vertex 180.67 85.3832 3
      vertex 180.825 85.4566 3
    endloop
  endfacet
  facet normal -0.427986 0.903785 0
    outer loop
      vertex 180.67 85.3832 3
      vertex 180.825 85.4566 0
      vertex 180.67 85.3832 0
    endloop
  endfacet
  facet normal -0.738888 0.673828 0
    outer loop
      vertex 181.237 85.7626 0
      vertex 181.353 85.8898 3
      vertex 181.353 85.8898 0
    endloop
  endfacet
  facet normal -0.738888 0.673828 0
    outer loop
      vertex 181.353 85.8898 3
      vertex 181.237 85.7626 0
      vertex 181.237 85.7626 3
    endloop
  endfacet
  facet normal -0.59552 0.803341 0
    outer loop
      vertex 181.11 85.6472 0
      vertex 180.972 85.5449 3
      vertex 181.11 85.6472 3
    endloop
  endfacet
  facet normal -0.59552 0.803341 0
    outer loop
      vertex 180.972 85.5449 3
      vertex 181.11 85.6472 0
      vertex 180.972 85.5449 0
    endloop
  endfacet
  facet normal -0.858468 0.512866 0
    outer loop
      vertex 181.455 86.0278 0
      vertex 181.543 86.1751 3
      vertex 181.543 86.1751 0
    endloop
  endfacet
  facet normal -0.858468 0.512866 0
    outer loop
      vertex 181.543 86.1751 3
      vertex 181.455 86.0278 0
      vertex 181.455 86.0278 3
    endloop
  endfacet
  facet normal -0.94128 0.337627 0
    outer loop
      vertex 181.617 86.3303 0
      vertex 181.675 86.492 3
      vertex 181.675 86.492 0
    endloop
  endfacet
  facet normal -0.94128 0.337627 0
    outer loop
      vertex 181.675 86.492 3
      vertex 181.617 86.3303 0
      vertex 181.617 86.3303 3
    endloop
  endfacet
  facet normal -0.988492 0.15127 0
    outer loop
      vertex 181.716 86.6586 0
      vertex 181.742 86.8285 3
      vertex 181.742 86.8285 0
    endloop
  endfacet
  facet normal -0.988492 0.15127 0
    outer loop
      vertex 181.742 86.8285 3
      vertex 181.716 86.6586 0
      vertex 181.716 86.6586 3
    endloop
  endfacet
  facet normal 0.514924 0.857236 -0
    outer loop
      vertex 179.175 85.4566 0
      vertex 179.028 85.5449 3
      vertex 179.175 85.4566 3
    endloop
  endfacet
  facet normal 0.514924 0.857236 0
    outer loop
      vertex 179.028 85.5449 3
      vertex 179.175 85.4566 0
      vertex 179.028 85.5449 0
    endloop
  endfacet
  facet normal 0.336042 0.941847 -0
    outer loop
      vertex 179.492 85.3254 0
      vertex 179.33 85.3832 3
      vertex 179.492 85.3254 3
    endloop
  endfacet
  facet normal 0.336042 0.941847 0
    outer loop
      vertex 179.33 85.3832 3
      vertex 179.492 85.3254 0
      vertex 179.33 85.3832 0
    endloop
  endfacet
  facet normal 0.147482 0.989065 -0
    outer loop
      vertex 179.828 85.2584 0
      vertex 179.659 85.2836 3
      vertex 179.828 85.2584 3
    endloop
  endfacet
  facet normal 0.147482 0.989065 0
    outer loop
      vertex 179.659 85.2836 3
      vertex 179.828 85.2584 0
      vertex 179.659 85.2836 0
    endloop
  endfacet
  facet normal -0.0487791 0.99881 0
    outer loop
      vertex 180.172 85.2584 0
      vertex 180 85.25 3
      vertex 180.172 85.2584 3
    endloop
  endfacet
  facet normal -0.0487791 0.99881 0
    outer loop
      vertex 180 85.25 3
      vertex 180.172 85.2584 0
      vertex 180 85.25 0
    endloop
  endfacet
  facet normal 0.971027 0.238968 0
    outer loop
      vertex 178.325 86.492 3
      vertex 178.284 86.6586 0
      vertex 178.284 86.6586 3
    endloop
  endfacet
  facet normal 0.971027 0.238968 0
    outer loop
      vertex 178.284 86.6586 0
      vertex 178.325 86.492 3
      vertex 178.325 86.492 0
    endloop
  endfacet
  facet normal -0.998795 -0.0490678 0
    outer loop
      vertex 0.0288916 5.4119 0
      vertex 0 6 3
      vertex 0 6 0
    endloop
  endfacet
  facet normal -0.998795 -0.0490678 0
    outer loop
      vertex 0 6 3
      vertex 0.0288916 5.4119 0
      vertex 0.0288916 5.4119 3
    endloop
  endfacet
  facet normal 0.998786 0.0492515 0
    outer loop
      vertex 201 84 3
      vertex 200.971 84.5881 0
      vertex 200.971 84.5881 3
    endloop
  endfacet
  facet normal 0.998786 0.0492515 0
    outer loop
      vertex 200.971 84.5881 0
      vertex 201 84 3
      vertex 201 84 0
    endloop
  endfacet
  facet normal 0 0 1
    outer loop
      vertex 22.6168 86.3303 3
      vertex 178.383 86.3303 3
      vertex 22.6746 86.492 3
    endloop
  endfacet
  facet normal 0 0 1
    outer loop
      vertex 178.457 3.82494 3
      vertex 22.7416 3.17153 3
      vertex 22.75 3 3
    endloop
  endfacet
  facet normal 0 0 1
    outer loop
      vertex 178.383 86.3303 3
      vertex 22.6168 86.3303 3
      vertex 178.457 86.1751 3
    endloop
  endfacet
  facet normal 0 0 1
    outer loop
      vertex 178.457 3.82494 3
      vertex 22.7164 3.34141 3
      vertex 22.7416 3.17153 3
    endloop
  endfacet
  facet normal 0 0 1
    outer loop
      vertex 22.5434 86.1751 3
      vertex 178.457 86.1751 3
      vertex 22.6168 86.3303 3
    endloop
  endfacet
  facet normal 0 0 1
    outer loop
      vertex 178.457 3.82494 3
      vertex 22.6746 3.508 3
      vertex 22.7164 3.34141 3
    endloop
  endfacet
  facet normal 0 0 1
    outer loop
      vertex 178.457 86.1751 3
      vertex 22.5434 86.1751 3
      vertex 178.457 3.82494 3
    endloop
  endfacet
  facet normal 0 0 1
    outer loop
      vertex 178.457 3.82494 3
      vertex 22.6168 3.6697 3
      vertex 22.6746 3.508 3
    endloop
  endfacet
  facet normal 0 0 1
    outer loop
      vertex 22.5434 3.82494 3
      vertex 178.457 3.82494 3
      vertex 22.5434 86.1751 3
    endloop
  endfacet
  facet normal 0 0 1
    outer loop
      vertex 178.457 3.82494 3
      vertex 22.5434 3.82494 3
      vertex 22.6168 3.6697 3
    endloop
  endfacet
  facet normal -0 0 1
    outer loop
      vertex 22.4551 86.0278 3
      vertex 22.5434 3.82494 3
      vertex 22.5434 86.1751 3
    endloop
  endfacet
  facet normal 0 0 1
    outer loop
      vertex 22.4551 86.0278 3
      vertex 22.4551 3.97225 3
      vertex 22.5434 3.82494 3
    endloop
  endfacet
  facet normal -0 0 1
    outer loop
      vertex 22.3528 85.8898 3
      vertex 22.4551 3.97225 3
      vertex 22.4551 86.0278 3
    endloop
  endfacet
  facet normal 0 0 1
    outer loop
      vertex 22.3528 85.8898 3
      vertex 22.3528 4.11019 3
      vertex 22.4551 3.97225 3
    endloop
  endfacet
  facet normal -0 0 1
    outer loop
      vertex 22.2374 85.7626 3
      vertex 22.3528 4.11019 3
      vertex 22.3528 85.8898 3
    endloop
  endfacet
  facet normal 0 0 1
    outer loop
      vertex 22.2374 85.7626 3
      vertex 22.2374 4.23744 3
      vertex 22.3528 4.11019 3
    endloop
  endfacet
  facet normal -0 0 1
    outer loop
      vertex 22.1102 85.6472 3
      vertex 22.2374 4.23744 3
      vertex 22.2374 85.7626 3
    endloop
  endfacet
  facet normal 0 0 1
    outer loop
      vertex 22.1102 85.6472 3
      vertex 22.1102 4.35277 3
      vertex 22.2374 4.23744 3
    endloop
  endfacet
  facet normal -0 0 1
    outer loop
      vertex 21.9722 85.5449 3
      vertex 22.1102 4.35277 3
      vertex 22.1102 85.6472 3
    endloop
  endfacet
  facet normal 0 0 1
    outer loop
      vertex 21.9722 85.5449 3
      vertex 21.9722 4.45507 3
      vertex 22.1102 4.35277 3
    endloop
  endfacet
  facet normal -0 0 1
    outer loop
      vertex 21.8249 85.4566 3
      vertex 21.9722 4.45507 3
      vertex 21.9722 85.5449 3
    endloop
  endfacet
  facet normal 0 0 1
    outer loop
      vertex 21.8249 85.4566 3
      vertex 21.8249 4.54336 3
      vertex 21.9722 4.45507 3
    endloop
  endfacet
  facet normal -0 0 1
    outer loop
      vertex 21.6697 85.3832 3
      vertex 21.8249 4.54336 3
      vertex 21.8249 85.4566 3
    endloop
  endfacet
  facet normal 0 0 1
    outer loop
      vertex 21.6697 85.3832 3
      vertex 21.6697 4.61679 3
      vertex 21.8249 4.54336 3
    endloop
  endfacet
  facet normal -0 0 1
    outer loop
      vertex 21.508 85.3254 3
      vertex 21.6697 4.61679 3
      vertex 21.6697 85.3832 3
    endloop
  endfacet
  facet normal 0 0 1
    outer loop
      vertex 21.508 85.3254 3
      vertex 21.508 4.67465 3
      vertex 21.6697 4.61679 3
    endloop
  endfacet
  facet normal -0 0 1
    outer loop
      vertex 21.3414 85.2836 3
      vertex 21.508 4.67465 3
      vertex 21.508 85.3254 3
    endloop
  endfacet
  facet normal 0 0 1
    outer loop
      vertex 21.3414 85.2836 3
      vertex 21.3414 4.71637 3
      vertex 21.508 4.67465 3
    endloop
  endfacet
  facet normal -0 0 1
    outer loop
      vertex 21.1715 85.2584 3
      vertex 21.3414 4.71637 3
      vertex 21.3414 85.2836 3
    endloop
  endfacet
  facet normal 0 0 1
    outer loop
      vertex 21.1715 85.2584 3
      vertex 21.1715 4.74157 3
      vertex 21.3414 4.71637 3
    endloop
  endfacet
  facet normal -0 0 1
    outer loop
      vertex 21 85.25 3
      vertex 21.1715 4.74157 3
      vertex 21.1715 85.2584 3
    endloop
  endfacet
  facet normal 0 0 1
    outer loop
      vertex 21 85.25 3
      vertex 21 4.75 3
      vertex 21.1715 4.74157 3
    endloop
  endfacet
  facet normal 0 0 1
    outer loop
      vertex 20.8285 85.2584 3
      vertex 21 4.75 3
      vertex 21 85.25 3
    endloop
  endfacet
  facet normal 0 0 1
    outer loop
      vertex 20.8285 85.2584 3
      vertex 20.8285 4.74157 3
      vertex 21 4.75 3
    endloop
  endfacet
  facet normal 0 0 1
    outer loop
      vertex 20.6586 85.2836 3
      vertex 20.8285 4.74157 3
      vertex 20.8285 85.2584 3
    endloop
  endfacet
  facet normal 0 0 1
    outer loop
      vertex 20.6586 85.2836 3
      vertex 20.6586 4.71637 3
      vertex 20.8285 4.74157 3
    endloop
  endfacet
  facet normal 0 0 1
    outer loop
      vertex 0 84 3
      vertex 20.6586 85.2836 3
      vertex 20.492 85.3254 3
    endloop
  endfacet
  facet normal 0 0 1
    outer loop
      vertex 20.6586 85.2836 3
      vertex 0 84 3
      vertex 20.6586 4.71637 3
    endloop
  endfacet
  facet normal 0 0 1
    outer loop
      vertex 0 84 3
      vertex 20.492 85.3254 3
      vertex 20.3303 85.3832 3
    endloop
  endfacet
  facet normal -0 0 1
    outer loop
      vertex 0 6 3
      vertex 20.6586 4.71637 3
      vertex 0 84 3
    endloop
  endfacet
  facet normal 0 0 1
    outer loop
      vertex 0 84 3
      vertex 20.3303 85.3832 3
      vertex 20.1751 85.4566 3
    endloop
  endfacet
  facet normal 0 0 1
    outer loop
      vertex 20.6586 4.71637 3
      vertex 0 6 3
      vertex 20.492 4.67465 3
    endloop
  endfacet
  facet normal 0 0 1
    outer loop
      vertex 0 84 3
      vertex 20.1751 85.4566 3
      vertex 20.0278 85.5449 3
    endloop
  endfacet
  facet normal 0 0 1
    outer loop
      vertex 20.492 4.67465 3
      vertex 0 6 3
      vertex 20.3303 4.61679 3
    endloop
  endfacet
  facet normal 0 0 1
    outer loop
      vertex 0 84 3
      vertex 20.0278 85.5449 3
      vertex 19.8898 85.6472 3
    endloop
  endfacet
  facet normal 0 0 1
    outer loop
      vertex 20.3303 4.61679 3
      vertex 0 6 3
      vertex 20.1751 4.54336 3
    endloop
  endfacet
  facet normal 0 0 1
    outer loop
      vertex 0 84 3
      vertex 19.8898 85.6472 3
      vertex 19.7626 85.7626 3
    endloop
  endfacet
  facet normal 0 0 1
    outer loop
      vertex 20.1751 4.54336 3
      vertex 0 6 3
      vertex 20.0278 4.45507 3
    endloop
  endfacet
  facet normal 0 0 1
    outer loop
      vertex 0 84 3
      vertex 19.7626 85.7626 3
      vertex 19.6472 85.8898 3
    endloop
  endfacet
  facet normal 0 0 1
    outer loop
      vertex 20.0278 4.45507 3
      vertex 0 6 3
      vertex 19.8898 4.35277 3
    endloop
  endfacet
  facet normal 0 0 1
    outer loop
      vertex 0 84 3
      vertex 19.6472 85.8898 3
      vertex 19.5449 86.0278 3
    endloop
  endfacet
  facet normal 0 0 1
    outer loop
      vertex 19.8898 4.35277 3
      vertex 0 6 3
      vertex 19.7626 4.23744 3
    endloop
  endfacet
  facet normal 0 0 1
    outer loop
      vertex 6 90 3
      vertex 19.5449 86.0278 3
      vertex 19.4566 86.1751 3
    endloop
  endfacet
  facet normal 0 0 1
    outer loop
      vertex 19.7626 4.23744 3
      vertex 0 6 3
      vertex 19.6472 4.11019 3
    endloop
  endfacet
  facet normal 0 0 1
    outer loop
      vertex 6 90 3
      vertex 19.4566 86.1751 3
      vertex 19.3832 86.3303 3
    endloop
  endfacet
  facet normal 0 0 1
    outer loop
      vertex 19.6472 4.11019 3
      vertex 0 6 3
      vertex 19.5449 3.97225 3
    endloop
  endfacet
  facet normal 0 0 1
    outer loop
      vertex 6 90 3
      vertex 19.3832 86.3303 3
      vertex 19.3254 86.492 3
    endloop
  endfacet
  facet normal 0 -0 1
    outer loop
      vertex 6 0 3
      vertex 19.5449 3.97225 3
      vertex 0 6 3
    endloop
  endfacet
  facet normal 0 0 1
    outer loop
      vertex 6 90 3
      vertex 19.3254 86.492 3
      vertex 19.2836 86.6586 3
    endloop
  endfacet
  facet normal 0 0 1
    outer loop
      vertex 19.5449 3.97225 3
      vertex 6 0 3
      vertex 19.4566 3.82494 3
    endloop
  endfacet
  facet normal 0 0 1
    outer loop
      vertex 6 90 3
      vertex 19.2836 86.6586 3
      vertex 19.2584 86.8285 3
    endloop
  endfacet
  facet normal 0 0 1
    outer loop
      vertex 19.4566 3.82494 3
      vertex 6 0 3
      vertex 19.3832 3.6697 3
    endloop
  endfacet
  facet normal 0 0 1
    outer loop
      vertex 6 90 3
      vertex 19.2584 86.8285 3
      vertex 19.25 87 3
    endloop
  endfacet
  facet normal 0 0 1
    outer loop
      vertex 19.3832 3.6697 3
      vertex 6 0 3
      vertex 19.3254 3.508 3
    endloop
  endfacet
  facet normal 0 0 1
    outer loop
      vertex 181.617 86.3303 3
      vertex 195 90 3
      vertex 181.675 86.492 3
    endloop
  endfacet
  facet normal 0 0 1
    outer loop
      vertex 201 6 3
      vertex 181.742 3.17153 3
      vertex 181.75 3 3
    endloop
  endfacet
  facet normal 0 0 1
    outer loop
      vertex 181.543 86.1751 3
      vertex 195 90 3
      vertex 181.617 86.3303 3
    endloop
  endfacet
  facet normal 0 0 1
    outer loop
      vertex 201 6 3
      vertex 181.716 3.34141 3
      vertex 181.742 3.17153 3
    endloop
  endfacet
  facet normal 0 0 1
    outer loop
      vertex 181.455 86.0278 3
      vertex 195 90 3
      vertex 181.543 86.1751 3
    endloop
  endfacet
  facet normal 0 0 1
    outer loop
      vertex 201 6 3
      vertex 181.675 3.508 3
      vertex 181.716 3.34141 3
    endloop
  endfacet
  facet normal 0 0 1
    outer loop
      vertex 195 90 3
      vertex 181.455 86.0278 3
      vertex 201 84 3
    endloop
  endfacet
  facet normal 0 0 1
    outer loop
      vertex 201 6 3
      vertex 181.617 3.6697 3
      vertex 181.675 3.508 3
    endloop
  endfacet
  facet normal -0 0 1
    outer loop
      vertex 181.353 85.8898 3
      vertex 201 84 3
      vertex 181.455 86.0278 3
    endloop
  endfacet
  facet normal 0 0 1
    outer loop
      vertex 201 6 3
      vertex 181.543 3.82494 3
      vertex 181.617 3.6697 3
    endloop
  endfacet
  facet normal -0 0 1
    outer loop
      vertex 181.237 85.7626 3
      vertex 201 84 3
      vertex 181.353 85.8898 3
    endloop
  endfacet
  facet normal 0 0 1
    outer loop
      vertex 201 6 3
      vertex 181.455 3.97225 3
      vertex 181.543 3.82494 3
    endloop
  endfacet
  facet normal -0 0 1
    outer loop
      vertex 181.11 85.6472 3
      vertex 201 84 3
      vertex 181.237 85.7626 3
    endloop
  endfacet
  facet normal 0 0 1
    outer loop
      vertex 201 6 3
      vertex 181.353 4.11019 3
      vertex 181.455 3.97225 3
    endloop
  endfacet
  facet normal -0 0 1
    outer loop
      vertex 180.972 85.5449 3
      vertex 201 84 3
      vertex 181.11 85.6472 3
    endloop
  endfacet
  facet normal 0 0 1
    outer loop
      vertex 201 6 3
      vertex 181.237 4.23744 3
      vertex 181.353 4.11019 3
    endloop
  endfacet
  facet normal -0 0 1
    outer loop
      vertex 180.825 85.4566 3
      vertex 201 84 3
      vertex 180.972 85.5449 3
    endloop
  endfacet
  facet normal 0 0 1
    outer loop
      vertex 201 6 3
      vertex 181.11 4.35277 3
      vertex 181.237 4.23744 3
    endloop
  endfacet
  facet normal -0 0 1
    outer loop
      vertex 180.67 85.3832 3
      vertex 201 84 3
      vertex 180.825 85.4566 3
    endloop
  endfacet
  facet normal 0 0 1
    outer loop
      vertex 201 6 3
      vertex 180.972 4.45507 3
      vertex 181.11 4.35277 3
    endloop
  endfacet
  facet normal -0 0 1
    outer loop
      vertex 180.508 85.3254 3
      vertex 201 84 3
      vertex 180.67 85.3832 3
    endloop
  endfacet
  facet normal 0 0 1
    outer loop
      vertex 201 6 3
      vertex 180.825 4.54336 3
      vertex 180.972 4.45507 3
    endloop
  endfacet
  facet normal -0 0 1
    outer loop
      vertex 180.341 85.2836 3
      vertex 201 84 3
      vertex 180.508 85.3254 3
    endloop
  endfacet
  facet normal 0 0 1
    outer loop
      vertex 201 6 3
      vertex 180.67 4.61679 3
      vertex 180.825 4.54336 3
    endloop
  endfacet
  facet normal 0 0 1
    outer loop
      vertex 201 84 3
      vertex 180.341 85.2836 3
      vertex 201 6 3
    endloop
  endfacet
  facet normal 0 0 1
    outer loop
      vertex 201 6 3
      vertex 180.508 4.67465 3
      vertex 180.67 4.61679 3
    endloop
  endfacet
  facet normal 0 0 1
    outer loop
      vertex 180.341 4.71637 3
      vertex 201 6 3
      vertex 180.341 85.2836 3
    endloop
  endfacet
  facet normal 0 0 1
    outer loop
      vertex 201 6 3
      vertex 180.341 4.71637 3
      vertex 180.508 4.67465 3
    endloop
  endfacet
  facet normal -0 0 1
    outer loop
      vertex 180.172 85.2584 3
      vertex 180.341 4.71637 3
      vertex 180.341 85.2836 3
    endloop
  endfacet
  facet normal 0 0 1
    outer loop
      vertex 180.172 85.2584 3
      vertex 180.172 4.74157 3
      vertex 180.341 4.71637 3
    endloop
  endfacet
  facet normal -0 0 1
    outer loop
      vertex 180 85.25 3
      vertex 180.172 4.74157 3
      vertex 180.172 85.2584 3
    endloop
  endfacet
  facet normal 0 0 1
    outer loop
      vertex 180 85.25 3
      vertex 180 4.75 3
      vertex 180.172 4.74157 3
    endloop
  endfacet
  facet normal 0 0 1
    outer loop
      vertex 179.828 85.2584 3
      vertex 180 4.75 3
      vertex 180 85.25 3
    endloop
  endfacet
  facet normal 0 0 1
    outer loop
      vertex 179.828 85.2584 3
      vertex 179.828 4.74157 3
      vertex 180 4.75 3
    endloop
  endfacet
  facet normal 0 0 1
    outer loop
      vertex 179.659 85.2836 3
      vertex 179.828 4.74157 3
      vertex 179.828 85.2584 3
    endloop
  endfacet
  facet normal 0 0 1
    outer loop
      vertex 179.659 85.2836 3
      vertex 179.659 4.71637 3
      vertex 179.828 4.74157 3
    endloop
  endfacet
  facet normal 0 0 1
    outer loop
      vertex 179.492 85.3254 3
      vertex 179.659 4.71637 3
      vertex 179.659 85.2836 3
    endloop
  endfacet
  facet normal 0 0 1
    outer loop
      vertex 179.492 85.3254 3
      vertex 179.492 4.67465 3
      vertex 179.659 4.71637 3
    endloop
  endfacet
  facet normal 0 0 1
    outer loop
      vertex 179.33 85.3832 3
      vertex 179.492 4.67465 3
      vertex 179.492 85.3254 3
    endloop
  endfacet
  facet normal 0 0 1
    outer loop
      vertex 179.33 85.3832 3
      vertex 179.33 4.61679 3
      vertex 179.492 4.67465 3
    endloop
  endfacet
  facet normal 0 0 1
    outer loop
      vertex 179.175 85.4566 3
      vertex 179.33 4.61679 3
      vertex 179.33 85.3832 3
    endloop
  endfacet
  facet normal 0 0 1
    outer loop
      vertex 179.175 85.4566 3
      vertex 179.175 4.54336 3
      vertex 179.33 4.61679 3
    endloop
  endfacet
  facet normal 0 0 1
    outer loop
      vertex 179.028 85.5449 3
      vertex 179.175 4.54336 3
      vertex 179.175 85.4566 3
    endloop
  endfacet
  facet normal 0 0 1
    outer loop
      vertex 179.028 85.5449 3
      vertex 179.028 4.45507 3
      vertex 179.175 4.54336 3
    endloop
  endfacet
  facet normal 0 0 1
    outer loop
      vertex 178.89 85.6472 3
      vertex 179.028 4.45507 3
      vertex 179.028 85.5449 3
    endloop
  endfacet
  facet normal 0 0 1
    outer loop
      vertex 178.89 85.6472 3
      vertex 178.89 4.35277 3
      vertex 179.028 4.45507 3
    endloop
  endfacet
  facet normal 0 0 1
    outer loop
      vertex 178.763 85.7626 3
      vertex 178.89 4.35277 3
      vertex 178.89 85.6472 3
    endloop
  endfacet
  facet normal 0 0 1
    outer loop
      vertex 178.763 85.7626 3
      vertex 178.763 4.23744 3
      vertex 178.89 4.35277 3
    endloop
  endfacet
  facet normal 0 0 1
    outer loop
      vertex 178.647 85.8898 3
      vertex 178.763 4.23744 3
      vertex 178.763 85.7626 3
    endloop
  endfacet
  facet normal 0 0 1
    outer loop
      vertex 178.647 85.8898 3
      vertex 178.647 4.11019 3
      vertex 178.763 4.23744 3
    endloop
  endfacet
  facet normal 0 0 1
    outer loop
      vertex 178.545 86.0278 3
      vertex 178.647 4.11019 3
      vertex 178.647 85.8898 3
    endloop
  endfacet
  facet normal 0 0 1
    outer loop
      vertex 178.545 86.0278 3
      vertex 178.545 3.97225 3
      vertex 178.647 4.11019 3
    endloop
  endfacet
  facet normal 0 0 1
    outer loop
      vertex 178.457 86.1751 3
      vertex 178.545 3.97225 3
      vertex 178.545 86.0278 3
    endloop
  endfacet
  facet normal 0 0 1
    outer loop
      vertex 178.457 86.1751 3
      vertex 178.457 3.82494 3
      vertex 178.545 3.97225 3
    endloop
  endfacet
  facet normal 0 0 1
    outer loop
      vertex 178.284 86.6586 3
      vertex 22.7164 86.6586 3
      vertex 178.325 86.492 3
    endloop
  endfacet
  facet normal 0 0 1
    outer loop
      vertex 22.6746 86.492 3
      vertex 178.325 86.492 3
      vertex 22.7164 86.6586 3
    endloop
  endfacet
  facet normal 0 0 1
    outer loop
      vertex 22.7164 86.6586 3
      vertex 178.284 86.6586 3
      vertex 22.7416 86.8285 3
    endloop
  endfacet
  facet normal 0 0 1
    outer loop
      vertex 178.325 86.492 3
      vertex 22.6746 86.492 3
      vertex 178.383 86.3303 3
    endloop
  endfacet
  facet normal 0 0 1
    outer loop
      vertex 178.258 86.8285 3
      vertex 22.7416 86.8285 3
      vertex 178.284 86.6586 3
    endloop
  endfacet
  facet normal 0 0 1
    outer loop
      vertex 178.457 3.82494 3
      vertex 22.75 3 3
      vertex 178.383 3.6697 3
    endloop
  endfacet
  facet normal 0 0 1
    outer loop
      vertex 22.7416 86.8285 3
      vertex 178.258 86.8285 3
      vertex 22.75 87 3
    endloop
  endfacet
  facet normal 0 0 1
    outer loop
      vertex 178.383 3.6697 3
      vertex 22.75 3 3
      vertex 178.325 3.508 3
    endloop
  endfacet
  facet normal -0 0 1
    outer loop
      vertex 22.75 87 3
      vertex 178.258 86.8285 3
      vertex 178.25 87 3
    endloop
  endfacet
  facet normal 0 0 1
    outer loop
      vertex 178.325 3.508 3
      vertex 22.75 3 3
      vertex 178.284 3.34141 3
    endloop
  endfacet
  facet normal 0 0 1
    outer loop
      vertex 195 90 3
      vertex 201 84 3
      vertex 200.971 84.5881 3
    endloop
  endfacet
  facet normal 0 0 1
    outer loop
      vertex 181.716 86.6586 3
      vertex 195 90 3
      vertex 181.742 86.8285 3
    endloop
  endfacet
  facet normal 0 0 1
    outer loop
      vertex 195 90 3
      vertex 200.971 84.5881 3
      vertex 200.885 85.1705 3
    endloop
  endfacet
  facet normal 0 0 1
    outer loop
      vertex 181.675 86.492 3
      vertex 195 90 3
      vertex 181.716 86.6586 3
    endloop
  endfacet
  facet normal 0 0 1
    outer loop
      vertex 195 90 3
      vertex 200.885 85.1705 3
      vertex 200.742 85.7417 3
    endloop
  endfacet
  facet normal 0 -0 1
    outer loop
      vertex 195 0 3
      vertex 201 6 3
      vertex 181.75 3 3
    endloop
  endfacet
  facet normal 0 0 1
    outer loop
      vertex 195 90 3
      vertex 200.742 85.7417 3
      vertex 200.543 86.2961 3
    endloop
  endfacet
  facet normal 0 0 1
    outer loop
      vertex 201 6 3
      vertex 195 0 3
      vertex 200.971 5.4119 3
    endloop
  endfacet
  facet normal 0 0 1
    outer loop
      vertex 195 90 3
      vertex 200.543 86.2961 3
      vertex 200.292 86.8284 3
    endloop
  endfacet
  facet normal 0 0 1
    outer loop
      vertex 200.971 5.4119 3
      vertex 195 0 3
      vertex 200.885 4.82946 3
    endloop
  endfacet
  facet normal 0 0 1
    outer loop
      vertex 195 90 3
      vertex 200.292 86.8284 3
      vertex 199.989 87.3334 3
    endloop
  endfacet
  facet normal 0 0 1
    outer loop
      vertex 200.885 4.82946 3
      vertex 195 0 3
      vertex 200.742 4.25829 3
    endloop
  endfacet
  facet normal 0 0 1
    outer loop
      vertex 195 90 3
      vertex 199.989 87.3334 3
      vertex 199.638 87.8064 3
    endloop
  endfacet
  facet normal 0 0 1
    outer loop
      vertex 200.742 4.25829 3
      vertex 195 0 3
      vertex 200.543 3.7039 3
    endloop
  endfacet
  facet normal 0 0 1
    outer loop
      vertex 195 90 3
      vertex 199.638 87.8064 3
      vertex 199.243 88.2426 3
    endloop
  endfacet
  facet normal 0 0 1
    outer loop
      vertex 200.543 3.7039 3
      vertex 195 0 3
      vertex 200.292 3.17162 3
    endloop
  endfacet
  facet normal 0 0 1
    outer loop
      vertex 195 90 3
      vertex 199.243 88.2426 3
      vertex 198.806 88.6381 3
    endloop
  endfacet
  facet normal 0 0 1
    outer loop
      vertex 200.292 3.17162 3
      vertex 195 0 3
      vertex 199.989 2.66658 3
    endloop
  endfacet
  facet normal 0 0 1
    outer loop
      vertex 195 90 3
      vertex 198.806 88.6381 3
      vertex 198.333 88.9888 3
    endloop
  endfacet
  facet normal 0 0 1
    outer loop
      vertex 199.989 2.66658 3
      vertex 195 0 3
      vertex 199.638 2.19364 3
    endloop
  endfacet
  facet normal 0 0 1
    outer loop
      vertex 195 90 3
      vertex 198.333 88.9888 3
      vertex 197.828 89.2915 3
    endloop
  endfacet
  facet normal 0 0 1
    outer loop
      vertex 199.638 2.19364 3
      vertex 195 0 3
      vertex 199.243 1.75736 3
    endloop
  endfacet
  facet normal 0 0 1
    outer loop
      vertex 195 90 3
      vertex 197.828 89.2915 3
      vertex 197.296 89.5433 3
    endloop
  endfacet
  facet normal 0 0 1
    outer loop
      vertex 199.243 1.75736 3
      vertex 195 0 3
      vertex 198.806 1.36194 3
    endloop
  endfacet
  facet normal 0 0 1
    outer loop
      vertex 195 90 3
      vertex 197.296 89.5433 3
      vertex 196.742 89.7416 3
    endloop
  endfacet
  facet normal 0 0 1
    outer loop
      vertex 198.806 1.36194 3
      vertex 195 0 3
      vertex 198.333 1.01118 3
    endloop
  endfacet
  facet normal 0 0 1
    outer loop
      vertex 195 90 3
      vertex 196.742 89.7416 3
      vertex 196.171 89.8847 3
    endloop
  endfacet
  facet normal 0 0 1
    outer loop
      vertex 198.333 1.01118 3
      vertex 195 0 3
      vertex 197.828 0.708472 3
    endloop
  endfacet
  facet normal 0 0 1
    outer loop
      vertex 195 90 3
      vertex 196.171 89.8847 3
      vertex 195.588 89.9711 3
    endloop
  endfacet
  facet normal 0 0 1
    outer loop
      vertex 197.828 0.708472 3
      vertex 195 0 3
      vertex 197.296 0.456722 3
    endloop
  endfacet
  facet normal 0 0 1
    outer loop
      vertex 181.742 86.8285 3
      vertex 195 90 3
      vertex 181.75 87 3
    endloop
  endfacet
  facet normal 0 0 1
    outer loop
      vertex 197.296 0.456722 3
      vertex 195 0 3
      vertex 196.742 0.258357 3
    endloop
  endfacet
  facet normal 0 0 1
    outer loop
      vertex 196.742 0.258357 3
      vertex 195 0 3
      vertex 196.171 0.115288 3
    endloop
  endfacet
  facet normal 0 0 1
    outer loop
      vertex 195 90 3
      vertex 181.742 87.1715 3
      vertex 181.75 87 3
    endloop
  endfacet
  facet normal 0 0 1
    outer loop
      vertex 195 90 3
      vertex 181.716 87.3414 3
      vertex 181.742 87.1715 3
    endloop
  endfacet
  facet normal 0 0 1
    outer loop
      vertex 195 90 3
      vertex 181.675 87.508 3
      vertex 181.716 87.3414 3
    endloop
  endfacet
  facet normal 0 0 1
    outer loop
      vertex 195 90 3
      vertex 181.617 87.6697 3
      vertex 181.675 87.508 3
    endloop
  endfacet
  facet normal 0 0 1
    outer loop
      vertex 195 90 3
      vertex 181.543 87.8249 3
      vertex 181.617 87.6697 3
    endloop
  endfacet
  facet normal 0 0 1
    outer loop
      vertex 195 90 3
      vertex 181.455 87.9722 3
      vertex 181.543 87.8249 3
    endloop
  endfacet
  facet normal 0 0 1
    outer loop
      vertex 195 90 3
      vertex 181.353 88.1102 3
      vertex 181.455 87.9722 3
    endloop
  endfacet
  facet normal 0 0 1
    outer loop
      vertex 195 90 3
      vertex 181.237 88.2374 3
      vertex 181.353 88.1102 3
    endloop
  endfacet
  facet normal 0 0 1
    outer loop
      vertex 195 90 3
      vertex 181.11 88.3528 3
      vertex 181.237 88.2374 3
    endloop
  endfacet
  facet normal 0 0 1
    outer loop
      vertex 195 90 3
      vertex 180.972 88.4551 3
      vertex 181.11 88.3528 3
    endloop
  endfacet
  facet normal 0 0 1
    outer loop
      vertex 195 90 3
      vertex 180.825 88.5434 3
      vertex 180.972 88.4551 3
    endloop
  endfacet
  facet normal 0 0 1
    outer loop
      vertex 195 90 3
      vertex 180.67 88.6168 3
      vertex 180.825 88.5434 3
    endloop
  endfacet
  facet normal 0 0 1
    outer loop
      vertex 195 90 3
      vertex 180.508 88.6746 3
      vertex 180.67 88.6168 3
    endloop
  endfacet
  facet normal 0 0 1
    outer loop
      vertex 195 90 3
      vertex 180.341 88.7164 3
      vertex 180.508 88.6746 3
    endloop
  endfacet
  facet normal 0 0 1
    outer loop
      vertex 195 90 3
      vertex 180.172 88.7416 3
      vertex 180.341 88.7164 3
    endloop
  endfacet
  facet normal 0 0 1
    outer loop
      vertex 195 90 3
      vertex 180 88.75 3
      vertex 180.172 88.7416 3
    endloop
  endfacet
  facet normal 0 0 1
    outer loop
      vertex 195 90 3
      vertex 179.828 88.7416 3
      vertex 180 88.75 3
    endloop
  endfacet
  facet normal 0 0 1
    outer loop
      vertex 178.284 3.34141 3
      vertex 22.75 3 3
      vertex 178.258 3.17153 3
    endloop
  endfacet
  facet normal 0 0 1
    outer loop
      vertex 178.258 87.1715 3
      vertex 22.75 87 3
      vertex 178.25 87 3
    endloop
  endfacet
  facet normal 0 0 1
    outer loop
      vertex 22.7416 87.1715 3
      vertex 178.258 87.1715 3
      vertex 178.284 87.3414 3
    endloop
  endfacet
  facet normal 0 0 1
    outer loop
      vertex 22.7164 87.3414 3
      vertex 178.284 87.3414 3
      vertex 178.325 87.508 3
    endloop
  endfacet
  facet normal 0 0 1
    outer loop
      vertex 22.6746 87.508 3
      vertex 178.325 87.508 3
      vertex 178.383 87.6697 3
    endloop
  endfacet
  facet normal 0 0 1
    outer loop
      vertex 22.6168 87.6697 3
      vertex 178.383 87.6697 3
      vertex 178.457 87.8249 3
    endloop
  endfacet
  facet normal 0 0 1
    outer loop
      vertex 22.5434 87.8249 3
      vertex 178.457 87.8249 3
      vertex 178.545 87.9722 3
    endloop
  endfacet
  facet normal 0 0 1
    outer loop
      vertex 22.4551 87.9722 3
      vertex 178.545 87.9722 3
      vertex 178.647 88.1102 3
    endloop
  endfacet
  facet normal 0 0 1
    outer loop
      vertex 22.3528 88.1102 3
      vertex 178.647 88.1102 3
      vertex 178.763 88.2374 3
    endloop
  endfacet
  facet normal 0 0 1
    outer loop
      vertex 22.2374 88.2374 3
      vertex 178.763 88.2374 3
      vertex 178.89 88.3528 3
    endloop
  endfacet
  facet normal 0 0 1
    outer loop
      vertex 22.1102 88.3528 3
      vertex 178.89 88.3528 3
      vertex 179.028 88.4551 3
    endloop
  endfacet
  facet normal 0 0 1
    outer loop
      vertex 21.9722 88.4551 3
      vertex 179.028 88.4551 3
      vertex 179.175 88.5434 3
    endloop
  endfacet
  facet normal 0 0 1
    outer loop
      vertex 21.8249 88.5434 3
      vertex 179.175 88.5434 3
      vertex 179.33 88.6168 3
    endloop
  endfacet
  facet normal 0 0 1
    outer loop
      vertex 21.6697 88.6168 3
      vertex 179.33 88.6168 3
      vertex 179.492 88.6746 3
    endloop
  endfacet
  facet normal 0 0 1
    outer loop
      vertex 21.508 88.6746 3
      vertex 179.492 88.6746 3
      vertex 179.659 88.7164 3
    endloop
  endfacet
  facet normal 0 0 1
    outer loop
      vertex 21.3414 88.7164 3
      vertex 179.659 88.7164 3
      vertex 179.828 88.7416 3
    endloop
  endfacet
  facet normal 0 0 1
    outer loop
      vertex 21.1715 88.7416 3
      vertex 179.828 88.7416 3
      vertex 195 90 3
    endloop
  endfacet
  facet normal 0 0 1
    outer loop
      vertex 178.258 87.1715 3
      vertex 22.7416 87.1715 3
      vertex 22.75 87 3
    endloop
  endfacet
  facet normal 0 0 1
    outer loop
      vertex 178.284 87.3414 3
      vertex 22.7164 87.3414 3
      vertex 22.7416 87.1715 3
    endloop
  endfacet
  facet normal 0 0 1
    outer loop
      vertex 178.325 87.508 3
      vertex 22.6746 87.508 3
      vertex 22.7164 87.3414 3
    endloop
  endfacet
  facet normal 0 0 1
    outer loop
      vertex 178.383 87.6697 3
      vertex 22.6168 87.6697 3
      vertex 22.6746 87.508 3
    endloop
  endfacet
  facet normal 0 0 1
    outer loop
      vertex 178.457 87.8249 3
      vertex 22.5434 87.8249 3
      vertex 22.6168 87.6697 3
    endloop
  endfacet
  facet normal 0 0 1
    outer loop
      vertex 178.545 87.9722 3
      vertex 22.4551 87.9722 3
      vertex 22.5434 87.8249 3
    endloop
  endfacet
  facet normal 0 0 1
    outer loop
      vertex 178.647 88.1102 3
      vertex 22.3528 88.1102 3
      vertex 22.4551 87.9722 3
    endloop
  endfacet
  facet normal 0 0 1
    outer loop
      vertex 178.763 88.2374 3
      vertex 22.2374 88.2374 3
      vertex 22.3528 88.1102 3
    endloop
  endfacet
  facet normal 0 0 1
    outer loop
      vertex 178.89 88.3528 3
      vertex 22.1102 88.3528 3
      vertex 22.2374 88.2374 3
    endloop
  endfacet
  facet normal 0 0 1
    outer loop
      vertex 179.028 88.4551 3
      vertex 21.9722 88.4551 3
      vertex 22.1102 88.3528 3
    endloop
  endfacet
  facet normal 0 0 1
    outer loop
      vertex 179.175 88.5434 3
      vertex 21.8249 88.5434 3
      vertex 21.9722 88.4551 3
    endloop
  endfacet
  facet normal 0 0 1
    outer loop
      vertex 179.33 88.6168 3
      vertex 21.6697 88.6168 3
      vertex 21.8249 88.5434 3
    endloop
  endfacet
  facet normal 0 0 1
    outer loop
      vertex 179.492 88.6746 3
      vertex 21.508 88.6746 3
      vertex 21.6697 88.6168 3
    endloop
  endfacet
  facet normal 0 0 1
    outer loop
      vertex 179.659 88.7164 3
      vertex 21.3414 88.7164 3
      vertex 21.508 88.6746 3
    endloop
  endfacet
  facet normal 0 0 1
    outer loop
      vertex 179.828 88.7416 3
      vertex 21.1715 88.7416 3
      vertex 21.3414 88.7164 3
    endloop
  endfacet
  facet normal -0 0 1
    outer loop
      vertex 6 90 3
      vertex 21.1715 88.7416 3
      vertex 195 90 3
    endloop
  endfacet
  facet normal 0 0 1
    outer loop
      vertex 19.5449 86.0278 3
      vertex 6 90 3
      vertex 0 84 3
    endloop
  endfacet
  facet normal 0 0 1
    outer loop
      vertex 19.2584 87.1715 3
      vertex 6 90 3
      vertex 19.25 87 3
    endloop
  endfacet
  facet normal 0 0 1
    outer loop
      vertex 19.2836 87.3414 3
      vertex 6 90 3
      vertex 19.2584 87.1715 3
    endloop
  endfacet
  facet normal 0 0 1
    outer loop
      vertex 19.3254 87.508 3
      vertex 6 90 3
      vertex 19.2836 87.3414 3
    endloop
  endfacet
  facet normal 0 0 1
    outer loop
      vertex 19.3832 87.6697 3
      vertex 6 90 3
      vertex 19.3254 87.508 3
    endloop
  endfacet
  facet normal 0 0 1
    outer loop
      vertex 19.4566 87.8249 3
      vertex 6 90 3
      vertex 19.3832 87.6697 3
    endloop
  endfacet
  facet normal 0 0 1
    outer loop
      vertex 19.5449 87.9722 3
      vertex 6 90 3
      vertex 19.4566 87.8249 3
    endloop
  endfacet
  facet normal 0 0 1
    outer loop
      vertex 19.6472 88.1102 3
      vertex 6 90 3
      vertex 19.5449 87.9722 3
    endloop
  endfacet
  facet normal 0 0 1
    outer loop
      vertex 19.7626 88.2374 3
      vertex 6 90 3
      vertex 19.6472 88.1102 3
    endloop
  endfacet
  facet normal 0 0 1
    outer loop
      vertex 19.8898 88.3528 3
      vertex 6 90 3
      vertex 19.7626 88.2374 3
    endloop
  endfacet
  facet normal 0 0 1
    outer loop
      vertex 20.0278 88.4551 3
      vertex 6 90 3
      vertex 19.8898 88.3528 3
    endloop
  endfacet
  facet normal 0 0 1
    outer loop
      vertex 20.1751 88.5434 3
      vertex 6 90 3
      vertex 20.0278 88.4551 3
    endloop
  endfacet
  facet normal 0 0 1
    outer loop
      vertex 20.3303 88.6168 3
      vertex 6 90 3
      vertex 20.1751 88.5434 3
    endloop
  endfacet
  facet normal 0 0 1
    outer loop
      vertex 20.492 88.6746 3
      vertex 6 90 3
      vertex 20.3303 88.6168 3
    endloop
  endfacet
  facet normal 0 0 1
    outer loop
      vertex 20.6586 88.7164 3
      vertex 6 90 3
      vertex 20.492 88.6746 3
    endloop
  endfacet
  facet normal 0 0 1
    outer loop
      vertex 20.8285 88.7416 3
      vertex 6 90 3
      vertex 20.6586 88.7164 3
    endloop
  endfacet
  facet normal 0 0 1
    outer loop
      vertex 21 88.75 3
      vertex 6 90 3
      vertex 20.8285 88.7416 3
    endloop
  endfacet
  facet normal 0 0 1
    outer loop
      vertex 21.1715 88.7416 3
      vertex 6 90 3
      vertex 21 88.75 3
    endloop
  endfacet
  facet normal 0 0 1
    outer loop
      vertex 196.171 0.115288 3
      vertex 195 0 3
      vertex 195.588 0.0288916 3
    endloop
  endfacet
  facet normal -0 0 1
    outer loop
      vertex 181.742 2.82847 3
      vertex 195 0 3
      vertex 181.75 3 3
    endloop
  endfacet
  facet normal -0 0 1
    outer loop
      vertex 181.716 2.65859 3
      vertex 195 0 3
      vertex 181.742 2.82847 3
    endloop
  endfacet
  facet normal -0 0 1
    outer loop
      vertex 181.675 2.492 3
      vertex 195 0 3
      vertex 181.716 2.65859 3
    endloop
  endfacet
  facet normal -0 0 1
    outer loop
      vertex 181.617 2.3303 3
      vertex 195 0 3
      vertex 181.675 2.492 3
    endloop
  endfacet
  facet normal -0 0 1
    outer loop
      vertex 181.543 2.17506 3
      vertex 195 0 3
      vertex 181.617 2.3303 3
    endloop
  endfacet
  facet normal -0 0 1
    outer loop
      vertex 181.455 2.02775 3
      vertex 195 0 3
      vertex 181.543 2.17506 3
    endloop
  endfacet
  facet normal -0 0 1
    outer loop
      vertex 181.353 1.88981 3
      vertex 195 0 3
      vertex 181.455 2.02775 3
    endloop
  endfacet
  facet normal -0 0 1
    outer loop
      vertex 181.237 1.76256 3
      vertex 195 0 3
      vertex 181.353 1.88981 3
    endloop
  endfacet
  facet normal -0 0 1
    outer loop
      vertex 181.11 1.64723 3
      vertex 195 0 3
      vertex 181.237 1.76256 3
    endloop
  endfacet
  facet normal -0 0 1
    outer loop
      vertex 180.972 1.54493 3
      vertex 195 0 3
      vertex 181.11 1.64723 3
    endloop
  endfacet
  facet normal -0 0 1
    outer loop
      vertex 180.825 1.45664 3
      vertex 195 0 3
      vertex 180.972 1.54493 3
    endloop
  endfacet
  facet normal -0 0 1
    outer loop
      vertex 180.67 1.38321 3
      vertex 195 0 3
      vertex 180.825 1.45664 3
    endloop
  endfacet
  facet normal -0 0 1
    outer loop
      vertex 180.508 1.32535 3
      vertex 195 0 3
      vertex 180.67 1.38321 3
    endloop
  endfacet
  facet normal -0 0 1
    outer loop
      vertex 180.341 1.28363 3
      vertex 195 0 3
      vertex 180.508 1.32535 3
    endloop
  endfacet
  facet normal -0 0 1
    outer loop
      vertex 180.172 1.25843 3
      vertex 195 0 3
      vertex 180.341 1.28363 3
    endloop
  endfacet
  facet normal -0 0 1
    outer loop
      vertex 180 1.25 3
      vertex 195 0 3
      vertex 180.172 1.25843 3
    endloop
  endfacet
  facet normal 0 0 1
    outer loop
      vertex 179.828 1.25843 3
      vertex 195 0 3
      vertex 180 1.25 3
    endloop
  endfacet
  facet normal 0 0 1
    outer loop
      vertex 178.258 3.17153 3
      vertex 22.75 3 3
      vertex 178.25 3 3
    endloop
  endfacet
  facet normal 0 0 1
    outer loop
      vertex 178.25 3 3
      vertex 22.75 3 3
      vertex 178.258 2.82847 3
    endloop
  endfacet
  facet normal 0 0 1
    outer loop
      vertex 22.7416 2.82847 3
      vertex 178.258 2.82847 3
      vertex 22.75 3 3
    endloop
  endfacet
  facet normal 0 0 1
    outer loop
      vertex 178.258 2.82847 3
      vertex 22.7416 2.82847 3
      vertex 178.284 2.65859 3
    endloop
  endfacet
  facet normal 0 0 1
    outer loop
      vertex 22.7164 2.65859 3
      vertex 178.284 2.65859 3
      vertex 22.7416 2.82847 3
    endloop
  endfacet
  facet normal 0 0 1
    outer loop
      vertex 178.284 2.65859 3
      vertex 22.7164 2.65859 3
      vertex 178.325 2.492 3
    endloop
  endfacet
  facet normal 0 0 1
    outer loop
      vertex 22.6746 2.492 3
      vertex 178.325 2.492 3
      vertex 22.7164 2.65859 3
    endloop
  endfacet
  facet normal 0 0 1
    outer loop
      vertex 178.325 2.492 3
      vertex 22.6746 2.492 3
      vertex 178.383 2.3303 3
    endloop
  endfacet
  facet normal 0 0 1
    outer loop
      vertex 22.6168 2.3303 3
      vertex 178.383 2.3303 3
      vertex 22.6746 2.492 3
    endloop
  endfacet
  facet normal 0 0 1
    outer loop
      vertex 178.383 2.3303 3
      vertex 22.6168 2.3303 3
      vertex 178.457 2.17506 3
    endloop
  endfacet
  facet normal 0 0 1
    outer loop
      vertex 22.5434 2.17506 3
      vertex 178.457 2.17506 3
      vertex 22.6168 2.3303 3
    endloop
  endfacet
  facet normal 0 0 1
    outer loop
      vertex 178.457 2.17506 3
      vertex 22.5434 2.17506 3
      vertex 178.545 2.02775 3
    endloop
  endfacet
  facet normal 0 0 1
    outer loop
      vertex 22.4551 2.02775 3
      vertex 178.545 2.02775 3
      vertex 22.5434 2.17506 3
    endloop
  endfacet
  facet normal 0 0 1
    outer loop
      vertex 178.545 2.02775 3
      vertex 22.4551 2.02775 3
      vertex 178.647 1.88981 3
    endloop
  endfacet
  facet normal 0 0 1
    outer loop
      vertex 22.3528 1.88981 3
      vertex 178.647 1.88981 3
      vertex 22.4551 2.02775 3
    endloop
  endfacet
  facet normal 0 0 1
    outer loop
      vertex 178.647 1.88981 3
      vertex 22.3528 1.88981 3
      vertex 178.763 1.76256 3
    endloop
  endfacet
  facet normal 0 0 1
    outer loop
      vertex 22.2374 1.76256 3
      vertex 178.763 1.76256 3
      vertex 22.3528 1.88981 3
    endloop
  endfacet
  facet normal 0 0 1
    outer loop
      vertex 178.763 1.76256 3
      vertex 22.2374 1.76256 3
      vertex 178.89 1.64723 3
    endloop
  endfacet
  facet normal 0 0 1
    outer loop
      vertex 22.1102 1.64723 3
      vertex 178.89 1.64723 3
      vertex 22.2374 1.76256 3
    endloop
  endfacet
  facet normal 0 0 1
    outer loop
      vertex 178.89 1.64723 3
      vertex 22.1102 1.64723 3
      vertex 179.028 1.54493 3
    endloop
  endfacet
  facet normal 0 0 1
    outer loop
      vertex 21.9722 1.54493 3
      vertex 179.028 1.54493 3
      vertex 22.1102 1.64723 3
    endloop
  endfacet
  facet normal 0 0 1
    outer loop
      vertex 179.028 1.54493 3
      vertex 21.9722 1.54493 3
      vertex 179.175 1.45664 3
    endloop
  endfacet
  facet normal 0 0 1
    outer loop
      vertex 21.8249 1.45664 3
      vertex 179.175 1.45664 3
      vertex 21.9722 1.54493 3
    endloop
  endfacet
  facet normal 0 0 1
    outer loop
      vertex 179.175 1.45664 3
      vertex 21.8249 1.45664 3
      vertex 179.33 1.38321 3
    endloop
  endfacet
  facet normal 0 0 1
    outer loop
      vertex 21.6697 1.38321 3
      vertex 179.33 1.38321 3
      vertex 21.8249 1.45664 3
    endloop
  endfacet
  facet normal 0 0 1
    outer loop
      vertex 179.33 1.38321 3
      vertex 21.6697 1.38321 3
      vertex 179.492 1.32535 3
    endloop
  endfacet
  facet normal 0 0 1
    outer loop
      vertex 21.508 1.32535 3
      vertex 179.492 1.32535 3
      vertex 21.6697 1.38321 3
    endloop
  endfacet
  facet normal 0 0 1
    outer loop
      vertex 179.492 1.32535 3
      vertex 21.508 1.32535 3
      vertex 179.659 1.28363 3
    endloop
  endfacet
  facet normal 0 0 1
    outer loop
      vertex 21.3414 1.28363 3
      vertex 179.659 1.28363 3
      vertex 21.508 1.32535 3
    endloop
  endfacet
  facet normal 0 0 1
    outer loop
      vertex 179.659 1.28363 3
      vertex 21.3414 1.28363 3
      vertex 179.828 1.25843 3
    endloop
  endfacet
  facet normal 0 0 1
    outer loop
      vertex 21.1715 1.25843 3
      vertex 179.828 1.25843 3
      vertex 21.3414 1.28363 3
    endloop
  endfacet
  facet normal 0 0 1
    outer loop
      vertex 179.828 1.25843 3
      vertex 21.1715 1.25843 3
      vertex 195 0 3
    endloop
  endfacet
  facet normal 0 0 1
    outer loop
      vertex 6 0 3
      vertex 21.1715 1.25843 3
      vertex 21 1.25 3
    endloop
  endfacet
  facet normal 0 0 1
    outer loop
      vertex 19.3254 3.508 3
      vertex 6 0 3
      vertex 19.2836 3.34141 3
    endloop
  endfacet
  facet normal 0 0 1
    outer loop
      vertex 19.2836 3.34141 3
      vertex 6 0 3
      vertex 19.2584 3.17153 3
    endloop
  endfacet
  facet normal 0 0 1
    outer loop
      vertex 21.1715 1.25843 3
      vertex 6 0 3
      vertex 195 0 3
    endloop
  endfacet
  facet normal 0 0 1
    outer loop
      vertex 20.8285 1.25843 3
      vertex 6 0 3
      vertex 21 1.25 3
    endloop
  endfacet
  facet normal 0 0 1
    outer loop
      vertex 20.6586 1.28363 3
      vertex 6 0 3
      vertex 20.8285 1.25843 3
    endloop
  endfacet
  facet normal 0 0 1
    outer loop
      vertex 20.492 1.32535 3
      vertex 6 0 3
      vertex 20.6586 1.28363 3
    endloop
  endfacet
  facet normal 0 0 1
    outer loop
      vertex 20.3303 1.38321 3
      vertex 6 0 3
      vertex 20.492 1.32535 3
    endloop
  endfacet
  facet normal 0 0 1
    outer loop
      vertex 20.1751 1.45664 3
      vertex 6 0 3
      vertex 20.3303 1.38321 3
    endloop
  endfacet
  facet normal 0 0 1
    outer loop
      vertex 20.0278 1.54493 3
      vertex 6 0 3
      vertex 20.1751 1.45664 3
    endloop
  endfacet
  facet normal 0 0 1
    outer loop
      vertex 19.8898 1.64723 3
      vertex 6 0 3
      vertex 20.0278 1.54493 3
    endloop
  endfacet
  facet normal 0 0 1
    outer loop
      vertex 19.7626 1.76256 3
      vertex 6 0 3
      vertex 19.8898 1.64723 3
    endloop
  endfacet
  facet normal 0 0 1
    outer loop
      vertex 19.6472 1.88981 3
      vertex 6 0 3
      vertex 19.7626 1.76256 3
    endloop
  endfacet
  facet normal 0 0 1
    outer loop
      vertex 19.5449 2.02775 3
      vertex 6 0 3
      vertex 19.6472 1.88981 3
    endloop
  endfacet
  facet normal 0 0 1
    outer loop
      vertex 19.4566 2.17506 3
      vertex 6 0 3
      vertex 19.5449 2.02775 3
    endloop
  endfacet
  facet normal 0 0 1
    outer loop
      vertex 19.3832 2.3303 3
      vertex 6 0 3
      vertex 19.4566 2.17506 3
    endloop
  endfacet
  facet normal 0 0 1
    outer loop
      vertex 19.3254 2.492 3
      vertex 6 0 3
      vertex 19.3832 2.3303 3
    endloop
  endfacet
  facet normal 0 0 1
    outer loop
      vertex 19.2836 2.65859 3
      vertex 6 0 3
      vertex 19.3254 2.492 3
    endloop
  endfacet
  facet normal 0 0 1
    outer loop
      vertex 19.2584 3.17153 3
      vertex 6 0 3
      vertex 19.25 3 3
    endloop
  endfacet
  facet normal 0 0 1
    outer loop
      vertex 0 84 3
      vertex 6 90 3
      vertex 5.4119 89.9711 3
    endloop
  endfacet
  facet normal 0 0 1
    outer loop
      vertex 19.25 3 3
      vertex 6 0 3
      vertex 19.2584 2.82847 3
    endloop
  endfacet
  facet normal 0 0 1
    outer loop
      vertex 0 84 3
      vertex 5.4119 89.9711 3
      vertex 4.82946 89.8847 3
    endloop
  endfacet
  facet normal 0 0 1
    outer loop
      vertex 19.2584 2.82847 3
      vertex 6 0 3
      vertex 19.2836 2.65859 3
    endloop
  endfacet
  facet normal 0 0 1
    outer loop
      vertex 0 84 3
      vertex 4.82946 89.8847 3
      vertex 4.25829 89.7416 3
    endloop
  endfacet
  facet normal 0 0 1
    outer loop
      vertex 6 0 3
      vertex 0 6 3
      vertex 5.4119 0.0288916 3
    endloop
  endfacet
  facet normal 0 0 1
    outer loop
      vertex 0 84 3
      vertex 4.25829 89.7416 3
      vertex 3.7039 89.5433 3
    endloop
  endfacet
  facet normal 0 0 1
    outer loop
      vertex 5.4119 0.0288916 3
      vertex 0 6 3
      vertex 4.82946 0.115288 3
    endloop
  endfacet
  facet normal 0 0 1
    outer loop
      vertex 0 84 3
      vertex 3.7039 89.5433 3
      vertex 3.17162 89.2915 3
    endloop
  endfacet
  facet normal 0 0 1
    outer loop
      vertex 4.82946 0.115288 3
      vertex 0 6 3
      vertex 4.25829 0.258357 3
    endloop
  endfacet
  facet normal 0 0 1
    outer loop
      vertex 0 84 3
      vertex 3.17162 89.2915 3
      vertex 2.66658 88.9888 3
    endloop
  endfacet
  facet normal 0 0 1
    outer loop
      vertex 4.25829 0.258357 3
      vertex 0 6 3
      vertex 3.7039 0.456722 3
    endloop
  endfacet
  facet normal 0 0 1
    outer loop
      vertex 0 84 3
      vertex 2.66658 88.9888 3
      vertex 2.19364 88.6381 3
    endloop
  endfacet
  facet normal 0 0 1
    outer loop
      vertex 3.7039 0.456722 3
      vertex 0 6 3
      vertex 3.17162 0.708472 3
    endloop
  endfacet
  facet normal 0 0 1
    outer loop
      vertex 0 84 3
      vertex 2.19364 88.6381 3
      vertex 1.75736 88.2426 3
    endloop
  endfacet
  facet normal 0 0 1
    outer loop
      vertex 3.17162 0.708472 3
      vertex 0 6 3
      vertex 2.66658 1.01118 3
    endloop
  endfacet
  facet normal 0 0 1
    outer loop
      vertex 0 84 3
      vertex 1.75736 88.2426 3
      vertex 1.36194 87.8064 3
    endloop
  endfacet
  facet normal 0 0 1
    outer loop
      vertex 2.66658 1.01118 3
      vertex 0 6 3
      vertex 2.19364 1.36194 3
    endloop
  endfacet
  facet normal 0 0 1
    outer loop
      vertex 0 84 3
      vertex 1.36194 87.8064 3
      vertex 1.01118 87.3334 3
    endloop
  endfacet
  facet normal 0 0 1
    outer loop
      vertex 2.19364 1.36194 3
      vertex 0 6 3
      vertex 1.75736 1.75736 3
    endloop
  endfacet
  facet normal 0 0 1
    outer loop
      vertex 0 84 3
      vertex 1.01118 87.3334 3
      vertex 0.708472 86.8284 3
    endloop
  endfacet
  facet normal 0 0 1
    outer loop
      vertex 1.75736 1.75736 3
      vertex 0 6 3
      vertex 1.36194 2.19364 3
    endloop
  endfacet
  facet normal 0 0 1
    outer loop
      vertex 0 84 3
      vertex 0.708472 86.8284 3
      vertex 0.456722 86.2961 3
    endloop
  endfacet
  facet normal 0 0 1
    outer loop
      vertex 1.36194 2.19364 3
      vertex 0 6 3
      vertex 1.01118 2.66658 3
    endloop
  endfacet
  facet normal 0 0 1
    outer loop
      vertex 0 84 3
      vertex 0.456722 86.2961 3
      vertex 0.258357 85.7417 3
    endloop
  endfacet
  facet normal 0 0 1
    outer loop
      vertex 1.01118 2.66658 3
      vertex 0 6 3
      vertex 0.708472 3.17162 3
    endloop
  endfacet
  facet normal 0 0 1
    outer loop
      vertex 0 84 3
      vertex 0.258357 85.7417 3
      vertex 0.115288 85.1705 3
    endloop
  endfacet
  facet normal 0 0 1
    outer loop
      vertex 0.708472 3.17162 3
      vertex 0 6 3
      vertex 0.456722 3.7039 3
    endloop
  endfacet
  facet normal 0 0 1
    outer loop
      vertex 0 84 3
      vertex 0.115288 85.1705 3
      vertex 0.0288916 84.5881 3
    endloop
  endfacet
  facet normal 0 0 1
    outer loop
      vertex 0.456722 3.7039 3
      vertex 0 6 3
      vertex 0.258357 4.25829 3
    endloop
  endfacet
  facet normal 0 0 1
    outer loop
      vertex 0.258357 4.25829 3
      vertex 0 6 3
      vertex 0.115288 4.82946 3
    endloop
  endfacet
  facet normal 0 0 1
    outer loop
      vertex 0.115288 4.82946 3
      vertex 0 6 3
      vertex 0.0288916 5.4119 3
    endloop
  endfacet
  facet normal 0 -1 0
    outer loop
      vertex 6 0 0
      vertex 195 0 3
      vertex 6 0 3
    endloop
  endfacet
  facet normal 0 -1 -0
    outer loop
      vertex 195 0 3
      vertex 6 0 0
      vertex 195 0 0
    endloop
  endfacet
  facet normal 0.0490762 -0.998795 0
    outer loop
      vertex 195 0 0
      vertex 195.588 0.0288916 3
      vertex 195 0 3
    endloop
  endfacet
  facet normal 0.0490762 -0.998795 0
    outer loop
      vertex 195.588 0.0288916 3
      vertex 195 0 0
      vertex 195.588 0.0288916 0
    endloop
  endfacet
  facet normal 0 1 -0
    outer loop
      vertex 195 90 0
      vertex 6 90 3
      vertex 195 90 3
    endloop
  endfacet
  facet normal 0 1 0
    outer loop
      vertex 6 90 3
      vertex 195 90 0
      vertex 6 90 0
    endloop
  endfacet
  facet normal 0.803046 0.595918 0
    outer loop
      vertex 199.989 87.3334 3
      vertex 199.638 87.8064 0
      vertex 199.638 87.8064 3
    endloop
  endfacet
  facet normal 0.803046 0.595918 0
    outer loop
      vertex 199.638 87.8064 0
      vertex 199.989 87.3334 3
      vertex 199.989 87.3334 0
    endloop
  endfacet
  facet normal 1 -0 0
    outer loop
      vertex 201 6 3
      vertex 201 84 0
      vertex 201 84 3
    endloop
  endfacet
  facet normal 1 0 0
    outer loop
      vertex 201 84 0
      vertex 201 6 3
      vertex 201 6 0
    endloop
  endfacet
  facet normal -1 0 0
    outer loop
      vertex 0 6 0
      vertex 0 84 3
      vertex 0 84 0
    endloop
  endfacet
  facet normal -1 -0 0
    outer loop
      vertex 0 84 3
      vertex 0 6 0
      vertex 0 6 3
    endloop
  endfacet
  facet normal 0 0 -1
    outer loop
      vertex 22.6168 3.6697 0
      vertex 178.383 3.6697 0
      vertex 22.6746 3.508 0
    endloop
  endfacet
  facet normal 0 0 -1
    outer loop
      vertex 178.457 86.1751 0
      vertex 22.7416 86.8285 0
      vertex 22.75 87 0
    endloop
  endfacet
  facet normal 0 0 -1
    outer loop
      vertex 178.383 3.6697 0
      vertex 22.6168 3.6697 0
      vertex 178.457 3.82494 0
    endloop
  endfacet
  facet normal 0 0 -1
    outer loop
      vertex 178.457 86.1751 0
      vertex 22.7164 86.6586 0
      vertex 22.7416 86.8285 0
    endloop
  endfacet
  facet normal 0 0 -1
    outer loop
      vertex 22.5434 3.82494 0
      vertex 178.457 3.82494 0
      vertex 22.6168 3.6697 0
    endloop
  endfacet
  facet normal 0 0 -1
    outer loop
      vertex 178.457 86.1751 0
      vertex 22.6746 86.492 0
      vertex 22.7164 86.6586 0
    endloop
  endfacet
  facet normal 0 0 -1
    outer loop
      vertex 178.457 3.82494 0
      vertex 22.5434 3.82494 0
      vertex 178.457 86.1751 0
    endloop
  endfacet
  facet normal 0 0 -1
    outer loop
      vertex 178.457 86.1751 0
      vertex 22.6168 86.3303 0
      vertex 22.6746 86.492 0
    endloop
  endfacet
  facet normal 0 0 -1
    outer loop
      vertex 22.5434 86.1751 0
      vertex 178.457 86.1751 0
      vertex 22.5434 3.82494 0
    endloop
  endfacet
  facet normal 0 0 -1
    outer loop
      vertex 178.457 86.1751 0
      vertex 22.5434 86.1751 0
      vertex 22.6168 86.3303 0
    endloop
  endfacet
  facet normal 0 0 -1
    outer loop
      vertex 22.4551 3.97225 0
      vertex 22.5434 86.1751 0
      vertex 22.5434 3.82494 0
    endloop
  endfacet
  facet normal 0 0 -1
    outer loop
      vertex 22.4551 3.97225 0
      vertex 22.4551 86.0278 0
      vertex 22.5434 86.1751 0
    endloop
  endfacet
  facet normal 0 0 -1
    outer loop
      vertex 22.3528 4.11019 0
      vertex 22.4551 86.0278 0
      vertex 22.4551 3.97225 0
    endloop
  endfacet
  facet normal 0 0 -1
    outer loop
      vertex 22.3528 4.11019 0
      vertex 22.3528 85.8898 0
      vertex 22.4551 86.0278 0
    endloop
  endfacet
  facet normal 0 0 -1
    outer loop
      vertex 22.2374 4.23744 0
      vertex 22.3528 85.8898 0
      vertex 22.3528 4.11019 0
    endloop
  endfacet
  facet normal 0 0 -1
    outer loop
      vertex 22.2374 4.23744 0
      vertex 22.2374 85.7626 0
      vertex 22.3528 85.8898 0
    endloop
  endfacet
  facet normal 0 0 -1
    outer loop
      vertex 22.1102 4.35277 0
      vertex 22.2374 85.7626 0
      vertex 22.2374 4.23744 0
    endloop
  endfacet
  facet normal 0 0 -1
    outer loop
      vertex 22.1102 4.35277 0
      vertex 22.1102 85.6472 0
      vertex 22.2374 85.7626 0
    endloop
  endfacet
  facet normal 0 0 -1
    outer loop
      vertex 21.9722 4.45507 0
      vertex 22.1102 85.6472 0
      vertex 22.1102 4.35277 0
    endloop
  endfacet
  facet normal 0 0 -1
    outer loop
      vertex 21.9722 4.45507 0
      vertex 21.9722 85.5449 0
      vertex 22.1102 85.6472 0
    endloop
  endfacet
  facet normal 0 0 -1
    outer loop
      vertex 21.8249 4.54336 0
      vertex 21.9722 85.5449 0
      vertex 21.9722 4.45507 0
    endloop
  endfacet
  facet normal 0 0 -1
    outer loop
      vertex 21.8249 4.54336 0
      vertex 21.8249 85.4566 0
      vertex 21.9722 85.5449 0
    endloop
  endfacet
  facet normal 0 0 -1
    outer loop
      vertex 21.6697 4.61679 0
      vertex 21.8249 85.4566 0
      vertex 21.8249 4.54336 0
    endloop
  endfacet
  facet normal 0 0 -1
    outer loop
      vertex 21.6697 4.61679 0
      vertex 21.6697 85.3832 0
      vertex 21.8249 85.4566 0
    endloop
  endfacet
  facet normal 0 0 -1
    outer loop
      vertex 21.508 4.67465 0
      vertex 21.6697 85.3832 0
      vertex 21.6697 4.61679 0
    endloop
  endfacet
  facet normal 0 0 -1
    outer loop
      vertex 21.508 4.67465 0
      vertex 21.508 85.3254 0
      vertex 21.6697 85.3832 0
    endloop
  endfacet
  facet normal 0 0 -1
    outer loop
      vertex 21.3414 4.71637 0
      vertex 21.508 85.3254 0
      vertex 21.508 4.67465 0
    endloop
  endfacet
  facet normal 0 0 -1
    outer loop
      vertex 21.3414 4.71637 0
      vertex 21.3414 85.2836 0
      vertex 21.508 85.3254 0
    endloop
  endfacet
  facet normal 0 0 -1
    outer loop
      vertex 21.1715 4.74157 0
      vertex 21.3414 85.2836 0
      vertex 21.3414 4.71637 0
    endloop
  endfacet
  facet normal 0 0 -1
    outer loop
      vertex 21.1715 4.74157 0
      vertex 21.1715 85.2584 0
      vertex 21.3414 85.2836 0
    endloop
  endfacet
  facet normal 0 0 -1
    outer loop
      vertex 21 4.75 0
      vertex 21.1715 85.2584 0
      vertex 21.1715 4.74157 0
    endloop
  endfacet
  facet normal 0 0 -1
    outer loop
      vertex 21 4.75 0
      vertex 21 85.25 0
      vertex 21.1715 85.2584 0
    endloop
  endfacet
  facet normal 0 0 -1
    outer loop
      vertex 20.8285 4.74157 0
      vertex 21 85.25 0
      vertex 21 4.75 0
    endloop
  endfacet
  facet normal 0 0 -1
    outer loop
      vertex 20.8285 4.74157 0
      vertex 20.8285 85.2584 0
      vertex 21 85.25 0
    endloop
  endfacet
  facet normal 0 0 -1
    outer loop
      vertex 20.6586 4.71637 0
      vertex 20.8285 85.2584 0
      vertex 20.8285 4.74157 0
    endloop
  endfacet
  facet normal 0 0 -1
    outer loop
      vertex 20.6586 4.71637 0
      vertex 20.6586 85.2836 0
      vertex 20.8285 85.2584 0
    endloop
  endfacet
  facet normal 0 0 -1
    outer loop
      vertex 0 6 0
      vertex 20.6586 4.71637 0
      vertex 20.492 4.67465 0
    endloop
  endfacet
  facet normal 0 0 -1
    outer loop
      vertex 20.6586 4.71637 0
      vertex 0 6 0
      vertex 20.6586 85.2836 0
    endloop
  endfacet
  facet normal 0 0 -1
    outer loop
      vertex 0 6 0
      vertex 20.492 4.67465 0
      vertex 20.3303 4.61679 0
    endloop
  endfacet
  facet normal 0 0 -1
    outer loop
      vertex 0 84 0
      vertex 20.6586 85.2836 0
      vertex 0 6 0
    endloop
  endfacet
  facet normal 0 0 -1
    outer loop
      vertex 0 6 0
      vertex 20.3303 4.61679 0
      vertex 20.1751 4.54336 0
    endloop
  endfacet
  facet normal -0 0 -1
    outer loop
      vertex 20.6586 85.2836 0
      vertex 0 84 0
      vertex 20.492 85.3254 0
    endloop
  endfacet
  facet normal 0 0 -1
    outer loop
      vertex 0 6 0
      vertex 20.1751 4.54336 0
      vertex 20.0278 4.45507 0
    endloop
  endfacet
  facet normal -0 0 -1
    outer loop
      vertex 20.492 85.3254 0
      vertex 0 84 0
      vertex 20.3303 85.3832 0
    endloop
  endfacet
  facet normal 0 0 -1
    outer loop
      vertex 0 6 0
      vertex 20.0278 4.45507 0
      vertex 19.8898 4.35277 0
    endloop
  endfacet
  facet normal -0 0 -1
    outer loop
      vertex 20.3303 85.3832 0
      vertex 0 84 0
      vertex 20.1751 85.4566 0
    endloop
  endfacet
  facet normal 0 0 -1
    outer loop
      vertex 0 6 0
      vertex 19.8898 4.35277 0
      vertex 19.7626 4.23744 0
    endloop
  endfacet
  facet normal -0 0 -1
    outer loop
      vertex 20.1751 85.4566 0
      vertex 0 84 0
      vertex 20.0278 85.5449 0
    endloop
  endfacet
  facet normal 0 0 -1
    outer loop
      vertex 0 6 0
      vertex 19.7626 4.23744 0
      vertex 19.6472 4.11019 0
    endloop
  endfacet
  facet normal -0 0 -1
    outer loop
      vertex 20.0278 85.5449 0
      vertex 0 84 0
      vertex 19.8898 85.6472 0
    endloop
  endfacet
  facet normal 0 0 -1
    outer loop
      vertex 0 6 0
      vertex 19.6472 4.11019 0
      vertex 19.5449 3.97225 0
    endloop
  endfacet
  facet normal -0 0 -1
    outer loop
      vertex 19.8898 85.6472 0
      vertex 0 84 0
      vertex 19.7626 85.7626 0
    endloop
  endfacet
  facet normal 0 0 -1
    outer loop
      vertex 6 0 0
      vertex 19.5449 3.97225 0
      vertex 19.4566 3.82494 0
    endloop
  endfacet
  facet normal -0 0 -1
    outer loop
      vertex 19.7626 85.7626 0
      vertex 0 84 0
      vertex 19.6472 85.8898 0
    endloop
  endfacet
  facet normal 0 0 -1
    outer loop
      vertex 6 0 0
      vertex 19.4566 3.82494 0
      vertex 19.3832 3.6697 0
    endloop
  endfacet
  facet normal -0 0 -1
    outer loop
      vertex 19.6472 85.8898 0
      vertex 0 84 0
      vertex 19.5449 86.0278 0
    endloop
  endfacet
  facet normal 0 0 -1
    outer loop
      vertex 6 0 0
      vertex 19.3832 3.6697 0
      vertex 19.3254 3.508 0
    endloop
  endfacet
  facet normal 0 -0 -1
    outer loop
      vertex 6 90 0
      vertex 19.5449 86.0278 0
      vertex 0 84 0
    endloop
  endfacet
  facet normal 0 0 -1
    outer loop
      vertex 6 0 0
      vertex 19.3254 3.508 0
      vertex 19.2836 3.34141 0
    endloop
  endfacet
  facet normal 0 0 -1
    outer loop
      vertex 19.5449 86.0278 0
      vertex 6 90 0
      vertex 19.4566 86.1751 0
    endloop
  endfacet
  facet normal 0 0 -1
    outer loop
      vertex 6 0 0
      vertex 19.2836 3.34141 0
      vertex 19.2584 3.17153 0
    endloop
  endfacet
  facet normal 0 0 -1
    outer loop
      vertex 19.4566 86.1751 0
      vertex 6 90 0
      vertex 19.3832 86.3303 0
    endloop
  endfacet
  facet normal 0 0 -1
    outer loop
      vertex 6 0 0
      vertex 19.2584 3.17153 0
      vertex 19.25 3 0
    endloop
  endfacet
  facet normal 0 0 -1
    outer loop
      vertex 19.3832 86.3303 0
      vertex 6 90 0
      vertex 19.3254 86.492 0
    endloop
  endfacet
  facet normal 0 0 -1
    outer loop
      vertex 181.617 3.6697 0
      vertex 195 0 0
      vertex 181.675 3.508 0
    endloop
  endfacet
  facet normal 0 0 -1
    outer loop
      vertex 201 84 0
      vertex 181.742 86.8285 0
      vertex 181.75 87 0
    endloop
  endfacet
  facet normal 0 0 -1
    outer loop
      vertex 181.543 3.82494 0
      vertex 195 0 0
      vertex 181.617 3.6697 0
    endloop
  endfacet
  facet normal 0 0 -1
    outer loop
      vertex 201 84 0
      vertex 181.716 86.6586 0
      vertex 181.742 86.8285 0
    endloop
  endfacet
  facet normal 0 0 -1
    outer loop
      vertex 181.455 3.97225 0
      vertex 195 0 0
      vertex 181.543 3.82494 0
    endloop
  endfacet
  facet normal 0 0 -1
    outer loop
      vertex 201 84 0
      vertex 181.675 86.492 0
      vertex 181.716 86.6586 0
    endloop
  endfacet
  facet normal 0 0 -1
    outer loop
      vertex 195 0 0
      vertex 181.455 3.97225 0
      vertex 201 6 0
    endloop
  endfacet
  facet normal 0 0 -1
    outer loop
      vertex 201 84 0
      vertex 181.617 86.3303 0
      vertex 181.675 86.492 0
    endloop
  endfacet
  facet normal 0 0 -1
    outer loop
      vertex 181.353 4.11019 0
      vertex 201 6 0
      vertex 181.455 3.97225 0
    endloop
  endfacet
  facet normal 0 0 -1
    outer loop
      vertex 201 84 0
      vertex 181.543 86.1751 0
      vertex 181.617 86.3303 0
    endloop
  endfacet
  facet normal 0 0 -1
    outer loop
      vertex 181.237 4.23744 0
      vertex 201 6 0
      vertex 181.353 4.11019 0
    endloop
  endfacet
  facet normal 0 0 -1
    outer loop
      vertex 201 84 0
      vertex 181.455 86.0278 0
      vertex 181.543 86.1751 0
    endloop
  endfacet
  facet normal 0 0 -1
    outer loop
      vertex 181.11 4.35277 0
      vertex 201 6 0
      vertex 181.237 4.23744 0
    endloop
  endfacet
  facet normal 0 0 -1
    outer loop
      vertex 201 84 0
      vertex 181.353 85.8898 0
      vertex 181.455 86.0278 0
    endloop
  endfacet
  facet normal 0 0 -1
    outer loop
      vertex 180.972 4.45507 0
      vertex 201 6 0
      vertex 181.11 4.35277 0
    endloop
  endfacet
  facet normal 0 0 -1
    outer loop
      vertex 201 84 0
      vertex 181.237 85.7626 0
      vertex 181.353 85.8898 0
    endloop
  endfacet
  facet normal 0 0 -1
    outer loop
      vertex 180.825 4.54336 0
      vertex 201 6 0
      vertex 180.972 4.45507 0
    endloop
  endfacet
  facet normal 0 0 -1
    outer loop
      vertex 201 84 0
      vertex 181.11 85.6472 0
      vertex 181.237 85.7626 0
    endloop
  endfacet
  facet normal 0 0 -1
    outer loop
      vertex 180.67 4.61679 0
      vertex 201 6 0
      vertex 180.825 4.54336 0
    endloop
  endfacet
  facet normal 0 0 -1
    outer loop
      vertex 201 84 0
      vertex 180.972 85.5449 0
      vertex 181.11 85.6472 0
    endloop
  endfacet
  facet normal 0 0 -1
    outer loop
      vertex 180.508 4.67465 0
      vertex 201 6 0
      vertex 180.67 4.61679 0
    endloop
  endfacet
  facet normal 0 0 -1
    outer loop
      vertex 201 84 0
      vertex 180.825 85.4566 0
      vertex 180.972 85.5449 0
    endloop
  endfacet
  facet normal 0 0 -1
    outer loop
      vertex 180.341 4.71637 0
      vertex 201 6 0
      vertex 180.508 4.67465 0
    endloop
  endfacet
  facet normal 0 0 -1
    outer loop
      vertex 201 84 0
      vertex 180.67 85.3832 0
      vertex 180.825 85.4566 0
    endloop
  endfacet
  facet normal -0 0 -1
    outer loop
      vertex 201 6 0
      vertex 180.341 4.71637 0
      vertex 201 84 0
    endloop
  endfacet
  facet normal 0 0 -1
    outer loop
      vertex 201 84 0
      vertex 180.508 85.3254 0
      vertex 180.67 85.3832 0
    endloop
  endfacet
  facet normal 0 0 -1
    outer loop
      vertex 180.341 85.2836 0
      vertex 201 84 0
      vertex 180.341 4.71637 0
    endloop
  endfacet
  facet normal 0 0 -1
    outer loop
      vertex 201 84 0
      vertex 180.341 85.2836 0
      vertex 180.508 85.3254 0
    endloop
  endfacet
  facet normal 0 0 -1
    outer loop
      vertex 180.172 4.74157 0
      vertex 180.341 85.2836 0
      vertex 180.341 4.71637 0
    endloop
  endfacet
  facet normal 0 0 -1
    outer loop
      vertex 180.172 4.74157 0
      vertex 180.172 85.2584 0
      vertex 180.341 85.2836 0
    endloop
  endfacet
  facet normal 0 0 -1
    outer loop
      vertex 180 4.75 0
      vertex 180.172 85.2584 0
      vertex 180.172 4.74157 0
    endloop
  endfacet
  facet normal 0 0 -1
    outer loop
      vertex 180 4.75 0
      vertex 180 85.25 0
      vertex 180.172 85.2584 0
    endloop
  endfacet
  facet normal 0 0 -1
    outer loop
      vertex 179.828 4.74157 0
      vertex 180 85.25 0
      vertex 180 4.75 0
    endloop
  endfacet
  facet normal 0 0 -1
    outer loop
      vertex 179.828 4.74157 0
      vertex 179.828 85.2584 0
      vertex 180 85.25 0
    endloop
  endfacet
  facet normal 0 0 -1
    outer loop
      vertex 179.659 4.71637 0
      vertex 179.828 85.2584 0
      vertex 179.828 4.74157 0
    endloop
  endfacet
  facet normal 0 0 -1
    outer loop
      vertex 179.659 4.71637 0
      vertex 179.659 85.2836 0
      vertex 179.828 85.2584 0
    endloop
  endfacet
  facet normal 0 0 -1
    outer loop
      vertex 179.492 4.67465 0
      vertex 179.659 85.2836 0
      vertex 179.659 4.71637 0
    endloop
  endfacet
  facet normal 0 0 -1
    outer loop
      vertex 179.492 4.67465 0
      vertex 179.492 85.3254 0
      vertex 179.659 85.2836 0
    endloop
  endfacet
  facet normal 0 0 -1
    outer loop
      vertex 179.33 4.61679 0
      vertex 179.492 85.3254 0
      vertex 179.492 4.67465 0
    endloop
  endfacet
  facet normal 0 0 -1
    outer loop
      vertex 179.33 4.61679 0
      vertex 179.33 85.3832 0
      vertex 179.492 85.3254 0
    endloop
  endfacet
  facet normal 0 0 -1
    outer loop
      vertex 179.175 4.54336 0
      vertex 179.33 85.3832 0
      vertex 179.33 4.61679 0
    endloop
  endfacet
  facet normal 0 0 -1
    outer loop
      vertex 179.175 4.54336 0
      vertex 179.175 85.4566 0
      vertex 179.33 85.3832 0
    endloop
  endfacet
  facet normal 0 0 -1
    outer loop
      vertex 179.028 4.45507 0
      vertex 179.175 85.4566 0
      vertex 179.175 4.54336 0
    endloop
  endfacet
  facet normal 0 0 -1
    outer loop
      vertex 179.028 4.45507 0
      vertex 179.028 85.5449 0
      vertex 179.175 85.4566 0
    endloop
  endfacet
  facet normal 0 0 -1
    outer loop
      vertex 178.89 4.35277 0
      vertex 179.028 85.5449 0
      vertex 179.028 4.45507 0
    endloop
  endfacet
  facet normal 0 0 -1
    outer loop
      vertex 178.89 4.35277 0
      vertex 178.89 85.6472 0
      vertex 179.028 85.5449 0
    endloop
  endfacet
  facet normal 0 0 -1
    outer loop
      vertex 178.763 4.23744 0
      vertex 178.89 85.6472 0
      vertex 178.89 4.35277 0
    endloop
  endfacet
  facet normal 0 0 -1
    outer loop
      vertex 178.763 4.23744 0
      vertex 178.763 85.7626 0
      vertex 178.89 85.6472 0
    endloop
  endfacet
  facet normal 0 0 -1
    outer loop
      vertex 178.647 4.11019 0
      vertex 178.763 85.7626 0
      vertex 178.763 4.23744 0
    endloop
  endfacet
  facet normal 0 0 -1
    outer loop
      vertex 178.647 4.11019 0
      vertex 178.647 85.8898 0
      vertex 178.763 85.7626 0
    endloop
  endfacet
  facet normal 0 0 -1
    outer loop
      vertex 178.545 3.97225 0
      vertex 178.647 85.8898 0
      vertex 178.647 4.11019 0
    endloop
  endfacet
  facet normal 0 0 -1
    outer loop
      vertex 178.545 3.97225 0
      vertex 178.545 86.0278 0
      vertex 178.647 85.8898 0
    endloop
  endfacet
  facet normal 0 0 -1
    outer loop
      vertex 178.457 3.82494 0
      vertex 178.545 86.0278 0
      vertex 178.545 3.97225 0
    endloop
  endfacet
  facet normal 0 0 -1
    outer loop
      vertex 178.457 3.82494 0
      vertex 178.457 86.1751 0
      vertex 178.545 86.0278 0
    endloop
  endfacet
  facet normal 0 0 -1
    outer loop
      vertex 178.284 3.34141 0
      vertex 22.7164 3.34141 0
      vertex 178.325 3.508 0
    endloop
  endfacet
  facet normal 0 0 -1
    outer loop
      vertex 22.6746 3.508 0
      vertex 178.325 3.508 0
      vertex 22.7164 3.34141 0
    endloop
  endfacet
  facet normal 0 0 -1
    outer loop
      vertex 22.7164 3.34141 0
      vertex 178.284 3.34141 0
      vertex 22.7416 3.17153 0
    endloop
  endfacet
  facet normal 0 0 -1
    outer loop
      vertex 178.325 3.508 0
      vertex 22.6746 3.508 0
      vertex 178.383 3.6697 0
    endloop
  endfacet
  facet normal 0 0 -1
    outer loop
      vertex 178.258 3.17153 0
      vertex 22.7416 3.17153 0
      vertex 178.284 3.34141 0
    endloop
  endfacet
  facet normal 0 0 -1
    outer loop
      vertex 178.457 86.1751 0
      vertex 22.75 87 0
      vertex 178.383 86.3303 0
    endloop
  endfacet
  facet normal 0 0 -1
    outer loop
      vertex 22.7416 3.17153 0
      vertex 178.258 3.17153 0
      vertex 22.75 3 0
    endloop
  endfacet
  facet normal 0 0 -1
    outer loop
      vertex 178.383 86.3303 0
      vertex 22.75 87 0
      vertex 178.325 86.492 0
    endloop
  endfacet
  facet normal 0 0 -1
    outer loop
      vertex 22.75 3 0
      vertex 178.258 3.17153 0
      vertex 178.25 3 0
    endloop
  endfacet
  facet normal 0 0 -1
    outer loop
      vertex 178.325 86.492 0
      vertex 22.75 87 0
      vertex 178.284 86.6586 0
    endloop
  endfacet
  facet normal 0 0 -1
    outer loop
      vertex 195 0 0
      vertex 201 6 0
      vertex 200.971 5.4119 0
    endloop
  endfacet
  facet normal 0 0 -1
    outer loop
      vertex 181.716 3.34141 0
      vertex 195 0 0
      vertex 181.742 3.17153 0
    endloop
  endfacet
  facet normal 0 0 -1
    outer loop
      vertex 195 0 0
      vertex 200.971 5.4119 0
      vertex 200.885 4.82946 0
    endloop
  endfacet
  facet normal 0 0 -1
    outer loop
      vertex 181.675 3.508 0
      vertex 195 0 0
      vertex 181.716 3.34141 0
    endloop
  endfacet
  facet normal 0 0 -1
    outer loop
      vertex 195 0 0
      vertex 200.885 4.82946 0
      vertex 200.742 4.25829 0
    endloop
  endfacet
  facet normal 0 -0 -1
    outer loop
      vertex 195 90 0
      vertex 201 84 0
      vertex 181.75 87 0
    endloop
  endfacet
  facet normal 0 0 -1
    outer loop
      vertex 195 0 0
      vertex 200.742 4.25829 0
      vertex 200.543 3.7039 0
    endloop
  endfacet
  facet normal 0 0 -1
    outer loop
      vertex 201 84 0
      vertex 195 90 0
      vertex 200.971 84.5881 0
    endloop
  endfacet
  facet normal 0 0 -1
    outer loop
      vertex 195 0 0
      vertex 200.543 3.7039 0
      vertex 200.292 3.17162 0
    endloop
  endfacet
  facet normal 0 0 -1
    outer loop
      vertex 200.971 84.5881 0
      vertex 195 90 0
      vertex 200.885 85.1705 0
    endloop
  endfacet
  facet normal 0 0 -1
    outer loop
      vertex 195 0 0
      vertex 200.292 3.17162 0
      vertex 199.989 2.66658 0
    endloop
  endfacet
  facet normal 0 0 -1
    outer loop
      vertex 200.885 85.1705 0
      vertex 195 90 0
      vertex 200.742 85.7417 0
    endloop
  endfacet
  facet normal 0 0 -1
    outer loop
      vertex 195 0 0
      vertex 199.989 2.66658 0
      vertex 199.638 2.19364 0
    endloop
  endfacet
  facet normal 0 0 -1
    outer loop
      vertex 200.742 85.7417 0
      vertex 195 90 0
      vertex 200.543 86.2961 0
    endloop
  endfacet
  facet normal 0 0 -1
    outer loop
      vertex 195 0 0
      vertex 199.638 2.19364 0
      vertex 199.243 1.75736 0
    endloop
  endfacet
  facet normal 0 0 -1
    outer loop
      vertex 200.543 86.2961 0
      vertex 195 90 0
      vertex 200.292 86.8284 0
    endloop
  endfacet
  facet normal 0 0 -1
    outer loop
      vertex 195 0 0
      vertex 199.243 1.75736 0
      vertex 198.806 1.36194 0
    endloop
  endfacet
  facet normal 0 0 -1
    outer loop
      vertex 200.292 86.8284 0
      vertex 195 90 0
      vertex 199.989 87.3334 0
    endloop
  endfacet
  facet normal 0 0 -1
    outer loop
      vertex 195 0 0
      vertex 198.806 1.36194 0
      vertex 198.333 1.01118 0
    endloop
  endfacet
  facet normal 0 0 -1
    outer loop
      vertex 199.989 87.3334 0
      vertex 195 90 0
      vertex 199.638 87.8064 0
    endloop
  endfacet
  facet normal 0 0 -1
    outer loop
      vertex 195 0 0
      vertex 198.333 1.01118 0
      vertex 197.828 0.708472 0
    endloop
  endfacet
  facet normal 0 0 -1
    outer loop
      vertex 199.638 87.8064 0
      vertex 195 90 0
      vertex 199.243 88.2426 0
    endloop
  endfacet
  facet normal 0 0 -1
    outer loop
      vertex 195 0 0
      vertex 197.828 0.708472 0
      vertex 197.296 0.456722 0
    endloop
  endfacet
  facet normal 0 0 -1
    outer loop
      vertex 199.243 88.2426 0
      vertex 195 90 0
      vertex 198.806 88.6381 0
    endloop
  endfacet
  facet normal 0 0 -1
    outer loop
      vertex 195 0 0
      vertex 197.296 0.456722 0
      vertex 196.742 0.258357 0
    endloop
  endfacet
  facet normal 0 0 -1
    outer loop
      vertex 198.806 88.6381 0
      vertex 195 90 0
      vertex 198.333 88.9888 0
    endloop
  endfacet
  facet normal 0 0 -1
    outer loop
      vertex 195 0 0
      vertex 196.742 0.258357 0
      vertex 196.171 0.115288 0
    endloop
  endfacet
  facet normal 0 0 -1
    outer loop
      vertex 198.333 88.9888 0
      vertex 195 90 0
      vertex 197.828 89.2915 0
    endloop
  endfacet
  facet normal 0 0 -1
    outer loop
      vertex 195 0 0
      vertex 196.171 0.115288 0
      vertex 195.588 0.0288916 0
    endloop
  endfacet
  facet normal 0 0 -1
    outer loop
      vertex 197.828 89.2915 0
      vertex 195 90 0
      vertex 197.296 89.5433 0
    endloop
  endfacet
  facet normal 0 0 -1
    outer loop
      vertex 181.742 3.17153 0
      vertex 195 0 0
      vertex 181.75 3 0
    endloop
  endfacet
  facet normal 0 0 -1
    outer loop
      vertex 197.296 89.5433 0
      vertex 195 90 0
      vertex 196.742 89.7416 0
    endloop
  endfacet
  facet normal 0 0 -1
    outer loop
      vertex 196.742 89.7416 0
      vertex 195 90 0
      vertex 196.171 89.8847 0
    endloop
  endfacet
  facet normal 0 0 -1
    outer loop
      vertex 195 0 0
      vertex 181.742 2.82847 0
      vertex 181.75 3 0
    endloop
  endfacet
  facet normal 0 0 -1
    outer loop
      vertex 195 0 0
      vertex 181.716 2.65859 0
      vertex 181.742 2.82847 0
    endloop
  endfacet
  facet normal 0 0 -1
    outer loop
      vertex 195 0 0
      vertex 181.675 2.492 0
      vertex 181.716 2.65859 0
    endloop
  endfacet
  facet normal 0 0 -1
    outer loop
      vertex 195 0 0
      vertex 181.617 2.3303 0
      vertex 181.675 2.492 0
    endloop
  endfacet
  facet normal 0 0 -1
    outer loop
      vertex 195 0 0
      vertex 181.543 2.17506 0
      vertex 181.617 2.3303 0
    endloop
  endfacet
  facet normal 0 0 -1
    outer loop
      vertex 195 0 0
      vertex 181.455 2.02775 0
      vertex 181.543 2.17506 0
    endloop
  endfacet
  facet normal 0 0 -1
    outer loop
      vertex 195 0 0
      vertex 181.353 1.88981 0
      vertex 181.455 2.02775 0
    endloop
  endfacet
  facet normal 0 0 -1
    outer loop
      vertex 195 0 0
      vertex 181.237 1.76256 0
      vertex 181.353 1.88981 0
    endloop
  endfacet
  facet normal 0 0 -1
    outer loop
      vertex 195 0 0
      vertex 181.11 1.64723 0
      vertex 181.237 1.76256 0
    endloop
  endfacet
  facet normal 0 0 -1
    outer loop
      vertex 195 0 0
      vertex 180.972 1.54493 0
      vertex 181.11 1.64723 0
    endloop
  endfacet
  facet normal 0 0 -1
    outer loop
      vertex 195 0 0
      vertex 180.825 1.45664 0
      vertex 180.972 1.54493 0
    endloop
  endfacet
  facet normal 0 0 -1
    outer loop
      vertex 195 0 0
      vertex 180.67 1.38321 0
      vertex 180.825 1.45664 0
    endloop
  endfacet
  facet normal 0 0 -1
    outer loop
      vertex 195 0 0
      vertex 180.508 1.32535 0
      vertex 180.67 1.38321 0
    endloop
  endfacet
  facet normal 0 0 -1
    outer loop
      vertex 195 0 0
      vertex 180.341 1.28363 0
      vertex 180.508 1.32535 0
    endloop
  endfacet
  facet normal 0 0 -1
    outer loop
      vertex 195 0 0
      vertex 180.172 1.25843 0
      vertex 180.341 1.28363 0
    endloop
  endfacet
  facet normal 0 0 -1
    outer loop
      vertex 195 0 0
      vertex 180 1.25 0
      vertex 180.172 1.25843 0
    endloop
  endfacet
  facet normal 0 0 -1
    outer loop
      vertex 195 0 0
      vertex 179.828 1.25843 0
      vertex 180 1.25 0
    endloop
  endfacet
  facet normal 0 0 -1
    outer loop
      vertex 178.284 86.6586 0
      vertex 22.75 87 0
      vertex 178.258 86.8285 0
    endloop
  endfacet
  facet normal 0 0 -1
    outer loop
      vertex 178.258 2.82847 0
      vertex 22.75 3 0
      vertex 178.25 3 0
    endloop
  endfacet
  facet normal 0 0 -1
    outer loop
      vertex 22.7416 2.82847 0
      vertex 178.258 2.82847 0
      vertex 178.284 2.65859 0
    endloop
  endfacet
  facet normal 0 0 -1
    outer loop
      vertex 22.7164 2.65859 0
      vertex 178.284 2.65859 0
      vertex 178.325 2.492 0
    endloop
  endfacet
  facet normal 0 0 -1
    outer loop
      vertex 22.6746 2.492 0
      vertex 178.325 2.492 0
      vertex 178.383 2.3303 0
    endloop
  endfacet
  facet normal 0 0 -1
    outer loop
      vertex 22.6168 2.3303 0
      vertex 178.383 2.3303 0
      vertex 178.457 2.17506 0
    endloop
  endfacet
  facet normal 0 0 -1
    outer loop
      vertex 22.5434 2.17506 0
      vertex 178.457 2.17506 0
      vertex 178.545 2.02775 0
    endloop
  endfacet
  facet normal 0 0 -1
    outer loop
      vertex 22.4551 2.02775 0
      vertex 178.545 2.02775 0
      vertex 178.647 1.88981 0
    endloop
  endfacet
  facet normal 0 0 -1
    outer loop
      vertex 22.3528 1.88981 0
      vertex 178.647 1.88981 0
      vertex 178.763 1.76256 0
    endloop
  endfacet
  facet normal 0 0 -1
    outer loop
      vertex 22.2374 1.76256 0
      vertex 178.763 1.76256 0
      vertex 178.89 1.64723 0
    endloop
  endfacet
  facet normal 0 0 -1
    outer loop
      vertex 22.1102 1.64723 0
      vertex 178.89 1.64723 0
      vertex 179.028 1.54493 0
    endloop
  endfacet
  facet normal 0 0 -1
    outer loop
      vertex 21.9722 1.54493 0
      vertex 179.028 1.54493 0
      vertex 179.175 1.45664 0
    endloop
  endfacet
  facet normal 0 0 -1
    outer loop
      vertex 21.8249 1.45664 0
      vertex 179.175 1.45664 0
      vertex 179.33 1.38321 0
    endloop
  endfacet
  facet normal 0 0 -1
    outer loop
      vertex 21.6697 1.38321 0
      vertex 179.33 1.38321 0
      vertex 179.492 1.32535 0
    endloop
  endfacet
  facet normal 0 0 -1
    outer loop
      vertex 21.508 1.32535 0
      vertex 179.492 1.32535 0
      vertex 179.659 1.28363 0
    endloop
  endfacet
  facet normal 0 0 -1
    outer loop
      vertex 21.3414 1.28363 0
      vertex 179.659 1.28363 0
      vertex 179.828 1.25843 0
    endloop
  endfacet
  facet normal 0 0 -1
    outer loop
      vertex 21.1715 1.25843 0
      vertex 179.828 1.25843 0
      vertex 195 0 0
    endloop
  endfacet
  facet normal 0 0 -1
    outer loop
      vertex 178.258 2.82847 0
      vertex 22.7416 2.82847 0
      vertex 22.75 3 0
    endloop
  endfacet
  facet normal 0 0 -1
    outer loop
      vertex 178.284 2.65859 0
      vertex 22.7164 2.65859 0
      vertex 22.7416 2.82847 0
    endloop
  endfacet
  facet normal 0 0 -1
    outer loop
      vertex 178.325 2.492 0
      vertex 22.6746 2.492 0
      vertex 22.7164 2.65859 0
    endloop
  endfacet
  facet normal 0 0 -1
    outer loop
      vertex 178.383 2.3303 0
      vertex 22.6168 2.3303 0
      vertex 22.6746 2.492 0
    endloop
  endfacet
  facet normal 0 0 -1
    outer loop
      vertex 178.457 2.17506 0
      vertex 22.5434 2.17506 0
      vertex 22.6168 2.3303 0
    endloop
  endfacet
  facet normal 0 0 -1
    outer loop
      vertex 178.545 2.02775 0
      vertex 22.4551 2.02775 0
      vertex 22.5434 2.17506 0
    endloop
  endfacet
  facet normal 0 0 -1
    outer loop
      vertex 178.647 1.88981 0
      vertex 22.3528 1.88981 0
      vertex 22.4551 2.02775 0
    endloop
  endfacet
  facet normal 0 0 -1
    outer loop
      vertex 178.763 1.76256 0
      vertex 22.2374 1.76256 0
      vertex 22.3528 1.88981 0
    endloop
  endfacet
  facet normal 0 0 -1
    outer loop
      vertex 178.89 1.64723 0
      vertex 22.1102 1.64723 0
      vertex 22.2374 1.76256 0
    endloop
  endfacet
  facet normal 0 0 -1
    outer loop
      vertex 179.028 1.54493 0
      vertex 21.9722 1.54493 0
      vertex 22.1102 1.64723 0
    endloop
  endfacet
  facet normal 0 0 -1
    outer loop
      vertex 179.175 1.45664 0
      vertex 21.8249 1.45664 0
      vertex 21.9722 1.54493 0
    endloop
  endfacet
  facet normal 0 0 -1
    outer loop
      vertex 179.33 1.38321 0
      vertex 21.6697 1.38321 0
      vertex 21.8249 1.45664 0
    endloop
  endfacet
  facet normal 0 0 -1
    outer loop
      vertex 179.492 1.32535 0
      vertex 21.508 1.32535 0
      vertex 21.6697 1.38321 0
    endloop
  endfacet
  facet normal 0 0 -1
    outer loop
      vertex 179.659 1.28363 0
      vertex 21.3414 1.28363 0
      vertex 21.508 1.32535 0
    endloop
  endfacet
  facet normal 0 0 -1
    outer loop
      vertex 179.828 1.25843 0
      vertex 21.1715 1.25843 0
      vertex 21.3414 1.28363 0
    endloop
  endfacet
  facet normal 0 0 -1
    outer loop
      vertex 6 0 0
      vertex 21.1715 1.25843 0
      vertex 195 0 0
    endloop
  endfacet
  facet normal -0 0 -1
    outer loop
      vertex 19.5449 3.97225 0
      vertex 6 0 0
      vertex 0 6 0
    endloop
  endfacet
  facet normal -0 0 -1
    outer loop
      vertex 19.2584 2.82847 0
      vertex 6 0 0
      vertex 19.25 3 0
    endloop
  endfacet
  facet normal -0 0 -1
    outer loop
      vertex 19.2836 2.65859 0
      vertex 6 0 0
      vertex 19.2584 2.82847 0
    endloop
  endfacet
  facet normal -0 0 -1
    outer loop
      vertex 19.3254 2.492 0
      vertex 6 0 0
      vertex 19.2836 2.65859 0
    endloop
  endfacet
  facet normal -0 0 -1
    outer loop
      vertex 19.3832 2.3303 0
      vertex 6 0 0
      vertex 19.3254 2.492 0
    endloop
  endfacet
  facet normal -0 0 -1
    outer loop
      vertex 19.4566 2.17506 0
      vertex 6 0 0
      vertex 19.3832 2.3303 0
    endloop
  endfacet
  facet normal -0 0 -1
    outer loop
      vertex 19.5449 2.02775 0
      vertex 6 0 0
      vertex 19.4566 2.17506 0
    endloop
  endfacet
  facet normal -0 0 -1
    outer loop
      vertex 19.6472 1.88981 0
      vertex 6 0 0
      vertex 19.5449 2.02775 0
    endloop
  endfacet
  facet normal -0 0 -1
    outer loop
      vertex 19.7626 1.76256 0
      vertex 6 0 0
      vertex 19.6472 1.88981 0
    endloop
  endfacet
  facet normal -0 0 -1
    outer loop
      vertex 19.8898 1.64723 0
      vertex 6 0 0
      vertex 19.7626 1.76256 0
    endloop
  endfacet
  facet normal -0 0 -1
    outer loop
      vertex 20.0278 1.54493 0
      vertex 6 0 0
      vertex 19.8898 1.64723 0
    endloop
  endfacet
  facet normal -0 0 -1
    outer loop
      vertex 20.1751 1.45664 0
      vertex 6 0 0
      vertex 20.0278 1.54493 0
    endloop
  endfacet
  facet normal -0 0 -1
    outer loop
      vertex 20.3303 1.38321 0
      vertex 6 0 0
      vertex 20.1751 1.45664 0
    endloop
  endfacet
  facet normal -0 0 -1
    outer loop
      vertex 20.492 1.32535 0
      vertex 6 0 0
      vertex 20.3303 1.38321 0
    endloop
  endfacet
  facet normal -0 0 -1
    outer loop
      vertex 20.6586 1.28363 0
      vertex 6 0 0
      vertex 20.492 1.32535 0
    endloop
  endfacet
  facet normal -0 0 -1
    outer loop
      vertex 20.8285 1.25843 0
      vertex 6 0 0
      vertex 20.6586 1.28363 0
    endloop
  endfacet
  facet normal -0 0 -1
    outer loop
      vertex 21 1.25 0
      vertex 6 0 0
      vertex 20.8285 1.25843 0
    endloop
  endfacet
  facet normal 0 0 -1
    outer loop
      vertex 21.1715 1.25843 0
      vertex 6 0 0
      vertex 21 1.25 0
    endloop
  endfacet
  facet normal 0 0 -1
    outer loop
      vertex 196.171 89.8847 0
      vertex 195 90 0
      vertex 195.588 89.9711 0
    endloop
  endfacet
  facet normal 0 0 -1
    outer loop
      vertex 181.742 87.1715 0
      vertex 195 90 0
      vertex 181.75 87 0
    endloop
  endfacet
  facet normal 0 0 -1
    outer loop
      vertex 181.716 87.3414 0
      vertex 195 90 0
      vertex 181.742 87.1715 0
    endloop
  endfacet
  facet normal 0 0 -1
    outer loop
      vertex 181.675 87.508 0
      vertex 195 90 0
      vertex 181.716 87.3414 0
    endloop
  endfacet
  facet normal 0 0 -1
    outer loop
      vertex 181.617 87.6697 0
      vertex 195 90 0
      vertex 181.675 87.508 0
    endloop
  endfacet
  facet normal 0 0 -1
    outer loop
      vertex 181.543 87.8249 0
      vertex 195 90 0
      vertex 181.617 87.6697 0
    endloop
  endfacet
  facet normal 0 0 -1
    outer loop
      vertex 181.455 87.9722 0
      vertex 195 90 0
      vertex 181.543 87.8249 0
    endloop
  endfacet
  facet normal 0 0 -1
    outer loop
      vertex 181.353 88.1102 0
      vertex 195 90 0
      vertex 181.455 87.9722 0
    endloop
  endfacet
  facet normal 0 0 -1
    outer loop
      vertex 181.237 88.2374 0
      vertex 195 90 0
      vertex 181.353 88.1102 0
    endloop
  endfacet
  facet normal 0 0 -1
    outer loop
      vertex 181.11 88.3528 0
      vertex 195 90 0
      vertex 181.237 88.2374 0
    endloop
  endfacet
  facet normal 0 0 -1
    outer loop
      vertex 180.972 88.4551 0
      vertex 195 90 0
      vertex 181.11 88.3528 0
    endloop
  endfacet
  facet normal 0 0 -1
    outer loop
      vertex 180.825 88.5434 0
      vertex 195 90 0
      vertex 180.972 88.4551 0
    endloop
  endfacet
  facet normal 0 0 -1
    outer loop
      vertex 180.67 88.6168 0
      vertex 195 90 0
      vertex 180.825 88.5434 0
    endloop
  endfacet
  facet normal 0 0 -1
    outer loop
      vertex 180.508 88.6746 0
      vertex 195 90 0
      vertex 180.67 88.6168 0
    endloop
  endfacet
  facet normal 0 0 -1
    outer loop
      vertex 180.341 88.7164 0
      vertex 195 90 0
      vertex 180.508 88.6746 0
    endloop
  endfacet
  facet normal 0 0 -1
    outer loop
      vertex 180.172 88.7416 0
      vertex 195 90 0
      vertex 180.341 88.7164 0
    endloop
  endfacet
  facet normal 0 0 -1
    outer loop
      vertex 180 88.75 0
      vertex 195 90 0
      vertex 180.172 88.7416 0
    endloop
  endfacet
  facet normal 0 0 -1
    outer loop
      vertex 179.828 88.7416 0
      vertex 195 90 0
      vertex 180 88.75 0
    endloop
  endfacet
  facet normal 0 0 -1
    outer loop
      vertex 178.258 86.8285 0
      vertex 22.75 87 0
      vertex 178.25 87 0
    endloop
  endfacet
  facet normal 0 0 -1
    outer loop
      vertex 178.25 87 0
      vertex 22.75 87 0
      vertex 178.258 87.1715 0
    endloop
  endfacet
  facet normal 0 0 -1
    outer loop
      vertex 22.7416 87.1715 0
      vertex 178.258 87.1715 0
      vertex 22.75 87 0
    endloop
  endfacet
  facet normal 0 0 -1
    outer loop
      vertex 178.258 87.1715 0
      vertex 22.7416 87.1715 0
      vertex 178.284 87.3414 0
    endloop
  endfacet
  facet normal 0 0 -1
    outer loop
      vertex 22.7164 87.3414 0
      vertex 178.284 87.3414 0
      vertex 22.7416 87.1715 0
    endloop
  endfacet
  facet normal 0 0 -1
    outer loop
      vertex 178.284 87.3414 0
      vertex 22.7164 87.3414 0
      vertex 178.325 87.508 0
    endloop
  endfacet
  facet normal 0 0 -1
    outer loop
      vertex 22.6746 87.508 0
      vertex 178.325 87.508 0
      vertex 22.7164 87.3414 0
    endloop
  endfacet
  facet normal 0 0 -1
    outer loop
      vertex 178.325 87.508 0
      vertex 22.6746 87.508 0
      vertex 178.383 87.6697 0
    endloop
  endfacet
  facet normal 0 0 -1
    outer loop
      vertex 22.6168 87.6697 0
      vertex 178.383 87.6697 0
      vertex 22.6746 87.508 0
    endloop
  endfacet
  facet normal 0 0 -1
    outer loop
      vertex 178.383 87.6697 0
      vertex 22.6168 87.6697 0
      vertex 178.457 87.8249 0
    endloop
  endfacet
  facet normal 0 0 -1
    outer loop
      vertex 22.5434 87.8249 0
      vertex 178.457 87.8249 0
      vertex 22.6168 87.6697 0
    endloop
  endfacet
  facet normal 0 0 -1
    outer loop
      vertex 178.457 87.8249 0
      vertex 22.5434 87.8249 0
      vertex 178.545 87.9722 0
    endloop
  endfacet
  facet normal 0 0 -1
    outer loop
      vertex 22.4551 87.9722 0
      vertex 178.545 87.9722 0
      vertex 22.5434 87.8249 0
    endloop
  endfacet
  facet normal 0 0 -1
    outer loop
      vertex 178.545 87.9722 0
      vertex 22.4551 87.9722 0
      vertex 178.647 88.1102 0
    endloop
  endfacet
  facet normal 0 0 -1
    outer loop
      vertex 22.3528 88.1102 0
      vertex 178.647 88.1102 0
      vertex 22.4551 87.9722 0
    endloop
  endfacet
  facet normal 0 0 -1
    outer loop
      vertex 178.647 88.1102 0
      vertex 22.3528 88.1102 0
      vertex 178.763 88.2374 0
    endloop
  endfacet
  facet normal 0 0 -1
    outer loop
      vertex 22.2374 88.2374 0
      vertex 178.763 88.2374 0
      vertex 22.3528 88.1102 0
    endloop
  endfacet
  facet normal 0 0 -1
    outer loop
      vertex 178.763 88.2374 0
      vertex 22.2374 88.2374 0
      vertex 178.89 88.3528 0
    endloop
  endfacet
  facet normal 0 0 -1
    outer loop
      vertex 22.1102 88.3528 0
      vertex 178.89 88.3528 0
      vertex 22.2374 88.2374 0
    endloop
  endfacet
  facet normal 0 0 -1
    outer loop
      vertex 178.89 88.3528 0
      vertex 22.1102 88.3528 0
      vertex 179.028 88.4551 0
    endloop
  endfacet
  facet normal 0 0 -1
    outer loop
      vertex 21.9722 88.4551 0
      vertex 179.028 88.4551 0
      vertex 22.1102 88.3528 0
    endloop
  endfacet
  facet normal 0 0 -1
    outer loop
      vertex 179.028 88.4551 0
      vertex 21.9722 88.4551 0
      vertex 179.175 88.5434 0
    endloop
  endfacet
  facet normal 0 0 -1
    outer loop
      vertex 21.8249 88.5434 0
      vertex 179.175 88.5434 0
      vertex 21.9722 88.4551 0
    endloop
  endfacet
  facet normal 0 0 -1
    outer loop
      vertex 179.175 88.5434 0
      vertex 21.8249 88.5434 0
      vertex 179.33 88.6168 0
    endloop
  endfacet
  facet normal 0 0 -1
    outer loop
      vertex 21.6697 88.6168 0
      vertex 179.33 88.6168 0
      vertex 21.8249 88.5434 0
    endloop
  endfacet
  facet normal 0 0 -1
    outer loop
      vertex 179.33 88.6168 0
      vertex 21.6697 88.6168 0
      vertex 179.492 88.6746 0
    endloop
  endfacet
  facet normal 0 0 -1
    outer loop
      vertex 21.508 88.6746 0
      vertex 179.492 88.6746 0
      vertex 21.6697 88.6168 0
    endloop
  endfacet
  facet normal 0 0 -1
    outer loop
      vertex 179.492 88.6746 0
      vertex 21.508 88.6746 0
      vertex 179.659 88.7164 0
    endloop
  endfacet
  facet normal 0 0 -1
    outer loop
      vertex 21.3414 88.7164 0
      vertex 179.659 88.7164 0
      vertex 21.508 88.6746 0
    endloop
  endfacet
  facet normal 0 0 -1
    outer loop
      vertex 179.659 88.7164 0
      vertex 21.3414 88.7164 0
      vertex 179.828 88.7416 0
    endloop
  endfacet
  facet normal 0 0 -1
    outer loop
      vertex 21.1715 88.7416 0
      vertex 179.828 88.7416 0
      vertex 21.3414 88.7164 0
    endloop
  endfacet
  facet normal 0 0 -1
    outer loop
      vertex 179.828 88.7416 0
      vertex 21.1715 88.7416 0
      vertex 195 90 0
    endloop
  endfacet
  facet normal 0 0 -1
    outer loop
      vertex 6 90 0
      vertex 21.1715 88.7416 0
      vertex 21 88.75 0
    endloop
  endfacet
  facet normal 0 0 -1
    outer loop
      vertex 19.3254 86.492 0
      vertex 6 90 0
      vertex 19.2836 86.6586 0
    endloop
  endfacet
  facet normal 0 0 -1
    outer loop
      vertex 19.2836 86.6586 0
      vertex 6 90 0
      vertex 19.2584 86.8285 0
    endloop
  endfacet
  facet normal 0 0 -1
    outer loop
      vertex 21.1715 88.7416 0
      vertex 6 90 0
      vertex 195 90 0
    endloop
  endfacet
  facet normal 0 0 -1
    outer loop
      vertex 20.8285 88.7416 0
      vertex 6 90 0
      vertex 21 88.75 0
    endloop
  endfacet
  facet normal 0 0 -1
    outer loop
      vertex 20.6586 88.7164 0
      vertex 6 90 0
      vertex 20.8285 88.7416 0
    endloop
  endfacet
  facet normal 0 0 -1
    outer loop
      vertex 20.492 88.6746 0
      vertex 6 90 0
      vertex 20.6586 88.7164 0
    endloop
  endfacet
  facet normal 0 0 -1
    outer loop
      vertex 20.3303 88.6168 0
      vertex 6 90 0
      vertex 20.492 88.6746 0
    endloop
  endfacet
  facet normal 0 0 -1
    outer loop
      vertex 20.1751 88.5434 0
      vertex 6 90 0
      vertex 20.3303 88.6168 0
    endloop
  endfacet
  facet normal 0 0 -1
    outer loop
      vertex 20.0278 88.4551 0
      vertex 6 90 0
      vertex 20.1751 88.5434 0
    endloop
  endfacet
  facet normal 0 0 -1
    outer loop
      vertex 19.8898 88.3528 0
      vertex 6 90 0
      vertex 20.0278 88.4551 0
    endloop
  endfacet
  facet normal 0 0 -1
    outer loop
      vertex 19.7626 88.2374 0
      vertex 6 90 0
      vertex 19.8898 88.3528 0
    endloop
  endfacet
  facet normal 0 0 -1
    outer loop
      vertex 19.6472 88.1102 0
      vertex 6 90 0
      vertex 19.7626 88.2374 0
    endloop
  endfacet
  facet normal 0 0 -1
    outer loop
      vertex 19.5449 87.9722 0
      vertex 6 90 0
      vertex 19.6472 88.1102 0
    endloop
  endfacet
  facet normal 0 0 -1
    outer loop
      vertex 19.4566 87.8249 0
      vertex 6 90 0
      vertex 19.5449 87.9722 0
    endloop
  endfacet
  facet normal 0 0 -1
    outer loop
      vertex 19.3832 87.6697 0
      vertex 6 90 0
      vertex 19.4566 87.8249 0
    endloop
  endfacet
  facet normal 0 0 -1
    outer loop
      vertex 19.3254 87.508 0
      vertex 6 90 0
      vertex 19.3832 87.6697 0
    endloop
  endfacet
  facet normal 0 0 -1
    outer loop
      vertex 19.2836 87.3414 0
      vertex 6 90 0
      vertex 19.3254 87.508 0
    endloop
  endfacet
  facet normal 0 0 -1
    outer loop
      vertex 19.2584 86.8285 0
      vertex 6 90 0
      vertex 19.25 87 0
    endloop
  endfacet
  facet normal 0 0 -1
    outer loop
      vertex 0 6 0
      vertex 6 0 0
      vertex 5.4119 0.0288916 0
    endloop
  endfacet
  facet normal 0 0 -1
    outer loop
      vertex 19.25 87 0
      vertex 6 90 0
      vertex 19.2584 87.1715 0
    endloop
  endfacet
  facet normal 0 0 -1
    outer loop
      vertex 0 6 0
      vertex 5.4119 0.0288916 0
      vertex 4.82946 0.115288 0
    endloop
  endfacet
  facet normal 0 0 -1
    outer loop
      vertex 19.2584 87.1715 0
      vertex 6 90 0
      vertex 19.2836 87.3414 0
    endloop
  endfacet
  facet normal 0 0 -1
    outer loop
      vertex 0 6 0
      vertex 4.82946 0.115288 0
      vertex 4.25829 0.258357 0
    endloop
  endfacet
  facet normal 0 0 -1
    outer loop
      vertex 6 90 0
      vertex 0 84 0
      vertex 5.4119 89.9711 0
    endloop
  endfacet
  facet normal 0 0 -1
    outer loop
      vertex 0 6 0
      vertex 4.25829 0.258357 0
      vertex 3.7039 0.456722 0
    endloop
  endfacet
  facet normal 0 0 -1
    outer loop
      vertex 5.4119 89.9711 0
      vertex 0 84 0
      vertex 4.82946 89.8847 0
    endloop
  endfacet
  facet normal 0 0 -1
    outer loop
      vertex 0 6 0
      vertex 3.7039 0.456722 0
      vertex 3.17162 0.708472 0
    endloop
  endfacet
  facet normal 0 0 -1
    outer loop
      vertex 4.82946 89.8847 0
      vertex 0 84 0
      vertex 4.25829 89.7416 0
    endloop
  endfacet
  facet normal 0 0 -1
    outer loop
      vertex 0 6 0
      vertex 3.17162 0.708472 0
      vertex 2.66658 1.01118 0
    endloop
  endfacet
  facet normal 0 0 -1
    outer loop
      vertex 4.25829 89.7416 0
      vertex 0 84 0
      vertex 3.7039 89.5433 0
    endloop
  endfacet
  facet normal 0 0 -1
    outer loop
      vertex 0 6 0
      vertex 2.66658 1.01118 0
      vertex 2.19364 1.36194 0
    endloop
  endfacet
  facet normal 0 0 -1
    outer loop
      vertex 3.7039 89.5433 0
      vertex 0 84 0
      vertex 3.17162 89.2915 0
    endloop
  endfacet
  facet normal 0 0 -1
    outer loop
      vertex 0 6 0
      vertex 2.19364 1.36194 0
      vertex 1.75736 1.75736 0
    endloop
  endfacet
  facet normal 0 0 -1
    outer loop
      vertex 3.17162 89.2915 0
      vertex 0 84 0
      vertex 2.66658 88.9888 0
    endloop
  endfacet
  facet normal 0 0 -1
    outer loop
      vertex 0 6 0
      vertex 1.75736 1.75736 0
      vertex 1.36194 2.19364 0
    endloop
  endfacet
  facet normal 0 0 -1
    outer loop
      vertex 2.66658 88.9888 0
      vertex 0 84 0
      vertex 2.19364 88.6381 0
    endloop
  endfacet
  facet normal 0 0 -1
    outer loop
      vertex 0 6 0
      vertex 1.36194 2.19364 0
      vertex 1.01118 2.66658 0
    endloop
  endfacet
  facet normal 0 0 -1
    outer loop
      vertex 2.19364 88.6381 0
      vertex 0 84 0
      vertex 1.75736 88.2426 0
    endloop
  endfacet
  facet normal 0 0 -1
    outer loop
      vertex 0 6 0
      vertex 1.01118 2.66658 0
      vertex 0.708472 3.17162 0
    endloop
  endfacet
  facet normal 0 0 -1
    outer loop
      vertex 1.75736 88.2426 0
      vertex 0 84 0
      vertex 1.36194 87.8064 0
    endloop
  endfacet
  facet normal 0 0 -1
    outer loop
      vertex 0 6 0
      vertex 0.708472 3.17162 0
      vertex 0.456722 3.7039 0
    endloop
  endfacet
  facet normal 0 0 -1
    outer loop
      vertex 1.36194 87.8064 0
      vertex 0 84 0
      vertex 1.01118 87.3334 0
    endloop
  endfacet
  facet normal 0 0 -1
    outer loop
      vertex 0 6 0
      vertex 0.456722 3.7039 0
      vertex 0.258357 4.25829 0
    endloop
  endfacet
  facet normal 0 0 -1
    outer loop
      vertex 1.01118 87.3334 0
      vertex 0 84 0
      vertex 0.708472 86.8284 0
    endloop
  endfacet
  facet normal 0 0 -1
    outer loop
      vertex 0 6 0
      vertex 0.258357 4.25829 0
      vertex 0.115288 4.82946 0
    endloop
  endfacet
  facet normal 0 0 -1
    outer loop
      vertex 0.708472 86.8284 0
      vertex 0 84 0
      vertex 0.456722 86.2961 0
    endloop
  endfacet
  facet normal 0 0 -1
    outer loop
      vertex 0 6 0
      vertex 0.115288 4.82946 0
      vertex 0.0288916 5.4119 0
    endloop
  endfacet
  facet normal 0 0 -1
    outer loop
      vertex 0.456722 86.2961 0
      vertex 0 84 0
      vertex 0.258357 85.7417 0
    endloop
  endfacet
  facet normal 0 0 -1
    outer loop
      vertex 0.258357 85.7417 0
      vertex 0 84 0
      vertex 0.115288 85.1705 0
    endloop
  endfacet
  facet normal 0 0 -1
    outer loop
      vertex 0.115288 85.1705 0
      vertex 0 84 0
      vertex 0.0288916 84.5881 0
    endloop
  endfacet
  facet normal -0.998795 0.0490678 0
    outer loop
      vertex 0 84 0
      vertex 0.0288916 84.5881 3
      vertex 0.0288916 84.5881 0
    endloop
  endfacet
  facet normal -0.998795 0.0490678 0
    outer loop
      vertex 0.0288916 84.5881 3
      vertex 0 84 0
      vertex 0 84 3
    endloop
  endfacet
  facet normal 0.427739 -0.903902 0
    outer loop
      vertex 197.296 0.456722 0
      vertex 197.828 0.708472 3
      vertex 197.296 0.456722 3
    endloop
  endfacet
  facet normal 0.427739 -0.903902 0
    outer loop
      vertex 197.828 0.708472 3
      vertex 197.296 0.456722 0
      vertex 197.828 0.708472 0
    endloop
  endfacet
  facet normal 0.998786 -0.0492515 0
    outer loop
      vertex 200.971 5.4119 3
      vertex 201 6 0
      vertex 201 6 3
    endloop
  endfacet
  facet normal 0.998786 -0.0492515 0
    outer loop
      vertex 201 6 0
      vertex 200.971 5.4119 3
      vertex 200.971 5.4119 0
    endloop
  endfacet
  facet normal -0.671558 -0.740952 0
    outer loop
      vertex 1.75736 1.75736 0
      vertex 2.19364 1.36194 3
      vertex 1.75736 1.75736 3
    endloop
  endfacet
  facet normal -0.671558 -0.740952 -0
    outer loop
      vertex 2.19364 1.36194 3
      vertex 1.75736 1.75736 0
      vertex 2.19364 1.36194 0
    endloop
  endfacet
  facet normal -0.336891 -0.941543 0
    outer loop
      vertex 3.7039 0.456722 0
      vertex 4.25829 0.258357 3
      vertex 3.7039 0.456722 3
    endloop
  endfacet
  facet normal -0.336891 -0.941543 -0
    outer loop
      vertex 4.25829 0.258357 3
      vertex 3.7039 0.456722 0
      vertex 4.25829 0.258357 0
    endloop
  endfacet
  facet normal 0.0490904 0.998794 -0
    outer loop
      vertex 195.588 89.9711 0
      vertex 195 90 3
      vertex 195.588 89.9711 3
    endloop
  endfacet
  facet normal 0.0490904 0.998794 0
    outer loop
      vertex 195 90 3
      vertex 195.588 89.9711 0
      vertex 195 90 0
    endloop
  endfacet
  facet normal -0.803241 0.595655 0
    outer loop
      vertex 1.01118 87.3334 0
      vertex 1.36194 87.8064 3
      vertex 1.36194 87.8064 0
    endloop
  endfacet
  facet normal -0.803241 0.595655 0
    outer loop
      vertex 1.36194 87.8064 3
      vertex 1.01118 87.3334 0
      vertex 1.01118 87.3334 3
    endloop
  endfacet
  facet normal 0.989274 -0.146071 0
    outer loop
      vertex 200.885 4.82946 3
      vertex 200.971 5.4119 0
      vertex 200.971 5.4119 3
    endloop
  endfacet
  facet normal 0.989274 -0.146071 0
    outer loop
      vertex 200.971 5.4119 0
      vertex 200.885 4.82946 3
      vertex 200.885 4.82946 0
    endloop
  endfacet
  facet normal -0.903989 -0.427556 0
    outer loop
      vertex 0.708472 3.17162 0
      vertex 0.456722 3.7039 3
      vertex 0.456722 3.7039 0
    endloop
  endfacet
  facet normal -0.903989 -0.427556 0
    outer loop
      vertex 0.456722 3.7039 3
      vertex 0.708472 3.17162 0
      vertex 0.708472 3.17162 3
    endloop
  endfacet
  facet normal -0.336794 0.941578 0
    outer loop
      vertex 4.25829 89.7416 0
      vertex 3.7039 89.5433 3
      vertex 4.25829 89.7416 3
    endloop
  endfacet
  facet normal -0.336794 0.941578 0
    outer loop
      vertex 3.7039 89.5433 3
      vertex 4.25829 89.7416 0
      vertex 3.7039 89.5433 0
    endloop
  endfacet
  facet normal 0.595589 0.803289 -0
    outer loop
      vertex 198.806 88.6381 0
      vertex 198.333 88.9888 3
      vertex 198.806 88.6381 3
    endloop
  endfacet
  facet normal 0.595589 0.803289 0
    outer loop
      vertex 198.333 88.9888 3
      vertex 198.806 88.6381 0
      vertex 198.333 88.9888 0
    endloop
  endfacet
  facet normal 0.941203 0.337842 0
    outer loop
      vertex 200.742 85.7417 3
      vertex 200.543 86.2961 0
      vertex 200.543 86.2961 3
    endloop
  endfacet
  facet normal 0.941203 0.337842 0
    outer loop
      vertex 200.543 86.2961 0
      vertex 200.742 85.7417 3
      vertex 200.742 85.7417 0
    endloop
  endfacet
  facet normal -0.595638 0.803253 0
    outer loop
      vertex 2.66658 88.9888 0
      vertex 2.19364 88.6381 3
      vertex 2.66658 88.9888 3
    endloop
  endfacet
  facet normal -0.595638 0.803253 0
    outer loop
      vertex 2.19364 88.6381 3
      vertex 2.66658 88.9888 0
      vertex 2.19364 88.6381 0
    endloop
  endfacet
  facet normal -0.970035 0.242966 0
    outer loop
      vertex 0.115288 85.1705 0
      vertex 0.258357 85.7417 3
      vertex 0.258357 85.7417 0
    endloop
  endfacet
  facet normal -0.970035 0.242966 0
    outer loop
      vertex 0.258357 85.7417 3
      vertex 0.115288 85.1705 0
      vertex 0.115288 85.1705 3
    endloop
  endfacet
  facet normal -0.941545 0.336886 0
    outer loop
      vertex 0.258357 85.7417 0
      vertex 0.456722 86.2961 3
      vertex 0.456722 86.2961 0
    endloop
  endfacet
  facet normal -0.941545 0.336886 0
    outer loop
      vertex 0.456722 86.2961 3
      vertex 0.258357 85.7417 0
      vertex 0.258357 85.7417 3
    endloop
  endfacet
  facet normal -0.671632 0.740884 0
    outer loop
      vertex 2.19364 88.6381 0
      vertex 1.75736 88.2426 3
      vertex 2.19364 88.6381 3
    endloop
  endfacet
  facet normal -0.671632 0.740884 0
    outer loop
      vertex 1.75736 88.2426 3
      vertex 2.19364 88.6381 0
      vertex 1.75736 88.2426 0
    endloop
  endfacet
  facet normal 0.595655 -0.803241 0
    outer loop
      vertex 198.333 1.01118 0
      vertex 198.806 1.36194 3
      vertex 198.333 1.01118 3
    endloop
  endfacet
  facet normal 0.595655 -0.803241 0
    outer loop
      vertex 198.806 1.36194 3
      vertex 198.333 1.01118 0
      vertex 198.806 1.36194 0
    endloop
  endfacet
  facet normal 0.941201 -0.337847 0
    outer loop
      vertex 200.543 3.7039 3
      vertex 200.742 4.25829 0
      vertex 200.742 4.25829 3
    endloop
  endfacet
  facet normal 0.941201 -0.337847 0
    outer loop
      vertex 200.742 4.25829 0
      vertex 200.543 3.7039 3
      vertex 200.543 3.7039 0
    endloop
  endfacet
  facet normal 0.97006 -0.242867 0
    outer loop
      vertex 200.742 4.25829 3
      vertex 200.885 4.82946 0
      vertex 200.885 4.82946 3
    endloop
  endfacet
  facet normal 0.97006 -0.242867 0
    outer loop
      vertex 200.885 4.82946 0
      vertex 200.742 4.25829 3
      vertex 200.742 4.25829 0
    endloop
  endfacet
  facet normal 0.337102 -0.941468 0
    outer loop
      vertex 196.742 0.258357 0
      vertex 197.296 0.456722 3
      vertex 196.742 0.258357 3
    endloop
  endfacet
  facet normal 0.337102 -0.941468 0
    outer loop
      vertex 197.296 0.456722 3
      vertex 196.742 0.258357 0
      vertex 197.296 0.456722 0
    endloop
  endfacet
  facet normal 0.243046 -0.970015 0
    outer loop
      vertex 196.171 0.115288 0
      vertex 196.742 0.258357 3
      vertex 196.171 0.115288 3
    endloop
  endfacet
  facet normal 0.243046 -0.970015 0
    outer loop
      vertex 196.742 0.258357 3
      vertex 196.171 0.115288 0
      vertex 196.742 0.258357 0
    endloop
  endfacet
  facet normal 0.146592 -0.989197 0
    outer loop
      vertex 195.588 0.0288916 0
      vertex 196.171 0.115288 3
      vertex 195.588 0.0288916 3
    endloop
  endfacet
  facet normal 0.146592 -0.989197 0
    outer loop
      vertex 196.171 0.115288 3
      vertex 195.588 0.0288916 0
      vertex 196.171 0.115288 0
    endloop
  endfacet
  facet normal -0.514101 -0.85773 0
    outer loop
      vertex 2.66658 1.01118 0
      vertex 3.17162 0.708472 3
      vertex 2.66658 1.01118 3
    endloop
  endfacet
  facet normal -0.514101 -0.85773 -0
    outer loop
      vertex 3.17162 0.708472 3
      vertex 2.66658 1.01118 0
      vertex 3.17162 0.708472 0
    endloop
  endfacet
  facet normal -0.427556 -0.903989 0
    outer loop
      vertex 3.17162 0.708472 0
      vertex 3.7039 0.456722 3
      vertex 3.17162 0.708472 3
    endloop
  endfacet
  facet normal -0.427556 -0.903989 -0
    outer loop
      vertex 3.7039 0.456722 3
      vertex 3.17162 0.708472 0
      vertex 3.7039 0.456722 0
    endloop
  endfacet
  facet normal -0.941543 -0.336891 0
    outer loop
      vertex 0.456722 3.7039 0
      vertex 0.258357 4.25829 3
      vertex 0.258357 4.25829 0
    endloop
  endfacet
  facet normal -0.941543 -0.336891 0
    outer loop
      vertex 0.258357 4.25829 3
      vertex 0.456722 3.7039 0
      vertex 0.456722 3.7039 3
    endloop
  endfacet
  facet normal -0.146736 0.989176 0
    outer loop
      vertex 5.4119 89.9711 0
      vertex 4.82946 89.8847 3
      vertex 5.4119 89.9711 3
    endloop
  endfacet
  facet normal -0.146736 0.989176 0
    outer loop
      vertex 4.82946 89.8847 3
      vertex 5.4119 89.9711 0
      vertex 4.82946 89.8847 0
    endloop
  endfacet
  facet normal -0.0490821 0.998795 0
    outer loop
      vertex 6 90 0
      vertex 5.4119 89.9711 3
      vertex 6 90 3
    endloop
  endfacet
  facet normal -0.0490821 0.998795 0
    outer loop
      vertex 5.4119 89.9711 3
      vertex 6 90 0
      vertex 5.4119 89.9711 0
    endloop
  endfacet
  facet normal -0.243027 0.970019 0
    outer loop
      vertex 4.82946 89.8847 0
      vertex 4.25829 89.7416 3
      vertex 4.82946 89.8847 3
    endloop
  endfacet
  facet normal -0.243027 0.970019 0
    outer loop
      vertex 4.25829 89.7416 3
      vertex 4.82946 89.8847 0
      vertex 4.25829 89.7416 0
    endloop
  endfacet
  facet normal 0.427809 0.903869 -0
    outer loop
      vertex 197.828 89.2915 0
      vertex 197.296 89.5433 3
      vertex 197.828 89.2915 3
    endloop
  endfacet
  facet normal 0.427809 0.903869 0
    outer loop
      vertex 197.296 89.5433 3
      vertex 197.828 89.2915 0
      vertex 197.296 89.5433 0
    endloop
  endfacet
  facet normal 0.146598 0.989196 -0
    outer loop
      vertex 196.171 89.8847 0
      vertex 195.588 89.9711 3
      vertex 196.171 89.8847 3
    endloop
  endfacet
  facet normal 0.146598 0.989196 0
    outer loop
      vertex 195.588 89.9711 3
      vertex 196.171 89.8847 0
      vertex 195.588 89.9711 0
    endloop
  endfacet
  facet normal 0.243095 0.970002 -0
    outer loop
      vertex 196.742 89.7416 0
      vertex 196.171 89.8847 3
      vertex 196.742 89.7416 3
    endloop
  endfacet
  facet normal 0.243095 0.970002 0
    outer loop
      vertex 196.171 89.8847 3
      vertex 196.742 89.7416 0
      vertex 196.171 89.8847 0
    endloop
  endfacet
  facet normal 0.337004 0.941503 -0
    outer loop
      vertex 197.296 89.5433 0
      vertex 196.742 89.7416 3
      vertex 197.296 89.5433 3
    endloop
  endfacet
  facet normal 0.337004 0.941503 0
    outer loop
      vertex 196.742 89.7416 3
      vertex 197.296 89.5433 0
      vertex 196.742 89.7416 0
    endloop
  endfacet
  facet normal 0.857493 0.514496 0
    outer loop
      vertex 200.292 86.8284 3
      vertex 199.989 87.3334 0
      vertex 199.989 87.3334 3
    endloop
  endfacet
  facet normal 0.857493 0.514496 0
    outer loop
      vertex 199.989 87.3334 0
      vertex 200.292 86.8284 3
      vertex 200.292 86.8284 0
    endloop
  endfacet
  facet normal 0.671024 0.741435 -0
    outer loop
      vertex 199.243 88.2426 0
      vertex 198.806 88.6381 3
      vertex 199.243 88.2426 3
    endloop
  endfacet
  facet normal 0.671024 0.741435 0
    outer loop
      vertex 198.806 88.6381 3
      vertex 199.243 88.2426 0
      vertex 198.806 88.6381 0
    endloop
  endfacet
  facet normal -0.989175 0.14674 0
    outer loop
      vertex 0.0288916 84.5881 0
      vertex 0.115288 85.1705 3
      vertex 0.115288 85.1705 0
    endloop
  endfacet
  facet normal -0.989175 0.14674 0
    outer loop
      vertex 0.115288 85.1705 3
      vertex 0.0288916 84.5881 0
      vertex 0.0288916 84.5881 3
    endloop
  endfacet
  facet normal -0.903995 0.427542 0
    outer loop
      vertex 0.456722 86.2961 0
      vertex 0.708472 86.8284 3
      vertex 0.708472 86.8284 0
    endloop
  endfacet
  facet normal -0.903995 0.427542 0
    outer loop
      vertex 0.708472 86.8284 3
      vertex 0.456722 86.2961 0
      vertex 0.456722 86.2961 3
    endloop
  endfacet
  facet normal -0.857712 0.514131 0
    outer loop
      vertex 0.708472 86.8284 0
      vertex 1.01118 87.3334 3
      vertex 1.01118 87.3334 0
    endloop
  endfacet
  facet normal -0.857712 0.514131 0
    outer loop
      vertex 1.01118 87.3334 3
      vertex 0.708472 86.8284 0
      vertex 0.708472 86.8284 3
    endloop
  endfacet
  facet normal -0.740891 0.671625 0
    outer loop
      vertex 1.36194 87.8064 0
      vertex 1.75736 88.2426 3
      vertex 1.75736 88.2426 0
    endloop
  endfacet
  facet normal -0.740891 0.671625 0
    outer loop
      vertex 1.75736 88.2426 3
      vertex 1.36194 87.8064 0
      vertex 1.36194 87.8064 3
    endloop
  endfacet
  facet normal -0.514091 0.857736 0
    outer loop
      vertex 3.17162 89.2915 0
      vertex 2.66658 88.9888 3
      vertex 3.17162 89.2915 3
    endloop
  endfacet
  facet normal -0.514091 0.857736 0
    outer loop
      vertex 2.66658 88.9888 3
      vertex 3.17162 89.2915 0
      vertex 2.66658 88.9888 0
    endloop
  endfacet
  facet normal -0.427625 0.903956 0
    outer loop
      vertex 3.7039 89.5433 0
      vertex 3.17162 89.2915 3
      vertex 3.7039 89.5433 3
    endloop
  endfacet
  facet normal -0.427625 0.903956 0
    outer loop
      vertex 3.17162 89.2915 3
      vertex 3.7039 89.5433 0
      vertex 3.17162 89.2915 0
    endloop
  endfacet
  facet normal 0.514131 -0.857712 0
    outer loop
      vertex 197.828 0.708472 0
      vertex 198.333 1.01118 3
      vertex 197.828 0.708472 3
    endloop
  endfacet
  facet normal 0.514131 -0.857712 0
    outer loop
      vertex 198.333 1.01118 3
      vertex 197.828 0.708472 0
      vertex 198.333 1.01118 0
    endloop
  endfacet
  facet normal 0.67095 -0.741503 0
    outer loop
      vertex 198.806 1.36194 0
      vertex 199.243 1.75736 3
      vertex 198.806 1.36194 3
    endloop
  endfacet
  facet normal 0.67095 -0.741503 0
    outer loop
      vertex 199.243 1.75736 3
      vertex 198.806 1.36194 0
      vertex 199.243 1.75736 0
    endloop
  endfacet
  facet normal 0.857511 -0.514466 0
    outer loop
      vertex 199.989 2.66658 3
      vertex 200.292 3.17162 0
      vertex 200.292 3.17162 3
    endloop
  endfacet
  facet normal 0.857511 -0.514466 0
    outer loop
      vertex 200.292 3.17162 0
      vertex 199.989 2.66658 3
      vertex 199.989 2.66658 0
    endloop
  endfacet
  facet normal 0.741307 -0.671166 0
    outer loop
      vertex 199.243 1.75736 3
      vertex 199.638 2.19364 0
      vertex 199.638 2.19364 3
    endloop
  endfacet
  facet normal 0.741307 -0.671166 0
    outer loop
      vertex 199.638 2.19364 0
      vertex 199.243 1.75736 3
      vertex 199.243 1.75736 0
    endloop
  endfacet
  facet normal 0.803009 -0.595966 0
    outer loop
      vertex 199.638 2.19364 3
      vertex 199.989 2.66658 0
      vertex 199.989 2.66658 3
    endloop
  endfacet
  facet normal 0.803009 -0.595966 0
    outer loop
      vertex 199.989 2.66658 0
      vertex 199.638 2.19364 3
      vertex 199.638 2.19364 0
    endloop
  endfacet
  facet normal -0.595703 -0.803204 0
    outer loop
      vertex 2.19364 1.36194 0
      vertex 2.66658 1.01118 3
      vertex 2.19364 1.36194 3
    endloop
  endfacet
  facet normal -0.595703 -0.803204 -0
    outer loop
      vertex 2.66658 1.01118 3
      vertex 2.19364 1.36194 0
      vertex 2.66658 1.01118 0
    endloop
  endfacet
  facet normal -0.242978 -0.970032 0
    outer loop
      vertex 4.25829 0.258357 0
      vertex 4.82946 0.115288 3
      vertex 4.25829 0.258357 3
    endloop
  endfacet
  facet normal -0.242978 -0.970032 -0
    outer loop
      vertex 4.82946 0.115288 3
      vertex 4.25829 0.258357 0
      vertex 4.82946 0.115288 0
    endloop
  endfacet
  facet normal -0.0490678 -0.998795 0
    outer loop
      vertex 5.4119 0.0288916 0
      vertex 6 0 3
      vertex 5.4119 0.0288916 3
    endloop
  endfacet
  facet normal -0.0490678 -0.998795 -0
    outer loop
      vertex 6 0 3
      vertex 5.4119 0.0288916 0
      vertex 6 0 0
    endloop
  endfacet
  facet normal -0.14673 -0.989177 0
    outer loop
      vertex 4.82946 0.115288 0
      vertex 5.4119 0.0288916 3
      vertex 4.82946 0.115288 3
    endloop
  endfacet
  facet normal -0.14673 -0.989177 -0
    outer loop
      vertex 5.4119 0.0288916 3
      vertex 4.82946 0.115288 0
      vertex 5.4119 0.0288916 0
    endloop
  endfacet
  facet normal -0.85773 -0.514101 0
    outer loop
      vertex 1.01118 2.66658 0
      vertex 0.708472 3.17162 3
      vertex 0.708472 3.17162 0
    endloop
  endfacet
  facet normal -0.85773 -0.514101 0
    outer loop
      vertex 0.708472 3.17162 3
      vertex 1.01118 2.66658 0
      vertex 1.01118 2.66658 3
    endloop
  endfacet
  facet normal -0.740952 -0.671558 0
    outer loop
      vertex 1.75736 1.75736 0
      vertex 1.36194 2.19364 3
      vertex 1.36194 2.19364 0
    endloop
  endfacet
  facet normal -0.740952 -0.671558 0
    outer loop
      vertex 1.36194 2.19364 3
      vertex 1.75736 1.75736 0
      vertex 1.75736 1.75736 3
    endloop
  endfacet
  facet normal -0.803204 -0.595703 0
    outer loop
      vertex 1.36194 2.19364 0
      vertex 1.01118 2.66658 3
      vertex 1.01118 2.66658 0
    endloop
  endfacet
  facet normal -0.803204 -0.595703 0
    outer loop
      vertex 1.01118 2.66658 3
      vertex 1.36194 2.19364 0
      vertex 1.36194 2.19364 3
    endloop
  endfacet
  facet normal -0.970032 -0.242978 0
    outer loop
      vertex 0.258357 4.25829 0
      vertex 0.115288 4.82946 3
      vertex 0.115288 4.82946 0
    endloop
  endfacet
  facet normal -0.970032 -0.242978 0
    outer loop
      vertex 0.115288 4.82946 3
      vertex 0.258357 4.25829 0
      vertex 0.258357 4.25829 3
    endloop
  endfacet
  facet normal -0.989177 -0.14673 0
    outer loop
      vertex 0.115288 4.82946 0
      vertex 0.0288916 5.4119 3
      vertex 0.0288916 5.4119 0
    endloop
  endfacet
  facet normal -0.989177 -0.14673 0
    outer loop
      vertex 0.0288916 5.4119 3
      vertex 0.115288 4.82946 0
      vertex 0.115288 4.82946 3
    endloop
  endfacet
  facet normal 0.741246 0.671234 0
    outer loop
      vertex 199.638 87.8064 3
      vertex 199.243 88.2426 0
      vertex 199.243 88.2426 3
    endloop
  endfacet
  facet normal 0.741246 0.671234 0
    outer loop
      vertex 199.243 88.2426 0
      vertex 199.638 87.8064 3
      vertex 199.638 87.8064 0
    endloop
  endfacet
  facet normal 0.904487 0.426501 0
    outer loop
      vertex 200.543 86.2961 3
      vertex 200.292 86.8284 0
      vertex 200.292 86.8284 3
    endloop
  endfacet
  facet normal 0.904487 0.426501 0
    outer loop
      vertex 200.292 86.8284 0
      vertex 200.543 86.2961 3
      vertex 200.543 86.2961 0
    endloop
  endfacet
  facet normal 0.514121 0.857718 -0
    outer loop
      vertex 198.333 88.9888 0
      vertex 197.828 89.2915 3
      vertex 198.333 88.9888 3
    endloop
  endfacet
  facet normal 0.514121 0.857718 0
    outer loop
      vertex 197.828 89.2915 3
      vertex 198.333 88.9888 0
      vertex 197.828 89.2915 0
    endloop
  endfacet
  facet normal 0.970063 0.242855 0
    outer loop
      vertex 200.885 85.1705 3
      vertex 200.742 85.7417 0
      vertex 200.742 85.7417 3
    endloop
  endfacet
  facet normal 0.970063 0.242855 0
    outer loop
      vertex 200.742 85.7417 0
      vertex 200.885 85.1705 3
      vertex 200.885 85.1705 0
    endloop
  endfacet
  facet normal 0.989273 0.146081 0
    outer loop
      vertex 200.971 84.5881 3
      vertex 200.885 85.1705 0
      vertex 200.885 85.1705 3
    endloop
  endfacet
  facet normal 0.989273 0.146081 0
    outer loop
      vertex 200.885 85.1705 0
      vertex 200.971 84.5881 3
      vertex 200.971 84.5881 0
    endloop
  endfacet
  facet normal 0.904481 -0.426514 0
    outer loop
      vertex 200.292 3.17162 3
      vertex 200.543 3.7039 0
      vertex 200.543 3.7039 3
    endloop
  endfacet
  facet normal 0.904481 -0.426514 0
    outer loop
      vertex 200.543 3.7039 0
      vertex 200.292 3.17162 3
      vertex 200.292 3.17162 0
    endloop
  endfacet
endsolid OpenSCAD_Model
