solid OpenSCAD_Model
  facet normal -0.442502 0.896767 0
    outer loop
      vertex 11.1117 148.63 0
      vertex 9 147.588 82
      vertex 11.1117 148.63 82
    endloop
  endfacet
  facet normal -0.442502 0.896767 0
    outer loop
      vertex 9 147.588 82
      vertex 11.1117 148.63 0
      vertex 9 147.588 0
    endloop
  endfacet
  facet normal -0.659348 -0.751838 0
    outer loop
      vertex 5.27208 5.27208 0
      vertex 7.04229 3.71964 82
      vertex 5.27208 5.27208 82
    endloop
  endfacet
  facet normal -0.659348 -0.751838 -0
    outer loop
      vertex 7.04229 3.71964 82
      vertex 5.27208 5.27208 0
      vertex 7.04229 3.71964 0
    endloop
  endfacet
  facet normal 0.442452 0.896792 -0
    outer loop
      vertex 136 147.588 0
      vertex 133.888 148.63 82
      vertex 136 147.588 82
    endloop
  endfacet
  facet normal 0.442452 0.896792 0
    outer loop
      vertex 133.888 148.63 82
      vertex 136 147.588 0
      vertex 133.888 148.63 0
    endloop
  endfacet
  facet normal -1 0 0
    outer loop
      vertex 0 132 0
      vertex 0 81 30
      vertex 0 132 82
    endloop
  endfacet
  facet normal -1 0 0
    outer loop
      vertex 0 132 0
      vertex 0 80.9658 29.4779
      vertex 0 81 30
    endloop
  endfacet
  facet normal -1 0 0
    outer loop
      vertex 0 132 0
      vertex 0 80.8637 28.9647
      vertex 0 80.9658 29.4779
    endloop
  endfacet
  facet normal -1 0 0
    outer loop
      vertex 0 132 0
      vertex 0 80.6955 28.4693
      vertex 0 80.8637 28.9647
    endloop
  endfacet
  facet normal -1 0 0
    outer loop
      vertex 0 132 0
      vertex 0 80.4641 28
      vertex 0 80.6955 28.4693
    endloop
  endfacet
  facet normal -1 0 0
    outer loop
      vertex 0 132 0
      vertex 0 80.1734 27.565
      vertex 0 80.4641 28
    endloop
  endfacet
  facet normal -1 0 0
    outer loop
      vertex 0 132 0
      vertex 0 79.8284 27.1716
      vertex 0 80.1734 27.565
    endloop
  endfacet
  facet normal -1 0 0
    outer loop
      vertex 0 132 0
      vertex 0 79.435 26.8266
      vertex 0 79.8284 27.1716
    endloop
  endfacet
  facet normal -1 0 0
    outer loop
      vertex 0 132 0
      vertex 0 79 26.5359
      vertex 0 79.435 26.8266
    endloop
  endfacet
  facet normal -1 0 0
    outer loop
      vertex 0 132 0
      vertex 0 78.5307 26.3045
      vertex 0 79 26.5359
    endloop
  endfacet
  facet normal -1 0 0
    outer loop
      vertex 0 132 0
      vertex 0 78.0353 26.1363
      vertex 0 78.5307 26.3045
    endloop
  endfacet
  facet normal -1 0 0
    outer loop
      vertex 0 132 0
      vertex 0 77.5221 26.0342
      vertex 0 78.0353 26.1363
    endloop
  endfacet
  facet normal -1 0 0
    outer loop
      vertex 0 132 0
      vertex 0 77 26
      vertex 0 77.5221 26.0342
    endloop
  endfacet
  facet normal -1 0 0
    outer loop
      vertex 0 132 0
      vertex 0 73 26
      vertex 0 77 26
    endloop
  endfacet
  facet normal -1 0 0
    outer loop
      vertex 0 18 0
      vertex 0 73 26
      vertex 0 132 0
    endloop
  endfacet
  facet normal -1 -0 0
    outer loop
      vertex 0 73 26
      vertex 0 18 0
      vertex 0 72.4779 26.0342
    endloop
  endfacet
  facet normal -1 -0 0
    outer loop
      vertex 0 72.4779 26.0342
      vertex 0 18 0
      vertex 0 71.9647 26.1363
    endloop
  endfacet
  facet normal -1 0 0
    outer loop
      vertex 0 18 82
      vertex 0 69 30
      vertex 0 18 0
    endloop
  endfacet
  facet normal -1 -0 0
    outer loop
      vertex 0 69.0342 29.4779
      vertex 0 18 0
      vertex 0 69 30
    endloop
  endfacet
  facet normal -1 -0 0
    outer loop
      vertex 0 69.1363 28.9647
      vertex 0 18 0
      vertex 0 69.0342 29.4779
    endloop
  endfacet
  facet normal -1 -0 0
    outer loop
      vertex 0 69.3045 28.4693
      vertex 0 18 0
      vertex 0 69.1363 28.9647
    endloop
  endfacet
  facet normal -1 -0 0
    outer loop
      vertex 0 69.5359 28
      vertex 0 18 0
      vertex 0 69.3045 28.4693
    endloop
  endfacet
  facet normal -1 -0 0
    outer loop
      vertex 0 69.8266 27.565
      vertex 0 18 0
      vertex 0 69.5359 28
    endloop
  endfacet
  facet normal -1 -0 0
    outer loop
      vertex 0 70.1716 27.1716
      vertex 0 18 0
      vertex 0 69.8266 27.565
    endloop
  endfacet
  facet normal -1 -0 0
    outer loop
      vertex 0 70.565 26.8266
      vertex 0 18 0
      vertex 0 70.1716 27.1716
    endloop
  endfacet
  facet normal -1 -0 0
    outer loop
      vertex 0 71 26.5359
      vertex 0 18 0
      vertex 0 70.565 26.8266
    endloop
  endfacet
  facet normal -1 -0 0
    outer loop
      vertex 0 71.4693 26.3045
      vertex 0 18 0
      vertex 0 71 26.5359
    endloop
  endfacet
  facet normal -1 -0 0
    outer loop
      vertex 0 71.9647 26.1363
      vertex 0 18 0
      vertex 0 71.4693 26.3045
    endloop
  endfacet
  facet normal -1 0 0
    outer loop
      vertex 0 81 56
      vertex 0 132 82
      vertex 0 81 30
    endloop
  endfacet
  facet normal -1 0 0
    outer loop
      vertex 0 80.9658 56.5221
      vertex 0 132 82
      vertex 0 81 56
    endloop
  endfacet
  facet normal -1 0 0
    outer loop
      vertex 0 80.8637 57.0353
      vertex 0 132 82
      vertex 0 80.9658 56.5221
    endloop
  endfacet
  facet normal -1 0 0
    outer loop
      vertex 0 80.6955 57.5307
      vertex 0 132 82
      vertex 0 80.8637 57.0353
    endloop
  endfacet
  facet normal -1 0 0
    outer loop
      vertex 0 80.4641 58
      vertex 0 132 82
      vertex 0 80.6955 57.5307
    endloop
  endfacet
  facet normal -1 0 0
    outer loop
      vertex 0 80.1734 58.435
      vertex 0 132 82
      vertex 0 80.4641 58
    endloop
  endfacet
  facet normal -1 0 0
    outer loop
      vertex 0 79.8284 58.8284
      vertex 0 132 82
      vertex 0 80.1734 58.435
    endloop
  endfacet
  facet normal -1 0 0
    outer loop
      vertex 0 79.435 59.1734
      vertex 0 132 82
      vertex 0 79.8284 58.8284
    endloop
  endfacet
  facet normal -1 0 0
    outer loop
      vertex 0 79 59.4641
      vertex 0 132 82
      vertex 0 79.435 59.1734
    endloop
  endfacet
  facet normal -1 0 0
    outer loop
      vertex 0 78.5307 59.6955
      vertex 0 132 82
      vertex 0 79 59.4641
    endloop
  endfacet
  facet normal -1 0 0
    outer loop
      vertex 0 78.0353 59.8637
      vertex 0 132 82
      vertex 0 78.5307 59.6955
    endloop
  endfacet
  facet normal -1 0 0
    outer loop
      vertex 0 77.5221 59.9658
      vertex 0 132 82
      vertex 0 78.0353 59.8637
    endloop
  endfacet
  facet normal -1 0 0
    outer loop
      vertex 0 77 60
      vertex 0 132 82
      vertex 0 77.5221 59.9658
    endloop
  endfacet
  facet normal -1 0 0
    outer loop
      vertex 0 73 60
      vertex 0 132 82
      vertex 0 77 60
    endloop
  endfacet
  facet normal -1 0 0
    outer loop
      vertex 0 18 82
      vertex 0 73 60
      vertex 0 72.4779 59.9658
    endloop
  endfacet
  facet normal -1 0 0
    outer loop
      vertex 0 18 82
      vertex 0 72.4779 59.9658
      vertex 0 71.9647 59.8637
    endloop
  endfacet
  facet normal -1 0 0
    outer loop
      vertex 0 18 82
      vertex 0 71.9647 59.8637
      vertex 0 71.4693 59.6955
    endloop
  endfacet
  facet normal -1 0 0
    outer loop
      vertex 0 69 30
      vertex 0 18 82
      vertex 0 69 56
    endloop
  endfacet
  facet normal -1 0 0
    outer loop
      vertex 0 69 56
      vertex 0 18 82
      vertex 0 69.0342 56.5221
    endloop
  endfacet
  facet normal -1 0 0
    outer loop
      vertex 0 69.0342 56.5221
      vertex 0 18 82
      vertex 0 69.1363 57.0353
    endloop
  endfacet
  facet normal -1 0 0
    outer loop
      vertex 0 69.1363 57.0353
      vertex 0 18 82
      vertex 0 69.3045 57.5307
    endloop
  endfacet
  facet normal -1 0 0
    outer loop
      vertex 0 69.3045 57.5307
      vertex 0 18 82
      vertex 0 69.5359 58
    endloop
  endfacet
  facet normal -1 0 0
    outer loop
      vertex 0 69.5359 58
      vertex 0 18 82
      vertex 0 69.8266 58.435
    endloop
  endfacet
  facet normal -1 0 0
    outer loop
      vertex 0 73 60
      vertex 0 18 82
      vertex 0 132 82
    endloop
  endfacet
  facet normal -1 0 0
    outer loop
      vertex 0 71 59.4641
      vertex 0 18 82
      vertex 0 71.4693 59.6955
    endloop
  endfacet
  facet normal -1 0 0
    outer loop
      vertex 0 70.565 59.1734
      vertex 0 18 82
      vertex 0 71 59.4641
    endloop
  endfacet
  facet normal -1 0 0
    outer loop
      vertex 0 70.1716 58.8284
      vertex 0 18 82
      vertex 0 70.565 59.1734
    endloop
  endfacet
  facet normal -1 0 0
    outer loop
      vertex 0 69.8266 58.435
      vertex 0 18 82
      vertex 0 70.1716 58.8284
    endloop
  endfacet
  facet normal -0.555541 0.831489 0
    outer loop
      vertex 9 147.588 0
      vertex 7.04229 146.28 82
      vertex 9 147.588 82
    endloop
  endfacet
  facet normal -0.555541 0.831489 0
    outer loop
      vertex 7.04229 146.28 82
      vertex 9 147.588 0
      vertex 7.04229 146.28 0
    endloop
  endfacet
  facet normal -0.659242 0.751931 0
    outer loop
      vertex 7.04229 146.28 0
      vertex 5.27208 144.728 82
      vertex 7.04229 146.28 82
    endloop
  endfacet
  facet normal -0.659242 0.751931 0
    outer loop
      vertex 5.27208 144.728 82
      vertex 7.04229 146.28 0
      vertex 5.27208 144.728 0
    endloop
  endfacet
  facet normal 0.94691 -0.321498 0
    outer loop
      vertex 143.63 11.1117 82
      vertex 144.387 13.3413 0
      vertex 144.387 13.3413 82
    endloop
  endfacet
  facet normal 0.94691 -0.321498 0
    outer loop
      vertex 144.387 13.3413 0
      vertex 143.63 11.1117 82
      vertex 143.63 11.1117 0
    endloop
  endfacet
  facet normal -0.83147 -0.55557 0
    outer loop
      vertex 3.71964 7.04229 0
      vertex 2.41154 9 82
      vertex 2.41154 9 0
    endloop
  endfacet
  facet normal -0.83147 -0.55557 0
    outer loop
      vertex 2.41154 9 82
      vertex 3.71964 7.04229 0
      vertex 3.71964 7.04229 82
    endloop
  endfacet
  facet normal 0 1 -0
    outer loop
      vertex 127 150 0
      vertex 18 150 82
      vertex 127 150 82
    endloop
  endfacet
  facet normal 0 1 0
    outer loop
      vertex 18 150 82
      vertex 127 150 0
      vertex 18 150 0
    endloop
  endfacet
  facet normal 0.195031 -0.980797 0
    outer loop
      vertex 129.349 0.153992 0
      vertex 131.659 0.613335 82
      vertex 129.349 0.153992 82
    endloop
  endfacet
  facet normal 0.195031 -0.980797 0
    outer loop
      vertex 131.659 0.613335 82
      vertex 129.349 0.153992 0
      vertex 131.659 0.613335 0
    endloop
  endfacet
  facet normal 0 -1 0
    outer loop
      vertex 18 0 0
      vertex 127 0 82
      vertex 18 0 82
    endloop
  endfacet
  facet normal 0 -1 -0
    outer loop
      vertex 127 0 82
      vertex 18 0 0
      vertex 127 0 0
    endloop
  endfacet
  facet normal 1 -0 0
    outer loop
      vertex 145 18 82
      vertex 145 132 0
      vertex 145 132 82
    endloop
  endfacet
  facet normal 1 0 0
    outer loop
      vertex 145 132 0
      vertex 145 18 82
      vertex 145 18 0
    endloop
  endfacet
  facet normal -0.194956 0.980812 0
    outer loop
      vertex 15.6505 149.846 0
      vertex 13.3413 149.387 82
      vertex 15.6505 149.846 82
    endloop
  endfacet
  facet normal -0.194956 0.980812 0
    outer loop
      vertex 13.3413 149.387 82
      vertex 15.6505 149.846 0
      vertex 13.3413 149.387 0
    endloop
  endfacet
  facet normal 0.194891 0.980825 -0
    outer loop
      vertex 131.659 149.387 0
      vertex 129.349 149.846 82
      vertex 131.659 149.387 82
    endloop
  endfacet
  facet normal 0.194891 0.980825 0
    outer loop
      vertex 129.349 149.846 82
      vertex 131.659 149.387 0
      vertex 129.349 149.846 0
    endloop
  endfacet
  facet normal -0.0654021 -0.997859 0
    outer loop
      vertex 15.6505 0.153992 0
      vertex 18 0 82
      vertex 15.6505 0.153992 82
    endloop
  endfacet
  facet normal -0.0654021 -0.997859 -0
    outer loop
      vertex 18 0 82
      vertex 15.6505 0.153992 0
      vertex 18 0 0
    endloop
  endfacet
  facet normal 0.896767 -0.442502 0
    outer loop
      vertex 142.588 9 82
      vertex 143.63 11.1117 0
      vertex 143.63 11.1117 82
    endloop
  endfacet
  facet normal 0.896767 -0.442502 0
    outer loop
      vertex 143.63 11.1117 0
      vertex 142.588 9 82
      vertex 142.588 9 0
    endloop
  endfacet
  facet normal -0.946932 -0.321435 0
    outer loop
      vertex 1.37017 11.1117 0
      vertex 0.613335 13.3413 82
      vertex 0.613335 13.3413 0
    endloop
  endfacet
  facet normal -0.946932 -0.321435 0
    outer loop
      vertex 0.613335 13.3413 82
      vertex 1.37017 11.1117 0
      vertex 1.37017 11.1117 82
    endloop
  endfacet
  facet normal -0.997859 -0.0654021 0
    outer loop
      vertex 0.153992 15.6505 0
      vertex 0 18 82
      vertex 0 18 0
    endloop
  endfacet
  facet normal -0.997859 -0.0654021 0
    outer loop
      vertex 0 18 82
      vertex 0.153992 15.6505 0
      vertex 0.153992 15.6505 82
    endloop
  endfacet
  facet normal -0.321498 0.94691 0
    outer loop
      vertex 13.3413 149.387 0
      vertex 11.1117 148.63 82
      vertex 13.3413 149.387 82
    endloop
  endfacet
  facet normal -0.321498 0.94691 0
    outer loop
      vertex 11.1117 148.63 82
      vertex 13.3413 149.387 0
      vertex 11.1117 148.63 0
    endloop
  endfacet
  facet normal 0.946884 0.321575 0
    outer loop
      vertex 144.387 136.659 82
      vertex 143.63 138.888 0
      vertex 143.63 138.888 82
    endloop
  endfacet
  facet normal 0.946884 0.321575 0
    outer loop
      vertex 143.63 138.888 0
      vertex 144.387 136.659 82
      vertex 144.387 136.659 0
    endloop
  endfacet
  facet normal -0.896874 -0.442287 0
    outer loop
      vertex 2.41154 9 0
      vertex 1.37017 11.1117 82
      vertex 1.37017 11.1117 0
    endloop
  endfacet
  facet normal -0.896874 -0.442287 0
    outer loop
      vertex 1.37017 11.1117 82
      vertex 2.41154 9 0
      vertex 2.41154 9 82
    endloop
  endfacet
  facet normal -0.195096 -0.980784 0
    outer loop
      vertex 13.3413 0.613335 0
      vertex 15.6505 0.153992 82
      vertex 13.3413 0.613335 82
    endloop
  endfacet
  facet normal -0.195096 -0.980784 -0
    outer loop
      vertex 15.6505 0.153992 82
      vertex 13.3413 0.613335 0
      vertex 15.6505 0.153992 0
    endloop
  endfacet
  facet normal 0.442236 -0.896899 0
    outer loop
      vertex 133.888 1.37017 0
      vertex 136 2.41154 82
      vertex 133.888 1.37017 82
    endloop
  endfacet
  facet normal 0.442236 -0.896899 0
    outer loop
      vertex 136 2.41154 82
      vertex 133.888 1.37017 0
      vertex 136 2.41154 0
    endloop
  endfacet
  facet normal 0.751892 0.659286 0
    outer loop
      vertex 141.28 142.958 82
      vertex 139.728 144.728 0
      vertex 139.728 144.728 82
    endloop
  endfacet
  facet normal 0.751892 0.659286 0
    outer loop
      vertex 139.728 144.728 0
      vertex 141.28 142.958 82
      vertex 141.28 142.958 0
    endloop
  endfacet
  facet normal -0.0654055 0.997859 0
    outer loop
      vertex 18 150 0
      vertex 15.6505 149.846 82
      vertex 18 150 82
    endloop
  endfacet
  facet normal -0.0654055 0.997859 0
    outer loop
      vertex 15.6505 149.846 82
      vertex 18 150 0
      vertex 15.6505 149.846 0
    endloop
  endfacet
  facet normal -0.442287 -0.896874 0
    outer loop
      vertex 9 2.41154 0
      vertex 11.1117 1.37017 82
      vertex 9 2.41154 82
    endloop
  endfacet
  facet normal -0.442287 -0.896874 -0
    outer loop
      vertex 11.1117 1.37017 82
      vertex 9 2.41154 0
      vertex 11.1117 1.37017 0
    endloop
  endfacet
  facet normal 0.321512 -0.946905 0
    outer loop
      vertex 131.659 0.613335 0
      vertex 133.888 1.37017 82
      vertex 131.659 0.613335 82
    endloop
  endfacet
  facet normal 0.321512 -0.946905 0
    outer loop
      vertex 133.888 1.37017 82
      vertex 131.659 0.613335 0
      vertex 133.888 1.37017 0
    endloop
  endfacet
  facet normal 0.997859 -0.0654055 0
    outer loop
      vertex 144.846 15.6505 82
      vertex 145 18 0
      vertex 145 18 82
    endloop
  endfacet
  facet normal 0.997859 -0.0654055 0
    outer loop
      vertex 145 18 0
      vertex 144.846 15.6505 82
      vertex 144.846 15.6505 0
    endloop
  endfacet
  facet normal 0.659392 -0.751799 0
    outer loop
      vertex 137.958 3.71964 0
      vertex 139.728 5.27208 82
      vertex 137.958 3.71964 82
    endloop
  endfacet
  facet normal 0.659392 -0.751799 0
    outer loop
      vertex 139.728 5.27208 82
      vertex 137.958 3.71964 0
      vertex 139.728 5.27208 0
    endloop
  endfacet
  facet normal 0.980825 0.194891 0
    outer loop
      vertex 144.846 134.349 82
      vertex 144.387 136.659 0
      vertex 144.387 136.659 82
    endloop
  endfacet
  facet normal 0.980825 0.194891 0
    outer loop
      vertex 144.387 136.659 0
      vertex 144.846 134.349 82
      vertex 144.846 134.349 0
    endloop
  endfacet
  facet normal 0.831527 0.555484 0
    outer loop
      vertex 142.588 141 82
      vertex 141.28 142.958 0
      vertex 141.28 142.958 82
    endloop
  endfacet
  facet normal 0.831527 0.555484 0
    outer loop
      vertex 141.28 142.958 0
      vertex 142.588 141 82
      vertex 142.588 141 0
    endloop
  endfacet
  facet normal 0.980812 -0.194956 0
    outer loop
      vertex 144.387 13.3413 82
      vertex 144.846 15.6505 0
      vertex 144.846 15.6505 82
    endloop
  endfacet
  facet normal 0.980812 -0.194956 0
    outer loop
      vertex 144.846 15.6505 0
      vertex 144.387 13.3413 82
      vertex 144.387 13.3413 0
    endloop
  endfacet
  facet normal 0.831489 -0.555541 0
    outer loop
      vertex 141.28 7.04229 82
      vertex 142.588 9 0
      vertex 142.588 9 82
    endloop
  endfacet
  facet normal 0.831489 -0.555541 0
    outer loop
      vertex 142.588 9 0
      vertex 141.28 7.04229 82
      vertex 141.28 7.04229 0
    endloop
  endfacet
  facet normal -0.980797 0.195031 0
    outer loop
      vertex 0.153992 134.349 0
      vertex 0.613335 136.659 82
      vertex 0.613335 136.659 0
    endloop
  endfacet
  facet normal -0.980797 0.195031 0
    outer loop
      vertex 0.613335 136.659 82
      vertex 0.153992 134.349 0
      vertex 0.153992 134.349 82
    endloop
  endfacet
  facet normal 0.065416 -0.997858 0
    outer loop
      vertex 127 0 0
      vertex 129.349 0.153992 82
      vertex 127 0 82
    endloop
  endfacet
  facet normal 0.065416 -0.997858 0
    outer loop
      vertex 129.349 0.153992 82
      vertex 127 0 0
      vertex 129.349 0.153992 0
    endloop
  endfacet
  facet normal -0.321435 -0.946932 0
    outer loop
      vertex 11.1117 1.37017 0
      vertex 13.3413 0.613335 82
      vertex 11.1117 1.37017 82
    endloop
  endfacet
  facet normal -0.321435 -0.946932 -0
    outer loop
      vertex 13.3413 0.613335 82
      vertex 11.1117 1.37017 0
      vertex 13.3413 0.613335 0
    endloop
  endfacet
  facet normal 0.997858 0.0654194 0
    outer loop
      vertex 145 132 82
      vertex 144.846 134.349 0
      vertex 144.846 134.349 82
    endloop
  endfacet
  facet normal 0.997858 0.0654194 0
    outer loop
      vertex 144.846 134.349 0
      vertex 145 132 82
      vertex 145 132 0
    endloop
  endfacet
  facet normal -0.751799 0.659392 0
    outer loop
      vertex 3.71964 142.958 0
      vertex 5.27208 144.728 82
      vertex 5.27208 144.728 0
    endloop
  endfacet
  facet normal -0.751799 0.659392 0
    outer loop
      vertex 5.27208 144.728 82
      vertex 3.71964 142.958 0
      vertex 3.71964 142.958 82
    endloop
  endfacet
  facet normal 0 0 1
    outer loop
      vertex 127 150 82
      vertex 145 132 82
      vertex 144.846 134.349 82
    endloop
  endfacet
  facet normal 0 0 1
    outer loop
      vertex 145 132 82
      vertex 100 75 82
      vertex 145 18 82
    endloop
  endfacet
  facet normal 0 0 1
    outer loop
      vertex 127 150 82
      vertex 144.846 134.349 82
      vertex 144.387 136.659 82
    endloop
  endfacet
  facet normal -0 0 1
    outer loop
      vertex 99.7647 71.4105 82
      vertex 145 18 82
      vertex 100 75 82
    endloop
  endfacet
  facet normal 0 0 1
    outer loop
      vertex 127 150 82
      vertex 144.387 136.659 82
      vertex 143.63 138.888 82
    endloop
  endfacet
  facet normal -0 0 1
    outer loop
      vertex 99.063 67.8825 82
      vertex 145 18 82
      vertex 99.7647 71.4105 82
    endloop
  endfacet
  facet normal 0 0 1
    outer loop
      vertex 127 150 82
      vertex 143.63 138.888 82
      vertex 142.588 141 82
    endloop
  endfacet
  facet normal -0 0 1
    outer loop
      vertex 97.9067 64.4762 82
      vertex 145 18 82
      vertex 99.063 67.8825 82
    endloop
  endfacet
  facet normal 0 0 1
    outer loop
      vertex 127 150 82
      vertex 142.588 141 82
      vertex 141.28 142.958 82
    endloop
  endfacet
  facet normal -0 0 1
    outer loop
      vertex 96.3157 61.25 82
      vertex 145 18 82
      vertex 97.9067 64.4762 82
    endloop
  endfacet
  facet normal 0 0 1
    outer loop
      vertex 127 150 82
      vertex 141.28 142.958 82
      vertex 139.728 144.728 82
    endloop
  endfacet
  facet normal -0 0 1
    outer loop
      vertex 94.3172 58.2591 82
      vertex 145 18 82
      vertex 96.3157 61.25 82
    endloop
  endfacet
  facet normal 0 0 1
    outer loop
      vertex 127 150 82
      vertex 139.728 144.728 82
      vertex 137.958 146.28 82
    endloop
  endfacet
  facet normal -0 0 1
    outer loop
      vertex 91.9454 55.5546 82
      vertex 145 18 82
      vertex 94.3172 58.2591 82
    endloop
  endfacet
  facet normal 0 0 1
    outer loop
      vertex 127 150 82
      vertex 137.958 146.28 82
      vertex 136 147.588 82
    endloop
  endfacet
  facet normal 0 -0 1
    outer loop
      vertex 127 0 82
      vertex 145 18 82
      vertex 91.9454 55.5546 82
    endloop
  endfacet
  facet normal 0 0 1
    outer loop
      vertex 127 150 82
      vertex 136 147.588 82
      vertex 133.888 148.63 82
    endloop
  endfacet
  facet normal 0 0 1
    outer loop
      vertex 145 18 82
      vertex 127 0 82
      vertex 144.846 15.6505 82
    endloop
  endfacet
  facet normal 0 0 1
    outer loop
      vertex 127 150 82
      vertex 133.888 148.63 82
      vertex 131.659 149.387 82
    endloop
  endfacet
  facet normal 0 0 1
    outer loop
      vertex 144.846 15.6505 82
      vertex 127 0 82
      vertex 144.387 13.3413 82
    endloop
  endfacet
  facet normal 0 0 1
    outer loop
      vertex 127 150 82
      vertex 131.659 149.387 82
      vertex 129.349 149.846 82
    endloop
  endfacet
  facet normal 0 0 1
    outer loop
      vertex 144.387 13.3413 82
      vertex 127 0 82
      vertex 143.63 11.1117 82
    endloop
  endfacet
  facet normal 0 0 1
    outer loop
      vertex 145 132 82
      vertex 127 150 82
      vertex 91.9454 94.4454 82
    endloop
  endfacet
  facet normal 0 0 1
    outer loop
      vertex 142.588 9 82
      vertex 127 0 82
      vertex 141.28 7.04229 82
    endloop
  endfacet
  facet normal 0 0 1
    outer loop
      vertex 141.28 7.04229 82
      vertex 127 0 82
      vertex 139.728 5.27208 82
    endloop
  endfacet
  facet normal 0 0 1
    outer loop
      vertex 145 132 82
      vertex 99.7647 78.5895 82
      vertex 100 75 82
    endloop
  endfacet
  facet normal 0 0 1
    outer loop
      vertex 145 132 82
      vertex 99.063 82.1175 82
      vertex 99.7647 78.5895 82
    endloop
  endfacet
  facet normal 0 0 1
    outer loop
      vertex 145 132 82
      vertex 97.9067 85.5238 82
      vertex 99.063 82.1175 82
    endloop
  endfacet
  facet normal 0 0 1
    outer loop
      vertex 145 132 82
      vertex 96.3157 88.75 82
      vertex 97.9067 85.5238 82
    endloop
  endfacet
  facet normal 0 0 1
    outer loop
      vertex 145 132 82
      vertex 94.3172 91.7409 82
      vertex 96.3157 88.75 82
    endloop
  endfacet
  facet normal 0 0 1
    outer loop
      vertex 145 132 82
      vertex 91.9454 94.4454 82
      vertex 94.3172 91.7409 82
    endloop
  endfacet
  facet normal 0 0 1
    outer loop
      vertex 127 150 82
      vertex 89.2409 96.8172 82
      vertex 91.9454 94.4454 82
    endloop
  endfacet
  facet normal 0 0 1
    outer loop
      vertex 127 150 82
      vertex 86.25 98.8157 82
      vertex 89.2409 96.8172 82
    endloop
  endfacet
  facet normal 0 0 1
    outer loop
      vertex 127 150 82
      vertex 83.0238 100.407 82
      vertex 86.25 98.8157 82
    endloop
  endfacet
  facet normal 0 0 1
    outer loop
      vertex 127 150 82
      vertex 79.6175 101.563 82
      vertex 83.0238 100.407 82
    endloop
  endfacet
  facet normal 0 0 1
    outer loop
      vertex 127 150 82
      vertex 76.0895 102.265 82
      vertex 79.6175 101.563 82
    endloop
  endfacet
  facet normal 0 0 1
    outer loop
      vertex 127 150 82
      vertex 72.5 102.5 82
      vertex 76.0895 102.265 82
    endloop
  endfacet
  facet normal -0 0 1
    outer loop
      vertex 18 150 82
      vertex 72.5 102.5 82
      vertex 127 150 82
    endloop
  endfacet
  facet normal 0 0 1
    outer loop
      vertex 72.5 102.5 82
      vertex 18 150 82
      vertex 68.9105 102.265 82
    endloop
  endfacet
  facet normal 0 0 1
    outer loop
      vertex 68.9105 102.265 82
      vertex 18 150 82
      vertex 65.3825 101.563 82
    endloop
  endfacet
  facet normal 0 0 1
    outer loop
      vertex 65.3825 101.563 82
      vertex 18 150 82
      vertex 61.9762 100.407 82
    endloop
  endfacet
  facet normal 0 0 1
    outer loop
      vertex 61.9762 100.407 82
      vertex 18 150 82
      vertex 58.75 98.8157 82
    endloop
  endfacet
  facet normal 0 0 1
    outer loop
      vertex 45.937 82.1175 82
      vertex 0 132 82
      vertex 45.2353 78.5895 82
    endloop
  endfacet
  facet normal 0 0 1
    outer loop
      vertex 47.0933 85.5238 82
      vertex 0 132 82
      vertex 45.937 82.1175 82
    endloop
  endfacet
  facet normal 0 0 1
    outer loop
      vertex 48.6843 88.75 82
      vertex 0 132 82
      vertex 47.0933 85.5238 82
    endloop
  endfacet
  facet normal 0 0 1
    outer loop
      vertex 50.6828 91.7409 82
      vertex 0 132 82
      vertex 48.6843 88.75 82
    endloop
  endfacet
  facet normal 0 0 1
    outer loop
      vertex 53.0546 94.4454 82
      vertex 0 132 82
      vertex 50.6828 91.7409 82
    endloop
  endfacet
  facet normal -0 0 1
    outer loop
      vertex 0 132 82
      vertex 53.0546 94.4454 82
      vertex 18 150 82
    endloop
  endfacet
  facet normal 0 0 1
    outer loop
      vertex 55.7591 96.8172 82
      vertex 18 150 82
      vertex 53.0546 94.4454 82
    endloop
  endfacet
  facet normal 0 0 1
    outer loop
      vertex 58.75 98.8157 82
      vertex 18 150 82
      vertex 55.7591 96.8172 82
    endloop
  endfacet
  facet normal 0 0 1
    outer loop
      vertex 139.728 5.27208 82
      vertex 127 0 82
      vertex 137.958 3.71964 82
    endloop
  endfacet
  facet normal 0 0 1
    outer loop
      vertex 137.958 3.71964 82
      vertex 127 0 82
      vertex 136 2.41154 82
    endloop
  endfacet
  facet normal 0 0 1
    outer loop
      vertex 136 2.41154 82
      vertex 127 0 82
      vertex 133.888 1.37017 82
    endloop
  endfacet
  facet normal 0 0 1
    outer loop
      vertex 133.888 1.37017 82
      vertex 127 0 82
      vertex 131.659 0.613335 82
    endloop
  endfacet
  facet normal 0 0 1
    outer loop
      vertex 131.659 0.613335 82
      vertex 127 0 82
      vertex 129.349 0.153992 82
    endloop
  endfacet
  facet normal 0 0 1
    outer loop
      vertex 143.63 11.1117 82
      vertex 127 0 82
      vertex 142.588 9 82
    endloop
  endfacet
  facet normal -0 0 1
    outer loop
      vertex 89.2409 53.1828 82
      vertex 127 0 82
      vertex 91.9454 55.5546 82
    endloop
  endfacet
  facet normal -0 0 1
    outer loop
      vertex 86.25 51.1843 82
      vertex 127 0 82
      vertex 89.2409 53.1828 82
    endloop
  endfacet
  facet normal -0 0 1
    outer loop
      vertex 83.0238 49.5933 82
      vertex 127 0 82
      vertex 86.25 51.1843 82
    endloop
  endfacet
  facet normal -0 0 1
    outer loop
      vertex 79.6175 48.437 82
      vertex 127 0 82
      vertex 83.0238 49.5933 82
    endloop
  endfacet
  facet normal -0 0 1
    outer loop
      vertex 76.0895 47.7353 82
      vertex 127 0 82
      vertex 79.6175 48.437 82
    endloop
  endfacet
  facet normal -0 0 1
    outer loop
      vertex 72.5 47.5 82
      vertex 127 0 82
      vertex 76.0895 47.7353 82
    endloop
  endfacet
  facet normal 0 0 1
    outer loop
      vertex 18 0 82
      vertex 72.5 47.5 82
      vertex 68.9105 47.7353 82
    endloop
  endfacet
  facet normal 0 0 1
    outer loop
      vertex 18 0 82
      vertex 68.9105 47.7353 82
      vertex 65.3825 48.437 82
    endloop
  endfacet
  facet normal 0 0 1
    outer loop
      vertex 18 0 82
      vertex 65.3825 48.437 82
      vertex 61.9762 49.5933 82
    endloop
  endfacet
  facet normal 0 0 1
    outer loop
      vertex 18 0 82
      vertex 61.9762 49.5933 82
      vertex 58.75 51.1843 82
    endloop
  endfacet
  facet normal 0 0 1
    outer loop
      vertex 18 0 82
      vertex 58.75 51.1843 82
      vertex 55.7591 53.1828 82
    endloop
  endfacet
  facet normal 0 0 1
    outer loop
      vertex 45.2353 78.5895 82
      vertex 0 132 82
      vertex 45 75 82
    endloop
  endfacet
  facet normal 0 0 1
    outer loop
      vertex 0 18 82
      vertex 45 75 82
      vertex 0 132 82
    endloop
  endfacet
  facet normal 0 0 1
    outer loop
      vertex 45 75 82
      vertex 0 18 82
      vertex 45.2353 71.4105 82
    endloop
  endfacet
  facet normal 0 0 1
    outer loop
      vertex 72.5 47.5 82
      vertex 18 0 82
      vertex 127 0 82
    endloop
  endfacet
  facet normal 0 0 1
    outer loop
      vertex 53.0546 55.5546 82
      vertex 18 0 82
      vertex 55.7591 53.1828 82
    endloop
  endfacet
  facet normal 0 0 1
    outer loop
      vertex 0 18 82
      vertex 53.0546 55.5546 82
      vertex 50.6828 58.2591 82
    endloop
  endfacet
  facet normal 0 0 1
    outer loop
      vertex 0 18 82
      vertex 50.6828 58.2591 82
      vertex 48.6843 61.25 82
    endloop
  endfacet
  facet normal 0 0 1
    outer loop
      vertex 0 18 82
      vertex 48.6843 61.25 82
      vertex 47.0933 64.4762 82
    endloop
  endfacet
  facet normal 0 0 1
    outer loop
      vertex 45.2353 71.4105 82
      vertex 0 18 82
      vertex 45.937 67.8825 82
    endloop
  endfacet
  facet normal 0 0 1
    outer loop
      vertex 0 132 82
      vertex 18 150 82
      vertex 15.6505 149.846 82
    endloop
  endfacet
  facet normal 0 0 1
    outer loop
      vertex 45.937 67.8825 82
      vertex 0 18 82
      vertex 47.0933 64.4762 82
    endloop
  endfacet
  facet normal 0 0 1
    outer loop
      vertex 0 132 82
      vertex 15.6505 149.846 82
      vertex 13.3413 149.387 82
    endloop
  endfacet
  facet normal 0 0 1
    outer loop
      vertex 53.0546 55.5546 82
      vertex 0 18 82
      vertex 18 0 82
    endloop
  endfacet
  facet normal 0 0 1
    outer loop
      vertex 0 132 82
      vertex 13.3413 149.387 82
      vertex 11.1117 148.63 82
    endloop
  endfacet
  facet normal 0 0 1
    outer loop
      vertex 18 0 82
      vertex 0 18 82
      vertex 15.6505 0.153992 82
    endloop
  endfacet
  facet normal 0 0 1
    outer loop
      vertex 0 132 82
      vertex 11.1117 148.63 82
      vertex 9 147.588 82
    endloop
  endfacet
  facet normal 0 0 1
    outer loop
      vertex 15.6505 0.153992 82
      vertex 0 18 82
      vertex 13.3413 0.613335 82
    endloop
  endfacet
  facet normal 0 0 1
    outer loop
      vertex 0 132 82
      vertex 9 147.588 82
      vertex 7.04229 146.28 82
    endloop
  endfacet
  facet normal 0 0 1
    outer loop
      vertex 13.3413 0.613335 82
      vertex 0 18 82
      vertex 11.1117 1.37017 82
    endloop
  endfacet
  facet normal 0 0 1
    outer loop
      vertex 0 132 82
      vertex 7.04229 146.28 82
      vertex 5.27208 144.728 82
    endloop
  endfacet
  facet normal 0 0 1
    outer loop
      vertex 11.1117 1.37017 82
      vertex 0 18 82
      vertex 9 2.41154 82
    endloop
  endfacet
  facet normal 0 0 1
    outer loop
      vertex 0 132 82
      vertex 5.27208 144.728 82
      vertex 3.71964 142.958 82
    endloop
  endfacet
  facet normal 0 0 1
    outer loop
      vertex 9 2.41154 82
      vertex 0 18 82
      vertex 7.04229 3.71964 82
    endloop
  endfacet
  facet normal 0 0 1
    outer loop
      vertex 0 132 82
      vertex 3.71964 142.958 82
      vertex 2.41154 141 82
    endloop
  endfacet
  facet normal 0 0 1
    outer loop
      vertex 7.04229 3.71964 82
      vertex 0 18 82
      vertex 5.27208 5.27208 82
    endloop
  endfacet
  facet normal 0 0 1
    outer loop
      vertex 0 132 82
      vertex 2.41154 141 82
      vertex 1.37017 138.888 82
    endloop
  endfacet
  facet normal 0 0 1
    outer loop
      vertex 5.27208 5.27208 82
      vertex 0 18 82
      vertex 3.71964 7.04229 82
    endloop
  endfacet
  facet normal 0 0 1
    outer loop
      vertex 0 132 82
      vertex 1.37017 138.888 82
      vertex 0.613335 136.659 82
    endloop
  endfacet
  facet normal 0 0 1
    outer loop
      vertex 3.71964 7.04229 82
      vertex 0 18 82
      vertex 2.41154 9 82
    endloop
  endfacet
  facet normal 0 0 1
    outer loop
      vertex 0 132 82
      vertex 0.613335 136.659 82
      vertex 0.153992 134.349 82
    endloop
  endfacet
  facet normal 0 0 1
    outer loop
      vertex 2.41154 9 82
      vertex 0 18 82
      vertex 1.37017 11.1117 82
    endloop
  endfacet
  facet normal 0 0 1
    outer loop
      vertex 1.37017 11.1117 82
      vertex 0 18 82
      vertex 0.613335 13.3413 82
    endloop
  endfacet
  facet normal 0 0 1
    outer loop
      vertex 0.613335 13.3413 82
      vertex 0 18 82
      vertex 0.153992 15.6505 82
    endloop
  endfacet
  facet normal 0.751931 -0.659242 0
    outer loop
      vertex 139.728 5.27208 82
      vertex 141.28 7.04229 0
      vertex 141.28 7.04229 82
    endloop
  endfacet
  facet normal 0.751931 -0.659242 0
    outer loop
      vertex 141.28 7.04229 0
      vertex 139.728 5.27208 82
      vertex 139.728 5.27208 0
    endloop
  endfacet
  facet normal -0.55557 -0.83147 0
    outer loop
      vertex 7.04229 3.71964 0
      vertex 9 2.41154 82
      vertex 7.04229 3.71964 82
    endloop
  endfacet
  facet normal -0.55557 -0.83147 -0
    outer loop
      vertex 9 2.41154 82
      vertex 7.04229 3.71964 0
      vertex 9 2.41154 0
    endloop
  endfacet
  facet normal 0.0654194 0.997858 -0
    outer loop
      vertex 129.349 149.846 0
      vertex 127 150 82
      vertex 129.349 149.846 82
    endloop
  endfacet
  facet normal 0.0654194 0.997858 0
    outer loop
      vertex 127 150 82
      vertex 129.349 149.846 0
      vertex 127 150 0
    endloop
  endfacet
  facet normal 0.321575 0.946884 -0
    outer loop
      vertex 133.888 148.63 0
      vertex 131.659 149.387 82
      vertex 133.888 148.63 82
    endloop
  endfacet
  facet normal 0.321575 0.946884 0
    outer loop
      vertex 131.659 149.387 82
      vertex 133.888 148.63 0
      vertex 131.659 149.387 0
    endloop
  endfacet
  facet normal -0.896899 0.442236 0
    outer loop
      vertex 1.37017 138.888 0
      vertex 2.41154 141 82
      vertex 2.41154 141 0
    endloop
  endfacet
  facet normal -0.896899 0.442236 0
    outer loop
      vertex 2.41154 141 82
      vertex 1.37017 138.888 0
      vertex 1.37017 138.888 82
    endloop
  endfacet
  facet normal -0.751838 -0.659348 0
    outer loop
      vertex 5.27208 5.27208 0
      vertex 3.71964 7.04229 82
      vertex 3.71964 7.04229 0
    endloop
  endfacet
  facet normal -0.751838 -0.659348 0
    outer loop
      vertex 3.71964 7.04229 82
      vertex 5.27208 5.27208 0
      vertex 5.27208 5.27208 82
    endloop
  endfacet
  facet normal -0.946905 0.321512 0
    outer loop
      vertex 0.613335 136.659 0
      vertex 1.37017 138.888 82
      vertex 1.37017 138.888 0
    endloop
  endfacet
  facet normal -0.946905 0.321512 0
    outer loop
      vertex 1.37017 138.888 82
      vertex 0.613335 136.659 0
      vertex 0.613335 136.659 82
    endloop
  endfacet
  facet normal 0.896792 0.442452 0
    outer loop
      vertex 143.63 138.888 82
      vertex 142.588 141 0
      vertex 142.588 141 82
    endloop
  endfacet
  facet normal 0.896792 0.442452 0
    outer loop
      vertex 142.588 141 0
      vertex 143.63 138.888 82
      vertex 143.63 138.888 0
    endloop
  endfacet
  facet normal -0.980784 -0.195096 0
    outer loop
      vertex 0.613335 13.3413 0
      vertex 0.153992 15.6505 82
      vertex 0.153992 15.6505 0
    endloop
  endfacet
  facet normal -0.980784 -0.195096 0
    outer loop
      vertex 0.153992 15.6505 82
      vertex 0.613335 13.3413 0
      vertex 0.613335 13.3413 82
    endloop
  endfacet
  facet normal -0.831508 0.555513 0
    outer loop
      vertex 2.41154 141 0
      vertex 3.71964 142.958 82
      vertex 3.71964 142.958 0
    endloop
  endfacet
  facet normal -0.831508 0.555513 0
    outer loop
      vertex 3.71964 142.958 82
      vertex 2.41154 141 0
      vertex 2.41154 141 82
    endloop
  endfacet
  facet normal 0 0 -1
    outer loop
      vertex 127 0 0
      vertex 145 18 0
      vertex 144.846 15.6505 0
    endloop
  endfacet
  facet normal 0 0 -1
    outer loop
      vertex 0 18 0
      vertex 145 18 0
      vertex 127 0 0
    endloop
  endfacet
  facet normal 0 0 -1
    outer loop
      vertex 127 0 0
      vertex 144.846 15.6505 0
      vertex 144.387 13.3413 0
    endloop
  endfacet
  facet normal 0 0 -1
    outer loop
      vertex 145 18 0
      vertex 0 18 0
      vertex 145 132 0
    endloop
  endfacet
  facet normal 0 0 -1
    outer loop
      vertex 127 0 0
      vertex 144.387 13.3413 0
      vertex 143.63 11.1117 0
    endloop
  endfacet
  facet normal 0 0 -1
    outer loop
      vertex 145 132 0
      vertex 127 150 0
      vertex 144.846 134.349 0
    endloop
  endfacet
  facet normal 0 0 -1
    outer loop
      vertex 127 0 0
      vertex 143.63 11.1117 0
      vertex 142.588 9 0
    endloop
  endfacet
  facet normal 0 0 -1
    outer loop
      vertex 144.846 134.349 0
      vertex 127 150 0
      vertex 144.387 136.659 0
    endloop
  endfacet
  facet normal 0 0 -1
    outer loop
      vertex 127 0 0
      vertex 142.588 9 0
      vertex 141.28 7.04229 0
    endloop
  endfacet
  facet normal 0 0 -1
    outer loop
      vertex 144.387 136.659 0
      vertex 127 150 0
      vertex 143.63 138.888 0
    endloop
  endfacet
  facet normal 0 0 -1
    outer loop
      vertex 127 0 0
      vertex 141.28 7.04229 0
      vertex 139.728 5.27208 0
    endloop
  endfacet
  facet normal 0 0 -1
    outer loop
      vertex 143.63 138.888 0
      vertex 127 150 0
      vertex 142.588 141 0
    endloop
  endfacet
  facet normal 0 0 -1
    outer loop
      vertex 127 0 0
      vertex 139.728 5.27208 0
      vertex 137.958 3.71964 0
    endloop
  endfacet
  facet normal 0 0 -1
    outer loop
      vertex 142.588 141 0
      vertex 127 150 0
      vertex 141.28 142.958 0
    endloop
  endfacet
  facet normal 0 0 -1
    outer loop
      vertex 127 0 0
      vertex 137.958 3.71964 0
      vertex 136 2.41154 0
    endloop
  endfacet
  facet normal 0 0 -1
    outer loop
      vertex 141.28 142.958 0
      vertex 127 150 0
      vertex 139.728 144.728 0
    endloop
  endfacet
  facet normal 0 0 -1
    outer loop
      vertex 127 0 0
      vertex 136 2.41154 0
      vertex 133.888 1.37017 0
    endloop
  endfacet
  facet normal 0 0 -1
    outer loop
      vertex 139.728 144.728 0
      vertex 127 150 0
      vertex 137.958 146.28 0
    endloop
  endfacet
  facet normal 0 0 -1
    outer loop
      vertex 127 0 0
      vertex 133.888 1.37017 0
      vertex 131.659 0.613335 0
    endloop
  endfacet
  facet normal 0 0 -1
    outer loop
      vertex 137.958 146.28 0
      vertex 127 150 0
      vertex 136 147.588 0
    endloop
  endfacet
  facet normal 0 0 -1
    outer loop
      vertex 127 0 0
      vertex 131.659 0.613335 0
      vertex 129.349 0.153992 0
    endloop
  endfacet
  facet normal 0 0 -1
    outer loop
      vertex 136 147.588 0
      vertex 127 150 0
      vertex 133.888 148.63 0
    endloop
  endfacet
  facet normal 0 0 -1
    outer loop
      vertex 133.888 148.63 0
      vertex 127 150 0
      vertex 131.659 149.387 0
    endloop
  endfacet
  facet normal 0 0 -1
    outer loop
      vertex 131.659 149.387 0
      vertex 127 150 0
      vertex 129.349 149.846 0
    endloop
  endfacet
  facet normal 0 0 -1
    outer loop
      vertex 0 18 0
      vertex 127 0 0
      vertex 18 0 0
    endloop
  endfacet
  facet normal 0 0 -1
    outer loop
      vertex 0 132 0
      vertex 145 132 0
      vertex 0 18 0
    endloop
  endfacet
  facet normal 0 0 -1
    outer loop
      vertex 0 18 0
      vertex 18 0 0
      vertex 15.6505 0.153992 0
    endloop
  endfacet
  facet normal 0 0 -1
    outer loop
      vertex 145 132 0
      vertex 0 132 0
      vertex 127 150 0
    endloop
  endfacet
  facet normal 0 0 -1
    outer loop
      vertex 0 18 0
      vertex 15.6505 0.153992 0
      vertex 13.3413 0.613335 0
    endloop
  endfacet
  facet normal -0 0 -1
    outer loop
      vertex 127 150 0
      vertex 0 132 0
      vertex 18 150 0
    endloop
  endfacet
  facet normal 0 0 -1
    outer loop
      vertex 0 18 0
      vertex 13.3413 0.613335 0
      vertex 11.1117 1.37017 0
    endloop
  endfacet
  facet normal 0 0 -1
    outer loop
      vertex 18 150 0
      vertex 0 132 0
      vertex 15.6505 149.846 0
    endloop
  endfacet
  facet normal 0 0 -1
    outer loop
      vertex 0 18 0
      vertex 11.1117 1.37017 0
      vertex 9 2.41154 0
    endloop
  endfacet
  facet normal 0 0 -1
    outer loop
      vertex 15.6505 149.846 0
      vertex 0 132 0
      vertex 13.3413 149.387 0
    endloop
  endfacet
  facet normal 0 0 -1
    outer loop
      vertex 0 18 0
      vertex 9 2.41154 0
      vertex 7.04229 3.71964 0
    endloop
  endfacet
  facet normal 0 0 -1
    outer loop
      vertex 13.3413 149.387 0
      vertex 0 132 0
      vertex 11.1117 148.63 0
    endloop
  endfacet
  facet normal 0 0 -1
    outer loop
      vertex 0 18 0
      vertex 7.04229 3.71964 0
      vertex 5.27208 5.27208 0
    endloop
  endfacet
  facet normal 0 0 -1
    outer loop
      vertex 11.1117 148.63 0
      vertex 0 132 0
      vertex 9 147.588 0
    endloop
  endfacet
  facet normal 0 0 -1
    outer loop
      vertex 0 18 0
      vertex 5.27208 5.27208 0
      vertex 3.71964 7.04229 0
    endloop
  endfacet
  facet normal 0 0 -1
    outer loop
      vertex 9 147.588 0
      vertex 0 132 0
      vertex 7.04229 146.28 0
    endloop
  endfacet
  facet normal 0 0 -1
    outer loop
      vertex 0 18 0
      vertex 3.71964 7.04229 0
      vertex 2.41154 9 0
    endloop
  endfacet
  facet normal 0 0 -1
    outer loop
      vertex 7.04229 146.28 0
      vertex 0 132 0
      vertex 5.27208 144.728 0
    endloop
  endfacet
  facet normal 0 0 -1
    outer loop
      vertex 0 18 0
      vertex 2.41154 9 0
      vertex 1.37017 11.1117 0
    endloop
  endfacet
  facet normal 0 0 -1
    outer loop
      vertex 5.27208 144.728 0
      vertex 0 132 0
      vertex 3.71964 142.958 0
    endloop
  endfacet
  facet normal 0 0 -1
    outer loop
      vertex 0 18 0
      vertex 1.37017 11.1117 0
      vertex 0.613335 13.3413 0
    endloop
  endfacet
  facet normal 0 0 -1
    outer loop
      vertex 3.71964 142.958 0
      vertex 0 132 0
      vertex 2.41154 141 0
    endloop
  endfacet
  facet normal 0 0 -1
    outer loop
      vertex 0 18 0
      vertex 0.613335 13.3413 0
      vertex 0.153992 15.6505 0
    endloop
  endfacet
  facet normal 0 0 -1
    outer loop
      vertex 2.41154 141 0
      vertex 0 132 0
      vertex 1.37017 138.888 0
    endloop
  endfacet
  facet normal 0 0 -1
    outer loop
      vertex 1.37017 138.888 0
      vertex 0 132 0
      vertex 0.613335 136.659 0
    endloop
  endfacet
  facet normal 0 0 -1
    outer loop
      vertex 0.613335 136.659 0
      vertex 0 132 0
      vertex 0.153992 134.349 0
    endloop
  endfacet
  facet normal 0.555513 -0.831508 0
    outer loop
      vertex 136 2.41154 0
      vertex 137.958 3.71964 82
      vertex 136 2.41154 82
    endloop
  endfacet
  facet normal 0.555513 -0.831508 0
    outer loop
      vertex 137.958 3.71964 82
      vertex 136 2.41154 0
      vertex 137.958 3.71964 0
    endloop
  endfacet
  facet normal 0.555484 0.831527 -0
    outer loop
      vertex 137.958 146.28 0
      vertex 136 147.588 82
      vertex 137.958 146.28 82
    endloop
  endfacet
  facet normal 0.555484 0.831527 0
    outer loop
      vertex 136 147.588 82
      vertex 137.958 146.28 0
      vertex 136 147.588 0
    endloop
  endfacet
  facet normal -0.997858 0.065416 0
    outer loop
      vertex 0 132 0
      vertex 0.153992 134.349 82
      vertex 0.153992 134.349 0
    endloop
  endfacet
  facet normal -0.997858 0.065416 0
    outer loop
      vertex 0.153992 134.349 82
      vertex 0 132 0
      vertex 0 132 82
    endloop
  endfacet
  facet normal 0.659286 0.751892 -0
    outer loop
      vertex 139.728 144.728 0
      vertex 137.958 146.28 82
      vertex 139.728 144.728 82
    endloop
  endfacet
  facet normal 0.659286 0.751892 0
    outer loop
      vertex 137.958 146.28 82
      vertex 139.728 144.728 0
      vertex 137.958 146.28 0
    endloop
  endfacet
  facet normal 0 -1 0
    outer loop
      vertex 18 147 3
      vertex 127 147 75
      vertex 18 147 75
    endloop
  endfacet
  facet normal 0 -1 -0
    outer loop
      vertex 127 147 75
      vertex 18 147 3
      vertex 127 147 3
    endloop
  endfacet
  facet normal -0.0652336 -0.99787 0
    outer loop
      vertex 127 147 3
      vertex 128.958 146.872 75
      vertex 127 147 75
    endloop
  endfacet
  facet normal -0.0652336 -0.99787 -0
    outer loop
      vertex 128.958 146.872 75
      vertex 127 147 3
      vertex 128.958 146.872 3
    endloop
  endfacet
  facet normal 0.0652369 -0.99787 0
    outer loop
      vertex 16.0421 146.872 3
      vertex 18 147 75
      vertex 16.0421 146.872 75
    endloop
  endfacet
  facet normal 0.0652369 -0.99787 0
    outer loop
      vertex 18 147 75
      vertex 16.0421 146.872 3
      vertex 18 147 3
    endloop
  endfacet
  facet normal 0.195195 -0.980764 0
    outer loop
      vertex 14.1177 146.489 3
      vertex 16.0421 146.872 75
      vertex 14.1177 146.489 75
    endloop
  endfacet
  facet normal 0.195195 -0.980764 0
    outer loop
      vertex 16.0421 146.872 75
      vertex 14.1177 146.489 3
      vertex 16.0421 146.872 3
    endloop
  endfacet
  facet normal 0.752021 -0.659139 0
    outer loop
      vertex 6.0997 141.131 75
      vertex 7.3934 142.607 3
      vertex 7.3934 142.607 75
    endloop
  endfacet
  facet normal 0.752021 -0.659139 0
    outer loop
      vertex 7.3934 142.607 3
      vertex 6.0997 141.131 75
      vertex 6.0997 141.131 3
    endloop
  endfacet
  facet normal -0.195126 0.980778 0
    outer loop
      vertex 130.882 3.51111 3
      vertex 128.958 3.12833 75
      vertex 130.882 3.51111 75
    endloop
  endfacet
  facet normal -0.195126 0.980778 0
    outer loop
      vertex 128.958 3.12833 75
      vertex 130.882 3.51111 3
      vertex 128.958 3.12833 3
    endloop
  endfacet
  facet normal -0.752198 -0.658937 0
    outer loop
      vertex 138.9 141.131 3
      vertex 137.607 142.607 75
      vertex 137.607 142.607 3
    endloop
  endfacet
  facet normal -0.752198 -0.658937 0
    outer loop
      vertex 137.607 142.607 75
      vertex 138.9 141.131 3
      vertex 138.9 141.131 75
    endloop
  endfacet
  facet normal -0.752016 0.659145 0
    outer loop
      vertex 137.607 7.3934 3
      vertex 138.9 8.86858 75
      vertex 138.9 8.86858 3
    endloop
  endfacet
  facet normal -0.752016 0.659145 0
    outer loop
      vertex 138.9 8.86858 75
      vertex 137.607 7.3934 3
      vertex 137.607 7.3934 75
    endloop
  endfacet
  facet normal 0.831404 -0.555669 0
    outer loop
      vertex 5.00962 139.5 75
      vertex 6.0997 141.131 3
      vertex 6.0997 141.131 75
    endloop
  endfacet
  facet normal 0.831404 -0.555669 0
    outer loop
      vertex 6.0997 141.131 3
      vertex 5.00962 139.5 75
      vertex 5.00962 139.5 3
    endloop
  endfacet
  facet normal 0.997859 0.0654044 0
    outer loop
      vertex 3.12833 16.0421 75
      vertex 3 18 3
      vertex 3 18 75
    endloop
  endfacet
  facet normal 0.997859 0.0654044 0
    outer loop
      vertex 3 18 3
      vertex 3.12833 16.0421 75
      vertex 3.12833 16.0421 3
    endloop
  endfacet
  facet normal 0.997859 -0.065401 0
    outer loop
      vertex 3 132 75
      vertex 3.12833 133.958 3
      vertex 3.12833 133.958 75
    endloop
  endfacet
  facet normal 0.997859 -0.065401 0
    outer loop
      vertex 3.12833 133.958 3
      vertex 3 132 75
      vertex 3 132 3
    endloop
  endfacet
  facet normal -0.831488 0.555542 0
    outer loop
      vertex 138.9 8.86858 3
      vertex 139.99 10.5 75
      vertex 139.99 10.5 3
    endloop
  endfacet
  facet normal -0.831488 0.555542 0
    outer loop
      vertex 139.99 10.5 75
      vertex 138.9 8.86858 3
      vertex 138.9 8.86858 75
    endloop
  endfacet
  facet normal 1 0 0
    outer loop
      vertex 3 81 30
      vertex 3 132 75
      vertex 3 81 56
    endloop
  endfacet
  facet normal 1 0 0
    outer loop
      vertex 3 132 75
      vertex 3 80.9658 56.5221
      vertex 3 81 56
    endloop
  endfacet
  facet normal 1 0 0
    outer loop
      vertex 3 132 75
      vertex 3 80.8637 57.0353
      vertex 3 80.9658 56.5221
    endloop
  endfacet
  facet normal 1 0 0
    outer loop
      vertex 3 132 75
      vertex 3 80.6955 57.5307
      vertex 3 80.8637 57.0353
    endloop
  endfacet
  facet normal 1 0 0
    outer loop
      vertex 3 132 75
      vertex 3 80.4641 58
      vertex 3 80.6955 57.5307
    endloop
  endfacet
  facet normal 1 0 0
    outer loop
      vertex 3 132 75
      vertex 3 80.1734 58.435
      vertex 3 80.4641 58
    endloop
  endfacet
  facet normal 1 0 0
    outer loop
      vertex 3 132 75
      vertex 3 79.8284 58.8284
      vertex 3 80.1734 58.435
    endloop
  endfacet
  facet normal 1 0 0
    outer loop
      vertex 3 132 75
      vertex 3 79.435 59.1734
      vertex 3 79.8284 58.8284
    endloop
  endfacet
  facet normal 1 0 0
    outer loop
      vertex 3 132 75
      vertex 3 79 59.4641
      vertex 3 79.435 59.1734
    endloop
  endfacet
  facet normal 1 0 0
    outer loop
      vertex 3 132 75
      vertex 3 78.5307 59.6955
      vertex 3 79 59.4641
    endloop
  endfacet
  facet normal 1 0 0
    outer loop
      vertex 3 132 75
      vertex 3 78.0353 59.8637
      vertex 3 78.5307 59.6955
    endloop
  endfacet
  facet normal 1 0 0
    outer loop
      vertex 3 132 75
      vertex 3 77.5221 59.9658
      vertex 3 78.0353 59.8637
    endloop
  endfacet
  facet normal 1 0 0
    outer loop
      vertex 3 132 75
      vertex 3 77 60
      vertex 3 77.5221 59.9658
    endloop
  endfacet
  facet normal 1 0 0
    outer loop
      vertex 3 132 75
      vertex 3 73 60
      vertex 3 77 60
    endloop
  endfacet
  facet normal 1 -0 0
    outer loop
      vertex 3 18 75
      vertex 3 73 60
      vertex 3 132 75
    endloop
  endfacet
  facet normal 1 0 0
    outer loop
      vertex 3 73 60
      vertex 3 18 75
      vertex 3 72.4779 59.9658
    endloop
  endfacet
  facet normal 1 0 0
    outer loop
      vertex 3 69 56
      vertex 3 18 75
      vertex 3 69 30
    endloop
  endfacet
  facet normal 1 0 0
    outer loop
      vertex 3 69.0342 56.5221
      vertex 3 18 75
      vertex 3 69 56
    endloop
  endfacet
  facet normal 1 0 0
    outer loop
      vertex 3 69.1363 57.0353
      vertex 3 18 75
      vertex 3 69.0342 56.5221
    endloop
  endfacet
  facet normal 1 0 0
    outer loop
      vertex 3 69.3045 57.5307
      vertex 3 18 75
      vertex 3 69.1363 57.0353
    endloop
  endfacet
  facet normal 1 0 0
    outer loop
      vertex 3 69.5359 58
      vertex 3 18 75
      vertex 3 69.3045 57.5307
    endloop
  endfacet
  facet normal 1 0 0
    outer loop
      vertex 3 69.8266 58.435
      vertex 3 18 75
      vertex 3 69.5359 58
    endloop
  endfacet
  facet normal 1 0 0
    outer loop
      vertex 3 70.1716 58.8284
      vertex 3 18 75
      vertex 3 69.8266 58.435
    endloop
  endfacet
  facet normal 1 0 0
    outer loop
      vertex 3 70.565 59.1734
      vertex 3 18 75
      vertex 3 70.1716 58.8284
    endloop
  endfacet
  facet normal 1 0 0
    outer loop
      vertex 3 71 59.4641
      vertex 3 18 75
      vertex 3 70.565 59.1734
    endloop
  endfacet
  facet normal 1 0 0
    outer loop
      vertex 3 71.4693 59.6955
      vertex 3 18 75
      vertex 3 71 59.4641
    endloop
  endfacet
  facet normal 1 0 0
    outer loop
      vertex 3 71.9647 59.8637
      vertex 3 18 75
      vertex 3 71.4693 59.6955
    endloop
  endfacet
  facet normal 1 0 0
    outer loop
      vertex 3 72.4779 59.9658
      vertex 3 18 75
      vertex 3 71.9647 59.8637
    endloop
  endfacet
  facet normal 1 0 0
    outer loop
      vertex 3 132 75
      vertex 3 81 30
      vertex 3 132 3
    endloop
  endfacet
  facet normal 1 -0 0
    outer loop
      vertex 3 80.9658 29.4779
      vertex 3 132 3
      vertex 3 81 30
    endloop
  endfacet
  facet normal 1 -0 0
    outer loop
      vertex 3 80.8637 28.9647
      vertex 3 132 3
      vertex 3 80.9658 29.4779
    endloop
  endfacet
  facet normal 1 -0 0
    outer loop
      vertex 3 80.6955 28.4693
      vertex 3 132 3
      vertex 3 80.8637 28.9647
    endloop
  endfacet
  facet normal 1 -0 0
    outer loop
      vertex 3 80.4641 28
      vertex 3 132 3
      vertex 3 80.6955 28.4693
    endloop
  endfacet
  facet normal 1 -0 0
    outer loop
      vertex 3 80.1734 27.565
      vertex 3 132 3
      vertex 3 80.4641 28
    endloop
  endfacet
  facet normal 1 -0 0
    outer loop
      vertex 3 79.8284 27.1716
      vertex 3 132 3
      vertex 3 80.1734 27.565
    endloop
  endfacet
  facet normal 1 -0 0
    outer loop
      vertex 3 79.435 26.8266
      vertex 3 132 3
      vertex 3 79.8284 27.1716
    endloop
  endfacet
  facet normal 1 -0 0
    outer loop
      vertex 3 79 26.5359
      vertex 3 132 3
      vertex 3 79.435 26.8266
    endloop
  endfacet
  facet normal 1 -0 0
    outer loop
      vertex 3 78.5307 26.3045
      vertex 3 132 3
      vertex 3 79 26.5359
    endloop
  endfacet
  facet normal 1 -0 0
    outer loop
      vertex 3 78.0353 26.1363
      vertex 3 132 3
      vertex 3 78.5307 26.3045
    endloop
  endfacet
  facet normal 1 -0 0
    outer loop
      vertex 3 77.5221 26.0342
      vertex 3 132 3
      vertex 3 78.0353 26.1363
    endloop
  endfacet
  facet normal 1 -0 0
    outer loop
      vertex 3 77 26
      vertex 3 132 3
      vertex 3 77.5221 26.0342
    endloop
  endfacet
  facet normal 1 -0 0
    outer loop
      vertex 3 73 26
      vertex 3 132 3
      vertex 3 77 26
    endloop
  endfacet
  facet normal 1 0 0
    outer loop
      vertex 3 18 3
      vertex 3 73 26
      vertex 3 72.4779 26.0342
    endloop
  endfacet
  facet normal 1 0 0
    outer loop
      vertex 3 18 3
      vertex 3 72.4779 26.0342
      vertex 3 71.9647 26.1363
    endloop
  endfacet
  facet normal 1 0 0
    outer loop
      vertex 3 18 3
      vertex 3 71.9647 26.1363
      vertex 3 71.4693 26.3045
    endloop
  endfacet
  facet normal 1 0 0
    outer loop
      vertex 3 18 3
      vertex 3 69 30
      vertex 3 18 75
    endloop
  endfacet
  facet normal 1 0 0
    outer loop
      vertex 3 69 30
      vertex 3 18 3
      vertex 3 69.0342 29.4779
    endloop
  endfacet
  facet normal 1 0 0
    outer loop
      vertex 3 69.0342 29.4779
      vertex 3 18 3
      vertex 3 69.1363 28.9647
    endloop
  endfacet
  facet normal 1 0 0
    outer loop
      vertex 3 69.1363 28.9647
      vertex 3 18 3
      vertex 3 69.3045 28.4693
    endloop
  endfacet
  facet normal 1 0 0
    outer loop
      vertex 3 69.3045 28.4693
      vertex 3 18 3
      vertex 3 69.5359 28
    endloop
  endfacet
  facet normal 1 0 0
    outer loop
      vertex 3 69.5359 28
      vertex 3 18 3
      vertex 3 69.8266 27.565
    endloop
  endfacet
  facet normal 1 0 0
    outer loop
      vertex 3 73 26
      vertex 3 18 3
      vertex 3 132 3
    endloop
  endfacet
  facet normal 1 0 0
    outer loop
      vertex 3 71 26.5359
      vertex 3 18 3
      vertex 3 71.4693 26.3045
    endloop
  endfacet
  facet normal 1 0 0
    outer loop
      vertex 3 70.565 26.8266
      vertex 3 18 3
      vertex 3 71 26.5359
    endloop
  endfacet
  facet normal 1 0 0
    outer loop
      vertex 3 70.1716 27.1716
      vertex 3 18 3
      vertex 3 70.565 26.8266
    endloop
  endfacet
  facet normal 1 0 0
    outer loop
      vertex 3 69.8266 27.565
      vertex 3 18 3
      vertex 3 70.1716 27.1716
    endloop
  endfacet
  facet normal 0.980778 -0.195126 0
    outer loop
      vertex 3.12833 133.958 75
      vertex 3.51111 135.882 3
      vertex 3.51111 135.882 75
    endloop
  endfacet
  facet normal 0.980778 -0.195126 0
    outer loop
      vertex 3.51111 135.882 3
      vertex 3.12833 133.958 75
      vertex 3.12833 133.958 3
    endloop
  endfacet
  facet normal -0.658937 -0.752198 0
    outer loop
      vertex 136.131 143.9 3
      vertex 137.607 142.607 75
      vertex 136.131 143.9 75
    endloop
  endfacet
  facet normal -0.658937 -0.752198 -0
    outer loop
      vertex 137.607 142.607 75
      vertex 136.131 143.9 3
      vertex 137.607 142.607 3
    endloop
  endfacet
  facet normal 0.980786 0.195087 0
    outer loop
      vertex 3.51111 14.1177 75
      vertex 3.12833 16.0421 3
      vertex 3.12833 16.0421 75
    endloop
  endfacet
  facet normal 0.980786 0.195087 0
    outer loop
      vertex 3.12833 16.0421 3
      vertex 3.51111 14.1177 75
      vertex 3.51111 14.1177 3
    endloop
  endfacet
  facet normal -1 0 0
    outer loop
      vertex 142 132 3
      vertex 142 79.5 24
      vertex 142 132 75
    endloop
  endfacet
  facet normal -1 0 0
    outer loop
      vertex 142 132 3
      vertex 142 79.4743 23.6084
      vertex 142 79.5 24
    endloop
  endfacet
  facet normal -1 0 0
    outer loop
      vertex 142 132 3
      vertex 142 79.3978 23.2235
      vertex 142 79.4743 23.6084
    endloop
  endfacet
  facet normal -1 0 0
    outer loop
      vertex 142 132 3
      vertex 142 79.2716 22.8519
      vertex 142 79.3978 23.2235
    endloop
  endfacet
  facet normal -1 0 0
    outer loop
      vertex 142 132 3
      vertex 142 79.0981 22.5
      vertex 142 79.2716 22.8519
    endloop
  endfacet
  facet normal -1 0 0
    outer loop
      vertex 142 132 3
      vertex 142 78.8801 22.1737
      vertex 142 79.0981 22.5
    endloop
  endfacet
  facet normal -1 0 0
    outer loop
      vertex 142 132 3
      vertex 142 78.6213 21.8787
      vertex 142 78.8801 22.1737
    endloop
  endfacet
  facet normal -1 0 0
    outer loop
      vertex 142 132 3
      vertex 142 78.3263 21.6199
      vertex 142 78.6213 21.8787
    endloop
  endfacet
  facet normal -1 0 0
    outer loop
      vertex 142 132 3
      vertex 142 78 21.4019
      vertex 142 78.3263 21.6199
    endloop
  endfacet
  facet normal -1 0 0
    outer loop
      vertex 142 132 3
      vertex 142 77.648 21.2284
      vertex 142 78 21.4019
    endloop
  endfacet
  facet normal -1 0 0
    outer loop
      vertex 142 132 3
      vertex 142 77.2765 21.1022
      vertex 142 77.648 21.2284
    endloop
  endfacet
  facet normal -1 0 0
    outer loop
      vertex 142 132 3
      vertex 142 76.8916 21.0257
      vertex 142 77.2765 21.1022
    endloop
  endfacet
  facet normal -1 0 0
    outer loop
      vertex 142 132 3
      vertex 142 76.5 21
      vertex 142 76.8916 21.0257
    endloop
  endfacet
  facet normal -1 0 0
    outer loop
      vertex 142 132 3
      vertex 142 73.5 21
      vertex 142 76.5 21
    endloop
  endfacet
  facet normal -1 0 0
    outer loop
      vertex 142 18 3
      vertex 142 73.5 21
      vertex 142 132 3
    endloop
  endfacet
  facet normal -1 -0 0
    outer loop
      vertex 142 73.5 21
      vertex 142 18 3
      vertex 142 73.1084 21.0257
    endloop
  endfacet
  facet normal -1 0 0
    outer loop
      vertex 142 18 75
      vertex 142 70.5 24
      vertex 142 18 3
    endloop
  endfacet
  facet normal -1 -0 0
    outer loop
      vertex 142 70.5257 23.6084
      vertex 142 18 3
      vertex 142 70.5 24
    endloop
  endfacet
  facet normal -1 -0 0
    outer loop
      vertex 142 70.6022 23.2235
      vertex 142 18 3
      vertex 142 70.5257 23.6084
    endloop
  endfacet
  facet normal -1 -0 0
    outer loop
      vertex 142 70.7284 22.8519
      vertex 142 18 3
      vertex 142 70.6022 23.2235
    endloop
  endfacet
  facet normal -1 -0 0
    outer loop
      vertex 142 70.9019 22.5
      vertex 142 18 3
      vertex 142 70.7284 22.8519
    endloop
  endfacet
  facet normal -1 -0 0
    outer loop
      vertex 142 71.1199 22.1737
      vertex 142 18 3
      vertex 142 70.9019 22.5
    endloop
  endfacet
  facet normal -1 -0 0
    outer loop
      vertex 142 71.3787 21.8787
      vertex 142 18 3
      vertex 142 71.1199 22.1737
    endloop
  endfacet
  facet normal -1 -0 0
    outer loop
      vertex 142 71.6737 21.6199
      vertex 142 18 3
      vertex 142 71.3787 21.8787
    endloop
  endfacet
  facet normal -1 -0 0
    outer loop
      vertex 142 72 21.4019
      vertex 142 18 3
      vertex 142 71.6737 21.6199
    endloop
  endfacet
  facet normal -1 -0 0
    outer loop
      vertex 142 72.352 21.2284
      vertex 142 18 3
      vertex 142 72 21.4019
    endloop
  endfacet
  facet normal -1 -0 0
    outer loop
      vertex 142 72.7235 21.1022
      vertex 142 18 3
      vertex 142 72.352 21.2284
    endloop
  endfacet
  facet normal -1 -0 0
    outer loop
      vertex 142 73.1084 21.0257
      vertex 142 18 3
      vertex 142 72.7235 21.1022
    endloop
  endfacet
  facet normal -1 0 0
    outer loop
      vertex 142 79.5 60
      vertex 142 132 75
      vertex 142 79.5 24
    endloop
  endfacet
  facet normal -1 0 0
    outer loop
      vertex 142 79.4743 60.3916
      vertex 142 132 75
      vertex 142 79.5 60
    endloop
  endfacet
  facet normal -1 0 0
    outer loop
      vertex 142 79.3978 60.7765
      vertex 142 132 75
      vertex 142 79.4743 60.3916
    endloop
  endfacet
  facet normal -1 0 0
    outer loop
      vertex 142 79.2716 61.148
      vertex 142 132 75
      vertex 142 79.3978 60.7765
    endloop
  endfacet
  facet normal -1 0 0
    outer loop
      vertex 142 79.0981 61.5
      vertex 142 132 75
      vertex 142 79.2716 61.148
    endloop
  endfacet
  facet normal -1 0 0
    outer loop
      vertex 142 78.8801 61.8263
      vertex 142 132 75
      vertex 142 79.0981 61.5
    endloop
  endfacet
  facet normal -1 0 0
    outer loop
      vertex 142 78.6213 62.1213
      vertex 142 132 75
      vertex 142 78.8801 61.8263
    endloop
  endfacet
  facet normal -1 0 0
    outer loop
      vertex 142 78.3263 62.3801
      vertex 142 132 75
      vertex 142 78.6213 62.1213
    endloop
  endfacet
  facet normal -1 0 0
    outer loop
      vertex 142 78 62.5981
      vertex 142 132 75
      vertex 142 78.3263 62.3801
    endloop
  endfacet
  facet normal -1 0 0
    outer loop
      vertex 142 77.648 62.7716
      vertex 142 132 75
      vertex 142 78 62.5981
    endloop
  endfacet
  facet normal -1 0 0
    outer loop
      vertex 142 77.2765 62.8978
      vertex 142 132 75
      vertex 142 77.648 62.7716
    endloop
  endfacet
  facet normal -1 0 0
    outer loop
      vertex 142 76.8916 62.9743
      vertex 142 132 75
      vertex 142 77.2765 62.8978
    endloop
  endfacet
  facet normal -1 0 0
    outer loop
      vertex 142 76.5 63
      vertex 142 132 75
      vertex 142 76.8916 62.9743
    endloop
  endfacet
  facet normal -1 0 0
    outer loop
      vertex 142 73.5 63
      vertex 142 132 75
      vertex 142 76.5 63
    endloop
  endfacet
  facet normal -1 0 0
    outer loop
      vertex 142 18 75
      vertex 142 73.5 63
      vertex 142 73.1084 62.9743
    endloop
  endfacet
  facet normal -1 0 0
    outer loop
      vertex 142 18 75
      vertex 142 73.1084 62.9743
      vertex 142 72.7235 62.8978
    endloop
  endfacet
  facet normal -1 0 0
    outer loop
      vertex 142 70.5 24
      vertex 142 18 75
      vertex 142 70.5 60
    endloop
  endfacet
  facet normal -1 0 0
    outer loop
      vertex 142 70.5 60
      vertex 142 18 75
      vertex 142 70.5257 60.3916
    endloop
  endfacet
  facet normal -1 0 0
    outer loop
      vertex 142 70.5257 60.3916
      vertex 142 18 75
      vertex 142 70.6022 60.7765
    endloop
  endfacet
  facet normal -1 0 0
    outer loop
      vertex 142 70.6022 60.7765
      vertex 142 18 75
      vertex 142 70.7284 61.148
    endloop
  endfacet
  facet normal -1 0 0
    outer loop
      vertex 142 70.7284 61.148
      vertex 142 18 75
      vertex 142 70.9019 61.5
    endloop
  endfacet
  facet normal -1 0 0
    outer loop
      vertex 142 70.9019 61.5
      vertex 142 18 75
      vertex 142 71.1199 61.8263
    endloop
  endfacet
  facet normal -1 0 0
    outer loop
      vertex 142 73.5 63
      vertex 142 18 75
      vertex 142 132 75
    endloop
  endfacet
  facet normal -1 0 0
    outer loop
      vertex 142 72.352 62.7716
      vertex 142 18 75
      vertex 142 72.7235 62.8978
    endloop
  endfacet
  facet normal -1 0 0
    outer loop
      vertex 142 72 62.5981
      vertex 142 18 75
      vertex 142 72.352 62.7716
    endloop
  endfacet
  facet normal -1 0 0
    outer loop
      vertex 142 71.6737 62.3801
      vertex 142 18 75
      vertex 142 72 62.5981
    endloop
  endfacet
  facet normal -1 0 0
    outer loop
      vertex 142 71.3787 62.1213
      vertex 142 18 75
      vertex 142 71.6737 62.3801
    endloop
  endfacet
  facet normal -1 0 0
    outer loop
      vertex 142 71.1199 61.8263
      vertex 142 18 75
      vertex 142 71.3787 62.1213
    endloop
  endfacet
  facet normal -0.980757 -0.195234 0
    outer loop
      vertex 141.872 133.958 3
      vertex 141.489 135.882 75
      vertex 141.489 135.882 3
    endloop
  endfacet
  facet normal -0.980757 -0.195234 0
    outer loop
      vertex 141.489 135.882 75
      vertex 141.872 133.958 3
      vertex 141.872 133.958 75
    endloop
  endfacet
  facet normal 0.659346 0.751839 -0
    outer loop
      vertex 8.86858 6.0997 3
      vertex 7.3934 7.3934 75
      vertex 8.86858 6.0997 75
    endloop
  endfacet
  facet normal 0.659346 0.751839 0
    outer loop
      vertex 7.3934 7.3934 75
      vertex 8.86858 6.0997 3
      vertex 7.3934 7.3934 3
    endloop
  endfacet
  facet normal 0.896868 0.442298 0
    outer loop
      vertex 5.00962 10.5 75
      vertex 4.14181 12.2597 3
      vertex 4.14181 12.2597 75
    endloop
  endfacet
  facet normal 0.896868 0.442298 0
    outer loop
      vertex 4.14181 12.2597 3
      vertex 5.00962 10.5 75
      vertex 5.00962 10.5 3
    endloop
  endfacet
  facet normal -0.99787 0.0652369 0
    outer loop
      vertex 141.872 16.0421 3
      vertex 142 18 75
      vertex 142 18 3
    endloop
  endfacet
  facet normal -0.99787 0.0652369 0
    outer loop
      vertex 142 18 75
      vertex 141.872 16.0421 3
      vertex 141.872 16.0421 75
    endloop
  endfacet
  facet normal 0.442376 -0.89683 0
    outer loop
      vertex 10.5 144.99 3
      vertex 12.2597 145.858 75
      vertex 10.5 144.99 75
    endloop
  endfacet
  facet normal 0.442376 -0.89683 0
    outer loop
      vertex 12.2597 145.858 75
      vertex 10.5 144.99 3
      vertex 12.2597 145.858 3
    endloop
  endfacet
  facet normal 0.442298 0.896868 -0
    outer loop
      vertex 12.2597 4.14181 3
      vertex 10.5 5.00962 75
      vertex 12.2597 4.14181 75
    endloop
  endfacet
  facet normal 0.442298 0.896868 0
    outer loop
      vertex 10.5 5.00962 75
      vertex 12.2597 4.14181 3
      vertex 10.5 5.00962 3
    endloop
  endfacet
  facet normal -0.946885 -0.321574 0
    outer loop
      vertex 141.489 135.882 3
      vertex 140.858 137.74 75
      vertex 140.858 137.74 3
    endloop
  endfacet
  facet normal -0.946885 -0.321574 0
    outer loop
      vertex 140.858 137.74 75
      vertex 141.489 135.882 3
      vertex 141.489 135.882 75
    endloop
  endfacet
  facet normal -0.555669 0.831404 0
    outer loop
      vertex 136.131 6.0997 3
      vertex 134.5 5.00962 75
      vertex 136.131 6.0997 75
    endloop
  endfacet
  facet normal -0.555669 0.831404 0
    outer loop
      vertex 134.5 5.00962 75
      vertex 136.131 6.0997 3
      vertex 134.5 5.00962 3
    endloop
  endfacet
  facet normal 0.321437 0.946931 -0
    outer loop
      vertex 14.1177 3.51111 3
      vertex 12.2597 4.14181 75
      vertex 14.1177 3.51111 75
    endloop
  endfacet
  facet normal 0.321437 0.946931 0
    outer loop
      vertex 12.2597 4.14181 75
      vertex 14.1177 3.51111 3
      vertex 12.2597 4.14181 3
    endloop
  endfacet
  facet normal -0.555641 -0.831422 0
    outer loop
      vertex 134.5 144.99 3
      vertex 136.131 143.9 75
      vertex 134.5 144.99 75
    endloop
  endfacet
  facet normal -0.555641 -0.831422 -0
    outer loop
      vertex 136.131 143.9 75
      vertex 134.5 144.99 3
      vertex 136.131 143.9 3
    endloop
  endfacet
  facet normal -0.89686 -0.442315 0
    outer loop
      vertex 140.858 137.74 3
      vertex 139.99 139.5 75
      vertex 139.99 139.5 3
    endloop
  endfacet
  facet normal -0.89686 -0.442315 0
    outer loop
      vertex 139.99 139.5 75
      vertex 140.858 137.74 3
      vertex 140.858 137.74 75
    endloop
  endfacet
  facet normal -0.659139 0.752021 0
    outer loop
      vertex 137.607 7.3934 3
      vertex 136.131 6.0997 75
      vertex 137.607 7.3934 75
    endloop
  endfacet
  facet normal -0.659139 0.752021 0
    outer loop
      vertex 136.131 6.0997 75
      vertex 137.607 7.3934 3
      vertex 136.131 6.0997 3
    endloop
  endfacet
  facet normal -0.89683 0.442376 0
    outer loop
      vertex 139.99 10.5 3
      vertex 140.858 12.2597 75
      vertex 140.858 12.2597 3
    endloop
  endfacet
  facet normal -0.89683 0.442376 0
    outer loop
      vertex 140.858 12.2597 75
      vertex 139.99 10.5 3
      vertex 139.99 10.5 75
    endloop
  endfacet
  facet normal 0 1 -0
    outer loop
      vertex 127 3 3
      vertex 18 3 75
      vertex 127 3 75
    endloop
  endfacet
  facet normal 0 1 0
    outer loop
      vertex 18 3 75
      vertex 127 3 3
      vertex 18 3 3
    endloop
  endfacet
  facet normal 0.896898 -0.442237 0
    outer loop
      vertex 4.14181 137.74 75
      vertex 5.00962 139.5 3
      vertex 5.00962 139.5 75
    endloop
  endfacet
  facet normal 0.896898 -0.442237 0
    outer loop
      vertex 5.00962 139.5 3
      vertex 4.14181 137.74 75
      vertex 4.14181 137.74 3
    endloop
  endfacet
  facet normal 0.946931 0.321437 0
    outer loop
      vertex 4.14181 12.2597 75
      vertex 3.51111 14.1177 3
      vertex 3.51111 14.1177 75
    endloop
  endfacet
  facet normal 0.946931 0.321437 0
    outer loop
      vertex 3.51111 14.1177 3
      vertex 4.14181 12.2597 75
      vertex 4.14181 12.2597 3
    endloop
  endfacet
  facet normal 0.751839 0.659346 0
    outer loop
      vertex 7.3934 7.3934 75
      vertex 6.0997 8.86858 3
      vertex 6.0997 8.86858 75
    endloop
  endfacet
  facet normal 0.751839 0.659346 0
    outer loop
      vertex 6.0997 8.86858 3
      vertex 7.3934 7.3934 75
      vertex 7.3934 7.3934 3
    endloop
  endfacet
  facet normal 0.0654044 0.997859 -0
    outer loop
      vertex 18 3 3
      vertex 16.0421 3.12833 75
      vertex 18 3 75
    endloop
  endfacet
  facet normal 0.0654044 0.997859 0
    outer loop
      vertex 16.0421 3.12833 75
      vertex 18 3 3
      vertex 16.0421 3.12833 3
    endloop
  endfacet
  facet normal -0.321574 -0.946885 0
    outer loop
      vertex 130.882 146.489 3
      vertex 132.74 145.858 75
      vertex 130.882 146.489 75
    endloop
  endfacet
  facet normal -0.321574 -0.946885 -0
    outer loop
      vertex 132.74 145.858 75
      vertex 130.882 146.489 3
      vertex 132.74 145.858 3
    endloop
  endfacet
  facet normal 0.83147 0.55557 0
    outer loop
      vertex 6.0997 8.86858 75
      vertex 5.00962 10.5 3
      vertex 5.00962 10.5 75
    endloop
  endfacet
  facet normal 0.83147 0.55557 0
    outer loop
      vertex 5.00962 10.5 3
      vertex 6.0997 8.86858 75
      vertex 6.0997 8.86858 3
    endloop
  endfacet
  facet normal 0.321574 -0.946885 0
    outer loop
      vertex 12.2597 145.858 3
      vertex 14.1177 146.489 75
      vertex 12.2597 145.858 75
    endloop
  endfacet
  facet normal 0.321574 -0.946885 0
    outer loop
      vertex 14.1177 146.489 75
      vertex 12.2597 145.858 3
      vertex 14.1177 146.489 3
    endloop
  endfacet
  facet normal -0.99787 -0.0652336 0
    outer loop
      vertex 142 132 3
      vertex 141.872 133.958 75
      vertex 141.872 133.958 3
    endloop
  endfacet
  facet normal -0.99787 -0.0652336 0
    outer loop
      vertex 141.872 133.958 75
      vertex 142 132 3
      vertex 142 132 75
    endloop
  endfacet
  facet normal 0.555542 -0.831488 0
    outer loop
      vertex 8.86858 143.9 3
      vertex 10.5 144.99 75
      vertex 8.86858 143.9 75
    endloop
  endfacet
  facet normal 0.555542 -0.831488 0
    outer loop
      vertex 10.5 144.99 75
      vertex 8.86858 143.9 3
      vertex 10.5 144.99 3
    endloop
  endfacet
  facet normal 0 0 -1
    outer loop
      vertex 127 3 75
      vertex 142 18 75
      vertex 141.872 16.0421 75
    endloop
  endfacet
  facet normal 0 0 -1
    outer loop
      vertex 3 18 75
      vertex 142 18 75
      vertex 127 3 75
    endloop
  endfacet
  facet normal 0 0 -1
    outer loop
      vertex 127 3 75
      vertex 141.872 16.0421 75
      vertex 141.489 14.1177 75
    endloop
  endfacet
  facet normal 0 0 -1
    outer loop
      vertex 142 18 75
      vertex 3 18 75
      vertex 142 132 75
    endloop
  endfacet
  facet normal 0 0 -1
    outer loop
      vertex 127 3 75
      vertex 141.489 14.1177 75
      vertex 140.858 12.2597 75
    endloop
  endfacet
  facet normal 0 0 -1
    outer loop
      vertex 142 132 75
      vertex 127 147 75
      vertex 141.872 133.958 75
    endloop
  endfacet
  facet normal 0 0 -1
    outer loop
      vertex 127 3 75
      vertex 140.858 12.2597 75
      vertex 139.99 10.5 75
    endloop
  endfacet
  facet normal 0 0 -1
    outer loop
      vertex 141.872 133.958 75
      vertex 127 147 75
      vertex 141.489 135.882 75
    endloop
  endfacet
  facet normal 0 0 -1
    outer loop
      vertex 127 3 75
      vertex 139.99 10.5 75
      vertex 138.9 8.86858 75
    endloop
  endfacet
  facet normal 0 0 -1
    outer loop
      vertex 141.489 135.882 75
      vertex 127 147 75
      vertex 140.858 137.74 75
    endloop
  endfacet
  facet normal 0 0 -1
    outer loop
      vertex 127 3 75
      vertex 138.9 8.86858 75
      vertex 137.607 7.3934 75
    endloop
  endfacet
  facet normal 0 0 -1
    outer loop
      vertex 140.858 137.74 75
      vertex 127 147 75
      vertex 139.99 139.5 75
    endloop
  endfacet
  facet normal 0 0 -1
    outer loop
      vertex 127 3 75
      vertex 137.607 7.3934 75
      vertex 136.131 6.0997 75
    endloop
  endfacet
  facet normal 0 0 -1
    outer loop
      vertex 139.99 139.5 75
      vertex 127 147 75
      vertex 138.9 141.131 75
    endloop
  endfacet
  facet normal 0 0 -1
    outer loop
      vertex 127 3 75
      vertex 136.131 6.0997 75
      vertex 134.5 5.00962 75
    endloop
  endfacet
  facet normal 0 0 -1
    outer loop
      vertex 138.9 141.131 75
      vertex 127 147 75
      vertex 137.607 142.607 75
    endloop
  endfacet
  facet normal 0 0 -1
    outer loop
      vertex 127 3 75
      vertex 134.5 5.00962 75
      vertex 132.74 4.14181 75
    endloop
  endfacet
  facet normal 0 0 -1
    outer loop
      vertex 137.607 142.607 75
      vertex 127 147 75
      vertex 136.131 143.9 75
    endloop
  endfacet
  facet normal 0 0 -1
    outer loop
      vertex 127 3 75
      vertex 132.74 4.14181 75
      vertex 130.882 3.51111 75
    endloop
  endfacet
  facet normal 0 0 -1
    outer loop
      vertex 136.131 143.9 75
      vertex 127 147 75
      vertex 134.5 144.99 75
    endloop
  endfacet
  facet normal 0 0 -1
    outer loop
      vertex 127 3 75
      vertex 130.882 3.51111 75
      vertex 128.958 3.12833 75
    endloop
  endfacet
  facet normal 0 0 -1
    outer loop
      vertex 134.5 144.99 75
      vertex 127 147 75
      vertex 132.74 145.858 75
    endloop
  endfacet
  facet normal 0 0 -1
    outer loop
      vertex 132.74 145.858 75
      vertex 127 147 75
      vertex 130.882 146.489 75
    endloop
  endfacet
  facet normal 0 0 -1
    outer loop
      vertex 130.882 146.489 75
      vertex 127 147 75
      vertex 128.958 146.872 75
    endloop
  endfacet
  facet normal 0 0 -1
    outer loop
      vertex 3 18 75
      vertex 127 3 75
      vertex 18 3 75
    endloop
  endfacet
  facet normal 0 0 -1
    outer loop
      vertex 3 132 75
      vertex 142 132 75
      vertex 3 18 75
    endloop
  endfacet
  facet normal 0 0 -1
    outer loop
      vertex 3 18 75
      vertex 18 3 75
      vertex 16.0421 3.12833 75
    endloop
  endfacet
  facet normal 0 0 -1
    outer loop
      vertex 142 132 75
      vertex 3 132 75
      vertex 127 147 75
    endloop
  endfacet
  facet normal 0 0 -1
    outer loop
      vertex 3 18 75
      vertex 16.0421 3.12833 75
      vertex 14.1177 3.51111 75
    endloop
  endfacet
  facet normal -0 0 -1
    outer loop
      vertex 127 147 75
      vertex 3 132 75
      vertex 18 147 75
    endloop
  endfacet
  facet normal 0 0 -1
    outer loop
      vertex 3 18 75
      vertex 14.1177 3.51111 75
      vertex 12.2597 4.14181 75
    endloop
  endfacet
  facet normal 0 0 -1
    outer loop
      vertex 18 147 75
      vertex 3 132 75
      vertex 16.0421 146.872 75
    endloop
  endfacet
  facet normal 0 0 -1
    outer loop
      vertex 3 18 75
      vertex 12.2597 4.14181 75
      vertex 10.5 5.00962 75
    endloop
  endfacet
  facet normal 0 0 -1
    outer loop
      vertex 16.0421 146.872 75
      vertex 3 132 75
      vertex 14.1177 146.489 75
    endloop
  endfacet
  facet normal 0 0 -1
    outer loop
      vertex 3 18 75
      vertex 10.5 5.00962 75
      vertex 8.86858 6.0997 75
    endloop
  endfacet
  facet normal 0 0 -1
    outer loop
      vertex 14.1177 146.489 75
      vertex 3 132 75
      vertex 12.2597 145.858 75
    endloop
  endfacet
  facet normal 0 0 -1
    outer loop
      vertex 3 18 75
      vertex 8.86858 6.0997 75
      vertex 7.3934 7.3934 75
    endloop
  endfacet
  facet normal 0 0 -1
    outer loop
      vertex 12.2597 145.858 75
      vertex 3 132 75
      vertex 10.5 144.99 75
    endloop
  endfacet
  facet normal 0 0 -1
    outer loop
      vertex 3 18 75
      vertex 7.3934 7.3934 75
      vertex 6.0997 8.86858 75
    endloop
  endfacet
  facet normal 0 0 -1
    outer loop
      vertex 10.5 144.99 75
      vertex 3 132 75
      vertex 8.86858 143.9 75
    endloop
  endfacet
  facet normal 0 0 -1
    outer loop
      vertex 3 18 75
      vertex 6.0997 8.86858 75
      vertex 5.00962 10.5 75
    endloop
  endfacet
  facet normal 0 0 -1
    outer loop
      vertex 8.86858 143.9 75
      vertex 3 132 75
      vertex 7.3934 142.607 75
    endloop
  endfacet
  facet normal 0 0 -1
    outer loop
      vertex 3 18 75
      vertex 5.00962 10.5 75
      vertex 4.14181 12.2597 75
    endloop
  endfacet
  facet normal 0 0 -1
    outer loop
      vertex 7.3934 142.607 75
      vertex 3 132 75
      vertex 6.0997 141.131 75
    endloop
  endfacet
  facet normal 0 0 -1
    outer loop
      vertex 3 18 75
      vertex 4.14181 12.2597 75
      vertex 3.51111 14.1177 75
    endloop
  endfacet
  facet normal 0 0 -1
    outer loop
      vertex 6.0997 141.131 75
      vertex 3 132 75
      vertex 5.00962 139.5 75
    endloop
  endfacet
  facet normal 0 0 -1
    outer loop
      vertex 3 18 75
      vertex 3.51111 14.1177 75
      vertex 3.12833 16.0421 75
    endloop
  endfacet
  facet normal 0 0 -1
    outer loop
      vertex 5.00962 139.5 75
      vertex 3 132 75
      vertex 4.14181 137.74 75
    endloop
  endfacet
  facet normal 0 0 -1
    outer loop
      vertex 4.14181 137.74 75
      vertex 3 132 75
      vertex 3.51111 135.882 75
    endloop
  endfacet
  facet normal 0 0 -1
    outer loop
      vertex 3.51111 135.882 75
      vertex 3 132 75
      vertex 3.12833 133.958 75
    endloop
  endfacet
  facet normal -0.195234 -0.980757 0
    outer loop
      vertex 128.958 146.872 3
      vertex 130.882 146.489 75
      vertex 128.958 146.872 75
    endloop
  endfacet
  facet normal -0.195234 -0.980757 -0
    outer loop
      vertex 130.882 146.489 75
      vertex 128.958 146.872 3
      vertex 130.882 146.489 3
    endloop
  endfacet
  facet normal -0.980764 0.195195 0
    outer loop
      vertex 141.489 14.1177 3
      vertex 141.872 16.0421 75
      vertex 141.872 16.0421 3
    endloop
  endfacet
  facet normal -0.980764 0.195195 0
    outer loop
      vertex 141.872 16.0421 75
      vertex 141.489 14.1177 3
      vertex 141.489 14.1177 75
    endloop
  endfacet
  facet normal -0.946885 0.321574 0
    outer loop
      vertex 140.858 12.2597 3
      vertex 141.489 14.1177 75
      vertex 141.489 14.1177 3
    endloop
  endfacet
  facet normal -0.946885 0.321574 0
    outer loop
      vertex 141.489 14.1177 75
      vertex 140.858 12.2597 3
      vertex 140.858 12.2597 75
    endloop
  endfacet
  facet normal 0.659145 -0.752016 0
    outer loop
      vertex 7.3934 142.607 3
      vertex 8.86858 143.9 75
      vertex 7.3934 142.607 75
    endloop
  endfacet
  facet normal 0.659145 -0.752016 0
    outer loop
      vertex 8.86858 143.9 75
      vertex 7.3934 142.607 3
      vertex 8.86858 143.9 3
    endloop
  endfacet
  facet normal -0.831422 -0.555641 0
    outer loop
      vertex 139.99 139.5 3
      vertex 138.9 141.131 75
      vertex 138.9 141.131 3
    endloop
  endfacet
  facet normal -0.831422 -0.555641 0
    outer loop
      vertex 138.9 141.131 75
      vertex 139.99 139.5 3
      vertex 139.99 139.5 75
    endloop
  endfacet
  facet normal 0.946931 -0.321437 0
    outer loop
      vertex 3.51111 135.882 75
      vertex 4.14181 137.74 3
      vertex 4.14181 137.74 75
    endloop
  endfacet
  facet normal 0.946931 -0.321437 0
    outer loop
      vertex 4.14181 137.74 3
      vertex 3.51111 135.882 75
      vertex 3.51111 135.882 3
    endloop
  endfacet
  facet normal 0.195087 0.980786 -0
    outer loop
      vertex 16.0421 3.12833 3
      vertex 14.1177 3.51111 75
      vertex 16.0421 3.12833 75
    endloop
  endfacet
  facet normal 0.195087 0.980786 0
    outer loop
      vertex 14.1177 3.51111 75
      vertex 16.0421 3.12833 3
      vertex 14.1177 3.51111 3
    endloop
  endfacet
  facet normal -0.321437 0.946931 0
    outer loop
      vertex 132.74 4.14181 3
      vertex 130.882 3.51111 75
      vertex 132.74 4.14181 75
    endloop
  endfacet
  facet normal -0.321437 0.946931 0
    outer loop
      vertex 130.882 3.51111 75
      vertex 132.74 4.14181 3
      vertex 130.882 3.51111 3
    endloop
  endfacet
  facet normal -0.065401 0.997859 0
    outer loop
      vertex 128.958 3.12833 3
      vertex 127 3 75
      vertex 128.958 3.12833 75
    endloop
  endfacet
  facet normal -0.065401 0.997859 0
    outer loop
      vertex 127 3 75
      vertex 128.958 3.12833 3
      vertex 127 3 3
    endloop
  endfacet
  facet normal -0.442315 -0.89686 0
    outer loop
      vertex 132.74 145.858 3
      vertex 134.5 144.99 75
      vertex 132.74 145.858 75
    endloop
  endfacet
  facet normal -0.442315 -0.89686 -0
    outer loop
      vertex 134.5 144.99 75
      vertex 132.74 145.858 3
      vertex 134.5 144.99 3
    endloop
  endfacet
  facet normal 0.55557 0.83147 -0
    outer loop
      vertex 10.5 5.00962 3
      vertex 8.86858 6.0997 75
      vertex 10.5 5.00962 75
    endloop
  endfacet
  facet normal 0.55557 0.83147 0
    outer loop
      vertex 8.86858 6.0997 75
      vertex 10.5 5.00962 3
      vertex 8.86858 6.0997 3
    endloop
  endfacet
  facet normal -0.442237 0.896898 0
    outer loop
      vertex 134.5 5.00962 3
      vertex 132.74 4.14181 75
      vertex 134.5 5.00962 75
    endloop
  endfacet
  facet normal -0.442237 0.896898 0
    outer loop
      vertex 132.74 4.14181 75
      vertex 134.5 5.00962 3
      vertex 132.74 4.14181 3
    endloop
  endfacet
  facet normal 0 0 1
    outer loop
      vertex 127 147 3
      vertex 142 132 3
      vertex 141.872 133.958 3
    endloop
  endfacet
  facet normal 0 0 1
    outer loop
      vertex 3 132 3
      vertex 142 132 3
      vertex 127 147 3
    endloop
  endfacet
  facet normal 0 0 1
    outer loop
      vertex 127 147 3
      vertex 141.872 133.958 3
      vertex 141.489 135.882 3
    endloop
  endfacet
  facet normal 0 0 1
    outer loop
      vertex 142 132 3
      vertex 3 132 3
      vertex 142 18 3
    endloop
  endfacet
  facet normal 0 0 1
    outer loop
      vertex 127 147 3
      vertex 141.489 135.882 3
      vertex 140.858 137.74 3
    endloop
  endfacet
  facet normal 0 0 1
    outer loop
      vertex 142 18 3
      vertex 127 3 3
      vertex 141.872 16.0421 3
    endloop
  endfacet
  facet normal 0 0 1
    outer loop
      vertex 127 147 3
      vertex 140.858 137.74 3
      vertex 139.99 139.5 3
    endloop
  endfacet
  facet normal 0 0 1
    outer loop
      vertex 141.872 16.0421 3
      vertex 127 3 3
      vertex 141.489 14.1177 3
    endloop
  endfacet
  facet normal 0 0 1
    outer loop
      vertex 127 147 3
      vertex 139.99 139.5 3
      vertex 138.9 141.131 3
    endloop
  endfacet
  facet normal 0 0 1
    outer loop
      vertex 141.489 14.1177 3
      vertex 127 3 3
      vertex 140.858 12.2597 3
    endloop
  endfacet
  facet normal 0 0 1
    outer loop
      vertex 127 147 3
      vertex 138.9 141.131 3
      vertex 137.607 142.607 3
    endloop
  endfacet
  facet normal 0 0 1
    outer loop
      vertex 140.858 12.2597 3
      vertex 127 3 3
      vertex 139.99 10.5 3
    endloop
  endfacet
  facet normal 0 0 1
    outer loop
      vertex 127 147 3
      vertex 137.607 142.607 3
      vertex 136.131 143.9 3
    endloop
  endfacet
  facet normal 0 0 1
    outer loop
      vertex 139.99 10.5 3
      vertex 127 3 3
      vertex 138.9 8.86858 3
    endloop
  endfacet
  facet normal 0 0 1
    outer loop
      vertex 127 147 3
      vertex 136.131 143.9 3
      vertex 134.5 144.99 3
    endloop
  endfacet
  facet normal 0 0 1
    outer loop
      vertex 138.9 8.86858 3
      vertex 127 3 3
      vertex 137.607 7.3934 3
    endloop
  endfacet
  facet normal 0 0 1
    outer loop
      vertex 127 147 3
      vertex 134.5 144.99 3
      vertex 132.74 145.858 3
    endloop
  endfacet
  facet normal 0 0 1
    outer loop
      vertex 137.607 7.3934 3
      vertex 127 3 3
      vertex 136.131 6.0997 3
    endloop
  endfacet
  facet normal 0 0 1
    outer loop
      vertex 127 147 3
      vertex 132.74 145.858 3
      vertex 130.882 146.489 3
    endloop
  endfacet
  facet normal 0 0 1
    outer loop
      vertex 136.131 6.0997 3
      vertex 127 3 3
      vertex 134.5 5.00962 3
    endloop
  endfacet
  facet normal 0 0 1
    outer loop
      vertex 127 147 3
      vertex 130.882 146.489 3
      vertex 128.958 146.872 3
    endloop
  endfacet
  facet normal 0 0 1
    outer loop
      vertex 134.5 5.00962 3
      vertex 127 3 3
      vertex 132.74 4.14181 3
    endloop
  endfacet
  facet normal 0 0 1
    outer loop
      vertex 132.74 4.14181 3
      vertex 127 3 3
      vertex 130.882 3.51111 3
    endloop
  endfacet
  facet normal 0 0 1
    outer loop
      vertex 130.882 3.51111 3
      vertex 127 3 3
      vertex 128.958 3.12833 3
    endloop
  endfacet
  facet normal 0 0 1
    outer loop
      vertex 3 132 3
      vertex 127 147 3
      vertex 18 147 3
    endloop
  endfacet
  facet normal 0 0 1
    outer loop
      vertex 3 18 3
      vertex 142 18 3
      vertex 3 132 3
    endloop
  endfacet
  facet normal 0 0 1
    outer loop
      vertex 3 132 3
      vertex 18 147 3
      vertex 16.0421 146.872 3
    endloop
  endfacet
  facet normal 0 0 1
    outer loop
      vertex 142 18 3
      vertex 3 18 3
      vertex 127 3 3
    endloop
  endfacet
  facet normal 0 0 1
    outer loop
      vertex 3 132 3
      vertex 16.0421 146.872 3
      vertex 14.1177 146.489 3
    endloop
  endfacet
  facet normal 0 0 1
    outer loop
      vertex 127 3 3
      vertex 3 18 3
      vertex 18 3 3
    endloop
  endfacet
  facet normal 0 0 1
    outer loop
      vertex 3 132 3
      vertex 14.1177 146.489 3
      vertex 12.2597 145.858 3
    endloop
  endfacet
  facet normal 0 0 1
    outer loop
      vertex 18 3 3
      vertex 3 18 3
      vertex 16.0421 3.12833 3
    endloop
  endfacet
  facet normal 0 0 1
    outer loop
      vertex 3 132 3
      vertex 12.2597 145.858 3
      vertex 10.5 144.99 3
    endloop
  endfacet
  facet normal 0 0 1
    outer loop
      vertex 16.0421 3.12833 3
      vertex 3 18 3
      vertex 14.1177 3.51111 3
    endloop
  endfacet
  facet normal 0 0 1
    outer loop
      vertex 3 132 3
      vertex 10.5 144.99 3
      vertex 8.86858 143.9 3
    endloop
  endfacet
  facet normal 0 0 1
    outer loop
      vertex 14.1177 3.51111 3
      vertex 3 18 3
      vertex 12.2597 4.14181 3
    endloop
  endfacet
  facet normal 0 0 1
    outer loop
      vertex 3 132 3
      vertex 8.86858 143.9 3
      vertex 7.3934 142.607 3
    endloop
  endfacet
  facet normal 0 0 1
    outer loop
      vertex 12.2597 4.14181 3
      vertex 3 18 3
      vertex 10.5 5.00962 3
    endloop
  endfacet
  facet normal 0 0 1
    outer loop
      vertex 3 132 3
      vertex 7.3934 142.607 3
      vertex 6.0997 141.131 3
    endloop
  endfacet
  facet normal 0 0 1
    outer loop
      vertex 10.5 5.00962 3
      vertex 3 18 3
      vertex 8.86858 6.0997 3
    endloop
  endfacet
  facet normal 0 0 1
    outer loop
      vertex 3 132 3
      vertex 6.0997 141.131 3
      vertex 5.00962 139.5 3
    endloop
  endfacet
  facet normal 0 0 1
    outer loop
      vertex 8.86858 6.0997 3
      vertex 3 18 3
      vertex 7.3934 7.3934 3
    endloop
  endfacet
  facet normal 0 0 1
    outer loop
      vertex 3 132 3
      vertex 5.00962 139.5 3
      vertex 4.14181 137.74 3
    endloop
  endfacet
  facet normal 0 0 1
    outer loop
      vertex 7.3934 7.3934 3
      vertex 3 18 3
      vertex 6.0997 8.86858 3
    endloop
  endfacet
  facet normal 0 0 1
    outer loop
      vertex 3 132 3
      vertex 4.14181 137.74 3
      vertex 3.51111 135.882 3
    endloop
  endfacet
  facet normal 0 0 1
    outer loop
      vertex 6.0997 8.86858 3
      vertex 3 18 3
      vertex 5.00962 10.5 3
    endloop
  endfacet
  facet normal 0 0 1
    outer loop
      vertex 3 132 3
      vertex 3.51111 135.882 3
      vertex 3.12833 133.958 3
    endloop
  endfacet
  facet normal 0 0 1
    outer loop
      vertex 5.00962 10.5 3
      vertex 3 18 3
      vertex 4.14181 12.2597 3
    endloop
  endfacet
  facet normal 0 0 1
    outer loop
      vertex 4.14181 12.2597 3
      vertex 3 18 3
      vertex 3.51111 14.1177 3
    endloop
  endfacet
  facet normal 0 0 1
    outer loop
      vertex 3.51111 14.1177 3
      vertex 3 18 3
      vertex 3.12833 16.0421 3
    endloop
  endfacet
  facet normal -0 0.44211 0.896961
    outer loop
      vertex 142 72.352 21.2284
      vertex 144.5 72 21.4019
      vertex 144.5 72.352 21.2284
    endloop
  endfacet
  facet normal 0 0.44211 0.896961
    outer loop
      vertex 144.5 72 21.4019
      vertex 142 72.352 21.2284
      vertex 142 72 21.4019
    endloop
  endfacet
  facet normal 0 0.896961 -0.44211
    outer loop
      vertex 144.5 70.7284 61.148
      vertex 142 70.9019 61.5
      vertex 144.5 70.9019 61.5
    endloop
  endfacet
  facet normal 0 0.896961 -0.44211
    outer loop
      vertex 142 70.9019 61.5
      vertex 144.5 70.7284 61.148
      vertex 142 70.7284 61.148
    endloop
  endfacet
  facet normal 0 -0.980815 0.19494
    outer loop
      vertex 142 79.3978 23.2235
      vertex 144.5 79.4743 23.6084
      vertex 142 79.4743 23.6084
    endloop
  endfacet
  facet normal 0 -0.980815 0.19494
    outer loop
      vertex 144.5 79.4743 23.6084
      vertex 142 79.3978 23.2235
      vertex 144.5 79.3978 23.2235
    endloop
  endfacet
  facet normal 0 0.997853 -0.0654873
    outer loop
      vertex 144.5 70.5 60
      vertex 142 70.5257 60.3916
      vertex 144.5 70.5257 60.3916
    endloop
  endfacet
  facet normal 0 0.997853 -0.0654873
    outer loop
      vertex 142 70.5257 60.3916
      vertex 144.5 70.5 60
      vertex 142 70.5 60
    endloop
  endfacet
  facet normal 0 -0.0654873 0.997853
    outer loop
      vertex 142 76.8916 21.0257
      vertex 144.5 76.5 21
      vertex 144.5 76.8916 21.0257
    endloop
  endfacet
  facet normal 0 -0.0654873 0.997853
    outer loop
      vertex 144.5 76.5 21
      vertex 142 76.8916 21.0257
      vertex 142 76.5 21
    endloop
  endfacet
  facet normal 0 0.946858 -0.321651
    outer loop
      vertex 144.5 70.6022 60.7765
      vertex 142 70.7284 61.148
      vertex 144.5 70.7284 61.148
    endloop
  endfacet
  facet normal 0 0.946858 -0.321651
    outer loop
      vertex 142 70.7284 61.148
      vertex 144.5 70.6022 60.7765
      vertex 142 70.6022 60.7765
    endloop
  endfacet
  facet normal 0 0.980815 -0.19494
    outer loop
      vertex 144.5 70.5257 60.3916
      vertex 142 70.6022 60.7765
      vertex 144.5 70.6022 60.7765
    endloop
  endfacet
  facet normal 0 0.980815 -0.19494
    outer loop
      vertex 142 70.6022 60.7765
      vertex 144.5 70.5257 60.3916
      vertex 142 70.5257 60.3916
    endloop
  endfacet
  facet normal 0 0.751724 -0.659478
    outer loop
      vertex 144.5 71.1199 61.8263
      vertex 142 71.3787 62.1213
      vertex 144.5 71.3787 62.1213
    endloop
  endfacet
  facet normal 0 0.751724 -0.659478
    outer loop
      vertex 142 71.3787 62.1213
      vertex 144.5 71.1199 61.8263
      vertex 142 71.1199 61.8263
    endloop
  endfacet
  facet normal 0 0.751724 0.659478
    outer loop
      vertex 144.5 71.3787 21.8787
      vertex 142 71.1199 22.1737
      vertex 144.5 71.1199 22.1737
    endloop
  endfacet
  facet normal 0 0.751724 0.659478
    outer loop
      vertex 142 71.1199 22.1737
      vertex 144.5 71.3787 21.8787
      vertex 142 71.3787 21.8787
    endloop
  endfacet
  facet normal 0 0.19494 -0.980815
    outer loop
      vertex 142 72.7235 62.8978
      vertex 144.5 73.1084 62.9743
      vertex 144.5 72.7235 62.8978
    endloop
  endfacet
  facet normal 0 0.19494 -0.980815
    outer loop
      vertex 144.5 73.1084 62.9743
      vertex 142 72.7235 62.8978
      vertex 142 73.1084 62.9743
    endloop
  endfacet
  facet normal 0 1 -0
    outer loop
      vertex 144.5 70.5 24
      vertex 142 70.5 60
      vertex 144.5 70.5 60
    endloop
  endfacet
  facet normal 0 1 0
    outer loop
      vertex 142 70.5 60
      vertex 144.5 70.5 24
      vertex 142 70.5 24
    endloop
  endfacet
  facet normal 0 0.997853 0.0654873
    outer loop
      vertex 144.5 70.5257 23.6084
      vertex 142 70.5 24
      vertex 144.5 70.5 24
    endloop
  endfacet
  facet normal 0 0.997853 0.0654873
    outer loop
      vertex 142 70.5 24
      vertex 144.5 70.5257 23.6084
      vertex 142 70.5257 23.6084
    endloop
  endfacet
  facet normal 0 0.44211 -0.896961
    outer loop
      vertex 142 72 62.5981
      vertex 144.5 72.352 62.7716
      vertex 144.5 72 62.5981
    endloop
  endfacet
  facet normal 0 0.44211 -0.896961
    outer loop
      vertex 144.5 72.352 62.7716
      vertex 142 72 62.5981
      vertex 142 72.352 62.7716
    endloop
  endfacet
  facet normal 0 -0.555523 0.831501
    outer loop
      vertex 142 78.3263 21.6199
      vertex 144.5 78 21.4019
      vertex 144.5 78.3263 21.6199
    endloop
  endfacet
  facet normal 0 -0.555523 0.831501
    outer loop
      vertex 144.5 78 21.4019
      vertex 142 78.3263 21.6199
      vertex 142 78 21.4019
    endloop
  endfacet
  facet normal 0 0.0654873 -0.997853
    outer loop
      vertex 142 73.1084 62.9743
      vertex 144.5 73.5 63
      vertex 144.5 73.1084 62.9743
    endloop
  endfacet
  facet normal 0 0.0654873 -0.997853
    outer loop
      vertex 144.5 73.5 63
      vertex 142 73.1084 62.9743
      vertex 142 73.5 63
    endloop
  endfacet
  facet normal 0 0.831501 0.555523
    outer loop
      vertex 144.5 71.1199 22.1737
      vertex 142 70.9019 22.5
      vertex 144.5 70.9019 22.5
    endloop
  endfacet
  facet normal 0 0.831501 0.555523
    outer loop
      vertex 142 70.9019 22.5
      vertex 144.5 71.1199 22.1737
      vertex 142 71.1199 22.1737
    endloop
  endfacet
  facet normal 0 -0.946858 -0.321651
    outer loop
      vertex 142 79.3978 60.7765
      vertex 144.5 79.2716 61.148
      vertex 142 79.2716 61.148
    endloop
  endfacet
  facet normal 0 -0.946858 -0.321651
    outer loop
      vertex 144.5 79.2716 61.148
      vertex 142 79.3978 60.7765
      vertex 144.5 79.3978 60.7765
    endloop
  endfacet
  facet normal 0 0.896911 0.442211
    outer loop
      vertex 144.5 70.9019 22.5
      vertex 142 70.7284 22.8519
      vertex 144.5 70.7284 22.8519
    endloop
  endfacet
  facet normal 0 0.896911 0.442211
    outer loop
      vertex 142 70.7284 22.8519
      vertex 144.5 70.9019 22.5
      vertex 142 70.9019 22.5
    endloop
  endfacet
  facet normal 0 -0.751724 0.659478
    outer loop
      vertex 142 78.6213 21.8787
      vertex 144.5 78.8801 22.1737
      vertex 142 78.8801 22.1737
    endloop
  endfacet
  facet normal 0 -0.751724 0.659478
    outer loop
      vertex 144.5 78.8801 22.1737
      vertex 142 78.6213 21.8787
      vertex 144.5 78.6213 21.8787
    endloop
  endfacet
  facet normal 0 -1 0
    outer loop
      vertex 142 79.5 24
      vertex 144.5 79.5 60
      vertex 142 79.5 60
    endloop
  endfacet
  facet normal 0 -1 -0
    outer loop
      vertex 144.5 79.5 60
      vertex 142 79.5 24
      vertex 144.5 79.5 24
    endloop
  endfacet
  facet normal 0 -0.659478 -0.751724
    outer loop
      vertex 142 78.3263 62.3801
      vertex 144.5 78.6213 62.1213
      vertex 144.5 78.3263 62.3801
    endloop
  endfacet
  facet normal -0 -0.659478 -0.751724
    outer loop
      vertex 144.5 78.6213 62.1213
      vertex 142 78.3263 62.3801
      vertex 142 78.6213 62.1213
    endloop
  endfacet
  facet normal 0 -0.997853 -0.0654873
    outer loop
      vertex 142 79.5 60
      vertex 144.5 79.4743 60.3916
      vertex 142 79.4743 60.3916
    endloop
  endfacet
  facet normal 0 -0.997853 -0.0654873
    outer loop
      vertex 144.5 79.4743 60.3916
      vertex 142 79.5 60
      vertex 144.5 79.5 60
    endloop
  endfacet
  facet normal 0 -0.19494 -0.980815
    outer loop
      vertex 142 76.8916 62.9743
      vertex 144.5 77.2765 62.8978
      vertex 144.5 76.8916 62.9743
    endloop
  endfacet
  facet normal -0 -0.19494 -0.980815
    outer loop
      vertex 144.5 77.2765 62.8978
      vertex 142 76.8916 62.9743
      vertex 142 77.2765 62.8978
    endloop
  endfacet
  facet normal 0 -0.896911 0.442211
    outer loop
      vertex 142 79.0981 22.5
      vertex 144.5 79.2716 22.8519
      vertex 142 79.2716 22.8519
    endloop
  endfacet
  facet normal 0 -0.896911 0.442211
    outer loop
      vertex 144.5 79.2716 22.8519
      vertex 142 79.0981 22.5
      vertex 144.5 79.0981 22.5
    endloop
  endfacet
  facet normal 0 -0.946885 0.321574
    outer loop
      vertex 142 79.2716 22.8519
      vertex 144.5 79.3978 23.2235
      vertex 142 79.3978 23.2235
    endloop
  endfacet
  facet normal 0 -0.946885 0.321574
    outer loop
      vertex 144.5 79.3978 23.2235
      vertex 142 79.2716 22.8519
      vertex 144.5 79.2716 22.8519
    endloop
  endfacet
  facet normal -0 0 1
    outer loop
      vertex 142 76.5 21
      vertex 144.5 73.5 21
      vertex 144.5 76.5 21
    endloop
  endfacet
  facet normal 0 0 1
    outer loop
      vertex 144.5 73.5 21
      vertex 142 76.5 21
      vertex 142 73.5 21
    endloop
  endfacet
  facet normal -0 0.321651 0.946858
    outer loop
      vertex 142 72.7235 21.1022
      vertex 144.5 72.352 21.2284
      vertex 144.5 72.7235 21.1022
    endloop
  endfacet
  facet normal 0 0.321651 0.946858
    outer loop
      vertex 144.5 72.352 21.2284
      vertex 142 72.7235 21.1022
      vertex 142 72.352 21.2284
    endloop
  endfacet
  facet normal 0 -0.831501 -0.555523
    outer loop
      vertex 142 79.0981 61.5
      vertex 144.5 78.8801 61.8263
      vertex 142 78.8801 61.8263
    endloop
  endfacet
  facet normal 0 -0.831501 -0.555523
    outer loop
      vertex 144.5 78.8801 61.8263
      vertex 142 79.0981 61.5
      vertex 144.5 79.0981 61.5
    endloop
  endfacet
  facet normal 0 0.980815 0.19494
    outer loop
      vertex 144.5 70.6022 23.2235
      vertex 142 70.5257 23.6084
      vertex 144.5 70.5257 23.6084
    endloop
  endfacet
  facet normal 0 0.980815 0.19494
    outer loop
      vertex 142 70.5257 23.6084
      vertex 144.5 70.6022 23.2235
      vertex 142 70.6022 23.2235
    endloop
  endfacet
  facet normal 0 -0.997853 0.0654873
    outer loop
      vertex 142 79.4743 23.6084
      vertex 144.5 79.5 24
      vertex 142 79.5 24
    endloop
  endfacet
  facet normal 0 -0.997853 0.0654873
    outer loop
      vertex 144.5 79.5 24
      vertex 142 79.4743 23.6084
      vertex 144.5 79.4743 23.6084
    endloop
  endfacet
  facet normal -0 0.659478 0.751724
    outer loop
      vertex 142 71.6737 21.6199
      vertex 144.5 71.3787 21.8787
      vertex 144.5 71.6737 21.6199
    endloop
  endfacet
  facet normal 0 0.659478 0.751724
    outer loop
      vertex 144.5 71.3787 21.8787
      vertex 142 71.6737 21.6199
      vertex 142 71.3787 21.8787
    endloop
  endfacet
  facet normal 0 0.946885 0.321574
    outer loop
      vertex 144.5 70.7284 22.8519
      vertex 142 70.6022 23.2235
      vertex 144.5 70.6022 23.2235
    endloop
  endfacet
  facet normal 0 0.946885 0.321574
    outer loop
      vertex 142 70.6022 23.2235
      vertex 144.5 70.7284 22.8519
      vertex 142 70.7284 22.8519
    endloop
  endfacet
  facet normal 0 -0.19494 0.980815
    outer loop
      vertex 142 77.2765 21.1022
      vertex 144.5 76.8916 21.0257
      vertex 144.5 77.2765 21.1022
    endloop
  endfacet
  facet normal 0 -0.19494 0.980815
    outer loop
      vertex 144.5 76.8916 21.0257
      vertex 142 77.2765 21.1022
      vertex 142 76.8916 21.0257
    endloop
  endfacet
  facet normal 0 0.555523 -0.831501
    outer loop
      vertex 142 71.6737 62.3801
      vertex 144.5 72 62.5981
      vertex 144.5 71.6737 62.3801
    endloop
  endfacet
  facet normal 0 0.555523 -0.831501
    outer loop
      vertex 144.5 72 62.5981
      vertex 142 71.6737 62.3801
      vertex 142 72 62.5981
    endloop
  endfacet
  facet normal 0 -0.896961 -0.44211
    outer loop
      vertex 142 79.2716 61.148
      vertex 144.5 79.0981 61.5
      vertex 142 79.0981 61.5
    endloop
  endfacet
  facet normal 0 -0.896961 -0.44211
    outer loop
      vertex 144.5 79.0981 61.5
      vertex 142 79.2716 61.148
      vertex 144.5 79.2716 61.148
    endloop
  endfacet
  facet normal 0 0 -1
    outer loop
      vertex 142 73.5 63
      vertex 144.5 76.5 63
      vertex 144.5 73.5 63
    endloop
  endfacet
  facet normal -0 0 -1
    outer loop
      vertex 144.5 76.5 63
      vertex 142 73.5 63
      vertex 142 76.5 63
    endloop
  endfacet
  facet normal 0 0.831501 -0.555523
    outer loop
      vertex 144.5 70.9019 61.5
      vertex 142 71.1199 61.8263
      vertex 144.5 71.1199 61.8263
    endloop
  endfacet
  facet normal 0 0.831501 -0.555523
    outer loop
      vertex 142 71.1199 61.8263
      vertex 144.5 70.9019 61.5
      vertex 142 70.9019 61.5
    endloop
  endfacet
  facet normal -0 0.555523 0.831501
    outer loop
      vertex 142 72 21.4019
      vertex 144.5 71.6737 21.6199
      vertex 144.5 72 21.4019
    endloop
  endfacet
  facet normal 0 0.555523 0.831501
    outer loop
      vertex 144.5 71.6737 21.6199
      vertex 142 72 21.4019
      vertex 142 71.6737 21.6199
    endloop
  endfacet
  facet normal 0 0.321651 -0.946858
    outer loop
      vertex 142 72.352 62.7716
      vertex 144.5 72.7235 62.8978
      vertex 144.5 72.352 62.7716
    endloop
  endfacet
  facet normal 0 0.321651 -0.946858
    outer loop
      vertex 144.5 72.7235 62.8978
      vertex 142 72.352 62.7716
      vertex 142 72.7235 62.8978
    endloop
  endfacet
  facet normal 0 -0.44211 0.896961
    outer loop
      vertex 142 78 21.4019
      vertex 144.5 77.648 21.2284
      vertex 144.5 78 21.4019
    endloop
  endfacet
  facet normal 0 -0.44211 0.896961
    outer loop
      vertex 144.5 77.648 21.2284
      vertex 142 78 21.4019
      vertex 142 77.648 21.2284
    endloop
  endfacet
  facet normal 0 0.659478 -0.751724
    outer loop
      vertex 142 71.3787 62.1213
      vertex 144.5 71.6737 62.3801
      vertex 144.5 71.3787 62.1213
    endloop
  endfacet
  facet normal 0 0.659478 -0.751724
    outer loop
      vertex 144.5 71.6737 62.3801
      vertex 142 71.3787 62.1213
      vertex 142 71.6737 62.3801
    endloop
  endfacet
  facet normal -1 0 0
    outer loop
      vertex 144.5 76.5 21
      vertex 144.5 79.5 24
      vertex 144.5 79.4743 23.6084
    endloop
  endfacet
  facet normal -1 0 0
    outer loop
      vertex 144.5 79.5 24
      vertex 144.5 70.5 24
      vertex 144.5 79.5 60
    endloop
  endfacet
  facet normal -1 0 0
    outer loop
      vertex 144.5 76.5 21
      vertex 144.5 79.4743 23.6084
      vertex 144.5 79.3978 23.2235
    endloop
  endfacet
  facet normal -1 0 0
    outer loop
      vertex 144.5 70.5 60
      vertex 144.5 79.5 60
      vertex 144.5 70.5 24
    endloop
  endfacet
  facet normal -1 0 0
    outer loop
      vertex 144.5 76.5 21
      vertex 144.5 79.3978 23.2235
      vertex 144.5 79.2716 22.8519
    endloop
  endfacet
  facet normal -1 0 -0
    outer loop
      vertex 144.5 76.5 63
      vertex 144.5 79.5 60
      vertex 144.5 70.5 60
    endloop
  endfacet
  facet normal -1 0 0
    outer loop
      vertex 144.5 76.5 21
      vertex 144.5 79.2716 22.8519
      vertex 144.5 79.0981 22.5
    endloop
  endfacet
  facet normal -1 0 0
    outer loop
      vertex 144.5 79.5 60
      vertex 144.5 76.5 63
      vertex 144.5 79.4743 60.3916
    endloop
  endfacet
  facet normal -1 0 0
    outer loop
      vertex 144.5 76.5 21
      vertex 144.5 79.0981 22.5
      vertex 144.5 78.8801 22.1737
    endloop
  endfacet
  facet normal -1 0 0
    outer loop
      vertex 144.5 79.4743 60.3916
      vertex 144.5 76.5 63
      vertex 144.5 79.3978 60.7765
    endloop
  endfacet
  facet normal -1 0 0
    outer loop
      vertex 144.5 76.5 21
      vertex 144.5 78.8801 22.1737
      vertex 144.5 78.6213 21.8787
    endloop
  endfacet
  facet normal -1 0 0
    outer loop
      vertex 144.5 79.3978 60.7765
      vertex 144.5 76.5 63
      vertex 144.5 79.2716 61.148
    endloop
  endfacet
  facet normal -1 0 0
    outer loop
      vertex 144.5 76.5 21
      vertex 144.5 78.6213 21.8787
      vertex 144.5 78.3263 21.6199
    endloop
  endfacet
  facet normal -1 0 0
    outer loop
      vertex 144.5 79.2716 61.148
      vertex 144.5 76.5 63
      vertex 144.5 79.0981 61.5
    endloop
  endfacet
  facet normal -1 0 0
    outer loop
      vertex 144.5 76.5 21
      vertex 144.5 78.3263 21.6199
      vertex 144.5 78 21.4019
    endloop
  endfacet
  facet normal -1 0 0
    outer loop
      vertex 144.5 79.0981 61.5
      vertex 144.5 76.5 63
      vertex 144.5 78.8801 61.8263
    endloop
  endfacet
  facet normal -1 0 0
    outer loop
      vertex 144.5 76.5 21
      vertex 144.5 78 21.4019
      vertex 144.5 77.648 21.2284
    endloop
  endfacet
  facet normal -1 0 0
    outer loop
      vertex 144.5 78.8801 61.8263
      vertex 144.5 76.5 63
      vertex 144.5 78.6213 62.1213
    endloop
  endfacet
  facet normal -1 0 0
    outer loop
      vertex 144.5 76.5 21
      vertex 144.5 77.648 21.2284
      vertex 144.5 77.2765 21.1022
    endloop
  endfacet
  facet normal -1 0 0
    outer loop
      vertex 144.5 78.6213 62.1213
      vertex 144.5 76.5 63
      vertex 144.5 78.3263 62.3801
    endloop
  endfacet
  facet normal -1 0 0
    outer loop
      vertex 144.5 76.5 21
      vertex 144.5 77.2765 21.1022
      vertex 144.5 76.8916 21.0257
    endloop
  endfacet
  facet normal -1 0 0
    outer loop
      vertex 144.5 78.3263 62.3801
      vertex 144.5 76.5 63
      vertex 144.5 78 62.5981
    endloop
  endfacet
  facet normal -1 -0 0
    outer loop
      vertex 144.5 79.5 24
      vertex 144.5 76.5 21
      vertex 144.5 70.5 24
    endloop
  endfacet
  facet normal -1 0 0
    outer loop
      vertex 144.5 78 62.5981
      vertex 144.5 76.5 63
      vertex 144.5 77.648 62.7716
    endloop
  endfacet
  facet normal -1 0 0
    outer loop
      vertex 144.5 70.5 24
      vertex 144.5 76.5 21
      vertex 144.5 73.5 21
    endloop
  endfacet
  facet normal -1 0 0
    outer loop
      vertex 144.5 77.648 62.7716
      vertex 144.5 76.5 63
      vertex 144.5 77.2765 62.8978
    endloop
  endfacet
  facet normal -1 0 0
    outer loop
      vertex 144.5 70.5 24
      vertex 144.5 73.5 21
      vertex 144.5 73.1084 21.0257
    endloop
  endfacet
  facet normal -1 0 0
    outer loop
      vertex 144.5 77.2765 62.8978
      vertex 144.5 76.5 63
      vertex 144.5 76.8916 62.9743
    endloop
  endfacet
  facet normal -1 0 0
    outer loop
      vertex 144.5 70.5 24
      vertex 144.5 73.1084 21.0257
      vertex 144.5 72.7235 21.1022
    endloop
  endfacet
  facet normal -1 -0 0
    outer loop
      vertex 144.5 76.5 63
      vertex 144.5 70.5 60
      vertex 144.5 73.5 63
    endloop
  endfacet
  facet normal -1 0 0
    outer loop
      vertex 144.5 70.5 24
      vertex 144.5 72.7235 21.1022
      vertex 144.5 72.352 21.2284
    endloop
  endfacet
  facet normal -1 0 0
    outer loop
      vertex 144.5 73.5 63
      vertex 144.5 70.5 60
      vertex 144.5 73.1084 62.9743
    endloop
  endfacet
  facet normal -1 0 0
    outer loop
      vertex 144.5 70.5 24
      vertex 144.5 72.352 21.2284
      vertex 144.5 72 21.4019
    endloop
  endfacet
  facet normal -1 0 0
    outer loop
      vertex 144.5 73.1084 62.9743
      vertex 144.5 70.5 60
      vertex 144.5 72.7235 62.8978
    endloop
  endfacet
  facet normal -1 0 0
    outer loop
      vertex 144.5 70.5 24
      vertex 144.5 72 21.4019
      vertex 144.5 71.6737 21.6199
    endloop
  endfacet
  facet normal -1 0 0
    outer loop
      vertex 144.5 72.7235 62.8978
      vertex 144.5 70.5 60
      vertex 144.5 72.352 62.7716
    endloop
  endfacet
  facet normal -1 0 0
    outer loop
      vertex 144.5 70.5 24
      vertex 144.5 71.6737 21.6199
      vertex 144.5 71.3787 21.8787
    endloop
  endfacet
  facet normal -1 0 0
    outer loop
      vertex 144.5 72.352 62.7716
      vertex 144.5 70.5 60
      vertex 144.5 72 62.5981
    endloop
  endfacet
  facet normal -1 0 0
    outer loop
      vertex 144.5 70.5 24
      vertex 144.5 71.3787 21.8787
      vertex 144.5 71.1199 22.1737
    endloop
  endfacet
  facet normal -1 0 0
    outer loop
      vertex 144.5 72 62.5981
      vertex 144.5 70.5 60
      vertex 144.5 71.6737 62.3801
    endloop
  endfacet
  facet normal -1 0 0
    outer loop
      vertex 144.5 70.5 24
      vertex 144.5 71.1199 22.1737
      vertex 144.5 70.9019 22.5
    endloop
  endfacet
  facet normal -1 0 0
    outer loop
      vertex 144.5 71.6737 62.3801
      vertex 144.5 70.5 60
      vertex 144.5 71.3787 62.1213
    endloop
  endfacet
  facet normal -1 0 0
    outer loop
      vertex 144.5 70.5 24
      vertex 144.5 70.9019 22.5
      vertex 144.5 70.7284 22.8519
    endloop
  endfacet
  facet normal -1 0 0
    outer loop
      vertex 144.5 71.3787 62.1213
      vertex 144.5 70.5 60
      vertex 144.5 71.1199 61.8263
    endloop
  endfacet
  facet normal -1 0 0
    outer loop
      vertex 144.5 70.5 24
      vertex 144.5 70.7284 22.8519
      vertex 144.5 70.6022 23.2235
    endloop
  endfacet
  facet normal -1 0 0
    outer loop
      vertex 144.5 71.1199 61.8263
      vertex 144.5 70.5 60
      vertex 144.5 70.9019 61.5
    endloop
  endfacet
  facet normal -1 0 0
    outer loop
      vertex 144.5 70.5 24
      vertex 144.5 70.6022 23.2235
      vertex 144.5 70.5257 23.6084
    endloop
  endfacet
  facet normal -1 0 0
    outer loop
      vertex 144.5 70.9019 61.5
      vertex 144.5 70.5 60
      vertex 144.5 70.7284 61.148
    endloop
  endfacet
  facet normal -1 0 0
    outer loop
      vertex 144.5 70.7284 61.148
      vertex 144.5 70.5 60
      vertex 144.5 70.6022 60.7765
    endloop
  endfacet
  facet normal -1 0 0
    outer loop
      vertex 144.5 70.6022 60.7765
      vertex 144.5 70.5 60
      vertex 144.5 70.5257 60.3916
    endloop
  endfacet
  facet normal 0 -0.0654873 -0.997853
    outer loop
      vertex 142 76.5 63
      vertex 144.5 76.8916 62.9743
      vertex 144.5 76.5 63
    endloop
  endfacet
  facet normal -0 -0.0654873 -0.997853
    outer loop
      vertex 144.5 76.8916 62.9743
      vertex 142 76.5 63
      vertex 142 76.8916 62.9743
    endloop
  endfacet
  facet normal 0 -0.751724 -0.659478
    outer loop
      vertex 142 78.8801 61.8263
      vertex 144.5 78.6213 62.1213
      vertex 142 78.6213 62.1213
    endloop
  endfacet
  facet normal 0 -0.751724 -0.659478
    outer loop
      vertex 144.5 78.6213 62.1213
      vertex 142 78.8801 61.8263
      vertex 144.5 78.8801 61.8263
    endloop
  endfacet
  facet normal 0 -0.659478 0.751724
    outer loop
      vertex 142 78.6213 21.8787
      vertex 144.5 78.3263 21.6199
      vertex 144.5 78.6213 21.8787
    endloop
  endfacet
  facet normal 0 -0.659478 0.751724
    outer loop
      vertex 144.5 78.3263 21.6199
      vertex 142 78.6213 21.8787
      vertex 142 78.3263 21.6199
    endloop
  endfacet
  facet normal 0 -0.831501 0.555523
    outer loop
      vertex 142 78.8801 22.1737
      vertex 144.5 79.0981 22.5
      vertex 142 79.0981 22.5
    endloop
  endfacet
  facet normal 0 -0.831501 0.555523
    outer loop
      vertex 144.5 79.0981 22.5
      vertex 142 78.8801 22.1737
      vertex 144.5 78.8801 22.1737
    endloop
  endfacet
  facet normal 0 -0.555523 -0.831501
    outer loop
      vertex 142 78 62.5981
      vertex 144.5 78.3263 62.3801
      vertex 144.5 78 62.5981
    endloop
  endfacet
  facet normal -0 -0.555523 -0.831501
    outer loop
      vertex 144.5 78.3263 62.3801
      vertex 142 78 62.5981
      vertex 142 78.3263 62.3801
    endloop
  endfacet
  facet normal 0 -0.321651 0.946858
    outer loop
      vertex 142 77.648 21.2284
      vertex 144.5 77.2765 21.1022
      vertex 144.5 77.648 21.2284
    endloop
  endfacet
  facet normal 0 -0.321651 0.946858
    outer loop
      vertex 144.5 77.2765 21.1022
      vertex 142 77.648 21.2284
      vertex 142 77.2765 21.1022
    endloop
  endfacet
  facet normal 0 -0.321651 -0.946858
    outer loop
      vertex 142 77.2765 62.8978
      vertex 144.5 77.648 62.7716
      vertex 144.5 77.2765 62.8978
    endloop
  endfacet
  facet normal -0 -0.321651 -0.946858
    outer loop
      vertex 144.5 77.648 62.7716
      vertex 142 77.2765 62.8978
      vertex 142 77.648 62.7716
    endloop
  endfacet
  facet normal 0 -0.980815 -0.19494
    outer loop
      vertex 142 79.4743 60.3916
      vertex 144.5 79.3978 60.7765
      vertex 142 79.3978 60.7765
    endloop
  endfacet
  facet normal 0 -0.980815 -0.19494
    outer loop
      vertex 144.5 79.3978 60.7765
      vertex 142 79.4743 60.3916
      vertex 144.5 79.4743 60.3916
    endloop
  endfacet
  facet normal -0 0.19494 0.980815
    outer loop
      vertex 142 73.1084 21.0257
      vertex 144.5 72.7235 21.1022
      vertex 144.5 73.1084 21.0257
    endloop
  endfacet
  facet normal 0 0.19494 0.980815
    outer loop
      vertex 144.5 72.7235 21.1022
      vertex 142 73.1084 21.0257
      vertex 142 72.7235 21.1022
    endloop
  endfacet
  facet normal -0 0.0654873 0.997853
    outer loop
      vertex 142 73.5 21
      vertex 144.5 73.1084 21.0257
      vertex 144.5 73.5 21
    endloop
  endfacet
  facet normal 0 0.0654873 0.997853
    outer loop
      vertex 144.5 73.1084 21.0257
      vertex 142 73.5 21
      vertex 142 73.1084 21.0257
    endloop
  endfacet
  facet normal 0 -0.44211 -0.896961
    outer loop
      vertex 142 77.648 62.7716
      vertex 144.5 78 62.5981
      vertex 144.5 77.648 62.7716
    endloop
  endfacet
  facet normal -0 -0.44211 -0.896961
    outer loop
      vertex 144.5 78 62.5981
      vertex 142 77.648 62.7716
      vertex 142 78 62.5981
    endloop
  endfacet
  facet normal 0 -0.896898 -0.442238
    outer loop
      vertex 0 80.6955 57.5307
      vertex 3 80.4641 58
      vertex 0 80.4641 58
    endloop
  endfacet
  facet normal 0 -0.896898 -0.442238
    outer loop
      vertex 3 80.4641 58
      vertex 0 80.6955 57.5307
      vertex 3 80.6955 57.5307
    endloop
  endfacet
  facet normal 0 -0.321498 -0.94691
    outer loop
      vertex 0 78.0353 59.8637
      vertex 3 78.5307 59.6955
      vertex 3 78.0353 59.8637
    endloop
  endfacet
  facet normal -0 -0.321498 -0.94691
    outer loop
      vertex 3 78.5307 59.6955
      vertex 0 78.0353 59.8637
      vertex 0 78.5307 59.6955
    endloop
  endfacet
  facet normal 0 -0.997861 0.0653646
    outer loop
      vertex 0 80.9658 29.4779
      vertex 3 81 30
      vertex 0 81 30
    endloop
  endfacet
  facet normal 0 -0.997861 0.0653646
    outer loop
      vertex 3 81 30
      vertex 0 80.9658 29.4779
      vertex 3 80.9658 29.4779
    endloop
  endfacet
  facet normal 0 0.997861 -0.0653646
    outer loop
      vertex 3 69 56
      vertex 0 69.0342 56.5221
      vertex 3 69.0342 56.5221
    endloop
  endfacet
  facet normal 0 0.997861 -0.0653646
    outer loop
      vertex 0 69.0342 56.5221
      vertex 3 69 56
      vertex 0 69 56
    endloop
  endfacet
  facet normal 0 -0.442238 0.896898
    outer loop
      vertex 0 79 26.5359
      vertex 3 78.5307 26.3045
      vertex 3 79 26.5359
    endloop
  endfacet
  facet normal 0 -0.442238 0.896898
    outer loop
      vertex 3 78.5307 26.3045
      vertex 0 79 26.5359
      vertex 0 78.5307 26.3045
    endloop
  endfacet
  facet normal 0 0.751842 0.659343
    outer loop
      vertex 3 70.1716 27.1716
      vertex 0 69.8266 27.565
      vertex 3 69.8266 27.565
    endloop
  endfacet
  facet normal 0 0.751842 0.659343
    outer loop
      vertex 0 69.8266 27.565
      vertex 3 70.1716 27.1716
      vertex 0 70.1716 27.1716
    endloop
  endfacet
  facet normal 0 0.831432 0.555626
    outer loop
      vertex 3 69.8266 27.565
      vertex 0 69.5359 28
      vertex 3 69.5359 28
    endloop
  endfacet
  facet normal 0 0.831432 0.555626
    outer loop
      vertex 0 69.5359 28
      vertex 3 69.8266 27.565
      vertex 0 69.8266 27.565
    endloop
  endfacet
  facet normal 0 1 -0
    outer loop
      vertex 3 69 30
      vertex 0 69 56
      vertex 3 69 56
    endloop
  endfacet
  facet normal 0 1 0
    outer loop
      vertex 0 69 56
      vertex 3 69 30
      vertex 0 69 30
    endloop
  endfacet
  facet normal 0 -0.751842 0.659343
    outer loop
      vertex 0 79.8284 27.1716
      vertex 3 80.1734 27.565
      vertex 0 80.1734 27.565
    endloop
  endfacet
  facet normal 0 -0.751842 0.659343
    outer loop
      vertex 3 80.1734 27.565
      vertex 0 79.8284 27.1716
      vertex 3 79.8284 27.1716
    endloop
  endfacet
  facet normal 0 0.896898 -0.442238
    outer loop
      vertex 3 69.3045 57.5307
      vertex 0 69.5359 58
      vertex 3 69.5359 58
    endloop
  endfacet
  facet normal 0 0.896898 -0.442238
    outer loop
      vertex 0 69.5359 58
      vertex 3 69.3045 57.5307
      vertex 0 69.3045 57.5307
    endloop
  endfacet
  facet normal 0 -1 0
    outer loop
      vertex 0 81 30
      vertex 3 81 56
      vertex 0 81 56
    endloop
  endfacet
  facet normal 0 -1 -0
    outer loop
      vertex 3 81 56
      vertex 0 81 30
      vertex 3 81 30
    endloop
  endfacet
  facet normal 0 -0.94691 0.321498
    outer loop
      vertex 0 80.6955 28.4693
      vertex 3 80.8637 28.9647
      vertex 0 80.8637 28.9647
    endloop
  endfacet
  facet normal 0 -0.94691 0.321498
    outer loop
      vertex 3 80.8637 28.9647
      vertex 0 80.6955 28.4693
      vertex 3 80.6955 28.4693
    endloop
  endfacet
  facet normal 0 0.751842 -0.659343
    outer loop
      vertex 3 69.8266 58.435
      vertex 0 70.1716 58.8284
      vertex 3 70.1716 58.8284
    endloop
  endfacet
  facet normal 0 0.751842 -0.659343
    outer loop
      vertex 0 70.1716 58.8284
      vertex 3 69.8266 58.435
      vertex 0 69.8266 58.435
    endloop
  endfacet
  facet normal 0 0 -1
    outer loop
      vertex 0 73 60
      vertex 3 77 60
      vertex 3 73 60
    endloop
  endfacet
  facet normal -0 0 -1
    outer loop
      vertex 3 77 60
      vertex 0 73 60
      vertex 0 77 60
    endloop
  endfacet
  facet normal 0 0.94691 -0.321498
    outer loop
      vertex 3 69.1363 57.0353
      vertex 0 69.3045 57.5307
      vertex 3 69.3045 57.5307
    endloop
  endfacet
  facet normal 0 0.94691 -0.321498
    outer loop
      vertex 0 69.3045 57.5307
      vertex 3 69.1363 57.0353
      vertex 0 69.1363 57.0353
    endloop
  endfacet
  facet normal 0 -0.659343 -0.751842
    outer loop
      vertex 0 79.435 59.1734
      vertex 3 79.8284 58.8284
      vertex 3 79.435 59.1734
    endloop
  endfacet
  facet normal -0 -0.659343 -0.751842
    outer loop
      vertex 3 79.8284 58.8284
      vertex 0 79.435 59.1734
      vertex 0 79.8284 58.8284
    endloop
  endfacet
  facet normal 0 -0.980779 -0.195124
    outer loop
      vertex 0 80.9658 56.5221
      vertex 3 80.8637 57.0353
      vertex 0 80.8637 57.0353
    endloop
  endfacet
  facet normal 0 -0.980779 -0.195124
    outer loop
      vertex 3 80.8637 57.0353
      vertex 0 80.9658 56.5221
      vertex 3 80.9658 56.5221
    endloop
  endfacet
  facet normal 0 -0.555626 0.831432
    outer loop
      vertex 0 79.435 26.8266
      vertex 3 79 26.5359
      vertex 3 79.435 26.8266
    endloop
  endfacet
  facet normal 0 -0.555626 0.831432
    outer loop
      vertex 3 79 26.5359
      vertex 0 79.435 26.8266
      vertex 0 79 26.5359
    endloop
  endfacet
  facet normal 0 0.831432 -0.555626
    outer loop
      vertex 3 69.5359 58
      vertex 0 69.8266 58.435
      vertex 3 69.8266 58.435
    endloop
  endfacet
  facet normal 0 0.831432 -0.555626
    outer loop
      vertex 0 69.8266 58.435
      vertex 3 69.5359 58
      vertex 0 69.5359 58
    endloop
  endfacet
  facet normal 0 0.94691 0.321498
    outer loop
      vertex 3 69.3045 28.4693
      vertex 0 69.1363 28.9647
      vertex 3 69.1363 28.9647
    endloop
  endfacet
  facet normal 0 0.94691 0.321498
    outer loop
      vertex 0 69.1363 28.9647
      vertex 3 69.3045 28.4693
      vertex 0 69.3045 28.4693
    endloop
  endfacet
  facet normal 0 0.555626 -0.831432
    outer loop
      vertex 0 70.565 59.1734
      vertex 3 71 59.4641
      vertex 3 70.565 59.1734
    endloop
  endfacet
  facet normal 0 0.555626 -0.831432
    outer loop
      vertex 3 71 59.4641
      vertex 0 70.565 59.1734
      vertex 0 71 59.4641
    endloop
  endfacet
  facet normal 0 -0.831432 -0.555626
    outer loop
      vertex 0 80.4641 58
      vertex 3 80.1734 58.435
      vertex 0 80.1734 58.435
    endloop
  endfacet
  facet normal 0 -0.831432 -0.555626
    outer loop
      vertex 3 80.1734 58.435
      vertex 0 80.4641 58
      vertex 3 80.4641 58
    endloop
  endfacet
  facet normal -0 0.321498 0.94691
    outer loop
      vertex 0 71.9647 26.1363
      vertex 3 71.4693 26.3045
      vertex 3 71.9647 26.1363
    endloop
  endfacet
  facet normal 0 0.321498 0.94691
    outer loop
      vertex 3 71.4693 26.3045
      vertex 0 71.9647 26.1363
      vertex 0 71.4693 26.3045
    endloop
  endfacet
  facet normal 0 0.997861 0.0653646
    outer loop
      vertex 3 69.0342 29.4779
      vertex 0 69 30
      vertex 3 69 30
    endloop
  endfacet
  facet normal 0 0.997861 0.0653646
    outer loop
      vertex 0 69 30
      vertex 3 69.0342 29.4779
      vertex 0 69.0342 29.4779
    endloop
  endfacet
  facet normal 0 -0.659343 0.751842
    outer loop
      vertex 0 79.8284 27.1716
      vertex 3 79.435 26.8266
      vertex 3 79.8284 27.1716
    endloop
  endfacet
  facet normal 0 -0.659343 0.751842
    outer loop
      vertex 3 79.435 26.8266
      vertex 0 79.8284 27.1716
      vertex 0 79.435 26.8266
    endloop
  endfacet
  facet normal 0 -0.94691 -0.321498
    outer loop
      vertex 0 80.8637 57.0353
      vertex 3 80.6955 57.5307
      vertex 0 80.6955 57.5307
    endloop
  endfacet
  facet normal 0 -0.94691 -0.321498
    outer loop
      vertex 3 80.6955 57.5307
      vertex 0 80.8637 57.0353
      vertex 3 80.8637 57.0353
    endloop
  endfacet
  facet normal -0 0.555626 0.831432
    outer loop
      vertex 0 71 26.5359
      vertex 3 70.565 26.8266
      vertex 3 71 26.5359
    endloop
  endfacet
  facet normal 0 0.555626 0.831432
    outer loop
      vertex 3 70.565 26.8266
      vertex 0 71 26.5359
      vertex 0 70.565 26.8266
    endloop
  endfacet
  facet normal 0 -0.751842 -0.659343
    outer loop
      vertex 0 80.1734 58.435
      vertex 3 79.8284 58.8284
      vertex 0 79.8284 58.8284
    endloop
  endfacet
  facet normal 0 -0.751842 -0.659343
    outer loop
      vertex 3 79.8284 58.8284
      vertex 0 80.1734 58.435
      vertex 3 80.1734 58.435
    endloop
  endfacet
  facet normal 0 -0.0653646 -0.997861
    outer loop
      vertex 0 77 60
      vertex 3 77.5221 59.9658
      vertex 3 77 60
    endloop
  endfacet
  facet normal -0 -0.0653646 -0.997861
    outer loop
      vertex 3 77.5221 59.9658
      vertex 0 77 60
      vertex 0 77.5221 59.9658
    endloop
  endfacet
  facet normal 0 -0.997861 -0.0653646
    outer loop
      vertex 0 81 56
      vertex 3 80.9658 56.5221
      vertex 0 80.9658 56.5221
    endloop
  endfacet
  facet normal 0 -0.997861 -0.0653646
    outer loop
      vertex 3 80.9658 56.5221
      vertex 0 81 56
      vertex 3 81 56
    endloop
  endfacet
  facet normal -0 0 1
    outer loop
      vertex 0 77 26
      vertex 3 73 26
      vertex 3 77 26
    endloop
  endfacet
  facet normal 0 0 1
    outer loop
      vertex 3 73 26
      vertex 0 77 26
      vertex 0 73 26
    endloop
  endfacet
  facet normal 0 0.321498 -0.94691
    outer loop
      vertex 0 71.4693 59.6955
      vertex 3 71.9647 59.8637
      vertex 3 71.4693 59.6955
    endloop
  endfacet
  facet normal 0 0.321498 -0.94691
    outer loop
      vertex 3 71.9647 59.8637
      vertex 0 71.4693 59.6955
      vertex 0 71.9647 59.8637
    endloop
  endfacet
  facet normal 0 0.980779 -0.195124
    outer loop
      vertex 3 69.0342 56.5221
      vertex 0 69.1363 57.0353
      vertex 3 69.1363 57.0353
    endloop
  endfacet
  facet normal 0 0.980779 -0.195124
    outer loop
      vertex 0 69.1363 57.0353
      vertex 3 69.0342 56.5221
      vertex 0 69.0342 56.5221
    endloop
  endfacet
  facet normal 0 -0.442238 -0.896898
    outer loop
      vertex 0 78.5307 59.6955
      vertex 3 79 59.4641
      vertex 3 78.5307 59.6955
    endloop
  endfacet
  facet normal -0 -0.442238 -0.896898
    outer loop
      vertex 3 79 59.4641
      vertex 0 78.5307 59.6955
      vertex 0 79 59.4641
    endloop
  endfacet
  facet normal 0 -0.980779 0.195124
    outer loop
      vertex 0 80.8637 28.9647
      vertex 3 80.9658 29.4779
      vertex 0 80.9658 29.4779
    endloop
  endfacet
  facet normal 0 -0.980779 0.195124
    outer loop
      vertex 3 80.9658 29.4779
      vertex 0 80.8637 28.9647
      vertex 3 80.8637 28.9647
    endloop
  endfacet
  facet normal -0 0.442238 0.896898
    outer loop
      vertex 0 71.4693 26.3045
      vertex 3 71 26.5359
      vertex 3 71.4693 26.3045
    endloop
  endfacet
  facet normal 0 0.442238 0.896898
    outer loop
      vertex 3 71 26.5359
      vertex 0 71.4693 26.3045
      vertex 0 71 26.5359
    endloop
  endfacet
  facet normal -0 0.0653646 0.997861
    outer loop
      vertex 0 73 26
      vertex 3 72.4779 26.0342
      vertex 3 73 26
    endloop
  endfacet
  facet normal 0 0.0653646 0.997861
    outer loop
      vertex 3 72.4779 26.0342
      vertex 0 73 26
      vertex 0 72.4779 26.0342
    endloop
  endfacet
  facet normal 0 -0.831432 0.555626
    outer loop
      vertex 0 80.1734 27.565
      vertex 3 80.4641 28
      vertex 0 80.4641 28
    endloop
  endfacet
  facet normal 0 -0.831432 0.555626
    outer loop
      vertex 3 80.4641 28
      vertex 0 80.1734 27.565
      vertex 3 80.1734 27.565
    endloop
  endfacet
  facet normal 0 -0.321498 0.94691
    outer loop
      vertex 0 78.5307 26.3045
      vertex 3 78.0353 26.1363
      vertex 3 78.5307 26.3045
    endloop
  endfacet
  facet normal 0 -0.321498 0.94691
    outer loop
      vertex 3 78.0353 26.1363
      vertex 0 78.5307 26.3045
      vertex 0 78.0353 26.1363
    endloop
  endfacet
  facet normal 0 0.442238 -0.896898
    outer loop
      vertex 0 71 59.4641
      vertex 3 71.4693 59.6955
      vertex 3 71 59.4641
    endloop
  endfacet
  facet normal 0 0.442238 -0.896898
    outer loop
      vertex 3 71.4693 59.6955
      vertex 0 71 59.4641
      vertex 0 71.4693 59.6955
    endloop
  endfacet
  facet normal 0 0.896898 0.442238
    outer loop
      vertex 3 69.5359 28
      vertex 0 69.3045 28.4693
      vertex 3 69.3045 28.4693
    endloop
  endfacet
  facet normal 0 0.896898 0.442238
    outer loop
      vertex 0 69.3045 28.4693
      vertex 3 69.5359 28
      vertex 0 69.5359 28
    endloop
  endfacet
  facet normal 0 -0.555626 -0.831432
    outer loop
      vertex 0 79 59.4641
      vertex 3 79.435 59.1734
      vertex 3 79 59.4641
    endloop
  endfacet
  facet normal -0 -0.555626 -0.831432
    outer loop
      vertex 3 79.435 59.1734
      vertex 0 79 59.4641
      vertex 0 79.435 59.1734
    endloop
  endfacet
  facet normal 0 -0.0653646 0.997861
    outer loop
      vertex 0 77.5221 26.0342
      vertex 3 77 26
      vertex 3 77.5221 26.0342
    endloop
  endfacet
  facet normal 0 -0.0653646 0.997861
    outer loop
      vertex 3 77 26
      vertex 0 77.5221 26.0342
      vertex 0 77 26
    endloop
  endfacet
  facet normal 0 -0.896898 0.442238
    outer loop
      vertex 0 80.4641 28
      vertex 3 80.6955 28.4693
      vertex 0 80.6955 28.4693
    endloop
  endfacet
  facet normal 0 -0.896898 0.442238
    outer loop
      vertex 3 80.6955 28.4693
      vertex 0 80.4641 28
      vertex 3 80.4641 28
    endloop
  endfacet
  facet normal 0 0.0653646 -0.997861
    outer loop
      vertex 0 72.4779 59.9658
      vertex 3 73 60
      vertex 3 72.4779 59.9658
    endloop
  endfacet
  facet normal 0 0.0653646 -0.997861
    outer loop
      vertex 3 73 60
      vertex 0 72.4779 59.9658
      vertex 0 73 60
    endloop
  endfacet
  facet normal -0 0.659343 0.751842
    outer loop
      vertex 0 70.565 26.8266
      vertex 3 70.1716 27.1716
      vertex 3 70.565 26.8266
    endloop
  endfacet
  facet normal 0 0.659343 0.751842
    outer loop
      vertex 3 70.1716 27.1716
      vertex 0 70.565 26.8266
      vertex 0 70.1716 27.1716
    endloop
  endfacet
  facet normal -0 0.195124 0.980779
    outer loop
      vertex 0 72.4779 26.0342
      vertex 3 71.9647 26.1363
      vertex 3 72.4779 26.0342
    endloop
  endfacet
  facet normal 0 0.195124 0.980779
    outer loop
      vertex 3 71.9647 26.1363
      vertex 0 72.4779 26.0342
      vertex 0 71.9647 26.1363
    endloop
  endfacet
  facet normal 0 0.980779 0.195124
    outer loop
      vertex 3 69.1363 28.9647
      vertex 0 69.0342 29.4779
      vertex 3 69.0342 29.4779
    endloop
  endfacet
  facet normal 0 0.980779 0.195124
    outer loop
      vertex 0 69.0342 29.4779
      vertex 3 69.1363 28.9647
      vertex 0 69.1363 28.9647
    endloop
  endfacet
  facet normal 0 0.659343 -0.751842
    outer loop
      vertex 0 70.1716 58.8284
      vertex 3 70.565 59.1734
      vertex 3 70.1716 58.8284
    endloop
  endfacet
  facet normal 0 0.659343 -0.751842
    outer loop
      vertex 3 70.565 59.1734
      vertex 0 70.1716 58.8284
      vertex 0 70.565 59.1734
    endloop
  endfacet
  facet normal 0 -0.195124 -0.980779
    outer loop
      vertex 0 77.5221 59.9658
      vertex 3 78.0353 59.8637
      vertex 3 77.5221 59.9658
    endloop
  endfacet
  facet normal -0 -0.195124 -0.980779
    outer loop
      vertex 3 78.0353 59.8637
      vertex 0 77.5221 59.9658
      vertex 0 78.0353 59.8637
    endloop
  endfacet
  facet normal 0 0.195124 -0.980779
    outer loop
      vertex 0 71.9647 59.8637
      vertex 3 72.4779 59.9658
      vertex 3 71.9647 59.8637
    endloop
  endfacet
  facet normal 0 0.195124 -0.980779
    outer loop
      vertex 3 72.4779 59.9658
      vertex 0 71.9647 59.8637
      vertex 0 72.4779 59.9658
    endloop
  endfacet
  facet normal 0 -0.195124 0.980779
    outer loop
      vertex 0 78.0353 26.1363
      vertex 3 77.5221 26.0342
      vertex 3 78.0353 26.1363
    endloop
  endfacet
  facet normal 0 -0.195124 0.980779
    outer loop
      vertex 3 77.5221 26.0342
      vertex 0 78.0353 26.1363
      vertex 0 77.5221 26.0342
    endloop
  endfacet
  facet normal 0 0 1
    outer loop
      vertex 94.3118 77.8716 80
      vertex 94.3118 72.1284 80
      vertex 94.5 75 80
    endloop
  endfacet
  facet normal 0 0 1
    outer loop
      vertex 93.7504 80.694 80
      vertex 94.3118 72.1284 80
      vertex 94.3118 77.8716 80
    endloop
  endfacet
  facet normal 0 0 1
    outer loop
      vertex 93.7504 80.694 80
      vertex 93.7504 69.306 80
      vertex 94.3118 72.1284 80
    endloop
  endfacet
  facet normal 0 0 1
    outer loop
      vertex 92.8253 83.419 80
      vertex 93.7504 69.306 80
      vertex 93.7504 80.694 80
    endloop
  endfacet
  facet normal 0 0 1
    outer loop
      vertex 92.8253 83.419 80
      vertex 92.8253 66.581 80
      vertex 93.7504 69.306 80
    endloop
  endfacet
  facet normal 0 0 1
    outer loop
      vertex 91.5526 86 80
      vertex 92.8253 66.581 80
      vertex 92.8253 83.419 80
    endloop
  endfacet
  facet normal 0 0 1
    outer loop
      vertex 91.5526 86 80
      vertex 91.5526 64 80
      vertex 92.8253 66.581 80
    endloop
  endfacet
  facet normal 0 0 1
    outer loop
      vertex 89.9538 88.3928 80
      vertex 91.5526 64 80
      vertex 91.5526 86 80
    endloop
  endfacet
  facet normal 0 0 1
    outer loop
      vertex 89.9538 88.3928 80
      vertex 89.9538 61.6073 80
      vertex 91.5526 64 80
    endloop
  endfacet
  facet normal 0 0 1
    outer loop
      vertex 88.0564 90.5564 80
      vertex 89.9538 61.6073 80
      vertex 89.9538 88.3928 80
    endloop
  endfacet
  facet normal 0 0 1
    outer loop
      vertex 88.0564 90.5564 80
      vertex 88.0564 59.4436 80
      vertex 89.9538 61.6073 80
    endloop
  endfacet
  facet normal 0 0 1
    outer loop
      vertex 85.8928 92.4538 80
      vertex 88.0564 59.4436 80
      vertex 88.0564 90.5564 80
    endloop
  endfacet
  facet normal 0 0 1
    outer loop
      vertex 85.8928 92.4538 80
      vertex 85.8928 57.5462 80
      vertex 88.0564 59.4436 80
    endloop
  endfacet
  facet normal 0 0 1
    outer loop
      vertex 83.5 94.0526 80
      vertex 85.8928 57.5462 80
      vertex 85.8928 92.4538 80
    endloop
  endfacet
  facet normal 0 0 1
    outer loop
      vertex 83.5 94.0526 80
      vertex 83.5 55.9474 80
      vertex 85.8928 57.5462 80
    endloop
  endfacet
  facet normal 0 0 1
    outer loop
      vertex 80.919 95.3253 80
      vertex 83.5 55.9474 80
      vertex 83.5 94.0526 80
    endloop
  endfacet
  facet normal 0 0 1
    outer loop
      vertex 80.919 95.3253 80
      vertex 80.919 54.6747 80
      vertex 83.5 55.9474 80
    endloop
  endfacet
  facet normal 0 0 1
    outer loop
      vertex 78.194 96.2504 80
      vertex 80.919 54.6747 80
      vertex 80.919 95.3253 80
    endloop
  endfacet
  facet normal 0 0 1
    outer loop
      vertex 78.194 96.2504 80
      vertex 78.194 53.7496 80
      vertex 80.919 54.6747 80
    endloop
  endfacet
  facet normal 0 0 1
    outer loop
      vertex 75.3716 96.8118 80
      vertex 78.194 53.7496 80
      vertex 78.194 96.2504 80
    endloop
  endfacet
  facet normal 0 0 1
    outer loop
      vertex 75.3716 96.8118 80
      vertex 75.3716 53.1882 80
      vertex 78.194 53.7496 80
    endloop
  endfacet
  facet normal 0 0 1
    outer loop
      vertex 72.5 97 80
      vertex 75.3716 53.1882 80
      vertex 75.3716 96.8118 80
    endloop
  endfacet
  facet normal 0 0 1
    outer loop
      vertex 72.5 97 80
      vertex 72.5 53 80
      vertex 75.3716 53.1882 80
    endloop
  endfacet
  facet normal -0 0 1
    outer loop
      vertex 69.6284 96.8118 80
      vertex 72.5 53 80
      vertex 72.5 97 80
    endloop
  endfacet
  facet normal 0 0 1
    outer loop
      vertex 69.6284 96.8118 80
      vertex 69.6284 53.1882 80
      vertex 72.5 53 80
    endloop
  endfacet
  facet normal -0 0 1
    outer loop
      vertex 66.806 96.2504 80
      vertex 69.6284 53.1882 80
      vertex 69.6284 96.8118 80
    endloop
  endfacet
  facet normal 0 0 1
    outer loop
      vertex 66.806 96.2504 80
      vertex 66.806 53.7496 80
      vertex 69.6284 53.1882 80
    endloop
  endfacet
  facet normal -0 0 1
    outer loop
      vertex 64.081 95.3253 80
      vertex 66.806 53.7496 80
      vertex 66.806 96.2504 80
    endloop
  endfacet
  facet normal 0 0 1
    outer loop
      vertex 64.081 95.3253 80
      vertex 64.081 54.6747 80
      vertex 66.806 53.7496 80
    endloop
  endfacet
  facet normal -0 0 1
    outer loop
      vertex 61.5 94.0526 80
      vertex 64.081 54.6747 80
      vertex 64.081 95.3253 80
    endloop
  endfacet
  facet normal 0 0 1
    outer loop
      vertex 61.5 94.0526 80
      vertex 61.5 55.9474 80
      vertex 64.081 54.6747 80
    endloop
  endfacet
  facet normal -0 0 1
    outer loop
      vertex 59.1073 92.4538 80
      vertex 61.5 55.9474 80
      vertex 61.5 94.0526 80
    endloop
  endfacet
  facet normal 0 0 1
    outer loop
      vertex 59.1073 92.4538 80
      vertex 59.1073 57.5462 80
      vertex 61.5 55.9474 80
    endloop
  endfacet
  facet normal -0 0 1
    outer loop
      vertex 56.9436 90.5564 80
      vertex 59.1073 57.5462 80
      vertex 59.1073 92.4538 80
    endloop
  endfacet
  facet normal 0 0 1
    outer loop
      vertex 56.9436 90.5564 80
      vertex 56.9436 59.4436 80
      vertex 59.1073 57.5462 80
    endloop
  endfacet
  facet normal -0 0 1
    outer loop
      vertex 55.0462 88.3928 80
      vertex 56.9436 59.4436 80
      vertex 56.9436 90.5564 80
    endloop
  endfacet
  facet normal 0 0 1
    outer loop
      vertex 55.0462 88.3928 80
      vertex 55.0462 61.6073 80
      vertex 56.9436 59.4436 80
    endloop
  endfacet
  facet normal -0 0 1
    outer loop
      vertex 53.4474 86 80
      vertex 55.0462 61.6073 80
      vertex 55.0462 88.3928 80
    endloop
  endfacet
  facet normal 0 0 1
    outer loop
      vertex 53.4474 86 80
      vertex 53.4474 64 80
      vertex 55.0462 61.6073 80
    endloop
  endfacet
  facet normal -0 0 1
    outer loop
      vertex 52.1747 83.419 80
      vertex 53.4474 64 80
      vertex 53.4474 86 80
    endloop
  endfacet
  facet normal 0 0 1
    outer loop
      vertex 52.1747 83.419 80
      vertex 52.1747 66.581 80
      vertex 53.4474 64 80
    endloop
  endfacet
  facet normal -0 0 1
    outer loop
      vertex 51.2496 80.694 80
      vertex 52.1747 66.581 80
      vertex 52.1747 83.419 80
    endloop
  endfacet
  facet normal 0 0 1
    outer loop
      vertex 51.2496 80.694 80
      vertex 51.2496 69.306 80
      vertex 52.1747 66.581 80
    endloop
  endfacet
  facet normal -0 0 1
    outer loop
      vertex 50.6882 77.8716 80
      vertex 51.2496 69.306 80
      vertex 51.2496 80.694 80
    endloop
  endfacet
  facet normal 0 0 1
    outer loop
      vertex 50.6882 77.8716 80
      vertex 50.6882 72.1284 80
      vertex 51.2496 69.306 80
    endloop
  endfacet
  facet normal 0 -0 1
    outer loop
      vertex 50.6882 72.1284 80
      vertex 50.6882 77.8716 80
      vertex 50.5 75 80
    endloop
  endfacet
  facet normal 0.0654119 -0.997858 0
    outer loop
      vertex 72.5 47.5 82
      vertex 76.0895 47.7353 84
      vertex 72.5 47.5 84
    endloop
  endfacet
  facet normal 0.0654119 -0.997858 0
    outer loop
      vertex 76.0895 47.7353 84
      vertex 72.5 47.5 82
      vertex 76.0895 47.7353 82
    endloop
  endfacet
  facet normal 0.980789 0.195074 0
    outer loop
      vertex 99.7647 78.5895 84
      vertex 99.063 82.1175 82
      vertex 99.063 82.1175 84
    endloop
  endfacet
  facet normal 0.980789 0.195074 0
    outer loop
      vertex 99.063 82.1175 82
      vertex 99.7647 78.5895 84
      vertex 99.7647 78.5895 82
    endloop
  endfacet
  facet normal 0.997858 0.0654119 0
    outer loop
      vertex 100 75 84
      vertex 99.7647 78.5895 82
      vertex 99.7647 78.5895 84
    endloop
  endfacet
  facet normal 0.997858 0.0654119 0
    outer loop
      vertex 99.7647 78.5895 82
      vertex 100 75 84
      vertex 100 75 82
    endloop
  endfacet
  facet normal 0.946929 0.321444 0
    outer loop
      vertex 99.063 82.1175 84
      vertex 97.9067 85.5238 82
      vertex 97.9067 85.5238 84
    endloop
  endfacet
  facet normal 0.946929 0.321444 0
    outer loop
      vertex 97.9067 85.5238 82
      vertex 99.063 82.1175 84
      vertex 99.063 82.1175 82
    endloop
  endfacet
  facet normal 0.831464 -0.555579 0
    outer loop
      vertex 94.3172 58.2591 84
      vertex 96.3157 61.25 82
      vertex 96.3157 61.25 84
    endloop
  endfacet
  facet normal 0.831464 -0.555579 0
    outer loop
      vertex 96.3157 61.25 82
      vertex 94.3172 58.2591 84
      vertex 94.3172 58.2591 82
    endloop
  endfacet
  facet normal -0.442292 -0.896871 0
    outer loop
      vertex 58.75 51.1843 82
      vertex 61.9762 49.5933 84
      vertex 58.75 51.1843 84
    endloop
  endfacet
  facet normal -0.442292 -0.896871 -0
    outer loop
      vertex 61.9762 49.5933 84
      vertex 58.75 51.1843 82
      vertex 61.9762 49.5933 82
    endloop
  endfacet
  facet normal 0.896871 0.442292 0
    outer loop
      vertex 97.9067 85.5238 84
      vertex 96.3157 88.75 82
      vertex 96.3157 88.75 84
    endloop
  endfacet
  facet normal 0.896871 0.442292 0
    outer loop
      vertex 96.3157 88.75 82
      vertex 97.9067 85.5238 84
      vertex 97.9067 85.5238 82
    endloop
  endfacet
  facet normal 0.321369 0.946954 -0
    outer loop
      vertex 83.0238 100.407 82
      vertex 79.6175 101.563 84
      vertex 83.0238 100.407 84
    endloop
  endfacet
  facet normal 0.321369 0.946954 0
    outer loop
      vertex 79.6175 101.563 84
      vertex 83.0238 100.407 82
      vertex 79.6175 101.563 82
    endloop
  endfacet
  facet normal 0.659349 0.751837 -0
    outer loop
      vertex 91.9454 94.4454 82
      vertex 89.2409 96.8172 84
      vertex 91.9454 94.4454 84
    endloop
  endfacet
  facet normal 0.659349 0.751837 0
    outer loop
      vertex 89.2409 96.8172 84
      vertex 91.9454 94.4454 82
      vertex 89.2409 96.8172 82
    endloop
  endfacet
  facet normal 0.896871 -0.442292 0
    outer loop
      vertex 96.3157 61.25 84
      vertex 97.9067 64.4762 82
      vertex 97.9067 64.4762 84
    endloop
  endfacet
  facet normal 0.896871 -0.442292 0
    outer loop
      vertex 97.9067 64.4762 82
      vertex 96.3157 61.25 84
      vertex 96.3157 61.25 82
    endloop
  endfacet
  facet normal 0.442292 -0.896871 0
    outer loop
      vertex 83.0238 49.5933 82
      vertex 86.25 51.1843 84
      vertex 83.0238 49.5933 84
    endloop
  endfacet
  facet normal 0.442292 -0.896871 0
    outer loop
      vertex 86.25 51.1843 84
      vertex 83.0238 49.5933 82
      vertex 86.25 51.1843 82
    endloop
  endfacet
  facet normal -0.659349 0.751837 0
    outer loop
      vertex 55.7591 96.8172 82
      vertex 53.0546 94.4454 84
      vertex 55.7591 96.8172 84
    endloop
  endfacet
  facet normal -0.659349 0.751837 0
    outer loop
      vertex 53.0546 94.4454 84
      vertex 55.7591 96.8172 82
      vertex 53.0546 94.4454 82
    endloop
  endfacet
  facet normal -0.980789 0.195074 0
    outer loop
      vertex 45.2353 78.5895 82
      vertex 45.937 82.1175 84
      vertex 45.937 82.1175 82
    endloop
  endfacet
  facet normal -0.980789 0.195074 0
    outer loop
      vertex 45.937 82.1175 84
      vertex 45.2353 78.5895 82
      vertex 45.2353 78.5895 84
    endloop
  endfacet
  facet normal -0.555579 -0.831464 0
    outer loop
      vertex 55.7591 53.1828 82
      vertex 58.75 51.1843 84
      vertex 55.7591 53.1828 84
    endloop
  endfacet
  facet normal -0.555579 -0.831464 -0
    outer loop
      vertex 58.75 51.1843 84
      vertex 55.7591 53.1828 82
      vertex 58.75 51.1843 82
    endloop
  endfacet
  facet normal -0.0654119 -0.997858 0
    outer loop
      vertex 68.9105 47.7353 82
      vertex 72.5 47.5 84
      vertex 68.9105 47.7353 84
    endloop
  endfacet
  facet normal -0.0654119 -0.997858 -0
    outer loop
      vertex 72.5 47.5 84
      vertex 68.9105 47.7353 82
      vertex 72.5 47.5 82
    endloop
  endfacet
  facet normal 0.442359 0.896838 -0
    outer loop
      vertex 86.25 98.8157 82
      vertex 83.0238 100.407 84
      vertex 86.25 98.8157 84
    endloop
  endfacet
  facet normal 0.442359 0.896838 0
    outer loop
      vertex 83.0238 100.407 84
      vertex 86.25 98.8157 82
      vertex 83.0238 100.407 82
    endloop
  endfacet
  facet normal 0.321444 -0.946929 0
    outer loop
      vertex 79.6175 48.437 82
      vertex 83.0238 49.5933 84
      vertex 79.6175 48.437 84
    endloop
  endfacet
  facet normal 0.321444 -0.946929 0
    outer loop
      vertex 83.0238 49.5933 84
      vertex 79.6175 48.437 82
      vertex 83.0238 49.5933 82
    endloop
  endfacet
  facet normal -0.997858 0.0654119 0
    outer loop
      vertex 45 75 82
      vertex 45.2353 78.5895 84
      vertex 45.2353 78.5895 82
    endloop
  endfacet
  facet normal -0.997858 0.0654119 0
    outer loop
      vertex 45.2353 78.5895 84
      vertex 45 75 82
      vertex 45 75 84
    endloop
  endfacet
  facet normal -0.751837 0.659349 0
    outer loop
      vertex 50.6828 91.7409 82
      vertex 53.0546 94.4454 84
      vertex 53.0546 94.4454 82
    endloop
  endfacet
  facet normal -0.751837 0.659349 0
    outer loop
      vertex 53.0546 94.4454 84
      vertex 50.6828 91.7409 82
      vertex 50.6828 91.7409 84
    endloop
  endfacet
  facet normal -0.442359 0.896838 0
    outer loop
      vertex 61.9762 100.407 82
      vertex 58.75 98.8157 84
      vertex 61.9762 100.407 84
    endloop
  endfacet
  facet normal -0.442359 0.896838 0
    outer loop
      vertex 58.75 98.8157 84
      vertex 61.9762 100.407 82
      vertex 58.75 98.8157 82
    endloop
  endfacet
  facet normal 0.946929 -0.321444 0
    outer loop
      vertex 97.9067 64.4762 84
      vertex 99.063 67.8825 82
      vertex 99.063 67.8825 84
    endloop
  endfacet
  facet normal 0.946929 -0.321444 0
    outer loop
      vertex 99.063 67.8825 82
      vertex 97.9067 64.4762 84
      vertex 97.9067 64.4762 82
    endloop
  endfacet
  facet normal 0.751837 0.659349 0
    outer loop
      vertex 94.3172 91.7409 84
      vertex 91.9454 94.4454 82
      vertex 91.9454 94.4454 84
    endloop
  endfacet
  facet normal 0.751837 0.659349 0
    outer loop
      vertex 91.9454 94.4454 82
      vertex 94.3172 91.7409 84
      vertex 94.3172 91.7409 82
    endloop
  endfacet
  facet normal 0.980789 -0.195074 0
    outer loop
      vertex 99.063 67.8825 84
      vertex 99.7647 71.4105 82
      vertex 99.7647 71.4105 84
    endloop
  endfacet
  facet normal 0.980789 -0.195074 0
    outer loop
      vertex 99.7647 71.4105 82
      vertex 99.063 67.8825 84
      vertex 99.063 67.8825 82
    endloop
  endfacet
  facet normal -0.831464 -0.555579 0
    outer loop
      vertex 50.6828 58.2591 82
      vertex 48.6843 61.25 84
      vertex 48.6843 61.25 82
    endloop
  endfacet
  facet normal -0.831464 -0.555579 0
    outer loop
      vertex 48.6843 61.25 84
      vertex 50.6828 58.2591 82
      vertex 50.6828 58.2591 84
    endloop
  endfacet
  facet normal -0.659349 -0.751837 0
    outer loop
      vertex 53.0546 55.5546 82
      vertex 55.7591 53.1828 84
      vertex 53.0546 55.5546 84
    endloop
  endfacet
  facet normal -0.659349 -0.751837 -0
    outer loop
      vertex 55.7591 53.1828 84
      vertex 53.0546 55.5546 82
      vertex 55.7591 53.1828 82
    endloop
  endfacet
  facet normal 0.195074 -0.980789 0
    outer loop
      vertex 76.0895 47.7353 82
      vertex 79.6175 48.437 84
      vertex 76.0895 47.7353 84
    endloop
  endfacet
  facet normal 0.195074 -0.980789 0
    outer loop
      vertex 79.6175 48.437 84
      vertex 76.0895 47.7353 82
      vertex 79.6175 48.437 82
    endloop
  endfacet
  facet normal 0.659349 -0.751837 0
    outer loop
      vertex 89.2409 53.1828 82
      vertex 91.9454 55.5546 84
      vertex 89.2409 53.1828 84
    endloop
  endfacet
  facet normal 0.659349 -0.751837 0
    outer loop
      vertex 91.9454 55.5546 84
      vertex 89.2409 53.1828 82
      vertex 91.9454 55.5546 82
    endloop
  endfacet
  facet normal 0.997858 -0.0654119 0
    outer loop
      vertex 99.7647 71.4105 84
      vertex 100 75 82
      vertex 100 75 84
    endloop
  endfacet
  facet normal 0.997858 -0.0654119 0
    outer loop
      vertex 100 75 82
      vertex 99.7647 71.4105 84
      vertex 99.7647 71.4105 82
    endloop
  endfacet
  facet normal -0.980789 -0.195074 0
    outer loop
      vertex 45.937 67.8825 82
      vertex 45.2353 71.4105 84
      vertex 45.2353 71.4105 82
    endloop
  endfacet
  facet normal -0.980789 -0.195074 0
    outer loop
      vertex 45.2353 71.4105 84
      vertex 45.937 67.8825 82
      vertex 45.937 67.8825 84
    endloop
  endfacet
  facet normal 0.751837 -0.659349 0
    outer loop
      vertex 91.9454 55.5546 84
      vertex 94.3172 58.2591 82
      vertex 94.3172 58.2591 84
    endloop
  endfacet
  facet normal 0.751837 -0.659349 0
    outer loop
      vertex 94.3172 58.2591 82
      vertex 91.9454 55.5546 84
      vertex 91.9454 55.5546 82
    endloop
  endfacet
  facet normal -0.0653289 0.997864 0
    outer loop
      vertex 72.5 102.5 82
      vertex 68.9105 102.265 84
      vertex 72.5 102.5 84
    endloop
  endfacet
  facet normal -0.0653289 0.997864 0
    outer loop
      vertex 68.9105 102.265 84
      vertex 72.5 102.5 82
      vertex 68.9105 102.265 82
    endloop
  endfacet
  facet normal -0.896871 -0.442292 0
    outer loop
      vertex 48.6843 61.25 82
      vertex 47.0933 64.4762 84
      vertex 47.0933 64.4762 82
    endloop
  endfacet
  facet normal -0.896871 -0.442292 0
    outer loop
      vertex 47.0933 64.4762 84
      vertex 48.6843 61.25 82
      vertex 48.6843 61.25 84
    endloop
  endfacet
  facet normal -0.896871 0.442292 0
    outer loop
      vertex 47.0933 85.5238 82
      vertex 48.6843 88.75 84
      vertex 48.6843 88.75 82
    endloop
  endfacet
  facet normal -0.896871 0.442292 0
    outer loop
      vertex 48.6843 88.75 84
      vertex 47.0933 85.5238 82
      vertex 47.0933 85.5238 84
    endloop
  endfacet
  facet normal 0.555579 0.831464 -0
    outer loop
      vertex 89.2409 96.8172 82
      vertex 86.25 98.8157 84
      vertex 89.2409 96.8172 84
    endloop
  endfacet
  facet normal 0.555579 0.831464 0
    outer loop
      vertex 86.25 98.8157 84
      vertex 89.2409 96.8172 82
      vertex 86.25 98.8157 82
    endloop
  endfacet
  facet normal 0.195154 0.980773 -0
    outer loop
      vertex 79.6175 101.563 82
      vertex 76.0895 102.265 84
      vertex 79.6175 101.563 84
    endloop
  endfacet
  facet normal 0.195154 0.980773 0
    outer loop
      vertex 76.0895 102.265 84
      vertex 79.6175 101.563 82
      vertex 76.0895 102.265 82
    endloop
  endfacet
  facet normal -0.321444 -0.946929 0
    outer loop
      vertex 61.9762 49.5933 82
      vertex 65.3825 48.437 84
      vertex 61.9762 49.5933 84
    endloop
  endfacet
  facet normal -0.321444 -0.946929 -0
    outer loop
      vertex 65.3825 48.437 84
      vertex 61.9762 49.5933 82
      vertex 65.3825 48.437 82
    endloop
  endfacet
  facet normal -0.555579 0.831464 0
    outer loop
      vertex 58.75 98.8157 82
      vertex 55.7591 96.8172 84
      vertex 58.75 98.8157 84
    endloop
  endfacet
  facet normal -0.555579 0.831464 0
    outer loop
      vertex 55.7591 96.8172 84
      vertex 58.75 98.8157 82
      vertex 55.7591 96.8172 82
    endloop
  endfacet
  facet normal 0.831464 0.555579 0
    outer loop
      vertex 96.3157 88.75 84
      vertex 94.3172 91.7409 82
      vertex 94.3172 91.7409 84
    endloop
  endfacet
  facet normal 0.831464 0.555579 0
    outer loop
      vertex 94.3172 91.7409 82
      vertex 96.3157 88.75 84
      vertex 96.3157 88.75 82
    endloop
  endfacet
  facet normal -0.997858 -0.0654119 0
    outer loop
      vertex 45.2353 71.4105 82
      vertex 45 75 84
      vertex 45 75 82
    endloop
  endfacet
  facet normal -0.997858 -0.0654119 0
    outer loop
      vertex 45 75 84
      vertex 45.2353 71.4105 82
      vertex 45.2353 71.4105 84
    endloop
  endfacet
  facet normal -0.321369 0.946954 0
    outer loop
      vertex 65.3825 101.563 82
      vertex 61.9762 100.407 84
      vertex 65.3825 101.563 84
    endloop
  endfacet
  facet normal -0.321369 0.946954 0
    outer loop
      vertex 61.9762 100.407 84
      vertex 65.3825 101.563 82
      vertex 61.9762 100.407 82
    endloop
  endfacet
  facet normal 0.0653289 0.997864 -0
    outer loop
      vertex 76.0895 102.265 82
      vertex 72.5 102.5 84
      vertex 76.0895 102.265 84
    endloop
  endfacet
  facet normal 0.0653289 0.997864 0
    outer loop
      vertex 72.5 102.5 84
      vertex 76.0895 102.265 82
      vertex 72.5 102.5 82
    endloop
  endfacet
  facet normal -0.946929 -0.321444 0
    outer loop
      vertex 47.0933 64.4762 82
      vertex 45.937 67.8825 84
      vertex 45.937 67.8825 82
    endloop
  endfacet
  facet normal -0.946929 -0.321444 0
    outer loop
      vertex 45.937 67.8825 84
      vertex 47.0933 64.4762 82
      vertex 47.0933 64.4762 84
    endloop
  endfacet
  facet normal -0.195074 -0.980789 0
    outer loop
      vertex 65.3825 48.437 82
      vertex 68.9105 47.7353 84
      vertex 65.3825 48.437 84
    endloop
  endfacet
  facet normal -0.195074 -0.980789 -0
    outer loop
      vertex 68.9105 47.7353 84
      vertex 65.3825 48.437 82
      vertex 68.9105 47.7353 82
    endloop
  endfacet
  facet normal -0.195154 0.980773 0
    outer loop
      vertex 68.9105 102.265 82
      vertex 65.3825 101.563 84
      vertex 68.9105 102.265 84
    endloop
  endfacet
  facet normal -0.195154 0.980773 0
    outer loop
      vertex 65.3825 101.563 84
      vertex 68.9105 102.265 82
      vertex 65.3825 101.563 82
    endloop
  endfacet
  facet normal 0.555579 -0.831464 0
    outer loop
      vertex 86.25 51.1843 82
      vertex 89.2409 53.1828 84
      vertex 86.25 51.1843 84
    endloop
  endfacet
  facet normal 0.555579 -0.831464 0
    outer loop
      vertex 89.2409 53.1828 84
      vertex 86.25 51.1843 82
      vertex 89.2409 53.1828 82
    endloop
  endfacet
  facet normal -0.751837 -0.659349 0
    outer loop
      vertex 53.0546 55.5546 82
      vertex 50.6828 58.2591 84
      vertex 50.6828 58.2591 82
    endloop
  endfacet
  facet normal -0.751837 -0.659349 0
    outer loop
      vertex 50.6828 58.2591 84
      vertex 53.0546 55.5546 82
      vertex 53.0546 55.5546 84
    endloop
  endfacet
  facet normal -0.946929 0.321444 0
    outer loop
      vertex 45.937 82.1175 82
      vertex 47.0933 85.5238 84
      vertex 47.0933 85.5238 82
    endloop
  endfacet
  facet normal -0.946929 0.321444 0
    outer loop
      vertex 47.0933 85.5238 84
      vertex 45.937 82.1175 82
      vertex 45.937 82.1175 84
    endloop
  endfacet
  facet normal -0.831464 0.555579 0
    outer loop
      vertex 48.6843 88.75 82
      vertex 50.6828 91.7409 84
      vertex 50.6828 91.7409 82
    endloop
  endfacet
  facet normal -0.831464 0.555579 0
    outer loop
      vertex 50.6828 91.7409 84
      vertex 48.6843 88.75 82
      vertex 48.6843 88.75 84
    endloop
  endfacet
  facet normal 0 0 1
    outer loop
      vertex 94.5 75 84
      vertex 100 75 84
      vertex 99.7647 78.5895 84
    endloop
  endfacet
  facet normal 0 0 1
    outer loop
      vertex 94.3118 77.8716 84
      vertex 99.7647 78.5895 84
      vertex 99.063 82.1175 84
    endloop
  endfacet
  facet normal 0 0 1
    outer loop
      vertex 100 75 84
      vertex 94.5 75 84
      vertex 99.7647 71.4105 84
    endloop
  endfacet
  facet normal 0 0 1
    outer loop
      vertex 93.7504 80.694 84
      vertex 99.063 82.1175 84
      vertex 97.9067 85.5238 84
    endloop
  endfacet
  facet normal -0 0 1
    outer loop
      vertex 94.3118 72.1284 84
      vertex 99.7647 71.4105 84
      vertex 94.5 75 84
    endloop
  endfacet
  facet normal 0 0 1
    outer loop
      vertex 92.8253 83.419 84
      vertex 97.9067 85.5238 84
      vertex 96.3157 88.75 84
    endloop
  endfacet
  facet normal 0 0 1
    outer loop
      vertex 99.7647 71.4105 84
      vertex 94.3118 72.1284 84
      vertex 99.063 67.8825 84
    endloop
  endfacet
  facet normal -0 0 1
    outer loop
      vertex 93.7504 69.306 84
      vertex 99.063 67.8825 84
      vertex 94.3118 72.1284 84
    endloop
  endfacet
  facet normal 0 0 1
    outer loop
      vertex 91.5526 86 84
      vertex 96.3157 88.75 84
      vertex 94.3172 91.7409 84
    endloop
  endfacet
  facet normal 0 0 1
    outer loop
      vertex 99.7647 78.5895 84
      vertex 94.3118 77.8716 84
      vertex 94.5 75 84
    endloop
  endfacet
  facet normal 0 0 1
    outer loop
      vertex 99.063 82.1175 84
      vertex 93.7504 80.694 84
      vertex 94.3118 77.8716 84
    endloop
  endfacet
  facet normal 0 0 1
    outer loop
      vertex 97.9067 85.5238 84
      vertex 92.8253 83.419 84
      vertex 93.7504 80.694 84
    endloop
  endfacet
  facet normal 0 0 1
    outer loop
      vertex 89.9538 88.3928 84
      vertex 94.3172 91.7409 84
      vertex 91.9454 94.4454 84
    endloop
  endfacet
  facet normal 0 0 1
    outer loop
      vertex 96.3157 88.75 84
      vertex 91.5526 86 84
      vertex 92.8253 83.419 84
    endloop
  endfacet
  facet normal 0 0 1
    outer loop
      vertex 94.3172 91.7409 84
      vertex 89.9538 88.3928 84
      vertex 91.5526 86 84
    endloop
  endfacet
  facet normal 0 0 1
    outer loop
      vertex 88.0564 90.5564 84
      vertex 91.9454 94.4454 84
      vertex 89.2409 96.8172 84
    endloop
  endfacet
  facet normal 0 0 1
    outer loop
      vertex 91.9454 94.4454 84
      vertex 88.0564 90.5564 84
      vertex 89.9538 88.3928 84
    endloop
  endfacet
  facet normal 0 0 1
    outer loop
      vertex 85.8928 92.4538 84
      vertex 89.2409 96.8172 84
      vertex 86.25 98.8157 84
    endloop
  endfacet
  facet normal 0 0 1
    outer loop
      vertex 89.2409 96.8172 84
      vertex 85.8928 92.4538 84
      vertex 88.0564 90.5564 84
    endloop
  endfacet
  facet normal 0 0 1
    outer loop
      vertex 86.25 98.8157 84
      vertex 83.5 94.0526 84
      vertex 85.8928 92.4538 84
    endloop
  endfacet
  facet normal 0 0 1
    outer loop
      vertex 83.0238 100.407 84
      vertex 83.5 94.0526 84
      vertex 86.25 98.8157 84
    endloop
  endfacet
  facet normal 0 0 1
    outer loop
      vertex 83.0238 100.407 84
      vertex 80.919 95.3253 84
      vertex 83.5 94.0526 84
    endloop
  endfacet
  facet normal 0 0 1
    outer loop
      vertex 79.6175 101.563 84
      vertex 80.919 95.3253 84
      vertex 83.0238 100.407 84
    endloop
  endfacet
  facet normal 0 0 1
    outer loop
      vertex 79.6175 101.563 84
      vertex 78.194 96.2504 84
      vertex 80.919 95.3253 84
    endloop
  endfacet
  facet normal 0 0 1
    outer loop
      vertex 76.0895 102.265 84
      vertex 78.194 96.2504 84
      vertex 79.6175 101.563 84
    endloop
  endfacet
  facet normal 0 0 1
    outer loop
      vertex 76.0895 102.265 84
      vertex 75.3716 96.8118 84
      vertex 78.194 96.2504 84
    endloop
  endfacet
  facet normal 0 0 1
    outer loop
      vertex 72.5 102.5 84
      vertex 75.3716 96.8118 84
      vertex 76.0895 102.265 84
    endloop
  endfacet
  facet normal 0 0 1
    outer loop
      vertex 72.5 102.5 84
      vertex 72.5 97 84
      vertex 75.3716 96.8118 84
    endloop
  endfacet
  facet normal 0 0 1
    outer loop
      vertex 72.5 102.5 84
      vertex 69.6284 96.8118 84
      vertex 72.5 97 84
    endloop
  endfacet
  facet normal -0 0 1
    outer loop
      vertex 68.9105 102.265 84
      vertex 69.6284 96.8118 84
      vertex 72.5 102.5 84
    endloop
  endfacet
  facet normal 0 0 1
    outer loop
      vertex 68.9105 102.265 84
      vertex 66.806 96.2504 84
      vertex 69.6284 96.8118 84
    endloop
  endfacet
  facet normal -0 0 1
    outer loop
      vertex 65.3825 101.563 84
      vertex 66.806 96.2504 84
      vertex 68.9105 102.265 84
    endloop
  endfacet
  facet normal 0 0 1
    outer loop
      vertex 65.3825 101.563 84
      vertex 64.081 95.3253 84
      vertex 66.806 96.2504 84
    endloop
  endfacet
  facet normal -0 0 1
    outer loop
      vertex 61.9762 100.407 84
      vertex 64.081 95.3253 84
      vertex 65.3825 101.563 84
    endloop
  endfacet
  facet normal 0 0 1
    outer loop
      vertex 61.9762 100.407 84
      vertex 61.5 94.0526 84
      vertex 64.081 95.3253 84
    endloop
  endfacet
  facet normal -0 0 1
    outer loop
      vertex 58.75 98.8157 84
      vertex 61.5 94.0526 84
      vertex 61.9762 100.407 84
    endloop
  endfacet
  facet normal 0 0 1
    outer loop
      vertex 61.5 94.0526 84
      vertex 58.75 98.8157 84
      vertex 59.1073 92.4538 84
    endloop
  endfacet
  facet normal -0 0 1
    outer loop
      vertex 55.7591 96.8172 84
      vertex 59.1073 92.4538 84
      vertex 58.75 98.8157 84
    endloop
  endfacet
  facet normal 0 0 1
    outer loop
      vertex 59.1073 92.4538 84
      vertex 55.7591 96.8172 84
      vertex 56.9436 90.5564 84
    endloop
  endfacet
  facet normal -0 0 1
    outer loop
      vertex 53.0546 94.4454 84
      vertex 56.9436 90.5564 84
      vertex 55.7591 96.8172 84
    endloop
  endfacet
  facet normal 0 0 1
    outer loop
      vertex 56.9436 90.5564 84
      vertex 53.0546 94.4454 84
      vertex 55.0462 88.3928 84
    endloop
  endfacet
  facet normal -0 0 1
    outer loop
      vertex 50.6828 91.7409 84
      vertex 55.0462 88.3928 84
      vertex 53.0546 94.4454 84
    endloop
  endfacet
  facet normal 0 0 1
    outer loop
      vertex 55.0462 88.3928 84
      vertex 50.6828 91.7409 84
      vertex 53.4474 86 84
    endloop
  endfacet
  facet normal -0 0 1
    outer loop
      vertex 48.6843 88.75 84
      vertex 53.4474 86 84
      vertex 50.6828 91.7409 84
    endloop
  endfacet
  facet normal 0 0 1
    outer loop
      vertex 53.4474 86 84
      vertex 48.6843 88.75 84
      vertex 52.1747 83.419 84
    endloop
  endfacet
  facet normal -0 0 1
    outer loop
      vertex 47.0933 85.5238 84
      vertex 52.1747 83.419 84
      vertex 48.6843 88.75 84
    endloop
  endfacet
  facet normal 0 0 1
    outer loop
      vertex 52.1747 83.419 84
      vertex 47.0933 85.5238 84
      vertex 51.2496 80.694 84
    endloop
  endfacet
  facet normal -0 0 1
    outer loop
      vertex 45.937 82.1175 84
      vertex 51.2496 80.694 84
      vertex 47.0933 85.5238 84
    endloop
  endfacet
  facet normal 0 0 1
    outer loop
      vertex 99.063 67.8825 84
      vertex 93.7504 69.306 84
      vertex 97.9067 64.4762 84
    endloop
  endfacet
  facet normal -0 0 1
    outer loop
      vertex 92.8253 66.581 84
      vertex 97.9067 64.4762 84
      vertex 93.7504 69.306 84
    endloop
  endfacet
  facet normal 0 0 1
    outer loop
      vertex 97.9067 64.4762 84
      vertex 92.8253 66.581 84
      vertex 96.3157 61.25 84
    endloop
  endfacet
  facet normal -0 0 1
    outer loop
      vertex 91.5526 64 84
      vertex 96.3157 61.25 84
      vertex 92.8253 66.581 84
    endloop
  endfacet
  facet normal 0 0 1
    outer loop
      vertex 96.3157 61.25 84
      vertex 91.5526 64 84
      vertex 94.3172 58.2591 84
    endloop
  endfacet
  facet normal -0 0 1
    outer loop
      vertex 89.9538 61.6073 84
      vertex 94.3172 58.2591 84
      vertex 91.5526 64 84
    endloop
  endfacet
  facet normal 0 0 1
    outer loop
      vertex 94.3172 58.2591 84
      vertex 89.9538 61.6073 84
      vertex 91.9454 55.5546 84
    endloop
  endfacet
  facet normal -0 0 1
    outer loop
      vertex 88.0564 59.4436 84
      vertex 91.9454 55.5546 84
      vertex 89.9538 61.6073 84
    endloop
  endfacet
  facet normal 0 0 1
    outer loop
      vertex 91.9454 55.5546 84
      vertex 88.0564 59.4436 84
      vertex 89.2409 53.1828 84
    endloop
  endfacet
  facet normal -0 0 1
    outer loop
      vertex 85.8928 57.5462 84
      vertex 89.2409 53.1828 84
      vertex 88.0564 59.4436 84
    endloop
  endfacet
  facet normal 0 0 1
    outer loop
      vertex 89.2409 53.1828 84
      vertex 85.8928 57.5462 84
      vertex 86.25 51.1843 84
    endloop
  endfacet
  facet normal -0 0 1
    outer loop
      vertex 83.5 55.9474 84
      vertex 86.25 51.1843 84
      vertex 85.8928 57.5462 84
    endloop
  endfacet
  facet normal 0 0 1
    outer loop
      vertex 83.5 55.9474 84
      vertex 83.0238 49.5933 84
      vertex 86.25 51.1843 84
    endloop
  endfacet
  facet normal -0 0 1
    outer loop
      vertex 80.919 54.6747 84
      vertex 83.0238 49.5933 84
      vertex 83.5 55.9474 84
    endloop
  endfacet
  facet normal 0 0 1
    outer loop
      vertex 80.919 54.6747 84
      vertex 79.6175 48.437 84
      vertex 83.0238 49.5933 84
    endloop
  endfacet
  facet normal -0 0 1
    outer loop
      vertex 78.194 53.7496 84
      vertex 79.6175 48.437 84
      vertex 80.919 54.6747 84
    endloop
  endfacet
  facet normal 0 0 1
    outer loop
      vertex 78.194 53.7496 84
      vertex 76.0895 47.7353 84
      vertex 79.6175 48.437 84
    endloop
  endfacet
  facet normal -0 0 1
    outer loop
      vertex 75.3716 53.1882 84
      vertex 76.0895 47.7353 84
      vertex 78.194 53.7496 84
    endloop
  endfacet
  facet normal -0 0 1
    outer loop
      vertex 72.5 53 84
      vertex 76.0895 47.7353 84
      vertex 75.3716 53.1882 84
    endloop
  endfacet
  facet normal 0 0 1
    outer loop
      vertex 72.5 53 84
      vertex 72.5 47.5 84
      vertex 76.0895 47.7353 84
    endloop
  endfacet
  facet normal 0 0 1
    outer loop
      vertex 69.6284 53.1882 84
      vertex 72.5 47.5 84
      vertex 72.5 53 84
    endloop
  endfacet
  facet normal 0 0 1
    outer loop
      vertex 69.6284 53.1882 84
      vertex 68.9105 47.7353 84
      vertex 72.5 47.5 84
    endloop
  endfacet
  facet normal 0 0 1
    outer loop
      vertex 66.806 53.7496 84
      vertex 68.9105 47.7353 84
      vertex 69.6284 53.1882 84
    endloop
  endfacet
  facet normal 0 0 1
    outer loop
      vertex 66.806 53.7496 84
      vertex 65.3825 48.437 84
      vertex 68.9105 47.7353 84
    endloop
  endfacet
  facet normal 0 0 1
    outer loop
      vertex 64.081 54.6747 84
      vertex 65.3825 48.437 84
      vertex 66.806 53.7496 84
    endloop
  endfacet
  facet normal 0 0 1
    outer loop
      vertex 64.081 54.6747 84
      vertex 61.9762 49.5933 84
      vertex 65.3825 48.437 84
    endloop
  endfacet
  facet normal 0 0 1
    outer loop
      vertex 61.5 55.9474 84
      vertex 61.9762 49.5933 84
      vertex 64.081 54.6747 84
    endloop
  endfacet
  facet normal 0 0 1
    outer loop
      vertex 58.75 51.1843 84
      vertex 61.5 55.9474 84
      vertex 59.1073 57.5462 84
    endloop
  endfacet
  facet normal 0 0 1
    outer loop
      vertex 61.5 55.9474 84
      vertex 58.75 51.1843 84
      vertex 61.9762 49.5933 84
    endloop
  endfacet
  facet normal 0 0 1
    outer loop
      vertex 55.7591 53.1828 84
      vertex 59.1073 57.5462 84
      vertex 56.9436 59.4436 84
    endloop
  endfacet
  facet normal 0 0 1
    outer loop
      vertex 59.1073 57.5462 84
      vertex 55.7591 53.1828 84
      vertex 58.75 51.1843 84
    endloop
  endfacet
  facet normal 0 0 1
    outer loop
      vertex 53.0546 55.5546 84
      vertex 56.9436 59.4436 84
      vertex 55.0462 61.6073 84
    endloop
  endfacet
  facet normal 0 0 1
    outer loop
      vertex 50.6828 58.2591 84
      vertex 55.0462 61.6073 84
      vertex 53.4474 64 84
    endloop
  endfacet
  facet normal 0 0 1
    outer loop
      vertex 56.9436 59.4436 84
      vertex 53.0546 55.5546 84
      vertex 55.7591 53.1828 84
    endloop
  endfacet
  facet normal 0 0 1
    outer loop
      vertex 48.6843 61.25 84
      vertex 53.4474 64 84
      vertex 52.1747 66.581 84
    endloop
  endfacet
  facet normal 0 0 1
    outer loop
      vertex 47.0933 64.4762 84
      vertex 52.1747 66.581 84
      vertex 51.2496 69.306 84
    endloop
  endfacet
  facet normal 0 0 1
    outer loop
      vertex 45.937 67.8825 84
      vertex 51.2496 69.306 84
      vertex 50.6882 72.1284 84
    endloop
  endfacet
  facet normal 0 0 1
    outer loop
      vertex 55.0462 61.6073 84
      vertex 50.6828 58.2591 84
      vertex 53.0546 55.5546 84
    endloop
  endfacet
  facet normal 0 0 1
    outer loop
      vertex 45.2353 71.4105 84
      vertex 50.6882 72.1284 84
      vertex 50.5 75 84
    endloop
  endfacet
  facet normal 0 0 1
    outer loop
      vertex 51.2496 80.694 84
      vertex 45.937 82.1175 84
      vertex 50.6882 77.8716 84
    endloop
  endfacet
  facet normal 0 0 1
    outer loop
      vertex 53.4474 64 84
      vertex 48.6843 61.25 84
      vertex 50.6828 58.2591 84
    endloop
  endfacet
  facet normal -0 0 1
    outer loop
      vertex 45.2353 78.5895 84
      vertex 50.6882 77.8716 84
      vertex 45.937 82.1175 84
    endloop
  endfacet
  facet normal 0 0 1
    outer loop
      vertex 52.1747 66.581 84
      vertex 47.0933 64.4762 84
      vertex 48.6843 61.25 84
    endloop
  endfacet
  facet normal 0 0 1
    outer loop
      vertex 50.6882 77.8716 84
      vertex 45.2353 78.5895 84
      vertex 50.5 75 84
    endloop
  endfacet
  facet normal 0 0 1
    outer loop
      vertex 51.2496 69.306 84
      vertex 45.937 67.8825 84
      vertex 47.0933 64.4762 84
    endloop
  endfacet
  facet normal 0 0 1
    outer loop
      vertex 45 75 84
      vertex 50.5 75 84
      vertex 45.2353 78.5895 84
    endloop
  endfacet
  facet normal 0 0 1
    outer loop
      vertex 50.6882 72.1284 84
      vertex 45.2353 71.4105 84
      vertex 45.937 67.8825 84
    endloop
  endfacet
  facet normal 0 0 1
    outer loop
      vertex 50.5 75 84
      vertex 45 75 84
      vertex 45.2353 71.4105 84
    endloop
  endfacet
  facet normal -0.980786 0.195087 0
    outer loop
      vertex 93.7504 69.306 80
      vertex 94.3118 72.1284 84
      vertex 94.3118 72.1284 80
    endloop
  endfacet
  facet normal -0.980786 0.195087 0
    outer loop
      vertex 94.3118 72.1284 84
      vertex 93.7504 69.306 80
      vertex 93.7504 69.306 84
    endloop
  endfacet
  facet normal -0.555566 0.831472 0
    outer loop
      vertex 85.8928 57.5462 80
      vertex 83.5 55.9474 84
      vertex 85.8928 57.5462 84
    endloop
  endfacet
  facet normal -0.555566 0.831472 0
    outer loop
      vertex 83.5 55.9474 84
      vertex 85.8928 57.5462 80
      vertex 83.5 55.9474 80
    endloop
  endfacet
  facet normal -0.980786 -0.195087 0
    outer loop
      vertex 94.3118 77.8716 80
      vertex 93.7504 80.694 84
      vertex 93.7504 80.694 80
    endloop
  endfacet
  facet normal -0.980786 -0.195087 0
    outer loop
      vertex 93.7504 80.694 84
      vertex 94.3118 77.8716 80
      vertex 94.3118 77.8716 84
    endloop
  endfacet
  facet normal -0.997859 -0.0653981 0
    outer loop
      vertex 94.5 75 80
      vertex 94.3118 77.8716 84
      vertex 94.3118 77.8716 80
    endloop
  endfacet
  facet normal -0.997859 -0.0653981 0
    outer loop
      vertex 94.3118 77.8716 84
      vertex 94.5 75 80
      vertex 94.5 75 84
    endloop
  endfacet
  facet normal 0.195087 -0.980786 0
    outer loop
      vertex 66.806 96.2504 80
      vertex 69.6284 96.8118 84
      vertex 66.806 96.2504 84
    endloop
  endfacet
  facet normal 0.195087 -0.980786 0
    outer loop
      vertex 69.6284 96.8118 84
      vertex 66.806 96.2504 80
      vertex 69.6284 96.8118 80
    endloop
  endfacet
  facet normal -0.442258 0.896888 0
    outer loop
      vertex 83.5 55.9474 80
      vertex 80.919 54.6747 84
      vertex 83.5 55.9474 84
    endloop
  endfacet
  facet normal -0.442258 0.896888 0
    outer loop
      vertex 80.919 54.6747 84
      vertex 83.5 55.9474 80
      vertex 80.919 54.6747 80
    endloop
  endfacet
  facet normal 0.831472 -0.555566 0
    outer loop
      vertex 53.4474 86 84
      vertex 55.0462 88.3928 80
      vertex 55.0462 88.3928 84
    endloop
  endfacet
  facet normal 0.831472 -0.555566 0
    outer loop
      vertex 55.0462 88.3928 80
      vertex 53.4474 86 84
      vertex 53.4474 86 80
    endloop
  endfacet
  facet normal 0.442258 -0.896888 0
    outer loop
      vertex 61.5 94.0526 80
      vertex 64.081 95.3253 84
      vertex 61.5 94.0526 84
    endloop
  endfacet
  facet normal 0.442258 -0.896888 0
    outer loop
      vertex 64.081 95.3253 84
      vertex 61.5 94.0526 80
      vertex 64.081 95.3253 80
    endloop
  endfacet
  facet normal 0.555582 -0.831462 0
    outer loop
      vertex 59.1073 92.4538 80
      vertex 61.5 94.0526 84
      vertex 59.1073 92.4538 84
    endloop
  endfacet
  facet normal 0.555582 -0.831462 0
    outer loop
      vertex 61.5 94.0526 84
      vertex 59.1073 92.4538 80
      vertex 61.5 94.0526 80
    endloop
  endfacet
  facet normal 0.946921 0.321467 0
    outer loop
      vertex 52.1747 66.581 84
      vertex 51.2496 69.306 80
      vertex 51.2496 69.306 84
    endloop
  endfacet
  facet normal 0.946921 0.321467 0
    outer loop
      vertex 51.2496 69.306 80
      vertex 52.1747 66.581 84
      vertex 52.1747 66.581 80
    endloop
  endfacet
  facet normal -0.321467 0.946921 0
    outer loop
      vertex 80.919 54.6747 80
      vertex 78.194 53.7496 84
      vertex 80.919 54.6747 84
    endloop
  endfacet
  facet normal -0.321467 0.946921 0
    outer loop
      vertex 78.194 53.7496 84
      vertex 80.919 54.6747 80
      vertex 78.194 53.7496 80
    endloop
  endfacet
  facet normal 0.321467 -0.946921 0
    outer loop
      vertex 64.081 95.3253 80
      vertex 66.806 96.2504 84
      vertex 64.081 95.3253 84
    endloop
  endfacet
  facet normal 0.321467 -0.946921 0
    outer loop
      vertex 66.806 96.2504 84
      vertex 64.081 95.3253 80
      vertex 66.806 96.2504 80
    endloop
  endfacet
  facet normal -0.946921 -0.321467 0
    outer loop
      vertex 93.7504 80.694 80
      vertex 92.8253 83.419 84
      vertex 92.8253 83.419 80
    endloop
  endfacet
  facet normal -0.946921 -0.321467 0
    outer loop
      vertex 92.8253 83.419 84
      vertex 93.7504 80.694 80
      vertex 93.7504 80.694 84
    endloop
  endfacet
  facet normal 0.442258 0.896888 -0
    outer loop
      vertex 64.081 54.6747 80
      vertex 61.5 55.9474 84
      vertex 64.081 54.6747 84
    endloop
  endfacet
  facet normal 0.442258 0.896888 0
    outer loop
      vertex 61.5 55.9474 84
      vertex 64.081 54.6747 80
      vertex 61.5 55.9474 80
    endloop
  endfacet
  facet normal 0.997859 -0.0653981 0
    outer loop
      vertex 50.5 75 84
      vertex 50.6882 77.8716 80
      vertex 50.6882 77.8716 84
    endloop
  endfacet
  facet normal 0.997859 -0.0653981 0
    outer loop
      vertex 50.6882 77.8716 80
      vertex 50.5 75 84
      vertex 50.5 75 80
    endloop
  endfacet
  facet normal 0.946921 -0.321467 0
    outer loop
      vertex 51.2496 80.694 84
      vertex 52.1747 83.419 80
      vertex 52.1747 83.419 84
    endloop
  endfacet
  facet normal 0.946921 -0.321467 0
    outer loop
      vertex 52.1747 83.419 80
      vertex 51.2496 80.694 84
      vertex 51.2496 80.694 80
    endloop
  endfacet
  facet normal -0.0653981 0.997859 0
    outer loop
      vertex 75.3716 53.1882 80
      vertex 72.5 53 84
      vertex 75.3716 53.1882 84
    endloop
  endfacet
  facet normal -0.0653981 0.997859 0
    outer loop
      vertex 72.5 53 84
      vertex 75.3716 53.1882 80
      vertex 72.5 53 80
    endloop
  endfacet
  facet normal -0.659341 0.751844 0
    outer loop
      vertex 88.0564 59.4436 80
      vertex 85.8928 57.5462 84
      vertex 88.0564 59.4436 84
    endloop
  endfacet
  facet normal -0.659341 0.751844 0
    outer loop
      vertex 85.8928 57.5462 84
      vertex 88.0564 59.4436 80
      vertex 85.8928 57.5462 80
    endloop
  endfacet
  facet normal -0.831472 -0.555566 0
    outer loop
      vertex 91.5526 86 80
      vertex 89.9538 88.3928 84
      vertex 89.9538 88.3928 80
    endloop
  endfacet
  facet normal -0.831472 -0.555566 0
    outer loop
      vertex 89.9538 88.3928 84
      vertex 91.5526 86 80
      vertex 91.5526 86 84
    endloop
  endfacet
  facet normal -0.659341 -0.751844 0
    outer loop
      vertex 85.8928 92.4538 80
      vertex 88.0564 90.5564 84
      vertex 85.8928 92.4538 84
    endloop
  endfacet
  facet normal -0.659341 -0.751844 -0
    outer loop
      vertex 88.0564 90.5564 84
      vertex 85.8928 92.4538 80
      vertex 88.0564 90.5564 80
    endloop
  endfacet
  facet normal -0.997859 0.0653981 0
    outer loop
      vertex 94.3118 72.1284 80
      vertex 94.5 75 84
      vertex 94.5 75 80
    endloop
  endfacet
  facet normal -0.997859 0.0653981 0
    outer loop
      vertex 94.5 75 84
      vertex 94.3118 72.1284 80
      vertex 94.3118 72.1284 84
    endloop
  endfacet
  facet normal -0.442258 -0.896888 0
    outer loop
      vertex 80.919 95.3253 80
      vertex 83.5 94.0526 84
      vertex 80.919 95.3253 84
    endloop
  endfacet
  facet normal -0.442258 -0.896888 -0
    outer loop
      vertex 83.5 94.0526 84
      vertex 80.919 95.3253 80
      vertex 83.5 94.0526 80
    endloop
  endfacet
  facet normal -0.751844 -0.659341 0
    outer loop
      vertex 89.9538 88.3928 80
      vertex 88.0564 90.5564 84
      vertex 88.0564 90.5564 80
    endloop
  endfacet
  facet normal -0.751844 -0.659341 0
    outer loop
      vertex 88.0564 90.5564 84
      vertex 89.9538 88.3928 80
      vertex 89.9538 88.3928 84
    endloop
  endfacet
  facet normal -0.751859 0.659323 0
    outer loop
      vertex 88.0564 59.4436 80
      vertex 89.9538 61.6073 84
      vertex 89.9538 61.6073 80
    endloop
  endfacet
  facet normal -0.751859 0.659323 0
    outer loop
      vertex 89.9538 61.6073 84
      vertex 88.0564 59.4436 80
      vertex 88.0564 59.4436 84
    endloop
  endfacet
  facet normal 0.0653981 0.997859 -0
    outer loop
      vertex 72.5 53 80
      vertex 69.6284 53.1882 84
      vertex 72.5 53 84
    endloop
  endfacet
  facet normal 0.0653981 0.997859 0
    outer loop
      vertex 69.6284 53.1882 84
      vertex 72.5 53 80
      vertex 69.6284 53.1882 80
    endloop
  endfacet
  facet normal 0.0653981 -0.997859 0
    outer loop
      vertex 69.6284 96.8118 80
      vertex 72.5 97 84
      vertex 69.6284 96.8118 84
    endloop
  endfacet
  facet normal 0.0653981 -0.997859 0
    outer loop
      vertex 72.5 97 84
      vertex 69.6284 96.8118 80
      vertex 72.5 97 80
    endloop
  endfacet
  facet normal 0.831462 0.555582 0
    outer loop
      vertex 55.0462 61.6073 84
      vertex 53.4474 64 80
      vertex 53.4474 64 84
    endloop
  endfacet
  facet normal 0.831462 0.555582 0
    outer loop
      vertex 53.4474 64 80
      vertex 55.0462 61.6073 84
      vertex 55.0462 61.6073 80
    endloop
  endfacet
  facet normal -0.195087 -0.980786 0
    outer loop
      vertex 75.3716 96.8118 80
      vertex 78.194 96.2504 84
      vertex 75.3716 96.8118 84
    endloop
  endfacet
  facet normal -0.195087 -0.980786 -0
    outer loop
      vertex 78.194 96.2504 84
      vertex 75.3716 96.8118 80
      vertex 78.194 96.2504 80
    endloop
  endfacet
  facet normal -0.195087 0.980786 0
    outer loop
      vertex 78.194 53.7496 80
      vertex 75.3716 53.1882 84
      vertex 78.194 53.7496 84
    endloop
  endfacet
  facet normal -0.195087 0.980786 0
    outer loop
      vertex 75.3716 53.1882 84
      vertex 78.194 53.7496 80
      vertex 75.3716 53.1882 80
    endloop
  endfacet
  facet normal -0.946921 0.321467 0
    outer loop
      vertex 92.8253 66.581 80
      vertex 93.7504 69.306 84
      vertex 93.7504 69.306 80
    endloop
  endfacet
  facet normal -0.946921 0.321467 0
    outer loop
      vertex 93.7504 69.306 84
      vertex 92.8253 66.581 80
      vertex 92.8253 66.581 84
    endloop
  endfacet
  facet normal 0.751844 -0.659341 0
    outer loop
      vertex 55.0462 88.3928 84
      vertex 56.9436 90.5564 80
      vertex 56.9436 90.5564 84
    endloop
  endfacet
  facet normal 0.751844 -0.659341 0
    outer loop
      vertex 56.9436 90.5564 80
      vertex 55.0462 88.3928 84
      vertex 55.0462 88.3928 80
    endloop
  endfacet
  facet normal -0.896888 0.442258 0
    outer loop
      vertex 91.5526 64 80
      vertex 92.8253 66.581 84
      vertex 92.8253 66.581 80
    endloop
  endfacet
  facet normal -0.896888 0.442258 0
    outer loop
      vertex 92.8253 66.581 84
      vertex 91.5526 64 80
      vertex 91.5526 64 84
    endloop
  endfacet
  facet normal 0.896888 0.442258 0
    outer loop
      vertex 53.4474 64 84
      vertex 52.1747 66.581 80
      vertex 52.1747 66.581 84
    endloop
  endfacet
  facet normal 0.896888 0.442258 0
    outer loop
      vertex 52.1747 66.581 80
      vertex 53.4474 64 84
      vertex 53.4474 64 80
    endloop
  endfacet
  facet normal -0.555566 -0.831472 0
    outer loop
      vertex 83.5 94.0526 80
      vertex 85.8928 92.4538 84
      vertex 83.5 94.0526 84
    endloop
  endfacet
  facet normal -0.555566 -0.831472 -0
    outer loop
      vertex 85.8928 92.4538 84
      vertex 83.5 94.0526 80
      vertex 85.8928 92.4538 80
    endloop
  endfacet
  facet normal -0.831462 0.555582 0
    outer loop
      vertex 89.9538 61.6073 80
      vertex 91.5526 64 84
      vertex 91.5526 64 80
    endloop
  endfacet
  facet normal -0.831462 0.555582 0
    outer loop
      vertex 91.5526 64 84
      vertex 89.9538 61.6073 80
      vertex 89.9538 61.6073 84
    endloop
  endfacet
  facet normal -0.0653981 -0.997859 0
    outer loop
      vertex 72.5 97 80
      vertex 75.3716 96.8118 84
      vertex 72.5 97 84
    endloop
  endfacet
  facet normal -0.0653981 -0.997859 -0
    outer loop
      vertex 75.3716 96.8118 84
      vertex 72.5 97 80
      vertex 75.3716 96.8118 80
    endloop
  endfacet
  facet normal 0.751859 0.659323 0
    outer loop
      vertex 56.9436 59.4436 84
      vertex 55.0462 61.6073 80
      vertex 55.0462 61.6073 84
    endloop
  endfacet
  facet normal 0.751859 0.659323 0
    outer loop
      vertex 55.0462 61.6073 80
      vertex 56.9436 59.4436 84
      vertex 56.9436 59.4436 80
    endloop
  endfacet
  facet normal 0.659323 -0.751859 0
    outer loop
      vertex 56.9436 90.5564 80
      vertex 59.1073 92.4538 84
      vertex 56.9436 90.5564 84
    endloop
  endfacet
  facet normal 0.659323 -0.751859 0
    outer loop
      vertex 59.1073 92.4538 84
      vertex 56.9436 90.5564 80
      vertex 59.1073 92.4538 80
    endloop
  endfacet
  facet normal -0.896888 -0.442258 0
    outer loop
      vertex 92.8253 83.419 80
      vertex 91.5526 86 84
      vertex 91.5526 86 80
    endloop
  endfacet
  facet normal -0.896888 -0.442258 0
    outer loop
      vertex 91.5526 86 84
      vertex 92.8253 83.419 80
      vertex 92.8253 83.419 84
    endloop
  endfacet
  facet normal -0.321467 -0.946921 0
    outer loop
      vertex 78.194 96.2504 80
      vertex 80.919 95.3253 84
      vertex 78.194 96.2504 84
    endloop
  endfacet
  facet normal -0.321467 -0.946921 -0
    outer loop
      vertex 80.919 95.3253 84
      vertex 78.194 96.2504 80
      vertex 80.919 95.3253 80
    endloop
  endfacet
  facet normal 0.980786 0.195087 0
    outer loop
      vertex 51.2496 69.306 84
      vertex 50.6882 72.1284 80
      vertex 50.6882 72.1284 84
    endloop
  endfacet
  facet normal 0.980786 0.195087 0
    outer loop
      vertex 50.6882 72.1284 80
      vertex 51.2496 69.306 84
      vertex 51.2496 69.306 80
    endloop
  endfacet
  facet normal 0.980786 -0.195087 0
    outer loop
      vertex 50.6882 77.8716 84
      vertex 51.2496 80.694 80
      vertex 51.2496 80.694 84
    endloop
  endfacet
  facet normal 0.980786 -0.195087 0
    outer loop
      vertex 51.2496 80.694 80
      vertex 50.6882 77.8716 84
      vertex 50.6882 77.8716 80
    endloop
  endfacet
  facet normal 0.659323 0.751859 -0
    outer loop
      vertex 59.1073 57.5462 80
      vertex 56.9436 59.4436 84
      vertex 59.1073 57.5462 84
    endloop
  endfacet
  facet normal 0.659323 0.751859 0
    outer loop
      vertex 56.9436 59.4436 84
      vertex 59.1073 57.5462 80
      vertex 56.9436 59.4436 80
    endloop
  endfacet
  facet normal 0.896888 -0.442258 0
    outer loop
      vertex 52.1747 83.419 84
      vertex 53.4474 86 80
      vertex 53.4474 86 84
    endloop
  endfacet
  facet normal 0.896888 -0.442258 0
    outer loop
      vertex 53.4474 86 80
      vertex 52.1747 83.419 84
      vertex 52.1747 83.419 80
    endloop
  endfacet
  facet normal 0.321467 0.946921 -0
    outer loop
      vertex 66.806 53.7496 80
      vertex 64.081 54.6747 84
      vertex 66.806 53.7496 84
    endloop
  endfacet
  facet normal 0.321467 0.946921 0
    outer loop
      vertex 64.081 54.6747 84
      vertex 66.806 53.7496 80
      vertex 64.081 54.6747 80
    endloop
  endfacet
  facet normal 0.997859 0.0653981 0
    outer loop
      vertex 50.6882 72.1284 84
      vertex 50.5 75 80
      vertex 50.5 75 84
    endloop
  endfacet
  facet normal 0.997859 0.0653981 0
    outer loop
      vertex 50.5 75 80
      vertex 50.6882 72.1284 84
      vertex 50.6882 72.1284 80
    endloop
  endfacet
  facet normal 0.195087 0.980786 -0
    outer loop
      vertex 69.6284 53.1882 80
      vertex 66.806 53.7496 84
      vertex 69.6284 53.1882 84
    endloop
  endfacet
  facet normal 0.195087 0.980786 0
    outer loop
      vertex 66.806 53.7496 84
      vertex 69.6284 53.1882 80
      vertex 66.806 53.7496 80
    endloop
  endfacet
  facet normal 0.555582 0.831462 -0
    outer loop
      vertex 61.5 55.9474 80
      vertex 59.1073 57.5462 84
      vertex 61.5 55.9474 84
    endloop
  endfacet
  facet normal 0.555582 0.831462 0
    outer loop
      vertex 59.1073 57.5462 84
      vertex 61.5 55.9474 80
      vertex 59.1073 57.5462 80
    endloop
  endfacet
endsolid OpenSCAD_Model
