solid OpenSCAD_Model
  facet normal 0.997857 -0 0.065428
    outer loop
      vertex 38.6 2 34
      vertex 38.7027 10 32.4337
      vertex 38.6 10 34
    endloop
  endfacet
  facet normal 0.997857 0 0.065428
    outer loop
      vertex 38.7027 10 32.4337
      vertex 38.6 2 34
      vertex 38.7027 2 32.4337
    endloop
  endfacet
  facet normal -0.980788 0 -0.195075
    outer loop
      vertex 62.4973 2 35.5663
      vertex 62.1911 10 37.1058
      vertex 62.4973 10 35.5663
    endloop
  endfacet
  facet normal -0.980788 -0 -0.195075
    outer loop
      vertex 62.1911 10 37.1058
      vertex 62.4973 2 35.5663
      vertex 62.1911 2 37.1058
    endloop
  endfacet
  facet normal -0.997857 0 -0.065428
    outer loop
      vertex 62.6 2 34
      vertex 62.4973 10 35.5663
      vertex 62.6 10 34
    endloop
  endfacet
  facet normal -0.997857 -0 -0.065428
    outer loop
      vertex 62.4973 10 35.5663
      vertex 62.6 2 34
      vertex 62.4973 2 35.5663
    endloop
  endfacet
  facet normal -0.89686 0 -0.442314
    outer loop
      vertex 61.6866 2 38.5922
      vertex 60.9923 10 40
      vertex 61.6866 10 38.5922
    endloop
  endfacet
  facet normal -0.89686 -0 -0.442314
    outer loop
      vertex 60.9923 10 40
      vertex 61.6866 2 38.5922
      vertex 60.9923 2 40
    endloop
  endfacet
  facet normal -0.659307 0 -0.751874
    outer loop
      vertex 57.9051 2 43.5202
      vertex 59.0853 10 42.4853
      vertex 59.0853 2 42.4853
    endloop
  endfacet
  facet normal -0.659307 0 -0.751874
    outer loop
      vertex 59.0853 10 42.4853
      vertex 57.9051 2 43.5202
      vertex 57.9051 10 43.5202
    endloop
  endfacet
  facet normal 0.065428 0 0.997857
    outer loop
      vertex 49.0337 10 22.1027
      vertex 50.6 2 22
      vertex 50.6 10 22
    endloop
  endfacet
  facet normal 0.065428 0 0.997857
    outer loop
      vertex 50.6 2 22
      vertex 49.0337 10 22.1027
      vertex 49.0337 2 22.1027
    endloop
  endfacet
  facet normal -0.946943 0 0.321402
    outer loop
      vertex 61.6866 2 29.4078
      vertex 62.1911 10 30.8942
      vertex 61.6866 10 29.4078
    endloop
  endfacet
  facet normal -0.946943 0 0.321402
    outer loop
      vertex 62.1911 10 30.8942
      vertex 61.6866 2 29.4078
      vertex 62.1911 2 30.8942
    endloop
  endfacet
  facet normal -0.555597 0 0.831452
    outer loop
      vertex 56.6 10 23.6077
      vertex 57.9051 2 24.4798
      vertex 57.9051 10 24.4798
    endloop
  endfacet
  facet normal -0.555597 0 0.831452
    outer loop
      vertex 57.9051 2 24.4798
      vertex 56.6 10 23.6077
      vertex 56.6 2 23.6077
    endloop
  endfacet
  facet normal 0.442314 0 0.89686
    outer loop
      vertex 44.6 10 23.6077
      vertex 46.0078 2 22.9134
      vertex 46.0078 10 22.9134
    endloop
  endfacet
  facet normal 0.442314 0 0.89686
    outer loop
      vertex 46.0078 2 22.9134
      vertex 44.6 10 23.6077
      vertex 44.6 2 23.6077
    endloop
  endfacet
  facet normal 0.980788 0 -0.195075
    outer loop
      vertex 39.0089 2 37.1058
      vertex 38.7027 10 35.5663
      vertex 39.0089 10 37.1058
    endloop
  endfacet
  facet normal 0.980788 0 -0.195075
    outer loop
      vertex 38.7027 10 35.5663
      vertex 39.0089 2 37.1058
      vertex 38.7027 2 35.5663
    endloop
  endfacet
  facet normal 0.751874 -0 0.659307
    outer loop
      vertex 41.0798 2 26.6949
      vertex 42.1147 10 25.5147
      vertex 41.0798 10 26.6949
    endloop
  endfacet
  facet normal 0.751874 0 0.659307
    outer loop
      vertex 42.1147 10 25.5147
      vertex 41.0798 2 26.6949
      vertex 42.1147 2 25.5147
    endloop
  endfacet
  facet normal -0.831452 0 -0.555597
    outer loop
      vertex 60.9923 2 40
      vertex 60.1202 10 41.3051
      vertex 60.9923 10 40
    endloop
  endfacet
  facet normal -0.831452 -0 -0.555597
    outer loop
      vertex 60.1202 10 41.3051
      vertex 60.9923 2 40
      vertex 60.1202 2 41.3051
    endloop
  endfacet
  facet normal 0.065428 0 -0.997857
    outer loop
      vertex 49.0337 2 45.8973
      vertex 50.6 10 46
      vertex 50.6 2 46
    endloop
  endfacet
  facet normal 0.065428 0 -0.997857
    outer loop
      vertex 50.6 10 46
      vertex 49.0337 2 45.8973
      vertex 49.0337 10 45.8973
    endloop
  endfacet
  facet normal -0.946943 0 -0.321402
    outer loop
      vertex 62.1911 2 37.1058
      vertex 61.6866 10 38.5922
      vertex 62.1911 10 37.1058
    endloop
  endfacet
  facet normal -0.946943 -0 -0.321402
    outer loop
      vertex 61.6866 10 38.5922
      vertex 62.1911 2 37.1058
      vertex 61.6866 2 38.5922
    endloop
  endfacet
  facet normal -0.442314 0 0.89686
    outer loop
      vertex 55.1922 10 22.9134
      vertex 56.6 2 23.6077
      vertex 56.6 10 23.6077
    endloop
  endfacet
  facet normal -0.442314 0 0.89686
    outer loop
      vertex 56.6 2 23.6077
      vertex 55.1922 10 22.9134
      vertex 55.1922 2 22.9134
    endloop
  endfacet
  facet normal -0.195075 0 0.980788
    outer loop
      vertex 52.1663 10 22.1027
      vertex 53.7058 2 22.4089
      vertex 53.7058 10 22.4089
    endloop
  endfacet
  facet normal -0.195075 0 0.980788
    outer loop
      vertex 53.7058 2 22.4089
      vertex 52.1663 10 22.1027
      vertex 52.1663 2 22.1027
    endloop
  endfacet
  facet normal -0.555597 0 -0.831452
    outer loop
      vertex 56.6 2 44.3923
      vertex 57.9051 10 43.5202
      vertex 57.9051 2 43.5202
    endloop
  endfacet
  facet normal -0.555597 0 -0.831452
    outer loop
      vertex 57.9051 10 43.5202
      vertex 56.6 2 44.3923
      vertex 56.6 10 44.3923
    endloop
  endfacet
  facet normal -0.751874 0 0.659307
    outer loop
      vertex 59.0853 2 25.5147
      vertex 60.1202 10 26.6949
      vertex 59.0853 10 25.5147
    endloop
  endfacet
  facet normal -0.751874 0 0.659307
    outer loop
      vertex 60.1202 10 26.6949
      vertex 59.0853 2 25.5147
      vertex 60.1202 2 26.6949
    endloop
  endfacet
  facet normal 0.195075 0 -0.980788
    outer loop
      vertex 47.4942 2 45.5911
      vertex 49.0337 10 45.8973
      vertex 49.0337 2 45.8973
    endloop
  endfacet
  facet normal 0.195075 0 -0.980788
    outer loop
      vertex 49.0337 10 45.8973
      vertex 47.4942 2 45.5911
      vertex 47.4942 10 45.5911
    endloop
  endfacet
  facet normal 0.659307 0 0.751874
    outer loop
      vertex 42.1147 10 25.5147
      vertex 43.2949 2 24.4798
      vertex 43.2949 10 24.4798
    endloop
  endfacet
  facet normal 0.659307 0 0.751874
    outer loop
      vertex 43.2949 2 24.4798
      vertex 42.1147 10 25.5147
      vertex 42.1147 2 25.5147
    endloop
  endfacet
  facet normal 0.997857 0 -0.065428
    outer loop
      vertex 38.7027 2 35.5663
      vertex 38.6 10 34
      vertex 38.7027 10 35.5663
    endloop
  endfacet
  facet normal 0.997857 0 -0.065428
    outer loop
      vertex 38.6 10 34
      vertex 38.7027 2 35.5663
      vertex 38.6 2 34
    endloop
  endfacet
  facet normal 0.195075 0 0.980788
    outer loop
      vertex 47.4942 10 22.4089
      vertex 49.0337 2 22.1027
      vertex 49.0337 10 22.1027
    endloop
  endfacet
  facet normal 0.195075 0 0.980788
    outer loop
      vertex 49.0337 2 22.1027
      vertex 47.4942 10 22.4089
      vertex 47.4942 2 22.4089
    endloop
  endfacet
  facet normal 0.555597 0 0.831452
    outer loop
      vertex 43.2949 10 24.4798
      vertex 44.6 2 23.6077
      vertex 44.6 10 23.6077
    endloop
  endfacet
  facet normal 0.555597 0 0.831452
    outer loop
      vertex 44.6 2 23.6077
      vertex 43.2949 10 24.4798
      vertex 43.2949 2 24.4798
    endloop
  endfacet
  facet normal -0.997857 0 0.065428
    outer loop
      vertex 62.4973 2 32.4337
      vertex 62.6 10 34
      vertex 62.4973 10 32.4337
    endloop
  endfacet
  facet normal -0.997857 0 0.065428
    outer loop
      vertex 62.6 10 34
      vertex 62.4973 2 32.4337
      vertex 62.6 2 34
    endloop
  endfacet
  facet normal -0.321402 0 0.946943
    outer loop
      vertex 53.7058 10 22.4089
      vertex 55.1922 2 22.9134
      vertex 55.1922 10 22.9134
    endloop
  endfacet
  facet normal -0.321402 0 0.946943
    outer loop
      vertex 55.1922 2 22.9134
      vertex 53.7058 10 22.4089
      vertex 53.7058 2 22.4089
    endloop
  endfacet
  facet normal 0.442314 0 -0.89686
    outer loop
      vertex 44.6 2 44.3923
      vertex 46.0078 10 45.0866
      vertex 46.0078 2 45.0866
    endloop
  endfacet
  facet normal 0.442314 0 -0.89686
    outer loop
      vertex 46.0078 10 45.0866
      vertex 44.6 2 44.3923
      vertex 44.6 10 44.3923
    endloop
  endfacet
  facet normal -0.442314 0 -0.89686
    outer loop
      vertex 55.1922 2 45.0866
      vertex 56.6 10 44.3923
      vertex 56.6 2 44.3923
    endloop
  endfacet
  facet normal -0.442314 0 -0.89686
    outer loop
      vertex 56.6 10 44.3923
      vertex 55.1922 2 45.0866
      vertex 55.1922 10 45.0866
    endloop
  endfacet
  facet normal -0.659307 0 0.751874
    outer loop
      vertex 57.9051 10 24.4798
      vertex 59.0853 2 25.5147
      vertex 59.0853 10 25.5147
    endloop
  endfacet
  facet normal -0.659307 0 0.751874
    outer loop
      vertex 59.0853 2 25.5147
      vertex 57.9051 10 24.4798
      vertex 57.9051 2 24.4798
    endloop
  endfacet
  facet normal 0.946943 0 -0.321402
    outer loop
      vertex 39.5134 2 38.5922
      vertex 39.0089 10 37.1058
      vertex 39.5134 10 38.5922
    endloop
  endfacet
  facet normal 0.946943 0 -0.321402
    outer loop
      vertex 39.0089 10 37.1058
      vertex 39.5134 2 38.5922
      vertex 39.0089 2 37.1058
    endloop
  endfacet
  facet normal 0.89686 -0 0.442314
    outer loop
      vertex 39.5134 2 29.4078
      vertex 40.2077 10 28
      vertex 39.5134 10 29.4078
    endloop
  endfacet
  facet normal 0.89686 0 0.442314
    outer loop
      vertex 40.2077 10 28
      vertex 39.5134 2 29.4078
      vertex 40.2077 2 28
    endloop
  endfacet
  facet normal -0.980788 0 0.195075
    outer loop
      vertex 62.1911 2 30.8942
      vertex 62.4973 10 32.4337
      vertex 62.1911 10 30.8942
    endloop
  endfacet
  facet normal -0.980788 0 0.195075
    outer loop
      vertex 62.4973 10 32.4337
      vertex 62.1911 2 30.8942
      vertex 62.4973 2 32.4337
    endloop
  endfacet
  facet normal 0.321402 0 -0.946943
    outer loop
      vertex 46.0078 2 45.0866
      vertex 47.4942 10 45.5911
      vertex 47.4942 2 45.5911
    endloop
  endfacet
  facet normal 0.321402 0 -0.946943
    outer loop
      vertex 47.4942 10 45.5911
      vertex 46.0078 2 45.0866
      vertex 46.0078 10 45.0866
    endloop
  endfacet
  facet normal -0.065428 0 0.997857
    outer loop
      vertex 50.6 10 22
      vertex 52.1663 2 22.1027
      vertex 52.1663 10 22.1027
    endloop
  endfacet
  facet normal -0.065428 0 0.997857
    outer loop
      vertex 52.1663 2 22.1027
      vertex 50.6 10 22
      vertex 50.6 2 22
    endloop
  endfacet
  facet normal 0 1 0
    outer loop
      vertex 52.1663 2 45.8973
      vertex 49.0337 2 45.8973
      vertex 50.6 2 46
    endloop
  endfacet
  facet normal 0 1 0
    outer loop
      vertex 53.7058 2 45.5911
      vertex 49.0337 2 45.8973
      vertex 52.1663 2 45.8973
    endloop
  endfacet
  facet normal 0 1 0
    outer loop
      vertex 53.7058 2 45.5911
      vertex 47.4942 2 45.5911
      vertex 49.0337 2 45.8973
    endloop
  endfacet
  facet normal 0 1 0
    outer loop
      vertex 55.1922 2 45.0866
      vertex 47.4942 2 45.5911
      vertex 53.7058 2 45.5911
    endloop
  endfacet
  facet normal 0 1 0
    outer loop
      vertex 55.1922 2 45.0866
      vertex 46.0078 2 45.0866
      vertex 47.4942 2 45.5911
    endloop
  endfacet
  facet normal 0 1 0
    outer loop
      vertex 56.6 2 44.3923
      vertex 46.0078 2 45.0866
      vertex 55.1922 2 45.0866
    endloop
  endfacet
  facet normal 0 1 0
    outer loop
      vertex 56.6 2 44.3923
      vertex 44.6 2 44.3923
      vertex 46.0078 2 45.0866
    endloop
  endfacet
  facet normal 0 1 0
    outer loop
      vertex 57.9051 2 43.5202
      vertex 44.6 2 44.3923
      vertex 56.6 2 44.3923
    endloop
  endfacet
  facet normal 0 1 0
    outer loop
      vertex 57.9051 2 43.5202
      vertex 43.2949 2 43.5202
      vertex 44.6 2 44.3923
    endloop
  endfacet
  facet normal 0 1 0
    outer loop
      vertex 59.0853 2 42.4853
      vertex 43.2949 2 43.5202
      vertex 57.9051 2 43.5202
    endloop
  endfacet
  facet normal 0 1 0
    outer loop
      vertex 59.0853 2 42.4853
      vertex 42.1147 2 42.4853
      vertex 43.2949 2 43.5202
    endloop
  endfacet
  facet normal 0 1 0
    outer loop
      vertex 60.1202 2 41.3051
      vertex 42.1147 2 42.4853
      vertex 59.0853 2 42.4853
    endloop
  endfacet
  facet normal 0 1 0
    outer loop
      vertex 60.1202 2 41.3051
      vertex 41.0798 2 41.3051
      vertex 42.1147 2 42.4853
    endloop
  endfacet
  facet normal 0 1 0
    outer loop
      vertex 60.9923 2 40
      vertex 41.0798 2 41.3051
      vertex 60.1202 2 41.3051
    endloop
  endfacet
  facet normal 0 1 0
    outer loop
      vertex 60.9923 2 40
      vertex 40.2077 2 40
      vertex 41.0798 2 41.3051
    endloop
  endfacet
  facet normal 0 1 0
    outer loop
      vertex 61.6866 2 38.5922
      vertex 40.2077 2 40
      vertex 60.9923 2 40
    endloop
  endfacet
  facet normal 0 1 0
    outer loop
      vertex 61.6866 2 38.5922
      vertex 39.5134 2 38.5922
      vertex 40.2077 2 40
    endloop
  endfacet
  facet normal 0 1 0
    outer loop
      vertex 62.1911 2 37.1058
      vertex 39.5134 2 38.5922
      vertex 61.6866 2 38.5922
    endloop
  endfacet
  facet normal 0 1 0
    outer loop
      vertex 62.1911 2 37.1058
      vertex 39.0089 2 37.1058
      vertex 39.5134 2 38.5922
    endloop
  endfacet
  facet normal 0 1 0
    outer loop
      vertex 62.4973 2 35.5663
      vertex 39.0089 2 37.1058
      vertex 62.1911 2 37.1058
    endloop
  endfacet
  facet normal 0 1 0
    outer loop
      vertex 62.4973 2 35.5663
      vertex 38.7027 2 35.5663
      vertex 39.0089 2 37.1058
    endloop
  endfacet
  facet normal 0 1 0
    outer loop
      vertex 62.6 2 34
      vertex 38.7027 2 35.5663
      vertex 62.4973 2 35.5663
    endloop
  endfacet
  facet normal 0 1 0
    outer loop
      vertex 62.6 2 34
      vertex 38.6 2 34
      vertex 38.7027 2 35.5663
    endloop
  endfacet
  facet normal 0 1 -0
    outer loop
      vertex 62.4973 2 32.4337
      vertex 38.6 2 34
      vertex 62.6 2 34
    endloop
  endfacet
  facet normal 0 1 0
    outer loop
      vertex 62.4973 2 32.4337
      vertex 38.7027 2 32.4337
      vertex 38.6 2 34
    endloop
  endfacet
  facet normal 0 1 -0
    outer loop
      vertex 62.1911 2 30.8942
      vertex 38.7027 2 32.4337
      vertex 62.4973 2 32.4337
    endloop
  endfacet
  facet normal 0 1 0
    outer loop
      vertex 62.1911 2 30.8942
      vertex 39.0089 2 30.8942
      vertex 38.7027 2 32.4337
    endloop
  endfacet
  facet normal 0 1 -0
    outer loop
      vertex 61.6866 2 29.4078
      vertex 39.0089 2 30.8942
      vertex 62.1911 2 30.8942
    endloop
  endfacet
  facet normal 0 1 0
    outer loop
      vertex 61.6866 2 29.4078
      vertex 39.5134 2 29.4078
      vertex 39.0089 2 30.8942
    endloop
  endfacet
  facet normal 0 1 -0
    outer loop
      vertex 60.9923 2 28
      vertex 39.5134 2 29.4078
      vertex 61.6866 2 29.4078
    endloop
  endfacet
  facet normal 0 1 0
    outer loop
      vertex 60.9923 2 28
      vertex 40.2077 2 28
      vertex 39.5134 2 29.4078
    endloop
  endfacet
  facet normal 0 1 -0
    outer loop
      vertex 60.1202 2 26.6949
      vertex 40.2077 2 28
      vertex 60.9923 2 28
    endloop
  endfacet
  facet normal 0 1 0
    outer loop
      vertex 60.1202 2 26.6949
      vertex 41.0798 2 26.6949
      vertex 40.2077 2 28
    endloop
  endfacet
  facet normal 0 1 -0
    outer loop
      vertex 59.0853 2 25.5147
      vertex 41.0798 2 26.6949
      vertex 60.1202 2 26.6949
    endloop
  endfacet
  facet normal 0 1 0
    outer loop
      vertex 59.0853 2 25.5147
      vertex 42.1147 2 25.5147
      vertex 41.0798 2 26.6949
    endloop
  endfacet
  facet normal 0 1 -0
    outer loop
      vertex 57.9051 2 24.4798
      vertex 42.1147 2 25.5147
      vertex 59.0853 2 25.5147
    endloop
  endfacet
  facet normal 0 1 0
    outer loop
      vertex 57.9051 2 24.4798
      vertex 43.2949 2 24.4798
      vertex 42.1147 2 25.5147
    endloop
  endfacet
  facet normal 0 1 -0
    outer loop
      vertex 56.6 2 23.6077
      vertex 43.2949 2 24.4798
      vertex 57.9051 2 24.4798
    endloop
  endfacet
  facet normal 0 1 0
    outer loop
      vertex 56.6 2 23.6077
      vertex 44.6 2 23.6077
      vertex 43.2949 2 24.4798
    endloop
  endfacet
  facet normal 0 1 -0
    outer loop
      vertex 55.1922 2 22.9134
      vertex 44.6 2 23.6077
      vertex 56.6 2 23.6077
    endloop
  endfacet
  facet normal 0 1 0
    outer loop
      vertex 55.1922 2 22.9134
      vertex 46.0078 2 22.9134
      vertex 44.6 2 23.6077
    endloop
  endfacet
  facet normal 0 1 -0
    outer loop
      vertex 53.7058 2 22.4089
      vertex 46.0078 2 22.9134
      vertex 55.1922 2 22.9134
    endloop
  endfacet
  facet normal 0 1 0
    outer loop
      vertex 53.7058 2 22.4089
      vertex 47.4942 2 22.4089
      vertex 46.0078 2 22.9134
    endloop
  endfacet
  facet normal 0 1 -0
    outer loop
      vertex 52.1663 2 22.1027
      vertex 47.4942 2 22.4089
      vertex 53.7058 2 22.4089
    endloop
  endfacet
  facet normal 0 1 0
    outer loop
      vertex 52.1663 2 22.1027
      vertex 49.0337 2 22.1027
      vertex 47.4942 2 22.4089
    endloop
  endfacet
  facet normal -0 1 0
    outer loop
      vertex 49.0337 2 22.1027
      vertex 52.1663 2 22.1027
      vertex 50.6 2 22
    endloop
  endfacet
  facet normal 0.555597 0 -0.831452
    outer loop
      vertex 43.2949 2 43.5202
      vertex 44.6 10 44.3923
      vertex 44.6 2 44.3923
    endloop
  endfacet
  facet normal 0.555597 0 -0.831452
    outer loop
      vertex 44.6 10 44.3923
      vertex 43.2949 2 43.5202
      vertex 43.2949 10 43.5202
    endloop
  endfacet
  facet normal 0 -1 0
    outer loop
      vertex 49.0337 10 45.8973
      vertex 52.1663 10 45.8973
      vertex 50.6 10 46
    endloop
  endfacet
  facet normal 0 -1 0
    outer loop
      vertex 47.4942 10 45.5911
      vertex 52.1663 10 45.8973
      vertex 49.0337 10 45.8973
    endloop
  endfacet
  facet normal 0 -1 0
    outer loop
      vertex 47.4942 10 45.5911
      vertex 53.7058 10 45.5911
      vertex 52.1663 10 45.8973
    endloop
  endfacet
  facet normal 0 -1 0
    outer loop
      vertex 46.0078 10 45.0866
      vertex 53.7058 10 45.5911
      vertex 47.4942 10 45.5911
    endloop
  endfacet
  facet normal 0 -1 0
    outer loop
      vertex 46.0078 10 45.0866
      vertex 55.1922 10 45.0866
      vertex 53.7058 10 45.5911
    endloop
  endfacet
  facet normal 0 -1 0
    outer loop
      vertex 44.6 10 44.3923
      vertex 55.1922 10 45.0866
      vertex 46.0078 10 45.0866
    endloop
  endfacet
  facet normal 0 -1 0
    outer loop
      vertex 44.6 10 44.3923
      vertex 56.6 10 44.3923
      vertex 55.1922 10 45.0866
    endloop
  endfacet
  facet normal 0 -1 0
    outer loop
      vertex 43.2949 10 43.5202
      vertex 56.6 10 44.3923
      vertex 44.6 10 44.3923
    endloop
  endfacet
  facet normal 0 -1 0
    outer loop
      vertex 43.2949 10 43.5202
      vertex 57.9051 10 43.5202
      vertex 56.6 10 44.3923
    endloop
  endfacet
  facet normal 0 -1 0
    outer loop
      vertex 42.1147 10 42.4853
      vertex 57.9051 10 43.5202
      vertex 43.2949 10 43.5202
    endloop
  endfacet
  facet normal 0 -1 0
    outer loop
      vertex 42.1147 10 42.4853
      vertex 59.0853 10 42.4853
      vertex 57.9051 10 43.5202
    endloop
  endfacet
  facet normal 0 -1 0
    outer loop
      vertex 41.0798 10 41.3051
      vertex 59.0853 10 42.4853
      vertex 42.1147 10 42.4853
    endloop
  endfacet
  facet normal 0 -1 0
    outer loop
      vertex 41.0798 10 41.3051
      vertex 60.1202 10 41.3051
      vertex 59.0853 10 42.4853
    endloop
  endfacet
  facet normal 0 -1 0
    outer loop
      vertex 40.2077 10 40
      vertex 60.1202 10 41.3051
      vertex 41.0798 10 41.3051
    endloop
  endfacet
  facet normal 0 -1 0
    outer loop
      vertex 40.2077 10 40
      vertex 60.9923 10 40
      vertex 60.1202 10 41.3051
    endloop
  endfacet
  facet normal 0 -1 0
    outer loop
      vertex 39.5134 10 38.5922
      vertex 60.9923 10 40
      vertex 40.2077 10 40
    endloop
  endfacet
  facet normal 0 -1 0
    outer loop
      vertex 39.5134 10 38.5922
      vertex 61.6866 10 38.5922
      vertex 60.9923 10 40
    endloop
  endfacet
  facet normal 0 -1 0
    outer loop
      vertex 39.0089 10 37.1058
      vertex 61.6866 10 38.5922
      vertex 39.5134 10 38.5922
    endloop
  endfacet
  facet normal 0 -1 0
    outer loop
      vertex 39.0089 10 37.1058
      vertex 62.1911 10 37.1058
      vertex 61.6866 10 38.5922
    endloop
  endfacet
  facet normal 0 -1 0
    outer loop
      vertex 38.7027 10 35.5663
      vertex 62.1911 10 37.1058
      vertex 39.0089 10 37.1058
    endloop
  endfacet
  facet normal 0 -1 0
    outer loop
      vertex 38.7027 10 35.5663
      vertex 62.4973 10 35.5663
      vertex 62.1911 10 37.1058
    endloop
  endfacet
  facet normal 0 -1 0
    outer loop
      vertex 38.6 10 34
      vertex 62.4973 10 35.5663
      vertex 38.7027 10 35.5663
    endloop
  endfacet
  facet normal 0 -1 0
    outer loop
      vertex 38.6 10 34
      vertex 62.6 10 34
      vertex 62.4973 10 35.5663
    endloop
  endfacet
  facet normal 0 -1 0
    outer loop
      vertex 38.7027 10 32.4337
      vertex 62.6 10 34
      vertex 38.6 10 34
    endloop
  endfacet
  facet normal 0 -1 0
    outer loop
      vertex 38.7027 10 32.4337
      vertex 62.4973 10 32.4337
      vertex 62.6 10 34
    endloop
  endfacet
  facet normal 0 -1 0
    outer loop
      vertex 39.0089 10 30.8942
      vertex 62.4973 10 32.4337
      vertex 38.7027 10 32.4337
    endloop
  endfacet
  facet normal 0 -1 0
    outer loop
      vertex 39.0089 10 30.8942
      vertex 62.1911 10 30.8942
      vertex 62.4973 10 32.4337
    endloop
  endfacet
  facet normal 0 -1 0
    outer loop
      vertex 39.5134 10 29.4078
      vertex 62.1911 10 30.8942
      vertex 39.0089 10 30.8942
    endloop
  endfacet
  facet normal 0 -1 0
    outer loop
      vertex 39.5134 10 29.4078
      vertex 61.6866 10 29.4078
      vertex 62.1911 10 30.8942
    endloop
  endfacet
  facet normal 0 -1 0
    outer loop
      vertex 40.2077 10 28
      vertex 61.6866 10 29.4078
      vertex 39.5134 10 29.4078
    endloop
  endfacet
  facet normal 0 -1 0
    outer loop
      vertex 40.2077 10 28
      vertex 60.9923 10 28
      vertex 61.6866 10 29.4078
    endloop
  endfacet
  facet normal 0 -1 0
    outer loop
      vertex 41.0798 10 26.6949
      vertex 60.9923 10 28
      vertex 40.2077 10 28
    endloop
  endfacet
  facet normal 0 -1 0
    outer loop
      vertex 41.0798 10 26.6949
      vertex 60.1202 10 26.6949
      vertex 60.9923 10 28
    endloop
  endfacet
  facet normal 0 -1 0
    outer loop
      vertex 42.1147 10 25.5147
      vertex 60.1202 10 26.6949
      vertex 41.0798 10 26.6949
    endloop
  endfacet
  facet normal 0 -1 0
    outer loop
      vertex 42.1147 10 25.5147
      vertex 59.0853 10 25.5147
      vertex 60.1202 10 26.6949
    endloop
  endfacet
  facet normal 0 -1 0
    outer loop
      vertex 43.2949 10 24.4798
      vertex 59.0853 10 25.5147
      vertex 42.1147 10 25.5147
    endloop
  endfacet
  facet normal 0 -1 0
    outer loop
      vertex 43.2949 10 24.4798
      vertex 57.9051 10 24.4798
      vertex 59.0853 10 25.5147
    endloop
  endfacet
  facet normal 0 -1 0
    outer loop
      vertex 44.6 10 23.6077
      vertex 57.9051 10 24.4798
      vertex 43.2949 10 24.4798
    endloop
  endfacet
  facet normal 0 -1 0
    outer loop
      vertex 44.6 10 23.6077
      vertex 56.6 10 23.6077
      vertex 57.9051 10 24.4798
    endloop
  endfacet
  facet normal 0 -1 0
    outer loop
      vertex 46.0078 10 22.9134
      vertex 56.6 10 23.6077
      vertex 44.6 10 23.6077
    endloop
  endfacet
  facet normal 0 -1 0
    outer loop
      vertex 46.0078 10 22.9134
      vertex 55.1922 10 22.9134
      vertex 56.6 10 23.6077
    endloop
  endfacet
  facet normal 0 -1 0
    outer loop
      vertex 47.4942 10 22.4089
      vertex 55.1922 10 22.9134
      vertex 46.0078 10 22.9134
    endloop
  endfacet
  facet normal 0 -1 0
    outer loop
      vertex 47.4942 10 22.4089
      vertex 53.7058 10 22.4089
      vertex 55.1922 10 22.9134
    endloop
  endfacet
  facet normal 0 -1 0
    outer loop
      vertex 49.0337 10 22.1027
      vertex 53.7058 10 22.4089
      vertex 47.4942 10 22.4089
    endloop
  endfacet
  facet normal 0 -1 0
    outer loop
      vertex 49.0337 10 22.1027
      vertex 52.1663 10 22.1027
      vertex 53.7058 10 22.4089
    endloop
  endfacet
  facet normal -0 -1 0
    outer loop
      vertex 52.1663 10 22.1027
      vertex 49.0337 10 22.1027
      vertex 50.6 10 22
    endloop
  endfacet
  facet normal -0.831452 0 0.555597
    outer loop
      vertex 60.1202 2 26.6949
      vertex 60.9923 10 28
      vertex 60.1202 10 26.6949
    endloop
  endfacet
  facet normal -0.831452 0 0.555597
    outer loop
      vertex 60.9923 10 28
      vertex 60.1202 2 26.6949
      vertex 60.9923 2 28
    endloop
  endfacet
  facet normal 0.659307 0 -0.751874
    outer loop
      vertex 42.1147 2 42.4853
      vertex 43.2949 10 43.5202
      vertex 43.2949 2 43.5202
    endloop
  endfacet
  facet normal 0.659307 0 -0.751874
    outer loop
      vertex 43.2949 10 43.5202
      vertex 42.1147 2 42.4853
      vertex 42.1147 10 42.4853
    endloop
  endfacet
  facet normal 0.321402 0 0.946943
    outer loop
      vertex 46.0078 10 22.9134
      vertex 47.4942 2 22.4089
      vertex 47.4942 10 22.4089
    endloop
  endfacet
  facet normal 0.321402 0 0.946943
    outer loop
      vertex 47.4942 2 22.4089
      vertex 46.0078 10 22.9134
      vertex 46.0078 2 22.9134
    endloop
  endfacet
  facet normal 0.980788 -0 0.195075
    outer loop
      vertex 38.7027 2 32.4337
      vertex 39.0089 10 30.8942
      vertex 38.7027 10 32.4337
    endloop
  endfacet
  facet normal 0.980788 0 0.195075
    outer loop
      vertex 39.0089 10 30.8942
      vertex 38.7027 2 32.4337
      vertex 39.0089 2 30.8942
    endloop
  endfacet
  facet normal -0.195075 0 -0.980788
    outer loop
      vertex 52.1663 2 45.8973
      vertex 53.7058 10 45.5911
      vertex 53.7058 2 45.5911
    endloop
  endfacet
  facet normal -0.195075 0 -0.980788
    outer loop
      vertex 53.7058 10 45.5911
      vertex 52.1663 2 45.8973
      vertex 52.1663 10 45.8973
    endloop
  endfacet
  facet normal -0.065428 0 -0.997857
    outer loop
      vertex 50.6 2 46
      vertex 52.1663 10 45.8973
      vertex 52.1663 2 45.8973
    endloop
  endfacet
  facet normal -0.065428 0 -0.997857
    outer loop
      vertex 52.1663 10 45.8973
      vertex 50.6 2 46
      vertex 50.6 10 46
    endloop
  endfacet
  facet normal -0.321402 0 -0.946943
    outer loop
      vertex 53.7058 2 45.5911
      vertex 55.1922 10 45.0866
      vertex 55.1922 2 45.0866
    endloop
  endfacet
  facet normal -0.321402 0 -0.946943
    outer loop
      vertex 55.1922 10 45.0866
      vertex 53.7058 2 45.5911
      vertex 53.7058 10 45.5911
    endloop
  endfacet
  facet normal 0.831452 -0 0.555597
    outer loop
      vertex 40.2077 2 28
      vertex 41.0798 10 26.6949
      vertex 40.2077 10 28
    endloop
  endfacet
  facet normal 0.831452 0 0.555597
    outer loop
      vertex 41.0798 10 26.6949
      vertex 40.2077 2 28
      vertex 41.0798 2 26.6949
    endloop
  endfacet
  facet normal -0.751874 0 -0.659307
    outer loop
      vertex 60.1202 2 41.3051
      vertex 59.0853 10 42.4853
      vertex 60.1202 10 41.3051
    endloop
  endfacet
  facet normal -0.751874 -0 -0.659307
    outer loop
      vertex 59.0853 10 42.4853
      vertex 60.1202 2 41.3051
      vertex 59.0853 2 42.4853
    endloop
  endfacet
  facet normal -0.89686 0 0.442314
    outer loop
      vertex 60.9923 2 28
      vertex 61.6866 10 29.4078
      vertex 60.9923 10 28
    endloop
  endfacet
  facet normal -0.89686 0 0.442314
    outer loop
      vertex 61.6866 10 29.4078
      vertex 60.9923 2 28
      vertex 61.6866 2 29.4078
    endloop
  endfacet
  facet normal 0.89686 0 -0.442314
    outer loop
      vertex 40.2077 2 40
      vertex 39.5134 10 38.5922
      vertex 40.2077 10 40
    endloop
  endfacet
  facet normal 0.89686 0 -0.442314
    outer loop
      vertex 39.5134 10 38.5922
      vertex 40.2077 2 40
      vertex 39.5134 2 38.5922
    endloop
  endfacet
  facet normal 0.946943 -0 0.321402
    outer loop
      vertex 39.0089 2 30.8942
      vertex 39.5134 10 29.4078
      vertex 39.0089 10 30.8942
    endloop
  endfacet
  facet normal 0.946943 0 0.321402
    outer loop
      vertex 39.5134 10 29.4078
      vertex 39.0089 2 30.8942
      vertex 39.5134 2 29.4078
    endloop
  endfacet
  facet normal 0.831452 0 -0.555597
    outer loop
      vertex 41.0798 2 41.3051
      vertex 40.2077 10 40
      vertex 41.0798 10 41.3051
    endloop
  endfacet
  facet normal 0.831452 0 -0.555597
    outer loop
      vertex 40.2077 10 40
      vertex 41.0798 2 41.3051
      vertex 40.2077 2 40
    endloop
  endfacet
  facet normal 0.751874 0 -0.659307
    outer loop
      vertex 42.1147 2 42.4853
      vertex 41.0798 10 41.3051
      vertex 42.1147 10 42.4853
    endloop
  endfacet
  facet normal 0.751874 0 -0.659307
    outer loop
      vertex 41.0798 10 41.3051
      vertex 42.1147 2 42.4853
      vertex 41.0798 2 41.3051
    endloop
  endfacet
  facet normal 0.997857 -0 0.065428
    outer loop
      vertex 38.6 117 34
      vertex 38.7027 125 32.4337
      vertex 38.6 125 34
    endloop
  endfacet
  facet normal 0.997857 0 0.065428
    outer loop
      vertex 38.7027 125 32.4337
      vertex 38.6 117 34
      vertex 38.7027 117 32.4337
    endloop
  endfacet
  facet normal -0.980788 0 -0.195075
    outer loop
      vertex 62.4973 117 35.5663
      vertex 62.1911 125 37.1058
      vertex 62.4973 125 35.5663
    endloop
  endfacet
  facet normal -0.980788 -0 -0.195075
    outer loop
      vertex 62.1911 125 37.1058
      vertex 62.4973 117 35.5663
      vertex 62.1911 117 37.1058
    endloop
  endfacet
  facet normal -0.997857 0 -0.065428
    outer loop
      vertex 62.6 117 34
      vertex 62.4973 125 35.5663
      vertex 62.6 125 34
    endloop
  endfacet
  facet normal -0.997857 -0 -0.065428
    outer loop
      vertex 62.4973 125 35.5663
      vertex 62.6 117 34
      vertex 62.4973 117 35.5663
    endloop
  endfacet
  facet normal -0.89686 0 -0.442314
    outer loop
      vertex 61.6866 117 38.5922
      vertex 60.9923 125 40
      vertex 61.6866 125 38.5922
    endloop
  endfacet
  facet normal -0.89686 -0 -0.442314
    outer loop
      vertex 60.9923 125 40
      vertex 61.6866 117 38.5922
      vertex 60.9923 117 40
    endloop
  endfacet
  facet normal -0.659307 0 -0.751874
    outer loop
      vertex 57.9051 117 43.5202
      vertex 59.0853 125 42.4853
      vertex 59.0853 117 42.4853
    endloop
  endfacet
  facet normal -0.659307 0 -0.751874
    outer loop
      vertex 59.0853 125 42.4853
      vertex 57.9051 117 43.5202
      vertex 57.9051 125 43.5202
    endloop
  endfacet
  facet normal 0.065428 0 0.997857
    outer loop
      vertex 49.0337 125 22.1027
      vertex 50.6 117 22
      vertex 50.6 125 22
    endloop
  endfacet
  facet normal 0.065428 0 0.997857
    outer loop
      vertex 50.6 117 22
      vertex 49.0337 125 22.1027
      vertex 49.0337 117 22.1027
    endloop
  endfacet
  facet normal -0.946943 0 0.321402
    outer loop
      vertex 61.6866 117 29.4078
      vertex 62.1911 125 30.8942
      vertex 61.6866 125 29.4078
    endloop
  endfacet
  facet normal -0.946943 0 0.321402
    outer loop
      vertex 62.1911 125 30.8942
      vertex 61.6866 117 29.4078
      vertex 62.1911 117 30.8942
    endloop
  endfacet
  facet normal -0.555597 0 0.831452
    outer loop
      vertex 56.6 125 23.6077
      vertex 57.9051 117 24.4798
      vertex 57.9051 125 24.4798
    endloop
  endfacet
  facet normal -0.555597 0 0.831452
    outer loop
      vertex 57.9051 117 24.4798
      vertex 56.6 125 23.6077
      vertex 56.6 117 23.6077
    endloop
  endfacet
  facet normal 0.442314 0 0.89686
    outer loop
      vertex 44.6 125 23.6077
      vertex 46.0078 117 22.9134
      vertex 46.0078 125 22.9134
    endloop
  endfacet
  facet normal 0.442314 0 0.89686
    outer loop
      vertex 46.0078 117 22.9134
      vertex 44.6 125 23.6077
      vertex 44.6 117 23.6077
    endloop
  endfacet
  facet normal 0.980788 0 -0.195075
    outer loop
      vertex 39.0089 117 37.1058
      vertex 38.7027 125 35.5663
      vertex 39.0089 125 37.1058
    endloop
  endfacet
  facet normal 0.980788 0 -0.195075
    outer loop
      vertex 38.7027 125 35.5663
      vertex 39.0089 117 37.1058
      vertex 38.7027 117 35.5663
    endloop
  endfacet
  facet normal 0.751874 -0 0.659307
    outer loop
      vertex 41.0798 117 26.6949
      vertex 42.1147 125 25.5147
      vertex 41.0798 125 26.6949
    endloop
  endfacet
  facet normal 0.751874 0 0.659307
    outer loop
      vertex 42.1147 125 25.5147
      vertex 41.0798 117 26.6949
      vertex 42.1147 117 25.5147
    endloop
  endfacet
  facet normal -0.831452 0 -0.555597
    outer loop
      vertex 60.9923 117 40
      vertex 60.1202 125 41.3051
      vertex 60.9923 125 40
    endloop
  endfacet
  facet normal -0.831452 -0 -0.555597
    outer loop
      vertex 60.1202 125 41.3051
      vertex 60.9923 117 40
      vertex 60.1202 117 41.3051
    endloop
  endfacet
  facet normal 0.065428 0 -0.997857
    outer loop
      vertex 49.0337 117 45.8973
      vertex 50.6 125 46
      vertex 50.6 117 46
    endloop
  endfacet
  facet normal 0.065428 0 -0.997857
    outer loop
      vertex 50.6 125 46
      vertex 49.0337 117 45.8973
      vertex 49.0337 125 45.8973
    endloop
  endfacet
  facet normal -0.946943 0 -0.321402
    outer loop
      vertex 62.1911 117 37.1058
      vertex 61.6866 125 38.5922
      vertex 62.1911 125 37.1058
    endloop
  endfacet
  facet normal -0.946943 -0 -0.321402
    outer loop
      vertex 61.6866 125 38.5922
      vertex 62.1911 117 37.1058
      vertex 61.6866 117 38.5922
    endloop
  endfacet
  facet normal -0.442314 0 0.89686
    outer loop
      vertex 55.1922 125 22.9134
      vertex 56.6 117 23.6077
      vertex 56.6 125 23.6077
    endloop
  endfacet
  facet normal -0.442314 0 0.89686
    outer loop
      vertex 56.6 117 23.6077
      vertex 55.1922 125 22.9134
      vertex 55.1922 117 22.9134
    endloop
  endfacet
  facet normal -0.195075 0 0.980788
    outer loop
      vertex 52.1663 125 22.1027
      vertex 53.7058 117 22.4089
      vertex 53.7058 125 22.4089
    endloop
  endfacet
  facet normal -0.195075 0 0.980788
    outer loop
      vertex 53.7058 117 22.4089
      vertex 52.1663 125 22.1027
      vertex 52.1663 117 22.1027
    endloop
  endfacet
  facet normal -0.555597 0 -0.831452
    outer loop
      vertex 56.6 117 44.3923
      vertex 57.9051 125 43.5202
      vertex 57.9051 117 43.5202
    endloop
  endfacet
  facet normal -0.555597 0 -0.831452
    outer loop
      vertex 57.9051 125 43.5202
      vertex 56.6 117 44.3923
      vertex 56.6 125 44.3923
    endloop
  endfacet
  facet normal -0.751874 0 0.659307
    outer loop
      vertex 59.0853 117 25.5147
      vertex 60.1202 125 26.6949
      vertex 59.0853 125 25.5147
    endloop
  endfacet
  facet normal -0.751874 0 0.659307
    outer loop
      vertex 60.1202 125 26.6949
      vertex 59.0853 117 25.5147
      vertex 60.1202 117 26.6949
    endloop
  endfacet
  facet normal 0.195075 0 -0.980788
    outer loop
      vertex 47.4942 117 45.5911
      vertex 49.0337 125 45.8973
      vertex 49.0337 117 45.8973
    endloop
  endfacet
  facet normal 0.195075 0 -0.980788
    outer loop
      vertex 49.0337 125 45.8973
      vertex 47.4942 117 45.5911
      vertex 47.4942 125 45.5911
    endloop
  endfacet
  facet normal 0.659307 0 0.751874
    outer loop
      vertex 42.1147 125 25.5147
      vertex 43.2949 117 24.4798
      vertex 43.2949 125 24.4798
    endloop
  endfacet
  facet normal 0.659307 0 0.751874
    outer loop
      vertex 43.2949 117 24.4798
      vertex 42.1147 125 25.5147
      vertex 42.1147 117 25.5147
    endloop
  endfacet
  facet normal 0.997857 0 -0.065428
    outer loop
      vertex 38.7027 117 35.5663
      vertex 38.6 125 34
      vertex 38.7027 125 35.5663
    endloop
  endfacet
  facet normal 0.997857 0 -0.065428
    outer loop
      vertex 38.6 125 34
      vertex 38.7027 117 35.5663
      vertex 38.6 117 34
    endloop
  endfacet
  facet normal 0.195075 0 0.980788
    outer loop
      vertex 47.4942 125 22.4089
      vertex 49.0337 117 22.1027
      vertex 49.0337 125 22.1027
    endloop
  endfacet
  facet normal 0.195075 0 0.980788
    outer loop
      vertex 49.0337 117 22.1027
      vertex 47.4942 125 22.4089
      vertex 47.4942 117 22.4089
    endloop
  endfacet
  facet normal 0.555597 0 0.831452
    outer loop
      vertex 43.2949 125 24.4798
      vertex 44.6 117 23.6077
      vertex 44.6 125 23.6077
    endloop
  endfacet
  facet normal 0.555597 0 0.831452
    outer loop
      vertex 44.6 117 23.6077
      vertex 43.2949 125 24.4798
      vertex 43.2949 117 24.4798
    endloop
  endfacet
  facet normal -0.997857 0 0.065428
    outer loop
      vertex 62.4973 117 32.4337
      vertex 62.6 125 34
      vertex 62.4973 125 32.4337
    endloop
  endfacet
  facet normal -0.997857 0 0.065428
    outer loop
      vertex 62.6 125 34
      vertex 62.4973 117 32.4337
      vertex 62.6 117 34
    endloop
  endfacet
  facet normal -0.321402 0 0.946943
    outer loop
      vertex 53.7058 125 22.4089
      vertex 55.1922 117 22.9134
      vertex 55.1922 125 22.9134
    endloop
  endfacet
  facet normal -0.321402 0 0.946943
    outer loop
      vertex 55.1922 117 22.9134
      vertex 53.7058 125 22.4089
      vertex 53.7058 117 22.4089
    endloop
  endfacet
  facet normal 0.442314 0 -0.89686
    outer loop
      vertex 44.6 117 44.3923
      vertex 46.0078 125 45.0866
      vertex 46.0078 117 45.0866
    endloop
  endfacet
  facet normal 0.442314 0 -0.89686
    outer loop
      vertex 46.0078 125 45.0866
      vertex 44.6 117 44.3923
      vertex 44.6 125 44.3923
    endloop
  endfacet
  facet normal -0.442314 0 -0.89686
    outer loop
      vertex 55.1922 117 45.0866
      vertex 56.6 125 44.3923
      vertex 56.6 117 44.3923
    endloop
  endfacet
  facet normal -0.442314 0 -0.89686
    outer loop
      vertex 56.6 125 44.3923
      vertex 55.1922 117 45.0866
      vertex 55.1922 125 45.0866
    endloop
  endfacet
  facet normal -0.659307 0 0.751874
    outer loop
      vertex 57.9051 125 24.4798
      vertex 59.0853 117 25.5147
      vertex 59.0853 125 25.5147
    endloop
  endfacet
  facet normal -0.659307 0 0.751874
    outer loop
      vertex 59.0853 117 25.5147
      vertex 57.9051 125 24.4798
      vertex 57.9051 117 24.4798
    endloop
  endfacet
  facet normal 0.946943 0 -0.321402
    outer loop
      vertex 39.5134 117 38.5922
      vertex 39.0089 125 37.1058
      vertex 39.5134 125 38.5922
    endloop
  endfacet
  facet normal 0.946943 0 -0.321402
    outer loop
      vertex 39.0089 125 37.1058
      vertex 39.5134 117 38.5922
      vertex 39.0089 117 37.1058
    endloop
  endfacet
  facet normal 0.89686 -0 0.442314
    outer loop
      vertex 39.5134 117 29.4078
      vertex 40.2077 125 28
      vertex 39.5134 125 29.4078
    endloop
  endfacet
  facet normal 0.89686 0 0.442314
    outer loop
      vertex 40.2077 125 28
      vertex 39.5134 117 29.4078
      vertex 40.2077 117 28
    endloop
  endfacet
  facet normal -0.980788 0 0.195075
    outer loop
      vertex 62.1911 117 30.8942
      vertex 62.4973 125 32.4337
      vertex 62.1911 125 30.8942
    endloop
  endfacet
  facet normal -0.980788 0 0.195075
    outer loop
      vertex 62.4973 125 32.4337
      vertex 62.1911 117 30.8942
      vertex 62.4973 117 32.4337
    endloop
  endfacet
  facet normal 0.321402 0 -0.946943
    outer loop
      vertex 46.0078 117 45.0866
      vertex 47.4942 125 45.5911
      vertex 47.4942 117 45.5911
    endloop
  endfacet
  facet normal 0.321402 0 -0.946943
    outer loop
      vertex 47.4942 125 45.5911
      vertex 46.0078 117 45.0866
      vertex 46.0078 125 45.0866
    endloop
  endfacet
  facet normal -0.065428 0 0.997857
    outer loop
      vertex 50.6 125 22
      vertex 52.1663 117 22.1027
      vertex 52.1663 125 22.1027
    endloop
  endfacet
  facet normal -0.065428 0 0.997857
    outer loop
      vertex 52.1663 117 22.1027
      vertex 50.6 125 22
      vertex 50.6 117 22
    endloop
  endfacet
  facet normal 0 1 0
    outer loop
      vertex 52.1663 117 45.8973
      vertex 49.0337 117 45.8973
      vertex 50.6 117 46
    endloop
  endfacet
  facet normal 0 1 0
    outer loop
      vertex 53.7058 117 45.5911
      vertex 49.0337 117 45.8973
      vertex 52.1663 117 45.8973
    endloop
  endfacet
  facet normal 0 1 0
    outer loop
      vertex 53.7058 117 45.5911
      vertex 47.4942 117 45.5911
      vertex 49.0337 117 45.8973
    endloop
  endfacet
  facet normal 0 1 0
    outer loop
      vertex 55.1922 117 45.0866
      vertex 47.4942 117 45.5911
      vertex 53.7058 117 45.5911
    endloop
  endfacet
  facet normal 0 1 0
    outer loop
      vertex 55.1922 117 45.0866
      vertex 46.0078 117 45.0866
      vertex 47.4942 117 45.5911
    endloop
  endfacet
  facet normal 0 1 0
    outer loop
      vertex 56.6 117 44.3923
      vertex 46.0078 117 45.0866
      vertex 55.1922 117 45.0866
    endloop
  endfacet
  facet normal 0 1 0
    outer loop
      vertex 56.6 117 44.3923
      vertex 44.6 117 44.3923
      vertex 46.0078 117 45.0866
    endloop
  endfacet
  facet normal 0 1 0
    outer loop
      vertex 57.9051 117 43.5202
      vertex 44.6 117 44.3923
      vertex 56.6 117 44.3923
    endloop
  endfacet
  facet normal 0 1 0
    outer loop
      vertex 57.9051 117 43.5202
      vertex 43.2949 117 43.5202
      vertex 44.6 117 44.3923
    endloop
  endfacet
  facet normal 0 1 0
    outer loop
      vertex 59.0853 117 42.4853
      vertex 43.2949 117 43.5202
      vertex 57.9051 117 43.5202
    endloop
  endfacet
  facet normal 0 1 0
    outer loop
      vertex 59.0853 117 42.4853
      vertex 42.1147 117 42.4853
      vertex 43.2949 117 43.5202
    endloop
  endfacet
  facet normal 0 1 0
    outer loop
      vertex 60.1202 117 41.3051
      vertex 42.1147 117 42.4853
      vertex 59.0853 117 42.4853
    endloop
  endfacet
  facet normal 0 1 0
    outer loop
      vertex 60.1202 117 41.3051
      vertex 41.0798 117 41.3051
      vertex 42.1147 117 42.4853
    endloop
  endfacet
  facet normal 0 1 0
    outer loop
      vertex 60.9923 117 40
      vertex 41.0798 117 41.3051
      vertex 60.1202 117 41.3051
    endloop
  endfacet
  facet normal 0 1 0
    outer loop
      vertex 60.9923 117 40
      vertex 40.2077 117 40
      vertex 41.0798 117 41.3051
    endloop
  endfacet
  facet normal 0 1 0
    outer loop
      vertex 61.6866 117 38.5922
      vertex 40.2077 117 40
      vertex 60.9923 117 40
    endloop
  endfacet
  facet normal 0 1 0
    outer loop
      vertex 61.6866 117 38.5922
      vertex 39.5134 117 38.5922
      vertex 40.2077 117 40
    endloop
  endfacet
  facet normal 0 1 0
    outer loop
      vertex 62.1911 117 37.1058
      vertex 39.5134 117 38.5922
      vertex 61.6866 117 38.5922
    endloop
  endfacet
  facet normal 0 1 0
    outer loop
      vertex 62.1911 117 37.1058
      vertex 39.0089 117 37.1058
      vertex 39.5134 117 38.5922
    endloop
  endfacet
  facet normal 0 1 0
    outer loop
      vertex 62.4973 117 35.5663
      vertex 39.0089 117 37.1058
      vertex 62.1911 117 37.1058
    endloop
  endfacet
  facet normal 0 1 0
    outer loop
      vertex 62.4973 117 35.5663
      vertex 38.7027 117 35.5663
      vertex 39.0089 117 37.1058
    endloop
  endfacet
  facet normal 0 1 0
    outer loop
      vertex 62.6 117 34
      vertex 38.7027 117 35.5663
      vertex 62.4973 117 35.5663
    endloop
  endfacet
  facet normal 0 1 0
    outer loop
      vertex 62.6 117 34
      vertex 38.6 117 34
      vertex 38.7027 117 35.5663
    endloop
  endfacet
  facet normal 0 1 -0
    outer loop
      vertex 62.4973 117 32.4337
      vertex 38.6 117 34
      vertex 62.6 117 34
    endloop
  endfacet
  facet normal 0 1 0
    outer loop
      vertex 62.4973 117 32.4337
      vertex 38.7027 117 32.4337
      vertex 38.6 117 34
    endloop
  endfacet
  facet normal 0 1 -0
    outer loop
      vertex 62.1911 117 30.8942
      vertex 38.7027 117 32.4337
      vertex 62.4973 117 32.4337
    endloop
  endfacet
  facet normal 0 1 0
    outer loop
      vertex 62.1911 117 30.8942
      vertex 39.0089 117 30.8942
      vertex 38.7027 117 32.4337
    endloop
  endfacet
  facet normal 0 1 -0
    outer loop
      vertex 61.6866 117 29.4078
      vertex 39.0089 117 30.8942
      vertex 62.1911 117 30.8942
    endloop
  endfacet
  facet normal 0 1 0
    outer loop
      vertex 61.6866 117 29.4078
      vertex 39.5134 117 29.4078
      vertex 39.0089 117 30.8942
    endloop
  endfacet
  facet normal 0 1 -0
    outer loop
      vertex 60.9923 117 28
      vertex 39.5134 117 29.4078
      vertex 61.6866 117 29.4078
    endloop
  endfacet
  facet normal 0 1 0
    outer loop
      vertex 60.9923 117 28
      vertex 40.2077 117 28
      vertex 39.5134 117 29.4078
    endloop
  endfacet
  facet normal 0 1 -0
    outer loop
      vertex 60.1202 117 26.6949
      vertex 40.2077 117 28
      vertex 60.9923 117 28
    endloop
  endfacet
  facet normal 0 1 0
    outer loop
      vertex 60.1202 117 26.6949
      vertex 41.0798 117 26.6949
      vertex 40.2077 117 28
    endloop
  endfacet
  facet normal 0 1 -0
    outer loop
      vertex 59.0853 117 25.5147
      vertex 41.0798 117 26.6949
      vertex 60.1202 117 26.6949
    endloop
  endfacet
  facet normal 0 1 0
    outer loop
      vertex 59.0853 117 25.5147
      vertex 42.1147 117 25.5147
      vertex 41.0798 117 26.6949
    endloop
  endfacet
  facet normal 0 1 -0
    outer loop
      vertex 57.9051 117 24.4798
      vertex 42.1147 117 25.5147
      vertex 59.0853 117 25.5147
    endloop
  endfacet
  facet normal 0 1 0
    outer loop
      vertex 57.9051 117 24.4798
      vertex 43.2949 117 24.4798
      vertex 42.1147 117 25.5147
    endloop
  endfacet
  facet normal 0 1 -0
    outer loop
      vertex 56.6 117 23.6077
      vertex 43.2949 117 24.4798
      vertex 57.9051 117 24.4798
    endloop
  endfacet
  facet normal 0 1 0
    outer loop
      vertex 56.6 117 23.6077
      vertex 44.6 117 23.6077
      vertex 43.2949 117 24.4798
    endloop
  endfacet
  facet normal 0 1 -0
    outer loop
      vertex 55.1922 117 22.9134
      vertex 44.6 117 23.6077
      vertex 56.6 117 23.6077
    endloop
  endfacet
  facet normal 0 1 0
    outer loop
      vertex 55.1922 117 22.9134
      vertex 46.0078 117 22.9134
      vertex 44.6 117 23.6077
    endloop
  endfacet
  facet normal 0 1 -0
    outer loop
      vertex 53.7058 117 22.4089
      vertex 46.0078 117 22.9134
      vertex 55.1922 117 22.9134
    endloop
  endfacet
  facet normal 0 1 0
    outer loop
      vertex 53.7058 117 22.4089
      vertex 47.4942 117 22.4089
      vertex 46.0078 117 22.9134
    endloop
  endfacet
  facet normal 0 1 -0
    outer loop
      vertex 52.1663 117 22.1027
      vertex 47.4942 117 22.4089
      vertex 53.7058 117 22.4089
    endloop
  endfacet
  facet normal 0 1 0
    outer loop
      vertex 52.1663 117 22.1027
      vertex 49.0337 117 22.1027
      vertex 47.4942 117 22.4089
    endloop
  endfacet
  facet normal -0 1 0
    outer loop
      vertex 49.0337 117 22.1027
      vertex 52.1663 117 22.1027
      vertex 50.6 117 22
    endloop
  endfacet
  facet normal 0.555597 0 -0.831452
    outer loop
      vertex 43.2949 117 43.5202
      vertex 44.6 125 44.3923
      vertex 44.6 117 44.3923
    endloop
  endfacet
  facet normal 0.555597 0 -0.831452
    outer loop
      vertex 44.6 125 44.3923
      vertex 43.2949 117 43.5202
      vertex 43.2949 125 43.5202
    endloop
  endfacet
  facet normal 0 -1 0
    outer loop
      vertex 49.0337 125 45.8973
      vertex 52.1663 125 45.8973
      vertex 50.6 125 46
    endloop
  endfacet
  facet normal 0 -1 0
    outer loop
      vertex 47.4942 125 45.5911
      vertex 52.1663 125 45.8973
      vertex 49.0337 125 45.8973
    endloop
  endfacet
  facet normal 0 -1 0
    outer loop
      vertex 47.4942 125 45.5911
      vertex 53.7058 125 45.5911
      vertex 52.1663 125 45.8973
    endloop
  endfacet
  facet normal 0 -1 0
    outer loop
      vertex 46.0078 125 45.0866
      vertex 53.7058 125 45.5911
      vertex 47.4942 125 45.5911
    endloop
  endfacet
  facet normal 0 -1 0
    outer loop
      vertex 46.0078 125 45.0866
      vertex 55.1922 125 45.0866
      vertex 53.7058 125 45.5911
    endloop
  endfacet
  facet normal 0 -1 0
    outer loop
      vertex 44.6 125 44.3923
      vertex 55.1922 125 45.0866
      vertex 46.0078 125 45.0866
    endloop
  endfacet
  facet normal 0 -1 0
    outer loop
      vertex 44.6 125 44.3923
      vertex 56.6 125 44.3923
      vertex 55.1922 125 45.0866
    endloop
  endfacet
  facet normal 0 -1 0
    outer loop
      vertex 43.2949 125 43.5202
      vertex 56.6 125 44.3923
      vertex 44.6 125 44.3923
    endloop
  endfacet
  facet normal 0 -1 0
    outer loop
      vertex 43.2949 125 43.5202
      vertex 57.9051 125 43.5202
      vertex 56.6 125 44.3923
    endloop
  endfacet
  facet normal 0 -1 0
    outer loop
      vertex 42.1147 125 42.4853
      vertex 57.9051 125 43.5202
      vertex 43.2949 125 43.5202
    endloop
  endfacet
  facet normal 0 -1 0
    outer loop
      vertex 42.1147 125 42.4853
      vertex 59.0853 125 42.4853
      vertex 57.9051 125 43.5202
    endloop
  endfacet
  facet normal 0 -1 0
    outer loop
      vertex 41.0798 125 41.3051
      vertex 59.0853 125 42.4853
      vertex 42.1147 125 42.4853
    endloop
  endfacet
  facet normal 0 -1 0
    outer loop
      vertex 41.0798 125 41.3051
      vertex 60.1202 125 41.3051
      vertex 59.0853 125 42.4853
    endloop
  endfacet
  facet normal 0 -1 0
    outer loop
      vertex 40.2077 125 40
      vertex 60.1202 125 41.3051
      vertex 41.0798 125 41.3051
    endloop
  endfacet
  facet normal 0 -1 0
    outer loop
      vertex 40.2077 125 40
      vertex 60.9923 125 40
      vertex 60.1202 125 41.3051
    endloop
  endfacet
  facet normal 0 -1 0
    outer loop
      vertex 39.5134 125 38.5922
      vertex 60.9923 125 40
      vertex 40.2077 125 40
    endloop
  endfacet
  facet normal 0 -1 0
    outer loop
      vertex 39.5134 125 38.5922
      vertex 61.6866 125 38.5922
      vertex 60.9923 125 40
    endloop
  endfacet
  facet normal 0 -1 0
    outer loop
      vertex 39.0089 125 37.1058
      vertex 61.6866 125 38.5922
      vertex 39.5134 125 38.5922
    endloop
  endfacet
  facet normal 0 -1 0
    outer loop
      vertex 39.0089 125 37.1058
      vertex 62.1911 125 37.1058
      vertex 61.6866 125 38.5922
    endloop
  endfacet
  facet normal 0 -1 0
    outer loop
      vertex 38.7027 125 35.5663
      vertex 62.1911 125 37.1058
      vertex 39.0089 125 37.1058
    endloop
  endfacet
  facet normal 0 -1 0
    outer loop
      vertex 38.7027 125 35.5663
      vertex 62.4973 125 35.5663
      vertex 62.1911 125 37.1058
    endloop
  endfacet
  facet normal 0 -1 0
    outer loop
      vertex 38.6 125 34
      vertex 62.4973 125 35.5663
      vertex 38.7027 125 35.5663
    endloop
  endfacet
  facet normal 0 -1 0
    outer loop
      vertex 38.6 125 34
      vertex 62.6 125 34
      vertex 62.4973 125 35.5663
    endloop
  endfacet
  facet normal 0 -1 0
    outer loop
      vertex 38.7027 125 32.4337
      vertex 62.6 125 34
      vertex 38.6 125 34
    endloop
  endfacet
  facet normal 0 -1 0
    outer loop
      vertex 38.7027 125 32.4337
      vertex 62.4973 125 32.4337
      vertex 62.6 125 34
    endloop
  endfacet
  facet normal 0 -1 0
    outer loop
      vertex 39.0089 125 30.8942
      vertex 62.4973 125 32.4337
      vertex 38.7027 125 32.4337
    endloop
  endfacet
  facet normal 0 -1 0
    outer loop
      vertex 39.0089 125 30.8942
      vertex 62.1911 125 30.8942
      vertex 62.4973 125 32.4337
    endloop
  endfacet
  facet normal 0 -1 0
    outer loop
      vertex 39.5134 125 29.4078
      vertex 62.1911 125 30.8942
      vertex 39.0089 125 30.8942
    endloop
  endfacet
  facet normal 0 -1 0
    outer loop
      vertex 39.5134 125 29.4078
      vertex 61.6866 125 29.4078
      vertex 62.1911 125 30.8942
    endloop
  endfacet
  facet normal 0 -1 0
    outer loop
      vertex 40.2077 125 28
      vertex 61.6866 125 29.4078
      vertex 39.5134 125 29.4078
    endloop
  endfacet
  facet normal 0 -1 0
    outer loop
      vertex 40.2077 125 28
      vertex 60.9923 125 28
      vertex 61.6866 125 29.4078
    endloop
  endfacet
  facet normal 0 -1 0
    outer loop
      vertex 41.0798 125 26.6949
      vertex 60.9923 125 28
      vertex 40.2077 125 28
    endloop
  endfacet
  facet normal 0 -1 0
    outer loop
      vertex 41.0798 125 26.6949
      vertex 60.1202 125 26.6949
      vertex 60.9923 125 28
    endloop
  endfacet
  facet normal 0 -1 0
    outer loop
      vertex 42.1147 125 25.5147
      vertex 60.1202 125 26.6949
      vertex 41.0798 125 26.6949
    endloop
  endfacet
  facet normal 0 -1 0
    outer loop
      vertex 42.1147 125 25.5147
      vertex 59.0853 125 25.5147
      vertex 60.1202 125 26.6949
    endloop
  endfacet
  facet normal 0 -1 0
    outer loop
      vertex 43.2949 125 24.4798
      vertex 59.0853 125 25.5147
      vertex 42.1147 125 25.5147
    endloop
  endfacet
  facet normal 0 -1 0
    outer loop
      vertex 43.2949 125 24.4798
      vertex 57.9051 125 24.4798
      vertex 59.0853 125 25.5147
    endloop
  endfacet
  facet normal 0 -1 0
    outer loop
      vertex 44.6 125 23.6077
      vertex 57.9051 125 24.4798
      vertex 43.2949 125 24.4798
    endloop
  endfacet
  facet normal 0 -1 0
    outer loop
      vertex 44.6 125 23.6077
      vertex 56.6 125 23.6077
      vertex 57.9051 125 24.4798
    endloop
  endfacet
  facet normal 0 -1 0
    outer loop
      vertex 46.0078 125 22.9134
      vertex 56.6 125 23.6077
      vertex 44.6 125 23.6077
    endloop
  endfacet
  facet normal 0 -1 0
    outer loop
      vertex 46.0078 125 22.9134
      vertex 55.1922 125 22.9134
      vertex 56.6 125 23.6077
    endloop
  endfacet
  facet normal 0 -1 0
    outer loop
      vertex 47.4942 125 22.4089
      vertex 55.1922 125 22.9134
      vertex 46.0078 125 22.9134
    endloop
  endfacet
  facet normal 0 -1 0
    outer loop
      vertex 47.4942 125 22.4089
      vertex 53.7058 125 22.4089
      vertex 55.1922 125 22.9134
    endloop
  endfacet
  facet normal 0 -1 0
    outer loop
      vertex 49.0337 125 22.1027
      vertex 53.7058 125 22.4089
      vertex 47.4942 125 22.4089
    endloop
  endfacet
  facet normal 0 -1 0
    outer loop
      vertex 49.0337 125 22.1027
      vertex 52.1663 125 22.1027
      vertex 53.7058 125 22.4089
    endloop
  endfacet
  facet normal -0 -1 0
    outer loop
      vertex 52.1663 125 22.1027
      vertex 49.0337 125 22.1027
      vertex 50.6 125 22
    endloop
  endfacet
  facet normal -0.831452 0 0.555597
    outer loop
      vertex 60.1202 117 26.6949
      vertex 60.9923 125 28
      vertex 60.1202 125 26.6949
    endloop
  endfacet
  facet normal -0.831452 0 0.555597
    outer loop
      vertex 60.9923 125 28
      vertex 60.1202 117 26.6949
      vertex 60.9923 117 28
    endloop
  endfacet
  facet normal 0.659307 0 -0.751874
    outer loop
      vertex 42.1147 117 42.4853
      vertex 43.2949 125 43.5202
      vertex 43.2949 117 43.5202
    endloop
  endfacet
  facet normal 0.659307 0 -0.751874
    outer loop
      vertex 43.2949 125 43.5202
      vertex 42.1147 117 42.4853
      vertex 42.1147 125 42.4853
    endloop
  endfacet
  facet normal 0.321402 0 0.946943
    outer loop
      vertex 46.0078 125 22.9134
      vertex 47.4942 117 22.4089
      vertex 47.4942 125 22.4089
    endloop
  endfacet
  facet normal 0.321402 0 0.946943
    outer loop
      vertex 47.4942 117 22.4089
      vertex 46.0078 125 22.9134
      vertex 46.0078 117 22.9134
    endloop
  endfacet
  facet normal 0.980788 -0 0.195075
    outer loop
      vertex 38.7027 117 32.4337
      vertex 39.0089 125 30.8942
      vertex 38.7027 125 32.4337
    endloop
  endfacet
  facet normal 0.980788 0 0.195075
    outer loop
      vertex 39.0089 125 30.8942
      vertex 38.7027 117 32.4337
      vertex 39.0089 117 30.8942
    endloop
  endfacet
  facet normal -0.195075 0 -0.980788
    outer loop
      vertex 52.1663 117 45.8973
      vertex 53.7058 125 45.5911
      vertex 53.7058 117 45.5911
    endloop
  endfacet
  facet normal -0.195075 0 -0.980788
    outer loop
      vertex 53.7058 125 45.5911
      vertex 52.1663 117 45.8973
      vertex 52.1663 125 45.8973
    endloop
  endfacet
  facet normal -0.065428 0 -0.997857
    outer loop
      vertex 50.6 117 46
      vertex 52.1663 125 45.8973
      vertex 52.1663 117 45.8973
    endloop
  endfacet
  facet normal -0.065428 0 -0.997857
    outer loop
      vertex 52.1663 125 45.8973
      vertex 50.6 117 46
      vertex 50.6 125 46
    endloop
  endfacet
  facet normal -0.321402 0 -0.946943
    outer loop
      vertex 53.7058 117 45.5911
      vertex 55.1922 125 45.0866
      vertex 55.1922 117 45.0866
    endloop
  endfacet
  facet normal -0.321402 0 -0.946943
    outer loop
      vertex 55.1922 125 45.0866
      vertex 53.7058 117 45.5911
      vertex 53.7058 125 45.5911
    endloop
  endfacet
  facet normal 0.831452 -0 0.555597
    outer loop
      vertex 40.2077 117 28
      vertex 41.0798 125 26.6949
      vertex 40.2077 125 28
    endloop
  endfacet
  facet normal 0.831452 0 0.555597
    outer loop
      vertex 41.0798 125 26.6949
      vertex 40.2077 117 28
      vertex 41.0798 117 26.6949
    endloop
  endfacet
  facet normal -0.751874 0 -0.659307
    outer loop
      vertex 60.1202 117 41.3051
      vertex 59.0853 125 42.4853
      vertex 60.1202 125 41.3051
    endloop
  endfacet
  facet normal -0.751874 -0 -0.659307
    outer loop
      vertex 59.0853 125 42.4853
      vertex 60.1202 117 41.3051
      vertex 59.0853 117 42.4853
    endloop
  endfacet
  facet normal -0.89686 0 0.442314
    outer loop
      vertex 60.9923 117 28
      vertex 61.6866 125 29.4078
      vertex 60.9923 125 28
    endloop
  endfacet
  facet normal -0.89686 0 0.442314
    outer loop
      vertex 61.6866 125 29.4078
      vertex 60.9923 117 28
      vertex 61.6866 117 29.4078
    endloop
  endfacet
  facet normal 0.89686 0 -0.442314
    outer loop
      vertex 40.2077 117 40
      vertex 39.5134 125 38.5922
      vertex 40.2077 125 40
    endloop
  endfacet
  facet normal 0.89686 0 -0.442314
    outer loop
      vertex 39.5134 125 38.5922
      vertex 40.2077 117 40
      vertex 39.5134 117 38.5922
    endloop
  endfacet
  facet normal 0.946943 -0 0.321402
    outer loop
      vertex 39.0089 117 30.8942
      vertex 39.5134 125 29.4078
      vertex 39.0089 125 30.8942
    endloop
  endfacet
  facet normal 0.946943 0 0.321402
    outer loop
      vertex 39.5134 125 29.4078
      vertex 39.0089 117 30.8942
      vertex 39.5134 117 29.4078
    endloop
  endfacet
  facet normal 0.831452 0 -0.555597
    outer loop
      vertex 41.0798 117 41.3051
      vertex 40.2077 125 40
      vertex 41.0798 125 41.3051
    endloop
  endfacet
  facet normal 0.831452 0 -0.555597
    outer loop
      vertex 40.2077 125 40
      vertex 41.0798 117 41.3051
      vertex 40.2077 117 40
    endloop
  endfacet
  facet normal 0.751874 0 -0.659307
    outer loop
      vertex 42.1147 117 42.4853
      vertex 41.0798 125 41.3051
      vertex 42.1147 125 42.4853
    endloop
  endfacet
  facet normal 0.751874 0 -0.659307
    outer loop
      vertex 41.0798 125 41.3051
      vertex 42.1147 117 42.4853
      vertex 41.0798 117 41.3051
    endloop
  endfacet
  facet normal -0.896899 0.442236 0
    outer loop
      vertex 1.37017 123.888 0
      vertex 2.41154 126 68
      vertex 2.41154 126 0
    endloop
  endfacet
  facet normal -0.896899 0.442236 0
    outer loop
      vertex 2.41154 126 68
      vertex 1.37017 123.888 0
      vertex 1.37017 123.888 68
    endloop
  endfacet
  facet normal -0.321498 0.94691 0
    outer loop
      vertex 13.3413 134.387 0
      vertex 11.1117 133.63 68
      vertex 13.3413 134.387 68
    endloop
  endfacet
  facet normal -0.321498 0.94691 0
    outer loop
      vertex 11.1117 133.63 68
      vertex 13.3413 134.387 0
      vertex 11.1117 133.63 0
    endloop
  endfacet
  facet normal 0.997879 -0.065091 -5.99005e-05
    outer loop
      vertex 91.846 15.6505 0
      vertex 92 18 12.3878
      vertex 91.9931 17.8942 12.4089
    endloop
  endfacet
  facet normal 0.997856 -0.0654521 5.6737e-06
    outer loop
      vertex 91.846 15.6505 0
      vertex 91.9931 17.8942 12.4089
      vertex 91.8956 16.4078 12.9134
    endloop
  endfacet
  facet normal 0.997862 -0.0653558 0
    outer loop
      vertex 91.846 15.6505 0
      vertex 91.8956 16.4078 12.9134
      vertex 91.846 15.6505 13.2869
    endloop
  endfacet
  facet normal 0.997859 -0.0654055 0
    outer loop
      vertex 92 18 12.3878
      vertex 91.846 15.6505 0
      vertex 92 18 0
    endloop
  endfacet
  facet normal 0.997859 -0.0654055 0
    outer loop
      vertex 91.846 15.6505 68
      vertex 92 18 55.6122
      vertex 92 18 68
    endloop
  endfacet
  facet normal 0.997879 -0.065091 5.99005e-05
    outer loop
      vertex 92 18 55.6122
      vertex 91.846 15.6505 68
      vertex 91.9931 17.8942 55.5911
    endloop
  endfacet
  facet normal 0.997856 -0.0654521 -5.6737e-06
    outer loop
      vertex 91.9931 17.8942 55.5911
      vertex 91.846 15.6505 68
      vertex 91.8956 16.4078 55.0866
    endloop
  endfacet
  facet normal 0.997862 -0.0653558 0
    outer loop
      vertex 91.8956 16.4078 55.0866
      vertex 91.846 15.6505 68
      vertex 91.846 15.6505 54.7131
    endloop
  endfacet
  facet normal 0.83147 -0.55557 0
    outer loop
      vertex 88.2804 7.04229 68
      vertex 89.5885 9 44
      vertex 89.5885 9 68
    endloop
  endfacet
  facet normal 0.83147 -0.55557 0
    outer loop
      vertex 89.5885 9 44
      vertex 88.2804 7.04229 68
      vertex 89.5885 9 24
    endloop
  endfacet
  facet normal 0.83147 -0.55557 0
    outer loop
      vertex 88.2804 7.04229 0
      vertex 89.5885 9 24
      vertex 88.2804 7.04229 68
    endloop
  endfacet
  facet normal 0.83147 -0.55557 0
    outer loop
      vertex 89.5885 9 24
      vertex 88.2804 7.04229 0
      vertex 89.5885 9 0
    endloop
  endfacet
  facet normal 0.0654055 0.997859 -0
    outer loop
      vertex 76.3495 134.846 0
      vertex 74 135 68
      vertex 76.3495 134.846 68
    endloop
  endfacet
  facet normal 0.0654055 0.997859 0
    outer loop
      vertex 74 135 68
      vertex 76.3495 134.846 0
      vertex 74 135 0
    endloop
  endfacet
  facet normal 1 -0 0
    outer loop
      vertex 92 115.566 12.1027
      vertex 92 117 0
      vertex 92 117 12.3878
    endloop
  endfacet
  facet normal 1 -0 0
    outer loop
      vertex 92 114 12
      vertex 92 117 0
      vertex 92 115.566 12.1027
    endloop
  endfacet
  facet normal 1 -0 0
    outer loop
      vertex 92 21 12
      vertex 92 117 0
      vertex 92 114 12
    endloop
  endfacet
  facet normal 1 0 0
    outer loop
      vertex 92 18 0
      vertex 92 21 12
      vertex 92 19.4337 12.1027
    endloop
  endfacet
  facet normal 1 0 0
    outer loop
      vertex 92 21 12
      vertex 92 18 0
      vertex 92 117 0
    endloop
  endfacet
  facet normal 1 0 0
    outer loop
      vertex 92 18 0
      vertex 92 19.4337 12.1027
      vertex 92 18 12.3878
    endloop
  endfacet
  facet normal 1 0 0
    outer loop
      vertex 92 117 68
      vertex 92 115.566 55.8973
      vertex 92 117 55.6122
    endloop
  endfacet
  facet normal 1 0 0
    outer loop
      vertex 92 117 68
      vertex 92 114 56
      vertex 92 115.566 55.8973
    endloop
  endfacet
  facet normal 1 0 0
    outer loop
      vertex 92 117 68
      vertex 92 21 56
      vertex 92 114 56
    endloop
  endfacet
  facet normal 1 -0 0
    outer loop
      vertex 92 18 68
      vertex 92 21 56
      vertex 92 117 68
    endloop
  endfacet
  facet normal 1 0 0
    outer loop
      vertex 92 21 56
      vertex 92 18 68
      vertex 92 19.4337 55.8973
    endloop
  endfacet
  facet normal 1 0 0
    outer loop
      vertex 92 19.4337 55.8973
      vertex 92 18 68
      vertex 92 18 55.6122
    endloop
  endfacet
  facet normal -0.0654021 -0.997859 0
    outer loop
      vertex 15.6505 0.153992 0
      vertex 18 0 68
      vertex 15.6505 0.153992 68
    endloop
  endfacet
  facet normal -0.0654021 -0.997859 -0
    outer loop
      vertex 18 0 68
      vertex 15.6505 0.153992 0
      vertex 18 0 0
    endloop
  endfacet
  facet normal -0.831508 0.555513 0
    outer loop
      vertex 2.41154 126 0
      vertex 3.71964 127.958 68
      vertex 3.71964 127.958 0
    endloop
  endfacet
  facet normal -0.831508 0.555513 0
    outer loop
      vertex 3.71964 127.958 68
      vertex 2.41154 126 0
      vertex 2.41154 126 68
    endloop
  endfacet
  facet normal 0.897542 0.440929 0
    outer loop
      vertex 89.5885 126 68
      vertex 89.6391 125.897 45.5663
      vertex 89.5885 126 44
    endloop
  endfacet
  facet normal 0.896777 0.442483 -8.86143e-06
    outer loop
      vertex 89.5885 126 68
      vertex 89.7901 125.591 47.1058
      vertex 89.6391 125.897 45.5663
    endloop
  endfacet
  facet normal 0.896707 0.442624 -1.23011e-05
    outer loop
      vertex 89.5885 126 68
      vertex 90.0389 125.087 48.5922
      vertex 89.7901 125.591 47.1058
    endloop
  endfacet
  facet normal 0.897024 0.441981 2.5307e-05
    outer loop
      vertex 89.5885 126 68
      vertex 90.3813 124.392 50
      vertex 90.0389 125.087 48.5922
    endloop
  endfacet
  facet normal 0.89691 0.442212 -0
    outer loop
      vertex 90.6298 123.888 50.7543
      vertex 89.5885 126 68
      vertex 90.6298 123.888 68
    endloop
  endfacet
  facet normal 0.896906 0.442222 -1.46506e-06
    outer loop
      vertex 89.5885 126 68
      vertex 90.6298 123.888 50.7543
      vertex 90.3813 124.392 50
    endloop
  endfacet
  facet normal 0.897542 0.440929 0
    outer loop
      vertex 89.6391 125.897 22.4337
      vertex 89.5885 126 0
      vertex 89.5885 126 24
    endloop
  endfacet
  facet normal 0.896777 0.442483 8.86143e-06
    outer loop
      vertex 89.7901 125.591 20.8942
      vertex 89.5885 126 0
      vertex 89.6391 125.897 22.4337
    endloop
  endfacet
  facet normal 0.896707 0.442624 1.23011e-05
    outer loop
      vertex 90.0389 125.087 19.4078
      vertex 89.5885 126 0
      vertex 89.7901 125.591 20.8942
    endloop
  endfacet
  facet normal 0.897024 0.441981 -2.5307e-05
    outer loop
      vertex 90.3813 124.392 18
      vertex 89.5885 126 0
      vertex 90.0389 125.087 19.4078
    endloop
  endfacet
  facet normal 0.896906 0.442222 1.46506e-06
    outer loop
      vertex 90.6298 123.888 17.2457
      vertex 89.5885 126 0
      vertex 90.3813 124.392 18
    endloop
  endfacet
  facet normal 0.89691 0.442212 0
    outer loop
      vertex 89.5885 126 0
      vertex 90.6298 123.888 17.2457
      vertex 90.6298 123.888 0
    endloop
  endfacet
  facet normal -0.751838 -0.659348 0
    outer loop
      vertex 5.27208 5.27208 0
      vertex 3.71964 7.04229 68
      vertex 3.71964 7.04229 0
    endloop
  endfacet
  facet normal -0.751838 -0.659348 0
    outer loop
      vertex 3.71964 7.04229 68
      vertex 5.27208 5.27208 0
      vertex 5.27208 5.27208 68
    endloop
  endfacet
  facet normal 0.442287 -0.896874 0
    outer loop
      vertex 80.8883 1.37017 0
      vertex 83 2.41154 68
      vertex 80.8883 1.37017 68
    endloop
  endfacet
  facet normal 0.442287 -0.896874 0
    outer loop
      vertex 83 2.41154 68
      vertex 80.8883 1.37017 0
      vertex 83 2.41154 0
    endloop
  endfacet
  facet normal -1 0 0
    outer loop
      vertex 0 18 0
      vertex 0 117 68
      vertex 0 117 0
    endloop
  endfacet
  facet normal -1 -0 0
    outer loop
      vertex 0 117 68
      vertex 0 18 0
      vertex 0 18 68
    endloop
  endfacet
  facet normal 0.980846 0.194784 0
    outer loop
      vertex 91.457 121.305 14.4798
      vertex 91.3867 121.659 0
      vertex 91.3867 121.659 14.7899
    endloop
  endfacet
  facet normal 0.980784 0.195099 8.01281e-06
    outer loop
      vertex 91.7166 120 13.6077
      vertex 91.3867 121.659 0
      vertex 91.457 121.305 14.4798
    endloop
  endfacet
  facet normal 0.980811 0.194962 -9.43126e-06
    outer loop
      vertex 91.846 119.349 13.2869
      vertex 91.3867 121.659 0
      vertex 91.7166 120 13.6077
    endloop
  endfacet
  facet normal 0.980801 0.195014 0
    outer loop
      vertex 91.3867 121.659 0
      vertex 91.846 119.349 13.2869
      vertex 91.846 119.349 0
    endloop
  endfacet
  facet normal 0.980846 0.194784 0
    outer loop
      vertex 91.3867 121.659 68
      vertex 91.457 121.305 53.5202
      vertex 91.3867 121.659 53.2101
    endloop
  endfacet
  facet normal 0.980784 0.195099 -8.01281e-06
    outer loop
      vertex 91.3867 121.659 68
      vertex 91.7166 120 54.3923
      vertex 91.457 121.305 53.5202
    endloop
  endfacet
  facet normal 0.980801 0.195014 -0
    outer loop
      vertex 91.846 119.349 54.7131
      vertex 91.3867 121.659 68
      vertex 91.846 119.349 68
    endloop
  endfacet
  facet normal 0.980811 0.194962 9.43126e-06
    outer loop
      vertex 91.3867 121.659 68
      vertex 91.846 119.349 54.7131
      vertex 91.7166 120 54.3923
    endloop
  endfacet
  facet normal 0.946923 -0.32146 0
    outer loop
      vertex 90.6298 11.1117 68
      vertex 91.3867 13.3413 53.2101
      vertex 91.3867 13.3413 68
    endloop
  endfacet
  facet normal 0.946927 -0.321448 1.90051e-06
    outer loop
      vertex 91.3867 13.3413 53.2101
      vertex 90.6298 11.1117 68
      vertex 91.1061 12.5147 52.4853
    endloop
  endfacet
  facet normal 0.94693 -0.321441 2.61807e-06
    outer loop
      vertex 91.1061 12.5147 52.4853
      vertex 90.6298 11.1117 68
      vertex 90.7548 11.4798 51.3051
    endloop
  endfacet
  facet normal 0.946893 -0.321548 0
    outer loop
      vertex 90.7548 11.4798 51.3051
      vertex 90.6298 11.1117 68
      vertex 90.6298 11.1117 50.7543
    endloop
  endfacet
  facet normal 0.946927 -0.321448 -1.90051e-06
    outer loop
      vertex 90.6298 11.1117 0
      vertex 91.3867 13.3413 14.7899
      vertex 91.1061 12.5147 15.5147
    endloop
  endfacet
  facet normal 0.94693 -0.321441 -2.61807e-06
    outer loop
      vertex 90.6298 11.1117 0
      vertex 91.1061 12.5147 15.5147
      vertex 90.7548 11.4798 16.6949
    endloop
  endfacet
  facet normal 0.946893 -0.321548 0
    outer loop
      vertex 90.6298 11.1117 0
      vertex 90.7548 11.4798 16.6949
      vertex 90.6298 11.1117 17.2457
    endloop
  endfacet
  facet normal 0.946923 -0.32146 0
    outer loop
      vertex 91.3867 13.3413 14.7899
      vertex 90.6298 11.1117 0
      vertex 91.3867 13.3413 0
    endloop
  endfacet
  facet normal 0.980783 -0.195099 3.74486e-06
    outer loop
      vertex 91.3867 13.3413 0
      vertex 91.846 15.6505 13.2869
      vertex 91.7166 15 13.6077
    endloop
  endfacet
  facet normal 0.980786 -0.195088 2.3506e-06
    outer loop
      vertex 91.3867 13.3413 0
      vertex 91.7166 15 13.6077
      vertex 91.457 13.6949 14.4798
    endloop
  endfacet
  facet normal 0.980804 -0.194996 0
    outer loop
      vertex 91.3867 13.3413 0
      vertex 91.457 13.6949 14.4798
      vertex 91.3867 13.3413 14.7899
    endloop
  endfacet
  facet normal 0.980788 -0.195079 0
    outer loop
      vertex 91.846 15.6505 13.2869
      vertex 91.3867 13.3413 0
      vertex 91.846 15.6505 0
    endloop
  endfacet
  facet normal 0.980788 -0.195079 0
    outer loop
      vertex 91.3867 13.3413 68
      vertex 91.846 15.6505 54.7131
      vertex 91.846 15.6505 68
    endloop
  endfacet
  facet normal 0.980783 -0.195099 -3.74486e-06
    outer loop
      vertex 91.846 15.6505 54.7131
      vertex 91.3867 13.3413 68
      vertex 91.7166 15 54.3923
    endloop
  endfacet
  facet normal 0.980786 -0.195088 -2.3506e-06
    outer loop
      vertex 91.7166 15 54.3923
      vertex 91.3867 13.3413 68
      vertex 91.457 13.6949 53.5202
    endloop
  endfacet
  facet normal 0.980804 -0.194996 0
    outer loop
      vertex 91.457 13.6949 53.5202
      vertex 91.3867 13.3413 68
      vertex 91.3867 13.3413 53.2101
    endloop
  endfacet
  facet normal 0.65935 -0.751836 0
    outer loop
      vertex 84.9577 3.71964 0
      vertex 86.7279 5.27208 68
      vertex 84.9577 3.71964 68
    endloop
  endfacet
  facet normal 0.65935 -0.751836 0
    outer loop
      vertex 86.7279 5.27208 68
      vertex 84.9577 3.71964 0
      vertex 86.7279 5.27208 0
    endloop
  endfacet
  facet normal -0.896874 -0.442287 0
    outer loop
      vertex 2.41154 9 0
      vertex 1.37017 11.1117 68
      vertex 1.37017 11.1117 0
    endloop
  endfacet
  facet normal -0.896874 -0.442287 0
    outer loop
      vertex 1.37017 11.1117 68
      vertex 2.41154 9 0
      vertex 2.41154 9 68
    endloop
  endfacet
  facet normal 0 1 -0
    outer loop
      vertex 74 135 0
      vertex 18 135 68
      vertex 74 135 68
    endloop
  endfacet
  facet normal 0 1 0
    outer loop
      vertex 18 135 68
      vertex 74 135 0
      vertex 18 135 0
    endloop
  endfacet
  facet normal -0.980784 -0.195096 0
    outer loop
      vertex 0.613335 13.3413 0
      vertex 0.153992 15.6505 68
      vertex 0.153992 15.6505 0
    endloop
  endfacet
  facet normal -0.980784 -0.195096 0
    outer loop
      vertex 0.153992 15.6505 68
      vertex 0.613335 13.3413 0
      vertex 0.613335 13.3413 68
    endloop
  endfacet
  facet normal 0.659244 0.751929 -0
    outer loop
      vertex 86.7279 129.728 0
      vertex 84.9577 131.28 68
      vertex 86.7279 129.728 68
    endloop
  endfacet
  facet normal 0.659244 0.751929 0
    outer loop
      vertex 84.9577 131.28 68
      vertex 86.7279 129.728 0
      vertex 84.9577 131.28 0
    endloop
  endfacet
  facet normal -0.946905 0.321512 0
    outer loop
      vertex 0.613335 121.659 0
      vertex 1.37017 123.888 68
      vertex 1.37017 123.888 0
    endloop
  endfacet
  facet normal -0.946905 0.321512 0
    outer loop
      vertex 1.37017 123.888 68
      vertex 0.613335 121.659 0
      vertex 0.613335 121.659 68
    endloop
  endfacet
  facet normal -0.659348 -0.751838 0
    outer loop
      vertex 5.27208 5.27208 0
      vertex 7.04229 3.71964 68
      vertex 5.27208 5.27208 68
    endloop
  endfacet
  facet normal -0.659348 -0.751838 -0
    outer loop
      vertex 7.04229 3.71964 68
      vertex 5.27208 5.27208 0
      vertex 7.04229 3.71964 0
    endloop
  endfacet
  facet normal 0.442502 0.896767 -0
    outer loop
      vertex 83 132.588 0
      vertex 80.8883 133.63 68
      vertex 83 132.588 68
    endloop
  endfacet
  facet normal 0.442502 0.896767 0
    outer loop
      vertex 80.8883 133.63 68
      vertex 83 132.588 0
      vertex 80.8883 133.63 0
    endloop
  endfacet
  facet normal -0.997858 0.065416 0
    outer loop
      vertex 0 117 0
      vertex 0.153992 119.349 68
      vertex 0.153992 119.349 0
    endloop
  endfacet
  facet normal -0.997858 0.065416 0
    outer loop
      vertex 0.153992 119.349 68
      vertex 0 117 0
      vertex 0 117 68
    endloop
  endfacet
  facet normal -0.442287 -0.896874 0
    outer loop
      vertex 9 2.41154 0
      vertex 11.1117 1.37017 68
      vertex 9 2.41154 68
    endloop
  endfacet
  facet normal -0.442287 -0.896874 -0
    outer loop
      vertex 11.1117 1.37017 68
      vertex 9 2.41154 0
      vertex 11.1117 1.37017 0
    endloop
  endfacet
  facet normal -0.55557 -0.83147 0
    outer loop
      vertex 7.04229 3.71964 0
      vertex 9 2.41154 68
      vertex 7.04229 3.71964 68
    endloop
  endfacet
  facet normal -0.55557 -0.83147 -0
    outer loop
      vertex 9 2.41154 68
      vertex 7.04229 3.71964 0
      vertex 9 2.41154 0
    endloop
  endfacet
  facet normal -0.659242 0.751931 0
    outer loop
      vertex 7.04229 131.28 0
      vertex 5.27208 129.728 68
      vertex 7.04229 131.28 68
    endloop
  endfacet
  facet normal -0.659242 0.751931 0
    outer loop
      vertex 5.27208 129.728 68
      vertex 7.04229 131.28 0
      vertex 5.27208 129.728 0
    endloop
  endfacet
  facet normal 0.0654021 -0.997859 0
    outer loop
      vertex 74 0 0
      vertex 76.3495 0.153992 68
      vertex 74 0 68
    endloop
  endfacet
  facet normal 0.0654021 -0.997859 0
    outer loop
      vertex 76.3495 0.153992 68
      vertex 74 0 0
      vertex 76.3495 0.153992 0
    endloop
  endfacet
  facet normal -0.0654055 0.997859 0
    outer loop
      vertex 18 135 0
      vertex 15.6505 134.846 68
      vertex 18 135 68
    endloop
  endfacet
  facet normal -0.0654055 0.997859 0
    outer loop
      vertex 15.6505 134.846 68
      vertex 18 135 0
      vertex 15.6505 134.846 0
    endloop
  endfacet
  facet normal 0 -1 0
    outer loop
      vertex 18 0 0
      vertex 74 0 68
      vertex 18 0 68
    endloop
  endfacet
  facet normal 0 -1 -0
    outer loop
      vertex 74 0 68
      vertex 18 0 0
      vertex 74 0 0
    endloop
  endfacet
  facet normal 0.195096 -0.980784 0
    outer loop
      vertex 76.3495 0.153992 0
      vertex 78.6587 0.613335 68
      vertex 76.3495 0.153992 68
    endloop
  endfacet
  facet normal 0.195096 -0.980784 0
    outer loop
      vertex 78.6587 0.613335 68
      vertex 76.3495 0.153992 0
      vertex 78.6587 0.613335 0
    endloop
  endfacet
  facet normal 0.99786 0.0653816 0
    outer loop
      vertex 91.8956 118.592 12.9134
      vertex 91.846 119.349 0
      vertex 91.846 119.349 13.2869
    endloop
  endfacet
  facet normal 0.997855 0.0654699 5.19545e-06
    outer loop
      vertex 91.9931 117.106 12.4089
      vertex 91.846 119.349 0
      vertex 91.8956 118.592 12.9134
    endloop
  endfacet
  facet normal 0.997887 0.0649737 -8.48738e-05
    outer loop
      vertex 92 117 12.3878
      vertex 91.846 119.349 0
      vertex 91.9931 117.106 12.4089
    endloop
  endfacet
  facet normal 0.997858 0.0654194 0
    outer loop
      vertex 91.846 119.349 0
      vertex 92 117 12.3878
      vertex 92 117 0
    endloop
  endfacet
  facet normal 0.99786 0.0653816 0
    outer loop
      vertex 91.846 119.349 68
      vertex 91.8956 118.592 55.0866
      vertex 91.846 119.349 54.7131
    endloop
  endfacet
  facet normal 0.997855 0.0654699 -5.19545e-06
    outer loop
      vertex 91.846 119.349 68
      vertex 91.9931 117.106 55.5911
      vertex 91.8956 118.592 55.0866
    endloop
  endfacet
  facet normal 0.997858 0.0654194 -0
    outer loop
      vertex 92 117 55.6122
      vertex 91.846 119.349 68
      vertex 92 117 68
    endloop
  endfacet
  facet normal 0.997887 0.0649737 8.48738e-05
    outer loop
      vertex 91.846 119.349 68
      vertex 92 117 55.6122
      vertex 91.9931 117.106 55.5911
    endloop
  endfacet
  facet normal 0.831508 0.555513 -0
    outer loop
      vertex 89.5885 126 44
      vertex 88.2804 127.958 68
      vertex 89.5885 126 68
    endloop
  endfacet
  facet normal 0.831508 0.555513 0
    outer loop
      vertex 88.2804 127.958 68
      vertex 89.5885 126 44
      vertex 88.2804 127.958 0
    endloop
  endfacet
  facet normal 0.831508 0.555513 -0
    outer loop
      vertex 89.5885 126 24
      vertex 88.2804 127.958 0
      vertex 89.5885 126 44
    endloop
  endfacet
  facet normal 0.831508 0.555513 0
    outer loop
      vertex 88.2804 127.958 0
      vertex 89.5885 126 24
      vertex 89.5885 126 0
    endloop
  endfacet
  facet normal 0 0 -1
    outer loop
      vertex 74 0 0
      vertex 92 18 0
      vertex 91.846 15.6505 0
    endloop
  endfacet
  facet normal 0 0 -1
    outer loop
      vertex 92 18 0
      vertex 58.16 67.5 0
      vertex 92 117 0
    endloop
  endfacet
  facet normal 0 0 -1
    outer loop
      vertex 74 0 0
      vertex 91.846 15.6505 0
      vertex 91.3867 13.3413 0
    endloop
  endfacet
  facet normal 0 0 -1
    outer loop
      vertex 58.0402 69.3274 0
      vertex 92 117 0
      vertex 58.16 67.5 0
    endloop
  endfacet
  facet normal 0 0 -1
    outer loop
      vertex 74 0 0
      vertex 91.3867 13.3413 0
      vertex 90.6298 11.1117 0
    endloop
  endfacet
  facet normal 0 0 -1
    outer loop
      vertex 57.683 71.1235 0
      vertex 92 117 0
      vertex 58.0402 69.3274 0
    endloop
  endfacet
  facet normal 0 0 -1
    outer loop
      vertex 74 0 0
      vertex 90.6298 11.1117 0
      vertex 89.5885 9 0
    endloop
  endfacet
  facet normal 0 0 -1
    outer loop
      vertex 57.0943 72.8576 0
      vertex 92 117 0
      vertex 57.683 71.1235 0
    endloop
  endfacet
  facet normal 0 0 -1
    outer loop
      vertex 74 0 0
      vertex 89.5885 9 0
      vertex 88.2804 7.04229 0
    endloop
  endfacet
  facet normal 0 0 -1
    outer loop
      vertex 56.2844 74.5 0
      vertex 92 117 0
      vertex 57.0943 72.8576 0
    endloop
  endfacet
  facet normal 0 0 -1
    outer loop
      vertex 74 0 0
      vertex 88.2804 7.04229 0
      vertex 86.7279 5.27208 0
    endloop
  endfacet
  facet normal 0 0 -1
    outer loop
      vertex 55.2669 76.0227 0
      vertex 92 117 0
      vertex 56.2844 74.5 0
    endloop
  endfacet
  facet normal 0 0 -1
    outer loop
      vertex 74 0 0
      vertex 86.7279 5.27208 0
      vertex 84.9577 3.71964 0
    endloop
  endfacet
  facet normal 0 0 -1
    outer loop
      vertex 54.0595 77.3995 0
      vertex 92 117 0
      vertex 55.2669 76.0227 0
    endloop
  endfacet
  facet normal 0 0 -1
    outer loop
      vertex 74 0 0
      vertex 84.9577 3.71964 0
      vertex 83 2.41154 0
    endloop
  endfacet
  facet normal 0 0 -1
    outer loop
      vertex 52.6827 78.6069 0
      vertex 92 117 0
      vertex 54.0595 77.3995 0
    endloop
  endfacet
  facet normal 0 0 -1
    outer loop
      vertex 74 0 0
      vertex 83 2.41154 0
      vertex 80.8883 1.37017 0
    endloop
  endfacet
  facet normal 0 0 -1
    outer loop
      vertex 51.16 79.6244 0
      vertex 92 117 0
      vertex 52.6827 78.6069 0
    endloop
  endfacet
  facet normal 0 0 -1
    outer loop
      vertex 74 0 0
      vertex 80.8883 1.37017 0
      vertex 78.6587 0.613335 0
    endloop
  endfacet
  facet normal 0 -0 -1
    outer loop
      vertex 74 135 0
      vertex 92 117 0
      vertex 51.16 79.6244 0
    endloop
  endfacet
  facet normal 0 0 -1
    outer loop
      vertex 74 0 0
      vertex 78.6587 0.613335 0
      vertex 76.3495 0.153992 0
    endloop
  endfacet
  facet normal 0 0 -1
    outer loop
      vertex 92 117 0
      vertex 74 135 0
      vertex 91.846 119.349 0
    endloop
  endfacet
  facet normal -0 0 -1
    outer loop
      vertex 92 18 0
      vertex 74 0 0
      vertex 51.16 55.3756 0
    endloop
  endfacet
  facet normal 0 0 -1
    outer loop
      vertex 91.846 119.349 0
      vertex 74 135 0
      vertex 91.3867 121.659 0
    endloop
  endfacet
  facet normal 0 0 -1
    outer loop
      vertex 91.3867 121.659 0
      vertex 74 135 0
      vertex 90.6298 123.888 0
    endloop
  endfacet
  facet normal 0 0 -1
    outer loop
      vertex 92 18 0
      vertex 58.0402 65.6726 0
      vertex 58.16 67.5 0
    endloop
  endfacet
  facet normal 0 0 -1
    outer loop
      vertex 92 18 0
      vertex 57.683 63.8765 0
      vertex 58.0402 65.6726 0
    endloop
  endfacet
  facet normal 0 0 -1
    outer loop
      vertex 92 18 0
      vertex 57.0943 62.1424 0
      vertex 57.683 63.8765 0
    endloop
  endfacet
  facet normal 0 0 -1
    outer loop
      vertex 92 18 0
      vertex 56.2844 60.5 0
      vertex 57.0943 62.1424 0
    endloop
  endfacet
  facet normal 0 0 -1
    outer loop
      vertex 92 18 0
      vertex 55.2669 58.9773 0
      vertex 56.2844 60.5 0
    endloop
  endfacet
  facet normal 0 0 -1
    outer loop
      vertex 92 18 0
      vertex 54.0595 57.6005 0
      vertex 55.2669 58.9773 0
    endloop
  endfacet
  facet normal 0 0 -1
    outer loop
      vertex 92 18 0
      vertex 52.6827 56.3931 0
      vertex 54.0595 57.6005 0
    endloop
  endfacet
  facet normal 0 0 -1
    outer loop
      vertex 92 18 0
      vertex 51.16 55.3756 0
      vertex 52.6827 56.3931 0
    endloop
  endfacet
  facet normal 0 0 -1
    outer loop
      vertex 74 0 0
      vertex 49.5176 54.5657 0
      vertex 51.16 55.3756 0
    endloop
  endfacet
  facet normal 0 0 -1
    outer loop
      vertex 74 0 0
      vertex 47.7835 53.977 0
      vertex 49.5176 54.5657 0
    endloop
  endfacet
  facet normal 0 0 -1
    outer loop
      vertex 74 0 0
      vertex 45.9874 53.6198 0
      vertex 47.7835 53.977 0
    endloop
  endfacet
  facet normal 0 0 -1
    outer loop
      vertex 74 0 0
      vertex 44.16 53.5 0
      vertex 45.9874 53.6198 0
    endloop
  endfacet
  facet normal 0 0 -1
    outer loop
      vertex 18 0 0
      vertex 44.16 53.5 0
      vertex 74 0 0
    endloop
  endfacet
  facet normal -0 0 -1
    outer loop
      vertex 44.16 53.5 0
      vertex 18 0 0
      vertex 42.3326 53.6198 0
    endloop
  endfacet
  facet normal -0 0 -1
    outer loop
      vertex 42.3326 53.6198 0
      vertex 18 0 0
      vertex 40.5365 53.977 0
    endloop
  endfacet
  facet normal -0 0 -1
    outer loop
      vertex 40.5365 53.977 0
      vertex 18 0 0
      vertex 38.8024 54.5657 0
    endloop
  endfacet
  facet normal 0 0 -1
    outer loop
      vertex 0 18 0
      vertex 38.8024 54.5657 0
      vertex 18 0 0
    endloop
  endfacet
  facet normal -0 0 -1
    outer loop
      vertex 38.8024 54.5657 0
      vertex 0 18 0
      vertex 37.16 55.3756 0
    endloop
  endfacet
  facet normal -0 0 -1
    outer loop
      vertex 37.16 55.3756 0
      vertex 0 18 0
      vertex 35.6373 56.3931 0
    endloop
  endfacet
  facet normal -0 0 -1
    outer loop
      vertex 30.637 63.8765 0
      vertex 0 18 0
      vertex 30.2798 65.6726 0
    endloop
  endfacet
  facet normal -0 0 -1
    outer loop
      vertex 31.2257 62.1424 0
      vertex 0 18 0
      vertex 30.637 63.8765 0
    endloop
  endfacet
  facet normal -0 0 -1
    outer loop
      vertex 32.0356 60.5 0
      vertex 0 18 0
      vertex 31.2257 62.1424 0
    endloop
  endfacet
  facet normal -0 0 -1
    outer loop
      vertex 33.0531 58.9773 0
      vertex 0 18 0
      vertex 32.0356 60.5 0
    endloop
  endfacet
  facet normal -0 0 -1
    outer loop
      vertex 34.2605 57.6005 0
      vertex 0 18 0
      vertex 33.0531 58.9773 0
    endloop
  endfacet
  facet normal -0 0 -1
    outer loop
      vertex 35.6373 56.3931 0
      vertex 0 18 0
      vertex 34.2605 57.6005 0
    endloop
  endfacet
  facet normal 0 0 -1
    outer loop
      vertex 90.6298 123.888 0
      vertex 74 135 0
      vertex 89.5885 126 0
    endloop
  endfacet
  facet normal 0 0 -1
    outer loop
      vertex 88.2804 127.958 0
      vertex 74 135 0
      vertex 86.7279 129.728 0
    endloop
  endfacet
  facet normal 0 0 -1
    outer loop
      vertex 86.7279 129.728 0
      vertex 74 135 0
      vertex 84.9577 131.28 0
    endloop
  endfacet
  facet normal 0 0 -1
    outer loop
      vertex 84.9577 131.28 0
      vertex 74 135 0
      vertex 83 132.588 0
    endloop
  endfacet
  facet normal 0 0 -1
    outer loop
      vertex 83 132.588 0
      vertex 74 135 0
      vertex 80.8883 133.63 0
    endloop
  endfacet
  facet normal 0 0 -1
    outer loop
      vertex 80.8883 133.63 0
      vertex 74 135 0
      vertex 78.6587 134.387 0
    endloop
  endfacet
  facet normal 0 0 -1
    outer loop
      vertex 78.6587 134.387 0
      vertex 74 135 0
      vertex 76.3495 134.846 0
    endloop
  endfacet
  facet normal 0 0 -1
    outer loop
      vertex 89.5885 126 0
      vertex 74 135 0
      vertex 88.2804 127.958 0
    endloop
  endfacet
  facet normal 0 0 -1
    outer loop
      vertex 49.5176 80.4343 0
      vertex 74 135 0
      vertex 51.16 79.6244 0
    endloop
  endfacet
  facet normal 0 0 -1
    outer loop
      vertex 47.7835 81.023 0
      vertex 74 135 0
      vertex 49.5176 80.4343 0
    endloop
  endfacet
  facet normal 0 0 -1
    outer loop
      vertex 45.9874 81.3802 0
      vertex 74 135 0
      vertex 47.7835 81.023 0
    endloop
  endfacet
  facet normal 0 0 -1
    outer loop
      vertex 44.16 81.5 0
      vertex 74 135 0
      vertex 45.9874 81.3802 0
    endloop
  endfacet
  facet normal 0 0 -1
    outer loop
      vertex 18 135 0
      vertex 44.16 81.5 0
      vertex 42.3326 81.3802 0
    endloop
  endfacet
  facet normal 0 0 -1
    outer loop
      vertex 18 135 0
      vertex 42.3326 81.3802 0
      vertex 40.5365 81.023 0
    endloop
  endfacet
  facet normal 0 0 -1
    outer loop
      vertex 18 135 0
      vertex 40.5365 81.023 0
      vertex 38.8024 80.4343 0
    endloop
  endfacet
  facet normal 0 0 -1
    outer loop
      vertex 0 117 0
      vertex 38.8024 80.4343 0
      vertex 37.16 79.6244 0
    endloop
  endfacet
  facet normal 0 0 -1
    outer loop
      vertex 0 117 0
      vertex 37.16 79.6244 0
      vertex 35.6373 78.6069 0
    endloop
  endfacet
  facet normal 0 0 -1
    outer loop
      vertex 0 117 0
      vertex 35.6373 78.6069 0
      vertex 34.2605 77.3995 0
    endloop
  endfacet
  facet normal 0 0 -1
    outer loop
      vertex 0 117 0
      vertex 34.2605 77.3995 0
      vertex 33.0531 76.0227 0
    endloop
  endfacet
  facet normal -0 0 -1
    outer loop
      vertex 30.2798 65.6726 0
      vertex 0 18 0
      vertex 30.16 67.5 0
    endloop
  endfacet
  facet normal 0 0 -1
    outer loop
      vertex 44.16 81.5 0
      vertex 18 135 0
      vertex 74 135 0
    endloop
  endfacet
  facet normal 0 0 -1
    outer loop
      vertex 0 117 0
      vertex 33.0531 76.0227 0
      vertex 32.0356 74.5 0
    endloop
  endfacet
  facet normal 0 0 -1
    outer loop
      vertex 0 117 0
      vertex 32.0356 74.5 0
      vertex 31.2257 72.8576 0
    endloop
  endfacet
  facet normal 0 0 -1
    outer loop
      vertex 0 117 0
      vertex 31.2257 72.8576 0
      vertex 30.637 71.1235 0
    endloop
  endfacet
  facet normal 0 0 -1
    outer loop
      vertex 0 117 0
      vertex 30.637 71.1235 0
      vertex 30.2798 69.3274 0
    endloop
  endfacet
  facet normal 0 0 -1
    outer loop
      vertex 0 117 0
      vertex 30.16 67.5 0
      vertex 0 18 0
    endloop
  endfacet
  facet normal 0 0 -1
    outer loop
      vertex 0 18 0
      vertex 18 0 0
      vertex 15.6505 0.153992 0
    endloop
  endfacet
  facet normal 0 0 -1
    outer loop
      vertex 30.16 67.5 0
      vertex 0 117 0
      vertex 30.2798 69.3274 0
    endloop
  endfacet
  facet normal 0 0 -1
    outer loop
      vertex 0 18 0
      vertex 15.6505 0.153992 0
      vertex 13.3413 0.613335 0
    endloop
  endfacet
  facet normal 0 0 -1
    outer loop
      vertex 38.8024 80.4343 0
      vertex 0 117 0
      vertex 18 135 0
    endloop
  endfacet
  facet normal 0 0 -1
    outer loop
      vertex 0 18 0
      vertex 13.3413 0.613335 0
      vertex 11.1117 1.37017 0
    endloop
  endfacet
  facet normal 0 0 -1
    outer loop
      vertex 18 135 0
      vertex 0 117 0
      vertex 15.6505 134.846 0
    endloop
  endfacet
  facet normal 0 0 -1
    outer loop
      vertex 0 18 0
      vertex 11.1117 1.37017 0
      vertex 9 2.41154 0
    endloop
  endfacet
  facet normal 0 0 -1
    outer loop
      vertex 15.6505 134.846 0
      vertex 0 117 0
      vertex 13.3413 134.387 0
    endloop
  endfacet
  facet normal 0 0 -1
    outer loop
      vertex 0 18 0
      vertex 9 2.41154 0
      vertex 7.04229 3.71964 0
    endloop
  endfacet
  facet normal 0 0 -1
    outer loop
      vertex 13.3413 134.387 0
      vertex 0 117 0
      vertex 11.1117 133.63 0
    endloop
  endfacet
  facet normal 0 0 -1
    outer loop
      vertex 0 18 0
      vertex 7.04229 3.71964 0
      vertex 5.27208 5.27208 0
    endloop
  endfacet
  facet normal 0 0 -1
    outer loop
      vertex 11.1117 133.63 0
      vertex 0 117 0
      vertex 9 132.588 0
    endloop
  endfacet
  facet normal 0 0 -1
    outer loop
      vertex 0 18 0
      vertex 5.27208 5.27208 0
      vertex 3.71964 7.04229 0
    endloop
  endfacet
  facet normal 0 0 -1
    outer loop
      vertex 9 132.588 0
      vertex 0 117 0
      vertex 7.04229 131.28 0
    endloop
  endfacet
  facet normal 0 0 -1
    outer loop
      vertex 0 18 0
      vertex 3.71964 7.04229 0
      vertex 2.41154 9 0
    endloop
  endfacet
  facet normal 0 0 -1
    outer loop
      vertex 7.04229 131.28 0
      vertex 0 117 0
      vertex 5.27208 129.728 0
    endloop
  endfacet
  facet normal 0 0 -1
    outer loop
      vertex 0 18 0
      vertex 2.41154 9 0
      vertex 1.37017 11.1117 0
    endloop
  endfacet
  facet normal 0 0 -1
    outer loop
      vertex 5.27208 129.728 0
      vertex 0 117 0
      vertex 3.71964 127.958 0
    endloop
  endfacet
  facet normal 0 0 -1
    outer loop
      vertex 0 18 0
      vertex 1.37017 11.1117 0
      vertex 0.613335 13.3413 0
    endloop
  endfacet
  facet normal 0 0 -1
    outer loop
      vertex 3.71964 127.958 0
      vertex 0 117 0
      vertex 2.41154 126 0
    endloop
  endfacet
  facet normal 0 0 -1
    outer loop
      vertex 0 18 0
      vertex 0.613335 13.3413 0
      vertex 0.153992 15.6505 0
    endloop
  endfacet
  facet normal 0 0 -1
    outer loop
      vertex 2.41154 126 0
      vertex 0 117 0
      vertex 1.37017 123.888 0
    endloop
  endfacet
  facet normal 0 0 -1
    outer loop
      vertex 1.37017 123.888 0
      vertex 0 117 0
      vertex 0.613335 121.659 0
    endloop
  endfacet
  facet normal 0 0 -1
    outer loop
      vertex 0.613335 121.659 0
      vertex 0 117 0
      vertex 0.153992 119.349 0
    endloop
  endfacet
  facet normal 0.751787 0.659406 0
    outer loop
      vertex 88.2804 127.958 68
      vertex 86.7279 129.728 0
      vertex 86.7279 129.728 68
    endloop
  endfacet
  facet normal 0.751787 0.659406 0
    outer loop
      vertex 86.7279 129.728 0
      vertex 88.2804 127.958 68
      vertex 88.2804 127.958 0
    endloop
  endfacet
  facet normal -0.442502 0.896767 0
    outer loop
      vertex 11.1117 133.63 0
      vertex 9 132.588 68
      vertex 11.1117 133.63 68
    endloop
  endfacet
  facet normal -0.442502 0.896767 0
    outer loop
      vertex 9 132.588 68
      vertex 11.1117 133.63 0
      vertex 9 132.588 0
    endloop
  endfacet
  facet normal -0.195096 -0.980784 0
    outer loop
      vertex 13.3413 0.613335 0
      vertex 15.6505 0.153992 68
      vertex 13.3413 0.613335 68
    endloop
  endfacet
  facet normal -0.195096 -0.980784 -0
    outer loop
      vertex 15.6505 0.153992 68
      vertex 13.3413 0.613335 0
      vertex 15.6505 0.153992 0
    endloop
  endfacet
  facet normal -0.321435 -0.946932 0
    outer loop
      vertex 11.1117 1.37017 0
      vertex 13.3413 0.613335 68
      vertex 11.1117 1.37017 68
    endloop
  endfacet
  facet normal -0.321435 -0.946932 -0
    outer loop
      vertex 13.3413 0.613335 68
      vertex 11.1117 1.37017 0
      vertex 13.3413 0.613335 0
    endloop
  endfacet
  facet normal 0 0 1
    outer loop
      vertex 74 135 68
      vertex 92 117 68
      vertex 91.846 119.349 68
    endloop
  endfacet
  facet normal 0 0 1
    outer loop
      vertex 92 117 68
      vertex 88.96 73.1438 68
      vertex 92 18 68
    endloop
  endfacet
  facet normal 0 0 1
    outer loop
      vertex 74 135 68
      vertex 91.846 119.349 68
      vertex 91.3867 121.659 68
    endloop
  endfacet
  facet normal -0 0 1
    outer loop
      vertex 88.96 61.8562 68
      vertex 92 18 68
      vertex 88.96 73.1438 68
    endloop
  endfacet
  facet normal 0 0 1
    outer loop
      vertex 74 135 68
      vertex 91.3867 121.659 68
      vertex 90.6298 123.888 68
    endloop
  endfacet
  facet normal -0 0 1
    outer loop
      vertex 80.96 61.8562 68
      vertex 92 18 68
      vertex 88.96 61.8562 68
    endloop
  endfacet
  facet normal 0 0 1
    outer loop
      vertex 74 135 68
      vertex 90.6298 123.888 68
      vertex 89.5885 126 68
    endloop
  endfacet
  facet normal 0 0 1
    outer loop
      vertex 74 0 68
      vertex 92 18 68
      vertex 80.96 61.8562 68
    endloop
  endfacet
  facet normal 0 0 1
    outer loop
      vertex 92 18 68
      vertex 74 0 68
      vertex 91.846 15.6505 68
    endloop
  endfacet
  facet normal 0 0 1
    outer loop
      vertex 74 135 68
      vertex 89.5885 126 68
      vertex 88.2804 127.958 68
    endloop
  endfacet
  facet normal 0 0 1
    outer loop
      vertex 74 135 68
      vertex 88.2804 127.958 68
      vertex 86.7279 129.728 68
    endloop
  endfacet
  facet normal 0 0 1
    outer loop
      vertex 74 135 68
      vertex 86.7279 129.728 68
      vertex 84.9577 131.28 68
    endloop
  endfacet
  facet normal 0 0 1
    outer loop
      vertex 74 135 68
      vertex 84.9577 131.28 68
      vertex 83 132.588 68
    endloop
  endfacet
  facet normal 0 0 1
    outer loop
      vertex 92 117 68
      vertex 80.96 73.1438 68
      vertex 88.96 73.1438 68
    endloop
  endfacet
  facet normal 0 0 1
    outer loop
      vertex 92 117 68
      vertex 74 135 68
      vertex 80.96 73.1438 68
    endloop
  endfacet
  facet normal 0 0 1
    outer loop
      vertex 74 135 68
      vertex 83 132.588 68
      vertex 80.8883 133.63 68
    endloop
  endfacet
  facet normal 0 0 1
    outer loop
      vertex 91.846 15.6505 68
      vertex 74 0 68
      vertex 91.3867 13.3413 68
    endloop
  endfacet
  facet normal 0 0 1
    outer loop
      vertex 91.3867 13.3413 68
      vertex 74 0 68
      vertex 90.6298 11.1117 68
    endloop
  endfacet
  facet normal 0 0 1
    outer loop
      vertex 90.6298 11.1117 68
      vertex 74 0 68
      vertex 89.5885 9 68
    endloop
  endfacet
  facet normal 0 0 1
    outer loop
      vertex 89.5885 9 68
      vertex 74 0 68
      vertex 88.2804 7.04229 68
    endloop
  endfacet
  facet normal 0 0 1
    outer loop
      vertex 88.2804 7.04229 68
      vertex 74 0 68
      vertex 86.7279 5.27208 68
    endloop
  endfacet
  facet normal 0 0 1
    outer loop
      vertex 86.7279 5.27208 68
      vertex 74 0 68
      vertex 84.9577 3.71964 68
    endloop
  endfacet
  facet normal 0 0 1
    outer loop
      vertex 84.9577 3.71964 68
      vertex 74 0 68
      vertex 83 2.41154 68
    endloop
  endfacet
  facet normal -0 0 1
    outer loop
      vertex 18 135 68
      vertex 80.96 73.1438 68
      vertex 74 135 68
    endloop
  endfacet
  facet normal 0 0 1
    outer loop
      vertex 74 135 68
      vertex 80.8883 133.63 68
      vertex 78.6587 134.387 68
    endloop
  endfacet
  facet normal -0 0 1
    outer loop
      vertex 0 117 68
      vertex 80.96 73.1438 68
      vertex 18 135 68
    endloop
  endfacet
  facet normal 0 0 1
    outer loop
      vertex 74 135 68
      vertex 78.6587 134.387 68
      vertex 76.3495 134.846 68
    endloop
  endfacet
  facet normal 0 0 1
    outer loop
      vertex 83 2.41154 68
      vertex 74 0 68
      vertex 80.8883 1.37017 68
    endloop
  endfacet
  facet normal 0 0 1
    outer loop
      vertex 80.8883 1.37017 68
      vertex 74 0 68
      vertex 78.6587 0.613335 68
    endloop
  endfacet
  facet normal 0 0 1
    outer loop
      vertex 78.6587 0.613335 68
      vertex 74 0 68
      vertex 76.3495 0.153992 68
    endloop
  endfacet
  facet normal 0 0 1
    outer loop
      vertex 80.96 73.1438 68
      vertex 0 117 68
      vertex 80.96 61.8562 68
    endloop
  endfacet
  facet normal 0 0 1
    outer loop
      vertex 0 18 68
      vertex 80.96 61.8562 68
      vertex 0 117 68
    endloop
  endfacet
  facet normal 0 0 1
    outer loop
      vertex 0 117 68
      vertex 18 135 68
      vertex 15.6505 134.846 68
    endloop
  endfacet
  facet normal 0 -0 1
    outer loop
      vertex 18 0 68
      vertex 80.96 61.8562 68
      vertex 0 18 68
    endloop
  endfacet
  facet normal 0 0 1
    outer loop
      vertex 0 117 68
      vertex 15.6505 134.846 68
      vertex 13.3413 134.387 68
    endloop
  endfacet
  facet normal 0 0 1
    outer loop
      vertex 80.96 61.8562 68
      vertex 18 0 68
      vertex 74 0 68
    endloop
  endfacet
  facet normal 0 0 1
    outer loop
      vertex 0 117 68
      vertex 13.3413 134.387 68
      vertex 11.1117 133.63 68
    endloop
  endfacet
  facet normal 0 0 1
    outer loop
      vertex 18 0 68
      vertex 0 18 68
      vertex 15.6505 0.153992 68
    endloop
  endfacet
  facet normal 0 0 1
    outer loop
      vertex 0 117 68
      vertex 11.1117 133.63 68
      vertex 9 132.588 68
    endloop
  endfacet
  facet normal 0 0 1
    outer loop
      vertex 15.6505 0.153992 68
      vertex 0 18 68
      vertex 13.3413 0.613335 68
    endloop
  endfacet
  facet normal 0 0 1
    outer loop
      vertex 0 117 68
      vertex 9 132.588 68
      vertex 7.04229 131.28 68
    endloop
  endfacet
  facet normal 0 0 1
    outer loop
      vertex 13.3413 0.613335 68
      vertex 0 18 68
      vertex 11.1117 1.37017 68
    endloop
  endfacet
  facet normal 0 0 1
    outer loop
      vertex 0 117 68
      vertex 7.04229 131.28 68
      vertex 5.27208 129.728 68
    endloop
  endfacet
  facet normal 0 0 1
    outer loop
      vertex 11.1117 1.37017 68
      vertex 0 18 68
      vertex 9 2.41154 68
    endloop
  endfacet
  facet normal 0 0 1
    outer loop
      vertex 0 117 68
      vertex 5.27208 129.728 68
      vertex 3.71964 127.958 68
    endloop
  endfacet
  facet normal 0 0 1
    outer loop
      vertex 9 2.41154 68
      vertex 0 18 68
      vertex 7.04229 3.71964 68
    endloop
  endfacet
  facet normal 0 0 1
    outer loop
      vertex 0 117 68
      vertex 3.71964 127.958 68
      vertex 2.41154 126 68
    endloop
  endfacet
  facet normal 0 0 1
    outer loop
      vertex 7.04229 3.71964 68
      vertex 0 18 68
      vertex 5.27208 5.27208 68
    endloop
  endfacet
  facet normal 0 0 1
    outer loop
      vertex 0 117 68
      vertex 2.41154 126 68
      vertex 1.37017 123.888 68
    endloop
  endfacet
  facet normal 0 0 1
    outer loop
      vertex 5.27208 5.27208 68
      vertex 0 18 68
      vertex 3.71964 7.04229 68
    endloop
  endfacet
  facet normal 0 0 1
    outer loop
      vertex 0 117 68
      vertex 1.37017 123.888 68
      vertex 0.613335 121.659 68
    endloop
  endfacet
  facet normal 0 0 1
    outer loop
      vertex 3.71964 7.04229 68
      vertex 0 18 68
      vertex 2.41154 9 68
    endloop
  endfacet
  facet normal 0 0 1
    outer loop
      vertex 0 117 68
      vertex 0.613335 121.659 68
      vertex 0.153992 119.349 68
    endloop
  endfacet
  facet normal 0 0 1
    outer loop
      vertex 2.41154 9 68
      vertex 0 18 68
      vertex 1.37017 11.1117 68
    endloop
  endfacet
  facet normal 0 0 1
    outer loop
      vertex 1.37017 11.1117 68
      vertex 0 18 68
      vertex 0.613335 13.3413 68
    endloop
  endfacet
  facet normal 0 0 1
    outer loop
      vertex 0.613335 13.3413 68
      vertex 0 18 68
      vertex 0.153992 15.6505 68
    endloop
  endfacet
  facet normal 0.555572 -0.831468 0
    outer loop
      vertex 83 2.41154 0
      vertex 84.9577 3.71964 68
      vertex 83 2.41154 68
    endloop
  endfacet
  facet normal 0.555572 -0.831468 0
    outer loop
      vertex 84.9577 3.71964 68
      vertex 83 2.41154 0
      vertex 84.9577 3.71964 0
    endloop
  endfacet
  facet normal -0.946932 -0.321435 0
    outer loop
      vertex 1.37017 11.1117 0
      vertex 0.613335 13.3413 68
      vertex 0.613335 13.3413 0
    endloop
  endfacet
  facet normal -0.946932 -0.321435 0
    outer loop
      vertex 0.613335 13.3413 68
      vertex 1.37017 11.1117 0
      vertex 1.37017 11.1117 68
    endloop
  endfacet
  facet normal -0.751799 0.659392 0
    outer loop
      vertex 3.71964 127.958 0
      vertex 5.27208 129.728 68
      vertex 5.27208 129.728 0
    endloop
  endfacet
  facet normal -0.751799 0.659392 0
    outer loop
      vertex 5.27208 129.728 68
      vertex 3.71964 127.958 0
      vertex 3.71964 127.958 68
    endloop
  endfacet
  facet normal -0.83147 -0.55557 0
    outer loop
      vertex 3.71964 7.04229 0
      vertex 2.41154 9 68
      vertex 2.41154 9 0
    endloop
  endfacet
  facet normal -0.83147 -0.55557 0
    outer loop
      vertex 2.41154 9 68
      vertex 3.71964 7.04229 0
      vertex 3.71964 7.04229 68
    endloop
  endfacet
  facet normal -0.555541 0.831489 0
    outer loop
      vertex 9 132.588 0
      vertex 7.04229 131.28 68
      vertex 9 132.588 68
    endloop
  endfacet
  facet normal -0.555541 0.831489 0
    outer loop
      vertex 7.04229 131.28 68
      vertex 9 132.588 0
      vertex 7.04229 131.28 0
    endloop
  endfacet
  facet normal 0.194956 0.980812 -0
    outer loop
      vertex 78.6587 134.387 0
      vertex 76.3495 134.846 68
      vertex 78.6587 134.387 68
    endloop
  endfacet
  facet normal 0.194956 0.980812 0
    outer loop
      vertex 76.3495 134.846 68
      vertex 78.6587 134.387 0
      vertex 76.3495 134.846 0
    endloop
  endfacet
  facet normal -0.980797 0.195031 0
    outer loop
      vertex 0.153992 119.349 0
      vertex 0.613335 121.659 68
      vertex 0.613335 121.659 0
    endloop
  endfacet
  facet normal -0.980797 0.195031 0
    outer loop
      vertex 0.613335 121.659 68
      vertex 0.153992 119.349 0
      vertex 0.153992 119.349 68
    endloop
  endfacet
  facet normal 0.946867 0.321626 0
    outer loop
      vertex 90.6298 123.888 68
      vertex 90.7548 123.52 51.3051
      vertex 90.6298 123.888 50.7543
    endloop
  endfacet
  facet normal 0.946938 0.321416 5.16409e-06
    outer loop
      vertex 90.6298 123.888 68
      vertex 91.1061 122.485 52.4853
      vertex 90.7548 123.52 51.3051
    endloop
  endfacet
  facet normal 0.946897 0.321537 -0
    outer loop
      vertex 91.3867 121.659 53.2101
      vertex 90.6298 123.888 68
      vertex 91.3867 121.659 68
    endloop
  endfacet
  facet normal 0.946861 0.321642 -1.76612e-05
    outer loop
      vertex 90.6298 123.888 68
      vertex 91.3867 121.659 53.2101
      vertex 91.1061 122.485 52.4853
    endloop
  endfacet
  facet normal 0.946867 0.321626 0
    outer loop
      vertex 90.7548 123.52 16.6949
      vertex 90.6298 123.888 0
      vertex 90.6298 123.888 17.2457
    endloop
  endfacet
  facet normal 0.946938 0.321416 -5.16409e-06
    outer loop
      vertex 91.1061 122.485 15.5147
      vertex 90.6298 123.888 0
      vertex 90.7548 123.52 16.6949
    endloop
  endfacet
  facet normal 0.946861 0.321642 1.76612e-05
    outer loop
      vertex 91.3867 121.659 14.7899
      vertex 90.6298 123.888 0
      vertex 91.1061 122.485 15.5147
    endloop
  endfacet
  facet normal 0.946897 0.321537 0
    outer loop
      vertex 90.6298 123.888 0
      vertex 91.3867 121.659 14.7899
      vertex 91.3867 121.659 0
    endloop
  endfacet
  facet normal 0.555543 0.831488 -0
    outer loop
      vertex 84.9577 131.28 0
      vertex 83 132.588 68
      vertex 84.9577 131.28 68
    endloop
  endfacet
  facet normal 0.555543 0.831488 0
    outer loop
      vertex 83 132.588 68
      vertex 84.9577 131.28 0
      vertex 83 132.588 0
    endloop
  endfacet
  facet normal 0.321498 0.94691 -0
    outer loop
      vertex 80.8883 133.63 0
      vertex 78.6587 134.387 68
      vertex 80.8883 133.63 68
    endloop
  endfacet
  facet normal 0.321498 0.94691 0
    outer loop
      vertex 78.6587 134.387 68
      vertex 80.8883 133.63 0
      vertex 78.6587 134.387 0
    endloop
  endfacet
  facet normal -0.194956 0.980812 0
    outer loop
      vertex 15.6505 134.846 0
      vertex 13.3413 134.387 68
      vertex 15.6505 134.846 68
    endloop
  endfacet
  facet normal -0.194956 0.980812 0
    outer loop
      vertex 13.3413 134.387 68
      vertex 15.6505 134.846 0
      vertex 13.3413 134.387 0
    endloop
  endfacet
  facet normal -0.997859 -0.0654021 0
    outer loop
      vertex 0.153992 15.6505 0
      vertex 0 18 68
      vertex 0 18 0
    endloop
  endfacet
  facet normal -0.997859 -0.0654021 0
    outer loop
      vertex 0 18 68
      vertex 0.153992 15.6505 0
      vertex 0.153992 15.6505 68
    endloop
  endfacet
  facet normal 0.321435 -0.946932 0
    outer loop
      vertex 78.6587 0.613335 0
      vertex 80.8883 1.37017 68
      vertex 78.6587 0.613335 68
    endloop
  endfacet
  facet normal 0.321435 -0.946932 0
    outer loop
      vertex 80.8883 1.37017 68
      vertex 78.6587 0.613335 0
      vertex 80.8883 1.37017 0
    endloop
  endfacet
  facet normal 0.896885 -0.442263 0
    outer loop
      vertex 89.5885 9 68
      vertex 90.6298 11.1117 50.7543
      vertex 90.6298 11.1117 68
    endloop
  endfacet
  facet normal 0.896902 -0.44223 5.03623e-06
    outer loop
      vertex 90.6298 11.1117 50.7543
      vertex 89.5885 9 68
      vertex 90.3813 10.6077 50
    endloop
  endfacet
  facet normal 0.896859 -0.442316 -4.56213e-06
    outer loop
      vertex 90.3813 10.6077 50
      vertex 89.5885 9 68
      vertex 90.0389 9.91345 48.5922
    endloop
  endfacet
  facet normal 0.896889 -0.442256 -1.00836e-06
    outer loop
      vertex 90.0389 9.91345 48.5922
      vertex 89.5885 9 68
      vertex 89.7901 9.40889 47.1058
    endloop
  endfacet
  facet normal 0.896893 -0.442248 -8.19567e-07
    outer loop
      vertex 89.7901 9.40889 47.1058
      vertex 89.5885 9 68
      vertex 89.6391 9.10266 45.5663
    endloop
  endfacet
  facet normal 0.896964 -0.442104 0
    outer loop
      vertex 89.6391 9.10266 45.5663
      vertex 89.5885 9 68
      vertex 89.5885 9 44
    endloop
  endfacet
  facet normal 0.896902 -0.44223 -5.03623e-06
    outer loop
      vertex 89.5885 9 0
      vertex 90.6298 11.1117 17.2457
      vertex 90.3813 10.6077 18
    endloop
  endfacet
  facet normal 0.896859 -0.442316 4.56213e-06
    outer loop
      vertex 89.5885 9 0
      vertex 90.3813 10.6077 18
      vertex 90.0389 9.91345 19.4078
    endloop
  endfacet
  facet normal 0.896889 -0.442256 1.00836e-06
    outer loop
      vertex 89.5885 9 0
      vertex 90.0389 9.91345 19.4078
      vertex 89.7901 9.40889 20.8942
    endloop
  endfacet
  facet normal 0.896893 -0.442248 8.19567e-07
    outer loop
      vertex 89.5885 9 0
      vertex 89.7901 9.40889 20.8942
      vertex 89.6391 9.10266 22.4337
    endloop
  endfacet
  facet normal 0.896885 -0.442263 0
    outer loop
      vertex 90.6298 11.1117 17.2457
      vertex 89.5885 9 0
      vertex 90.6298 11.1117 0
    endloop
  endfacet
  facet normal 0.896964 -0.442104 0
    outer loop
      vertex 89.5885 9 0
      vertex 89.6391 9.10266 22.4337
      vertex 89.5885 9 24
    endloop
  endfacet
  facet normal 0.751826 -0.659362 0
    outer loop
      vertex 86.7279 5.27208 68
      vertex 88.2804 7.04229 0
      vertex 88.2804 7.04229 68
    endloop
  endfacet
  facet normal 0.751826 -0.659362 0
    outer loop
      vertex 88.2804 7.04229 0
      vertex 86.7279 5.27208 68
      vertex 86.7279 5.27208 0
    endloop
  endfacet
  facet normal 0 0 -1
    outer loop
      vertex 63 21 56
      vertex 92 114 56
      vertex 92 21 56
    endloop
  endfacet
  facet normal -0 0 -1
    outer loop
      vertex 92 114 56
      vertex 63 21 56
      vertex 63 114 56
    endloop
  endfacet
  facet normal 0 0.321402 -0.946943
    outer loop
      vertex 63 17.8942 55.5911
      vertex 91.8956 16.4078 55.0866
      vertex 63 16.4078 55.0866
    endloop
  endfacet
  facet normal 0 0.321402 -0.946943
    outer loop
      vertex 91.8956 16.4078 55.0866
      vertex 63 17.8942 55.5911
      vertex 91.9931 17.8942 55.5911
    endloop
  endfacet
  facet normal 0 -0.831481 0.555553
    outer loop
      vertex 63 123.52 16.6949
      vertex 90.3813 124.392 18
      vertex 63 124.392 18
    endloop
  endfacet
  facet normal 0 -0.831481 0.555553
    outer loop
      vertex 90.7548 123.52 16.6949
      vertex 90.3813 124.392 18
      vertex 63 123.52 16.6949
    endloop
  endfacet
  facet normal -0.000406138 -0.831535 0.555472
    outer loop
      vertex 90.3813 124.392 18
      vertex 90.7548 123.52 16.6949
      vertex 90.6298 123.888 17.2457
    endloop
  endfacet
  facet normal 0 0.065428 -0.997857
    outer loop
      vertex 63 19.4337 55.8973
      vertex 92 21 56
      vertex 92 19.4337 55.8973
    endloop
  endfacet
  facet normal 0 0.065428 -0.997857
    outer loop
      vertex 92 21 56
      vertex 63 19.4337 55.8973
      vertex 63 21 56
    endloop
  endfacet
  facet normal 0.00106641 0.83131 -0.555807
    outer loop
      vertex 90.3813 10.6077 50
      vertex 90.7548 11.4798 51.3051
      vertex 90.6298 11.1117 50.7543
    endloop
  endfacet
  facet normal 0 0.831452 -0.555597
    outer loop
      vertex 90.7548 11.4798 51.3051
      vertex 90.3813 10.6077 50
      vertex 63 11.4798 51.3051
    endloop
  endfacet
  facet normal 0 0.831452 -0.555597
    outer loop
      vertex 63 11.4798 51.3051
      vertex 90.3813 10.6077 50
      vertex 63 10.6077 50
    endloop
  endfacet
  facet normal 0 -0.896683 0.442673
    outer loop
      vertex 63 124.392 18
      vertex 90.0389 125.087 19.4078
      vertex 63 125.087 19.4078
    endloop
  endfacet
  facet normal 0 -0.896683 0.442673
    outer loop
      vertex 90.0389 125.087 19.4078
      vertex 63 124.392 18
      vertex 90.3813 124.392 18
    endloop
  endfacet
  facet normal 0 0.896873 -0.442289
    outer loop
      vertex 90.0389 9.91345 48.5922
      vertex 63 10.6077 50
      vertex 90.3813 10.6077 50
    endloop
  endfacet
  facet normal 0 0.896873 -0.442289
    outer loop
      vertex 63 10.6077 50
      vertex 90.0389 9.91345 48.5922
      vertex 63 9.91345 48.5922
    endloop
  endfacet
  facet normal -0 0 1
    outer loop
      vertex 63 114 12
      vertex 92 21 12
      vertex 92 114 12
    endloop
  endfacet
  facet normal 0 0 1
    outer loop
      vertex 92 21 12
      vertex 63 114 12
      vertex 63 21 12
    endloop
  endfacet
  facet normal -0 -0.980813 -0.194952
    outer loop
      vertex 89.6391 125.897 45.5663
      vertex 63 125.591 47.1058
      vertex 63 125.897 45.5663
    endloop
  endfacet
  facet normal 0 -0.980813 -0.194952
    outer loop
      vertex 63 125.591 47.1058
      vertex 89.6391 125.897 45.5663
      vertex 89.7901 125.591 47.1058
    endloop
  endfacet
  facet normal 0 1 -0
    outer loop
      vertex 89.5885 9 24
      vertex 63 9 44
      vertex 89.5885 9 44
    endloop
  endfacet
  facet normal 0 1 0
    outer loop
      vertex 63 9 44
      vertex 89.5885 9 24
      vertex 63 9 24
    endloop
  endfacet
  facet normal 0 -0.0654405 0.997856
    outer loop
      vertex 63 115.566 12.1027
      vertex 92 114 12
      vertex 92 115.566 12.1027
    endloop
  endfacet
  facet normal 0 -0.0654405 0.997856
    outer loop
      vertex 92 114 12
      vertex 63 115.566 12.1027
      vertex 63 114 12
    endloop
  endfacet
  facet normal -0 -0.751842 -0.659343
    outer loop
      vertex 90.7548 123.52 51.3051
      vertex 63 122.485 52.4853
      vertex 63 123.52 51.3051
    endloop
  endfacet
  facet normal 0 -0.751842 -0.659343
    outer loop
      vertex 63 122.485 52.4853
      vertex 90.7548 123.52 51.3051
      vertex 91.1061 122.485 52.4853
    endloop
  endfacet
  facet normal 0 0.980785 -0.195093
    outer loop
      vertex 89.6391 9.10266 45.5663
      vertex 63 9.40889 47.1058
      vertex 89.7901 9.40889 47.1058
    endloop
  endfacet
  facet normal 0 0.980785 -0.195093
    outer loop
      vertex 63 9.40889 47.1058
      vertex 89.6391 9.10266 45.5663
      vertex 63 9.10266 45.5663
    endloop
  endfacet
  facet normal -0 0.065428 0.997857
    outer loop
      vertex 63 21 12
      vertex 92 19.4337 12.1027
      vertex 92 21 12
    endloop
  endfacet
  facet normal 0 0.065428 0.997857
    outer loop
      vertex 92 19.4337 12.1027
      vertex 63 21 12
      vertex 63 19.4337 12.1027
    endloop
  endfacet
  facet normal 0 -0.831481 -0.555553
    outer loop
      vertex 90.3813 124.392 50
      vertex 90.7548 123.52 51.3051
      vertex 63 123.52 51.3051
    endloop
  endfacet
  facet normal -0 -0.831481 -0.555553
    outer loop
      vertex 90.3813 124.392 50
      vertex 63 123.52 51.3051
      vertex 63 124.392 50
    endloop
  endfacet
  facet normal -0.000406138 -0.831535 -0.555472
    outer loop
      vertex 90.7548 123.52 51.3051
      vertex 90.3813 124.392 50
      vertex 90.6298 123.888 50.7543
    endloop
  endfacet
  facet normal 0.00364778 -0.194997 0.980797
    outer loop
      vertex 91.9931 117.106 12.4089
      vertex 92 115.566 12.1027
      vertex 92 117 12.3878
    endloop
  endfacet
  facet normal 0 -0.195014 0.980801
    outer loop
      vertex 63 117.106 12.4089
      vertex 92 115.566 12.1027
      vertex 91.9931 117.106 12.4089
    endloop
  endfacet
  facet normal 0 -0.195014 0.980801
    outer loop
      vertex 92 115.566 12.1027
      vertex 63 117.106 12.4089
      vertex 63 115.566 12.1027
    endloop
  endfacet
  facet normal 0 -0.997845 0.0656183
    outer loop
      vertex 63 125.897 22.4337
      vertex 89.5885 126 24
      vertex 63 126 24
    endloop
  endfacet
  facet normal 0 -0.997845 0.0656183
    outer loop
      vertex 89.5885 126 24
      vertex 63 125.897 22.4337
      vertex 89.6391 125.897 22.4337
    endloop
  endfacet
  facet normal 0 -0.555626 -0.831432
    outer loop
      vertex 63 120 54.3923
      vertex 91.457 121.305 53.5202
      vertex 91.7166 120 54.3923
    endloop
  endfacet
  facet normal -0 -0.555626 -0.831432
    outer loop
      vertex 91.457 121.305 53.5202
      vertex 63 120 54.3923
      vertex 63 121.305 53.5202
    endloop
  endfacet
  facet normal 0 -0.32148 -0.946916
    outer loop
      vertex 63 117.106 55.5911
      vertex 91.8956 118.592 55.0866
      vertex 91.9931 117.106 55.5911
    endloop
  endfacet
  facet normal -0 -0.32148 -0.946916
    outer loop
      vertex 91.8956 118.592 55.0866
      vertex 63 117.106 55.5911
      vertex 63 118.592 55.0866
    endloop
  endfacet
  facet normal -0 -0.997845 -0.0656183
    outer loop
      vertex 89.5885 126 44
      vertex 63 125.897 45.5663
      vertex 63 126 44
    endloop
  endfacet
  facet normal 0 -0.997845 -0.0656183
    outer loop
      vertex 63 125.897 45.5663
      vertex 89.5885 126 44
      vertex 89.6391 125.897 45.5663
    endloop
  endfacet
  facet normal 0 -0.751842 0.659343
    outer loop
      vertex 63 122.485 15.5147
      vertex 90.7548 123.52 16.6949
      vertex 63 123.52 16.6949
    endloop
  endfacet
  facet normal 0 -0.751842 0.659343
    outer loop
      vertex 90.7548 123.52 16.6949
      vertex 63 122.485 15.5147
      vertex 91.1061 122.485 15.5147
    endloop
  endfacet
  facet normal 0 -0.555626 0.831432
    outer loop
      vertex 63 120 13.6077
      vertex 91.457 121.305 14.4798
      vertex 63 121.305 14.4798
    endloop
  endfacet
  facet normal 0 -0.555626 0.831432
    outer loop
      vertex 91.457 121.305 14.4798
      vertex 63 120 13.6077
      vertex 91.7166 120 13.6077
    endloop
  endfacet
  facet normal 0 0.946931 -0.321437
    outer loop
      vertex 89.7901 9.40889 47.1058
      vertex 63 9.91345 48.5922
      vertex 90.0389 9.91345 48.5922
    endloop
  endfacet
  facet normal 0 0.946931 -0.321437
    outer loop
      vertex 63 9.91345 48.5922
      vertex 89.7901 9.40889 47.1058
      vertex 63 9.40889 47.1058
    endloop
  endfacet
  facet normal 0.00867388 0.19503 -0.980759
    outer loop
      vertex 91.9931 17.8942 55.5911
      vertex 92 19.4337 55.8973
      vertex 92 18 55.6122
    endloop
  endfacet
  facet normal 0 0.195075 -0.980788
    outer loop
      vertex 63 17.8942 55.5911
      vertex 92 19.4337 55.8973
      vertex 91.9931 17.8942 55.5911
    endloop
  endfacet
  facet normal 0 0.195075 -0.980788
    outer loop
      vertex 92 19.4337 55.8973
      vertex 63 17.8942 55.5911
      vertex 63 19.4337 55.8973
    endloop
  endfacet
  facet normal 0 -1 0
    outer loop
      vertex 63 126 24
      vertex 89.5885 126 44
      vertex 63 126 44
    endloop
  endfacet
  facet normal 0 -1 -0
    outer loop
      vertex 89.5885 126 44
      vertex 63 126 24
      vertex 89.5885 126 24
    endloop
  endfacet
  facet normal 0 -0.0654405 -0.997856
    outer loop
      vertex 63 114 56
      vertex 92 115.566 55.8973
      vertex 92 114 56
    endloop
  endfacet
  facet normal -0 -0.0654405 -0.997856
    outer loop
      vertex 92 115.566 55.8973
      vertex 63 114 56
      vertex 63 115.566 55.8973
    endloop
  endfacet
  facet normal -0 -0.896683 -0.442673
    outer loop
      vertex 90.0389 125.087 48.5922
      vertex 63 124.392 50
      vertex 63 125.087 48.5922
    endloop
  endfacet
  facet normal 0 -0.896683 -0.442673
    outer loop
      vertex 63 124.392 50
      vertex 90.0389 125.087 48.5922
      vertex 90.3813 124.392 50
    endloop
  endfacet
  facet normal 0 0.997859 -0.0654027
    outer loop
      vertex 89.5885 9 44
      vertex 63 9.10266 45.5663
      vertex 89.6391 9.10266 45.5663
    endloop
  endfacet
  facet normal 0 0.997859 -0.0654027
    outer loop
      vertex 63 9.10266 45.5663
      vertex 89.5885 9 44
      vertex 63 9 44
    endloop
  endfacet
  facet normal -0 0.997859 0.0654027
    outer loop
      vertex 63 9.10266 22.4337
      vertex 89.5885 9 24
      vertex 89.6391 9.10266 22.4337
    endloop
  endfacet
  facet normal 0 0.997859 0.0654027
    outer loop
      vertex 89.5885 9 24
      vertex 63 9.10266 22.4337
      vertex 63 9 24
    endloop
  endfacet
  facet normal -0 -0.94704 -0.321117
    outer loop
      vertex 89.7901 125.591 47.1058
      vertex 63 125.087 48.5922
      vertex 63 125.591 47.1058
    endloop
  endfacet
  facet normal 0 -0.94704 -0.321117
    outer loop
      vertex 63 125.087 48.5922
      vertex 89.7901 125.591 47.1058
      vertex 90.0389 125.087 48.5922
    endloop
  endfacet
  facet normal 0.00796677 -0.658009 -0.752968
    outer loop
      vertex 91.457 121.305 53.5202
      vertex 91.1061 122.485 52.4853
      vertex 91.3867 121.659 53.2101
    endloop
  endfacet
  facet normal 0 -0.65937 -0.751818
    outer loop
      vertex 63 121.305 53.5202
      vertex 91.1061 122.485 52.4853
      vertex 91.457 121.305 53.5202
    endloop
  endfacet
  facet normal -0 -0.65937 -0.751818
    outer loop
      vertex 91.1061 122.485 52.4853
      vertex 63 121.305 53.5202
      vertex 63 122.485 52.4853
    endloop
  endfacet
  facet normal 0 0.751874 -0.659307
    outer loop
      vertex 90.7548 11.4798 51.3051
      vertex 63 12.5147 52.4853
      vertex 91.1061 12.5147 52.4853
    endloop
  endfacet
  facet normal 0 0.751874 -0.659307
    outer loop
      vertex 63 12.5147 52.4853
      vertex 90.7548 11.4798 51.3051
      vertex 63 11.4798 51.3051
    endloop
  endfacet
  facet normal 0 -0.32148 0.946916
    outer loop
      vertex 63 117.106 12.4089
      vertex 91.8956 118.592 12.9134
      vertex 63 118.592 12.9134
    endloop
  endfacet
  facet normal 0 -0.32148 0.946916
    outer loop
      vertex 91.8956 118.592 12.9134
      vertex 63 117.106 12.4089
      vertex 91.9931 117.106 12.4089
    endloop
  endfacet
  facet normal -0 0.980785 0.195093
    outer loop
      vertex 63 9.40889 20.8942
      vertex 89.6391 9.10266 22.4337
      vertex 89.7901 9.40889 20.8942
    endloop
  endfacet
  facet normal 0 0.980785 0.195093
    outer loop
      vertex 89.6391 9.10266 22.4337
      vertex 63 9.40889 20.8942
      vertex 63 9.10266 22.4337
    endloop
  endfacet
  facet normal -0.00413608 -0.442683 -0.896669
    outer loop
      vertex 91.8956 118.592 55.0866
      vertex 91.7166 120 54.3923
      vertex 91.846 119.349 54.7131
    endloop
  endfacet
  facet normal 0 -0.442264 -0.896885
    outer loop
      vertex 63 118.592 55.0866
      vertex 91.7166 120 54.3923
      vertex 91.8956 118.592 55.0866
    endloop
  endfacet
  facet normal -0 -0.442264 -0.896885
    outer loop
      vertex 91.7166 120 54.3923
      vertex 63 118.592 55.0866
      vertex 63 120 54.3923
    endloop
  endfacet
  facet normal 0.00364778 -0.194997 -0.980797
    outer loop
      vertex 92 115.566 55.8973
      vertex 91.9931 117.106 55.5911
      vertex 92 117 55.6122
    endloop
  endfacet
  facet normal 0 -0.195014 -0.980801
    outer loop
      vertex 63 115.566 55.8973
      vertex 91.9931 117.106 55.5911
      vertex 92 115.566 55.8973
    endloop
  endfacet
  facet normal -0 -0.195014 -0.980801
    outer loop
      vertex 91.9931 117.106 55.5911
      vertex 63 115.566 55.8973
      vertex 63 117.106 55.5911
    endloop
  endfacet
  facet normal -0 0.555597 0.831452
    outer loop
      vertex 63 15 13.6077
      vertex 91.457 13.6949 14.4798
      vertex 91.7166 15 13.6077
    endloop
  endfacet
  facet normal 0 0.555597 0.831452
    outer loop
      vertex 91.457 13.6949 14.4798
      vertex 63 15 13.6077
      vertex 63 13.6949 14.4798
    endloop
  endfacet
  facet normal 0.00867388 0.19503 0.980759
    outer loop
      vertex 92 19.4337 12.1027
      vertex 91.9931 17.8942 12.4089
      vertex 92 18 12.3878
    endloop
  endfacet
  facet normal -0 0.195075 0.980788
    outer loop
      vertex 63 19.4337 12.1027
      vertex 91.9931 17.8942 12.4089
      vertex 92 19.4337 12.1027
    endloop
  endfacet
  facet normal 0 0.195075 0.980788
    outer loop
      vertex 91.9931 17.8942 12.4089
      vertex 63 19.4337 12.1027
      vertex 63 17.8942 12.4089
    endloop
  endfacet
  facet normal 0 -0.94704 0.321117
    outer loop
      vertex 63 125.087 19.4078
      vertex 89.7901 125.591 20.8942
      vertex 63 125.591 20.8942
    endloop
  endfacet
  facet normal 0 -0.94704 0.321117
    outer loop
      vertex 89.7901 125.591 20.8942
      vertex 63 125.087 19.4078
      vertex 90.0389 125.087 19.4078
    endloop
  endfacet
  facet normal -0 0.896873 0.442289
    outer loop
      vertex 63 10.6077 18
      vertex 90.0389 9.91345 19.4078
      vertex 90.3813 10.6077 18
    endloop
  endfacet
  facet normal 0 0.896873 0.442289
    outer loop
      vertex 90.0389 9.91345 19.4078
      vertex 63 10.6077 18
      vertex 63 9.91345 19.4078
    endloop
  endfacet
  facet normal 0.00106641 0.83131 0.555807
    outer loop
      vertex 90.7548 11.4798 16.6949
      vertex 90.3813 10.6077 18
      vertex 90.6298 11.1117 17.2457
    endloop
  endfacet
  facet normal 0 0.831452 0.555597
    outer loop
      vertex 90.3813 10.6077 18
      vertex 90.7548 11.4798 16.6949
      vertex 63 11.4798 16.6949
    endloop
  endfacet
  facet normal 0 0.831452 0.555597
    outer loop
      vertex 90.3813 10.6077 18
      vertex 63 11.4798 16.6949
      vertex 63 10.6077 18
    endloop
  endfacet
  facet normal -0.000271661 0.442342 -0.896846
    outer loop
      vertex 91.7166 15 54.3923
      vertex 91.8956 16.4078 55.0866
      vertex 91.846 15.6505 54.7131
    endloop
  endfacet
  facet normal 0 0.442314 -0.89686
    outer loop
      vertex 63 16.4078 55.0866
      vertex 91.7166 15 54.3923
      vertex 63 15 54.3923
    endloop
  endfacet
  facet normal 0 0.442314 -0.89686
    outer loop
      vertex 91.7166 15 54.3923
      vertex 63 16.4078 55.0866
      vertex 91.8956 16.4078 55.0866
    endloop
  endfacet
  facet normal -0.000720128 0.659428 0.751767
    outer loop
      vertex 91.457 13.6949 14.4798
      vertex 91.1061 12.5147 15.5147
      vertex 91.3867 13.3413 14.7899
    endloop
  endfacet
  facet normal -0 0.659307 0.751874
    outer loop
      vertex 63 13.6949 14.4798
      vertex 91.1061 12.5147 15.5147
      vertex 91.457 13.6949 14.4798
    endloop
  endfacet
  facet normal 0 0.659307 0.751874
    outer loop
      vertex 91.1061 12.5147 15.5147
      vertex 63 13.6949 14.4798
      vertex 63 12.5147 15.5147
    endloop
  endfacet
  facet normal -0.000720128 0.659428 -0.751767
    outer loop
      vertex 91.1061 12.5147 52.4853
      vertex 91.457 13.6949 53.5202
      vertex 91.3867 13.3413 53.2101
    endloop
  endfacet
  facet normal 0 0.659307 -0.751874
    outer loop
      vertex 63 13.6949 53.5202
      vertex 91.1061 12.5147 52.4853
      vertex 63 12.5147 52.4853
    endloop
  endfacet
  facet normal 0 0.659307 -0.751874
    outer loop
      vertex 91.1061 12.5147 52.4853
      vertex 63 13.6949 53.5202
      vertex 91.457 13.6949 53.5202
    endloop
  endfacet
  facet normal -0 0.946931 0.321437
    outer loop
      vertex 63 9.91345 19.4078
      vertex 89.7901 9.40889 20.8942
      vertex 90.0389 9.91345 19.4078
    endloop
  endfacet
  facet normal 0 0.946931 0.321437
    outer loop
      vertex 89.7901 9.40889 20.8942
      vertex 63 9.91345 19.4078
      vertex 63 9.40889 20.8942
    endloop
  endfacet
  facet normal 0 -0.980813 0.194952
    outer loop
      vertex 63 125.591 20.8942
      vertex 89.6391 125.897 22.4337
      vertex 63 125.897 22.4337
    endloop
  endfacet
  facet normal 0 -0.980813 0.194952
    outer loop
      vertex 89.6391 125.897 22.4337
      vertex 63 125.591 20.8942
      vertex 89.7901 125.591 20.8942
    endloop
  endfacet
  facet normal -0.000271661 0.442342 0.896846
    outer loop
      vertex 91.8956 16.4078 12.9134
      vertex 91.7166 15 13.6077
      vertex 91.846 15.6505 13.2869
    endloop
  endfacet
  facet normal -0 0.442314 0.89686
    outer loop
      vertex 63 16.4078 12.9134
      vertex 91.7166 15 13.6077
      vertex 91.8956 16.4078 12.9134
    endloop
  endfacet
  facet normal 0 0.442314 0.89686
    outer loop
      vertex 91.7166 15 13.6077
      vertex 63 16.4078 12.9134
      vertex 63 15 13.6077
    endloop
  endfacet
  facet normal 0.00796677 -0.658009 0.752968
    outer loop
      vertex 91.1061 122.485 15.5147
      vertex 91.457 121.305 14.4798
      vertex 91.3867 121.659 14.7899
    endloop
  endfacet
  facet normal 0 -0.65937 0.751818
    outer loop
      vertex 63 121.305 14.4798
      vertex 91.1061 122.485 15.5147
      vertex 63 122.485 15.5147
    endloop
  endfacet
  facet normal 0 -0.65937 0.751818
    outer loop
      vertex 91.1061 122.485 15.5147
      vertex 63 121.305 14.4798
      vertex 91.457 121.305 14.4798
    endloop
  endfacet
  facet normal -0.00413608 -0.442683 0.896669
    outer loop
      vertex 91.7166 120 13.6077
      vertex 91.8956 118.592 12.9134
      vertex 91.846 119.349 13.2869
    endloop
  endfacet
  facet normal 0 -0.442264 0.896885
    outer loop
      vertex 63 118.592 12.9134
      vertex 91.7166 120 13.6077
      vertex 63 120 13.6077
    endloop
  endfacet
  facet normal 0 -0.442264 0.896885
    outer loop
      vertex 91.7166 120 13.6077
      vertex 63 118.592 12.9134
      vertex 91.8956 118.592 12.9134
    endloop
  endfacet
  facet normal -0 0.751874 0.659307
    outer loop
      vertex 63 12.5147 15.5147
      vertex 90.7548 11.4798 16.6949
      vertex 91.1061 12.5147 15.5147
    endloop
  endfacet
  facet normal 0 0.751874 0.659307
    outer loop
      vertex 90.7548 11.4798 16.6949
      vertex 63 12.5147 15.5147
      vertex 63 11.4798 16.6949
    endloop
  endfacet
  facet normal 0 0.555597 -0.831452
    outer loop
      vertex 63 15 54.3923
      vertex 91.457 13.6949 53.5202
      vertex 63 13.6949 53.5202
    endloop
  endfacet
  facet normal 0 0.555597 -0.831452
    outer loop
      vertex 91.457 13.6949 53.5202
      vertex 63 15 54.3923
      vertex 91.7166 15 54.3923
    endloop
  endfacet
  facet normal -0 0.321402 0.946943
    outer loop
      vertex 63 17.8942 12.4089
      vertex 91.8956 16.4078 12.9134
      vertex 91.9931 17.8942 12.4089
    endloop
  endfacet
  facet normal 0 0.321402 0.946943
    outer loop
      vertex 91.8956 16.4078 12.9134
      vertex 63 17.8942 12.4089
      vertex 63 16.4078 12.9134
    endloop
  endfacet
  facet normal 1 0 0
    outer loop
      vertex 63 114 56
      vertex 63 126 44
      vertex 63 125.897 45.5663
    endloop
  endfacet
  facet normal 1 0 0
    outer loop
      vertex 63 126 44
      vertex 63 114 56
      vertex 63 126 24
    endloop
  endfacet
  facet normal 1 0 0
    outer loop
      vertex 63 114 56
      vertex 63 125.897 45.5663
      vertex 63 125.591 47.1058
    endloop
  endfacet
  facet normal 1 0 0
    outer loop
      vertex 63 114 12
      vertex 63 126 24
      vertex 63 114 56
    endloop
  endfacet
  facet normal 1 0 0
    outer loop
      vertex 63 114 56
      vertex 63 125.591 47.1058
      vertex 63 125.087 48.5922
    endloop
  endfacet
  facet normal 1 0 0
    outer loop
      vertex 63 126 24
      vertex 63 114 12
      vertex 63 125.897 22.4337
    endloop
  endfacet
  facet normal 1 0 0
    outer loop
      vertex 63 114 56
      vertex 63 125.087 48.5922
      vertex 63 124.392 50
    endloop
  endfacet
  facet normal 1 0 0
    outer loop
      vertex 63 125.897 22.4337
      vertex 63 114 12
      vertex 63 125.591 20.8942
    endloop
  endfacet
  facet normal 1 0 0
    outer loop
      vertex 63 114 56
      vertex 63 124.392 50
      vertex 63 123.52 51.3051
    endloop
  endfacet
  facet normal 1 0 0
    outer loop
      vertex 63 125.591 20.8942
      vertex 63 114 12
      vertex 63 125.087 19.4078
    endloop
  endfacet
  facet normal 1 0 0
    outer loop
      vertex 63 114 56
      vertex 63 123.52 51.3051
      vertex 63 122.485 52.4853
    endloop
  endfacet
  facet normal 1 0 0
    outer loop
      vertex 63 125.087 19.4078
      vertex 63 114 12
      vertex 63 124.392 18
    endloop
  endfacet
  facet normal 1 0 0
    outer loop
      vertex 63 114 56
      vertex 63 122.485 52.4853
      vertex 63 121.305 53.5202
    endloop
  endfacet
  facet normal 1 0 0
    outer loop
      vertex 63 124.392 18
      vertex 63 114 12
      vertex 63 123.52 16.6949
    endloop
  endfacet
  facet normal 1 0 0
    outer loop
      vertex 63 114 56
      vertex 63 121.305 53.5202
      vertex 63 120 54.3923
    endloop
  endfacet
  facet normal 1 0 0
    outer loop
      vertex 63 123.52 16.6949
      vertex 63 114 12
      vertex 63 122.485 15.5147
    endloop
  endfacet
  facet normal 1 0 0
    outer loop
      vertex 63 114 56
      vertex 63 120 54.3923
      vertex 63 118.592 55.0866
    endloop
  endfacet
  facet normal 1 0 0
    outer loop
      vertex 63 122.485 15.5147
      vertex 63 114 12
      vertex 63 121.305 14.4798
    endloop
  endfacet
  facet normal 1 0 0
    outer loop
      vertex 63 114 56
      vertex 63 118.592 55.0866
      vertex 63 117.106 55.5911
    endloop
  endfacet
  facet normal 1 0 0
    outer loop
      vertex 63 121.305 14.4798
      vertex 63 114 12
      vertex 63 120 13.6077
    endloop
  endfacet
  facet normal 1 0 0
    outer loop
      vertex 63 114 56
      vertex 63 117.106 55.5911
      vertex 63 115.566 55.8973
    endloop
  endfacet
  facet normal 1 0 0
    outer loop
      vertex 63 120 13.6077
      vertex 63 114 12
      vertex 63 118.592 12.9134
    endloop
  endfacet
  facet normal 1 0 0
    outer loop
      vertex 63 118.592 12.9134
      vertex 63 114 12
      vertex 63 117.106 12.4089
    endloop
  endfacet
  facet normal 1 0 0
    outer loop
      vertex 63 117.106 12.4089
      vertex 63 114 12
      vertex 63 115.566 12.1027
    endloop
  endfacet
  facet normal 1 -0 0
    outer loop
      vertex 63 21 56
      vertex 63 114 12
      vertex 63 114 56
    endloop
  endfacet
  facet normal 1 0 0
    outer loop
      vertex 63 21 56
      vertex 63 21 12
      vertex 63 114 12
    endloop
  endfacet
  facet normal 1 0 0
    outer loop
      vertex 63 9 44
      vertex 63 21 56
      vertex 63 19.4337 55.8973
    endloop
  endfacet
  facet normal 1 0 0
    outer loop
      vertex 63 21 56
      vertex 63 9 44
      vertex 63 21 12
    endloop
  endfacet
  facet normal 1 0 0
    outer loop
      vertex 63 9 44
      vertex 63 19.4337 55.8973
      vertex 63 17.8942 55.5911
    endloop
  endfacet
  facet normal 1 -0 0
    outer loop
      vertex 63 9 24
      vertex 63 21 12
      vertex 63 9 44
    endloop
  endfacet
  facet normal 1 0 0
    outer loop
      vertex 63 9 44
      vertex 63 17.8942 55.5911
      vertex 63 16.4078 55.0866
    endloop
  endfacet
  facet normal 1 0 0
    outer loop
      vertex 63 21 12
      vertex 63 9 24
      vertex 63 19.4337 12.1027
    endloop
  endfacet
  facet normal 1 0 0
    outer loop
      vertex 63 9 44
      vertex 63 16.4078 55.0866
      vertex 63 15 54.3923
    endloop
  endfacet
  facet normal 1 0 0
    outer loop
      vertex 63 19.4337 12.1027
      vertex 63 9 24
      vertex 63 17.8942 12.4089
    endloop
  endfacet
  facet normal 1 0 0
    outer loop
      vertex 63 9 44
      vertex 63 15 54.3923
      vertex 63 13.6949 53.5202
    endloop
  endfacet
  facet normal 1 0 0
    outer loop
      vertex 63 17.8942 12.4089
      vertex 63 9 24
      vertex 63 16.4078 12.9134
    endloop
  endfacet
  facet normal 1 0 0
    outer loop
      vertex 63 9 44
      vertex 63 13.6949 53.5202
      vertex 63 12.5147 52.4853
    endloop
  endfacet
  facet normal 1 0 0
    outer loop
      vertex 63 16.4078 12.9134
      vertex 63 9 24
      vertex 63 15 13.6077
    endloop
  endfacet
  facet normal 1 0 0
    outer loop
      vertex 63 9 44
      vertex 63 12.5147 52.4853
      vertex 63 11.4798 51.3051
    endloop
  endfacet
  facet normal 1 0 0
    outer loop
      vertex 63 15 13.6077
      vertex 63 9 24
      vertex 63 13.6949 14.4798
    endloop
  endfacet
  facet normal 1 0 0
    outer loop
      vertex 63 9 44
      vertex 63 11.4798 51.3051
      vertex 63 10.6077 50
    endloop
  endfacet
  facet normal 1 0 0
    outer loop
      vertex 63 13.6949 14.4798
      vertex 63 9 24
      vertex 63 12.5147 15.5147
    endloop
  endfacet
  facet normal 1 0 0
    outer loop
      vertex 63 9 44
      vertex 63 10.6077 50
      vertex 63 9.91345 48.5922
    endloop
  endfacet
  facet normal 1 0 0
    outer loop
      vertex 63 12.5147 15.5147
      vertex 63 9 24
      vertex 63 11.4798 16.6949
    endloop
  endfacet
  facet normal 1 0 0
    outer loop
      vertex 63 9 44
      vertex 63 9.91345 48.5922
      vertex 63 9.40889 47.1058
    endloop
  endfacet
  facet normal 1 0 0
    outer loop
      vertex 63 11.4798 16.6949
      vertex 63 9 24
      vertex 63 10.6077 18
    endloop
  endfacet
  facet normal 1 0 0
    outer loop
      vertex 63 9 44
      vertex 63 9.40889 47.1058
      vertex 63 9.10266 45.5663
    endloop
  endfacet
  facet normal 1 0 0
    outer loop
      vertex 63 10.6077 18
      vertex 63 9 24
      vertex 63 9.91345 19.4078
    endloop
  endfacet
  facet normal 1 0 0
    outer loop
      vertex 63 9.91345 19.4078
      vertex 63 9 24
      vertex 63 9.40889 20.8942
    endloop
  endfacet
  facet normal 1 0 0
    outer loop
      vertex 63 9.40889 20.8942
      vertex 63 9 24
      vertex 63 9.10266 22.4337
    endloop
  endfacet
  facet normal 0 -0.32146 0.946923
    outer loop
      vertex 80.96 69.7961 60.4567
      vertex 88.96 69.0529 60.2044
      vertex 88.96 69.7961 60.4567
    endloop
  endfacet
  facet normal 0 -0.32146 0.946923
    outer loop
      vertex 88.96 69.0529 60.2044
      vertex 80.96 69.7961 60.4567
      vertex 80.96 69.0529 60.2044
    endloop
  endfacet
  facet normal 0 0.831442 0.555611
    outer loop
      vertex 88.96 62.7399 62.3474
      vertex 80.96 62.3038 63
      vertex 88.96 62.3038 63
    endloop
  endfacet
  facet normal 0 0.831442 0.555611
    outer loop
      vertex 80.96 62.3038 63
      vertex 88.96 62.7399 62.3474
      vertex 80.96 62.7399 62.3474
    endloop
  endfacet
  facet normal 0 -0.997862 -0.0653605
    outer loop
      vertex 80.96 73.5 66
      vertex 88.96 73.4487 66.7832
      vertex 80.96 73.4487 66.7832
    endloop
  endfacet
  facet normal 0 -0.997862 -0.0653605
    outer loop
      vertex 88.96 73.4487 66.7832
      vertex 80.96 73.5 66
      vertex 88.96 73.5 66
    endloop
  endfacet
  facet normal 0 0.946923 0.32146
    outer loop
      vertex 88.96 61.9567 63.7039
      vertex 80.96 61.7044 64.4471
      vertex 88.96 61.7044 64.4471
    endloop
  endfacet
  facet normal 0 0.946923 0.32146
    outer loop
      vertex 80.96 61.7044 64.4471
      vertex 88.96 61.9567 63.7039
      vertex 80.96 61.9567 63.7039
    endloop
  endfacet
  facet normal 0 -0.555611 0.831442
    outer loop
      vertex 80.96 71.1526 61.2399
      vertex 88.96 70.5 60.8038
      vertex 88.96 71.1526 61.2399
    endloop
  endfacet
  facet normal 0 -0.555611 0.831442
    outer loop
      vertex 88.96 70.5 60.8038
      vertex 80.96 71.1526 61.2399
      vertex 80.96 70.5 60.8038
    endloop
  endfacet
  facet normal 0 -0.442263 0.896885
    outer loop
      vertex 80.96 70.5 60.8038
      vertex 88.96 69.7961 60.4567
      vertex 88.96 70.5 60.8038
    endloop
  endfacet
  facet normal 0 -0.442263 0.896885
    outer loop
      vertex 88.96 69.7961 60.4567
      vertex 80.96 70.5 60.8038
      vertex 80.96 69.7961 60.4567
    endloop
  endfacet
  facet normal 0 -0.0653605 0.997862
    outer loop
      vertex 80.96 68.2832 60.0513
      vertex 88.96 67.5 60
      vertex 88.96 68.2832 60.0513
    endloop
  endfacet
  facet normal 0 -0.0653605 0.997862
    outer loop
      vertex 88.96 67.5 60
      vertex 80.96 68.2832 60.0513
      vertex 80.96 67.5 60
    endloop
  endfacet
  facet normal -0 0.555611 0.831442
    outer loop
      vertex 80.96 64.5 60.8038
      vertex 88.96 63.8474 61.2399
      vertex 88.96 64.5 60.8038
    endloop
  endfacet
  facet normal 0 0.555611 0.831442
    outer loop
      vertex 88.96 63.8474 61.2399
      vertex 80.96 64.5 60.8038
      vertex 80.96 63.8474 61.2399
    endloop
  endfacet
  facet normal 0 -0.980786 0.195087
    outer loop
      vertex 80.96 73.2956 64.4471
      vertex 88.96 73.4487 65.2168
      vertex 80.96 73.4487 65.2168
    endloop
  endfacet
  facet normal 0 -0.980786 0.195087
    outer loop
      vertex 88.96 73.4487 65.2168
      vertex 80.96 73.2956 64.4471
      vertex 88.96 73.2956 64.4471
    endloop
  endfacet
  facet normal -0 0.32146 0.946923
    outer loop
      vertex 80.96 65.9471 60.2044
      vertex 88.96 65.2039 60.4567
      vertex 88.96 65.9471 60.2044
    endloop
  endfacet
  facet normal 0 0.32146 0.946923
    outer loop
      vertex 88.96 65.2039 60.4567
      vertex 80.96 65.9471 60.2044
      vertex 80.96 65.2039 60.4567
    endloop
  endfacet
  facet normal 0 0.946911 -0.321496
    outer loop
      vertex 88.96 61.7044 67.5529
      vertex 80.96 61.8562 68
      vertex 88.96 61.8562 68
    endloop
  endfacet
  facet normal 0 0.946911 -0.321496
    outer loop
      vertex 80.96 61.8562 68
      vertex 88.96 61.7044 67.5529
      vertex 80.96 61.7044 67.5529
    endloop
  endfacet
  facet normal 0 -0.980786 -0.195087
    outer loop
      vertex 80.96 73.4487 66.7832
      vertex 88.96 73.2956 67.5529
      vertex 80.96 73.2956 67.5529
    endloop
  endfacet
  facet normal 0 -0.980786 -0.195087
    outer loop
      vertex 88.96 73.2956 67.5529
      vertex 80.96 73.4487 66.7832
      vertex 88.96 73.4487 66.7832
    endloop
  endfacet
  facet normal 0 0.980786 0.195087
    outer loop
      vertex 88.96 61.7044 64.4471
      vertex 80.96 61.5513 65.2168
      vertex 88.96 61.5513 65.2168
    endloop
  endfacet
  facet normal 0 0.980786 0.195087
    outer loop
      vertex 80.96 61.5513 65.2168
      vertex 88.96 61.7044 64.4471
      vertex 80.96 61.7044 64.4471
    endloop
  endfacet
  facet normal 0 -0.751787 0.659406
    outer loop
      vertex 80.96 71.7426 61.7574
      vertex 88.96 72.2601 62.3474
      vertex 80.96 72.2601 62.3474
    endloop
  endfacet
  facet normal 0 -0.751787 0.659406
    outer loop
      vertex 88.96 72.2601 62.3474
      vertex 80.96 71.7426 61.7574
      vertex 88.96 71.7426 61.7574
    endloop
  endfacet
  facet normal 0 -0.946923 0.32146
    outer loop
      vertex 80.96 73.0433 63.7039
      vertex 88.96 73.2956 64.4471
      vertex 80.96 73.2956 64.4471
    endloop
  endfacet
  facet normal 0 -0.946923 0.32146
    outer loop
      vertex 88.96 73.2956 64.4471
      vertex 80.96 73.0433 63.7039
      vertex 88.96 73.0433 63.7039
    endloop
  endfacet
  facet normal 0 -0.946911 -0.321496
    outer loop
      vertex 80.96 73.2956 67.5529
      vertex 88.96 73.1438 68
      vertex 80.96 73.1438 68
    endloop
  endfacet
  facet normal 0 -0.946911 -0.321496
    outer loop
      vertex 88.96 73.1438 68
      vertex 80.96 73.2956 67.5529
      vertex 88.96 73.2956 67.5529
    endloop
  endfacet
  facet normal -0 0.659406 0.751787
    outer loop
      vertex 80.96 63.8474 61.2399
      vertex 88.96 63.2574 61.7574
      vertex 88.96 63.8474 61.2399
    endloop
  endfacet
  facet normal 0 0.659406 0.751787
    outer loop
      vertex 88.96 63.2574 61.7574
      vertex 80.96 63.8474 61.2399
      vertex 80.96 63.2574 61.7574
    endloop
  endfacet
  facet normal 0 0.896885 0.442263
    outer loop
      vertex 88.96 62.3038 63
      vertex 80.96 61.9567 63.7039
      vertex 88.96 61.9567 63.7039
    endloop
  endfacet
  facet normal 0 0.896885 0.442263
    outer loop
      vertex 80.96 61.9567 63.7039
      vertex 88.96 62.3038 63
      vertex 80.96 62.3038 63
    endloop
  endfacet
  facet normal 0 0.980786 -0.195087
    outer loop
      vertex 88.96 61.5513 66.7832
      vertex 80.96 61.7044 67.5529
      vertex 88.96 61.7044 67.5529
    endloop
  endfacet
  facet normal 0 0.980786 -0.195087
    outer loop
      vertex 80.96 61.7044 67.5529
      vertex 88.96 61.5513 66.7832
      vertex 80.96 61.5513 66.7832
    endloop
  endfacet
  facet normal 0 -0.659406 0.751787
    outer loop
      vertex 80.96 71.7426 61.7574
      vertex 88.96 71.1526 61.2399
      vertex 88.96 71.7426 61.7574
    endloop
  endfacet
  facet normal 0 -0.659406 0.751787
    outer loop
      vertex 88.96 71.1526 61.2399
      vertex 80.96 71.7426 61.7574
      vertex 80.96 71.1526 61.2399
    endloop
  endfacet
  facet normal 0 -0.195087 0.980786
    outer loop
      vertex 80.96 69.0529 60.2044
      vertex 88.96 68.2832 60.0513
      vertex 88.96 69.0529 60.2044
    endloop
  endfacet
  facet normal 0 -0.195087 0.980786
    outer loop
      vertex 88.96 68.2832 60.0513
      vertex 80.96 69.0529 60.2044
      vertex 80.96 68.2832 60.0513
    endloop
  endfacet
  facet normal -0 0.195087 0.980786
    outer loop
      vertex 80.96 66.7168 60.0513
      vertex 88.96 65.9471 60.2044
      vertex 88.96 66.7168 60.0513
    endloop
  endfacet
  facet normal 0 0.195087 0.980786
    outer loop
      vertex 88.96 65.9471 60.2044
      vertex 80.96 66.7168 60.0513
      vertex 80.96 65.9471 60.2044
    endloop
  endfacet
  facet normal -0 0.0653605 0.997862
    outer loop
      vertex 80.96 67.5 60
      vertex 88.96 66.7168 60.0513
      vertex 88.96 67.5 60
    endloop
  endfacet
  facet normal 0 0.0653605 0.997862
    outer loop
      vertex 88.96 66.7168 60.0513
      vertex 80.96 67.5 60
      vertex 80.96 66.7168 60.0513
    endloop
  endfacet
  facet normal 0 -0.997862 0.0653605
    outer loop
      vertex 80.96 73.4487 65.2168
      vertex 88.96 73.5 66
      vertex 80.96 73.5 66
    endloop
  endfacet
  facet normal 0 -0.997862 0.0653605
    outer loop
      vertex 88.96 73.5 66
      vertex 80.96 73.4487 65.2168
      vertex 88.96 73.4487 65.2168
    endloop
  endfacet
  facet normal 0 0.751787 0.659406
    outer loop
      vertex 88.96 63.2574 61.7574
      vertex 80.96 62.7399 62.3474
      vertex 88.96 62.7399 62.3474
    endloop
  endfacet
  facet normal 0 0.751787 0.659406
    outer loop
      vertex 80.96 62.7399 62.3474
      vertex 88.96 63.2574 61.7574
      vertex 80.96 63.2574 61.7574
    endloop
  endfacet
  facet normal 0 -0.896885 0.442263
    outer loop
      vertex 80.96 72.6962 63
      vertex 88.96 73.0433 63.7039
      vertex 80.96 73.0433 63.7039
    endloop
  endfacet
  facet normal 0 -0.896885 0.442263
    outer loop
      vertex 88.96 73.0433 63.7039
      vertex 80.96 72.6962 63
      vertex 88.96 72.6962 63
    endloop
  endfacet
  facet normal 0 -0.831442 0.555611
    outer loop
      vertex 80.96 72.2601 62.3474
      vertex 88.96 72.6962 63
      vertex 80.96 72.6962 63
    endloop
  endfacet
  facet normal 0 -0.831442 0.555611
    outer loop
      vertex 88.96 72.6962 63
      vertex 80.96 72.2601 62.3474
      vertex 88.96 72.2601 62.3474
    endloop
  endfacet
  facet normal 0 0.997862 0.0653605
    outer loop
      vertex 88.96 61.5513 65.2168
      vertex 80.96 61.5 66
      vertex 88.96 61.5 66
    endloop
  endfacet
  facet normal 0 0.997862 0.0653605
    outer loop
      vertex 80.96 61.5 66
      vertex 88.96 61.5513 65.2168
      vertex 80.96 61.5513 65.2168
    endloop
  endfacet
  facet normal 1 0 0
    outer loop
      vertex 80.96 73.4487 66.7832
      vertex 80.96 73.4487 65.2168
      vertex 80.96 73.5 66
    endloop
  endfacet
  facet normal 1 0 0
    outer loop
      vertex 80.96 73.1438 68
      vertex 80.96 73.4487 66.7832
      vertex 80.96 73.2956 67.5529
    endloop
  endfacet
  facet normal 1 0 0
    outer loop
      vertex 80.96 73.4487 66.7832
      vertex 80.96 73.1438 68
      vertex 80.96 73.4487 65.2168
    endloop
  endfacet
  facet normal 1 0 0
    outer loop
      vertex 80.96 73.4487 65.2168
      vertex 80.96 73.1438 68
      vertex 80.96 73.2956 64.4471
    endloop
  endfacet
  facet normal 1 0 0
    outer loop
      vertex 80.96 73.1438 68
      vertex 80.96 73.0433 63.7039
      vertex 80.96 73.2956 64.4471
    endloop
  endfacet
  facet normal 1 0 0
    outer loop
      vertex 80.96 73.1438 68
      vertex 80.96 72.6962 63
      vertex 80.96 73.0433 63.7039
    endloop
  endfacet
  facet normal 1 0 0
    outer loop
      vertex 80.96 73.1438 68
      vertex 80.96 72.2601 62.3474
      vertex 80.96 72.6962 63
    endloop
  endfacet
  facet normal 1 0 0
    outer loop
      vertex 80.96 73.1438 68
      vertex 80.96 71.7426 61.7574
      vertex 80.96 72.2601 62.3474
    endloop
  endfacet
  facet normal 1 0 0
    outer loop
      vertex 80.96 73.1438 68
      vertex 80.96 71.1526 61.2399
      vertex 80.96 71.7426 61.7574
    endloop
  endfacet
  facet normal 1 0 0
    outer loop
      vertex 80.96 73.1438 68
      vertex 80.96 70.5 60.8038
      vertex 80.96 71.1526 61.2399
    endloop
  endfacet
  facet normal 1 0 0
    outer loop
      vertex 80.96 73.1438 68
      vertex 80.96 69.7961 60.4567
      vertex 80.96 70.5 60.8038
    endloop
  endfacet
  facet normal 1 0 0
    outer loop
      vertex 80.96 73.1438 68
      vertex 80.96 69.0529 60.2044
      vertex 80.96 69.7961 60.4567
    endloop
  endfacet
  facet normal 1 0 0
    outer loop
      vertex 80.96 73.1438 68
      vertex 80.96 68.2832 60.0513
      vertex 80.96 69.0529 60.2044
    endloop
  endfacet
  facet normal 1 0 0
    outer loop
      vertex 80.96 73.1438 68
      vertex 80.96 67.5 60
      vertex 80.96 68.2832 60.0513
    endloop
  endfacet
  facet normal 1 0 0
    outer loop
      vertex 80.96 73.1438 68
      vertex 80.96 66.7168 60.0513
      vertex 80.96 67.5 60
    endloop
  endfacet
  facet normal 1 0 0
    outer loop
      vertex 80.96 73.1438 68
      vertex 80.96 65.9471 60.2044
      vertex 80.96 66.7168 60.0513
    endloop
  endfacet
  facet normal 1 0 0
    outer loop
      vertex 80.96 73.1438 68
      vertex 80.96 65.2039 60.4567
      vertex 80.96 65.9471 60.2044
    endloop
  endfacet
  facet normal 1 0 0
    outer loop
      vertex 80.96 73.1438 68
      vertex 80.96 64.5 60.8038
      vertex 80.96 65.2039 60.4567
    endloop
  endfacet
  facet normal 1 0 0
    outer loop
      vertex 80.96 73.1438 68
      vertex 80.96 63.8474 61.2399
      vertex 80.96 64.5 60.8038
    endloop
  endfacet
  facet normal 1 0 0
    outer loop
      vertex 80.96 73.1438 68
      vertex 80.96 63.2574 61.7574
      vertex 80.96 63.8474 61.2399
    endloop
  endfacet
  facet normal 1 0 0
    outer loop
      vertex 80.96 73.1438 68
      vertex 80.96 62.7399 62.3474
      vertex 80.96 63.2574 61.7574
    endloop
  endfacet
  facet normal 1 0 0
    outer loop
      vertex 80.96 73.1438 68
      vertex 80.96 62.3038 63
      vertex 80.96 62.7399 62.3474
    endloop
  endfacet
  facet normal 1 0 0
    outer loop
      vertex 80.96 73.1438 68
      vertex 80.96 61.9567 63.7039
      vertex 80.96 62.3038 63
    endloop
  endfacet
  facet normal 1 -0 0
    outer loop
      vertex 80.96 61.8562 68
      vertex 80.96 61.9567 63.7039
      vertex 80.96 73.1438 68
    endloop
  endfacet
  facet normal 1 0 0
    outer loop
      vertex 80.96 61.5513 66.7832
      vertex 80.96 61.8562 68
      vertex 80.96 61.7044 67.5529
    endloop
  endfacet
  facet normal 1 0 0
    outer loop
      vertex 80.96 61.8562 68
      vertex 80.96 61.7044 64.4471
      vertex 80.96 61.9567 63.7039
    endloop
  endfacet
  facet normal 1 0 0
    outer loop
      vertex 80.96 61.8562 68
      vertex 80.96 61.5513 66.7832
      vertex 80.96 61.7044 64.4471
    endloop
  endfacet
  facet normal 1 0 0
    outer loop
      vertex 80.96 61.5513 66.7832
      vertex 80.96 61.5513 65.2168
      vertex 80.96 61.7044 64.4471
    endloop
  endfacet
  facet normal 1 0 -0
    outer loop
      vertex 80.96 61.5513 65.2168
      vertex 80.96 61.5513 66.7832
      vertex 80.96 61.5 66
    endloop
  endfacet
  facet normal 0 0.997862 -0.0653605
    outer loop
      vertex 88.96 61.5 66
      vertex 80.96 61.5513 66.7832
      vertex 88.96 61.5513 66.7832
    endloop
  endfacet
  facet normal 0 0.997862 -0.0653605
    outer loop
      vertex 80.96 61.5513 66.7832
      vertex 88.96 61.5 66
      vertex 80.96 61.5 66
    endloop
  endfacet
  facet normal -0 0.442263 0.896885
    outer loop
      vertex 80.96 65.2039 60.4567
      vertex 88.96 64.5 60.8038
      vertex 88.96 65.2039 60.4567
    endloop
  endfacet
  facet normal 0 0.442263 0.896885
    outer loop
      vertex 88.96 64.5 60.8038
      vertex 80.96 65.2039 60.4567
      vertex 80.96 64.5 60.8038
    endloop
  endfacet
  facet normal -1 0 0
    outer loop
      vertex 88.96 73.4487 65.2168
      vertex 88.96 73.4487 66.7832
      vertex 88.96 73.5 66
    endloop
  endfacet
  facet normal -1 0 0
    outer loop
      vertex 88.96 73.2956 64.4471
      vertex 88.96 73.4487 66.7832
      vertex 88.96 73.4487 65.2168
    endloop
  endfacet
  facet normal -1 0 0
    outer loop
      vertex 88.96 73.1438 68
      vertex 88.96 73.4487 66.7832
      vertex 88.96 73.2956 64.4471
    endloop
  endfacet
  facet normal -1 0 0
    outer loop
      vertex 88.96 73.4487 66.7832
      vertex 88.96 73.1438 68
      vertex 88.96 73.2956 67.5529
    endloop
  endfacet
  facet normal -1 0 0
    outer loop
      vertex 88.96 73.0433 63.7039
      vertex 88.96 73.1438 68
      vertex 88.96 73.2956 64.4471
    endloop
  endfacet
  facet normal -1 0 0
    outer loop
      vertex 88.96 72.6962 63
      vertex 88.96 73.1438 68
      vertex 88.96 73.0433 63.7039
    endloop
  endfacet
  facet normal -1 0 0
    outer loop
      vertex 88.96 72.2601 62.3474
      vertex 88.96 73.1438 68
      vertex 88.96 72.6962 63
    endloop
  endfacet
  facet normal -1 0 0
    outer loop
      vertex 88.96 71.7426 61.7574
      vertex 88.96 73.1438 68
      vertex 88.96 72.2601 62.3474
    endloop
  endfacet
  facet normal -1 0 0
    outer loop
      vertex 88.96 71.1526 61.2399
      vertex 88.96 73.1438 68
      vertex 88.96 71.7426 61.7574
    endloop
  endfacet
  facet normal -1 0 0
    outer loop
      vertex 88.96 70.5 60.8038
      vertex 88.96 73.1438 68
      vertex 88.96 71.1526 61.2399
    endloop
  endfacet
  facet normal -1 0 0
    outer loop
      vertex 88.96 69.7961 60.4567
      vertex 88.96 73.1438 68
      vertex 88.96 70.5 60.8038
    endloop
  endfacet
  facet normal -1 0 0
    outer loop
      vertex 88.96 69.0529 60.2044
      vertex 88.96 73.1438 68
      vertex 88.96 69.7961 60.4567
    endloop
  endfacet
  facet normal -1 0 0
    outer loop
      vertex 88.96 68.2832 60.0513
      vertex 88.96 73.1438 68
      vertex 88.96 69.0529 60.2044
    endloop
  endfacet
  facet normal -1 0 0
    outer loop
      vertex 88.96 67.5 60
      vertex 88.96 73.1438 68
      vertex 88.96 68.2832 60.0513
    endloop
  endfacet
  facet normal -1 0 0
    outer loop
      vertex 88.96 66.7168 60.0513
      vertex 88.96 73.1438 68
      vertex 88.96 67.5 60
    endloop
  endfacet
  facet normal -1 0 0
    outer loop
      vertex 88.96 65.9471 60.2044
      vertex 88.96 73.1438 68
      vertex 88.96 66.7168 60.0513
    endloop
  endfacet
  facet normal -1 0 0
    outer loop
      vertex 88.96 65.2039 60.4567
      vertex 88.96 73.1438 68
      vertex 88.96 65.9471 60.2044
    endloop
  endfacet
  facet normal -1 0 0
    outer loop
      vertex 88.96 64.5 60.8038
      vertex 88.96 73.1438 68
      vertex 88.96 65.2039 60.4567
    endloop
  endfacet
  facet normal -1 0 0
    outer loop
      vertex 88.96 63.8474 61.2399
      vertex 88.96 73.1438 68
      vertex 88.96 64.5 60.8038
    endloop
  endfacet
  facet normal -1 0 0
    outer loop
      vertex 88.96 63.2574 61.7574
      vertex 88.96 73.1438 68
      vertex 88.96 63.8474 61.2399
    endloop
  endfacet
  facet normal -1 0 0
    outer loop
      vertex 88.96 62.7399 62.3474
      vertex 88.96 73.1438 68
      vertex 88.96 63.2574 61.7574
    endloop
  endfacet
  facet normal -1 0 0
    outer loop
      vertex 88.96 62.3038 63
      vertex 88.96 73.1438 68
      vertex 88.96 62.7399 62.3474
    endloop
  endfacet
  facet normal -1 0 0
    outer loop
      vertex 88.96 61.9567 63.7039
      vertex 88.96 73.1438 68
      vertex 88.96 62.3038 63
    endloop
  endfacet
  facet normal -1 0 0
    outer loop
      vertex 88.96 61.9567 63.7039
      vertex 88.96 61.8562 68
      vertex 88.96 73.1438 68
    endloop
  endfacet
  facet normal -1 0 0
    outer loop
      vertex 88.96 61.7044 64.4471
      vertex 88.96 61.8562 68
      vertex 88.96 61.9567 63.7039
    endloop
  endfacet
  facet normal -1 0 0
    outer loop
      vertex 88.96 61.5513 65.2168
      vertex 88.96 61.8562 68
      vertex 88.96 61.7044 64.4471
    endloop
  endfacet
  facet normal -1 0 0
    outer loop
      vertex 88.96 61.5513 66.7832
      vertex 88.96 61.8562 68
      vertex 88.96 61.5513 65.2168
    endloop
  endfacet
  facet normal -1 0 0
    outer loop
      vertex 88.96 61.8562 68
      vertex 88.96 61.5513 66.7832
      vertex 88.96 61.7044 67.5529
    endloop
  endfacet
  facet normal -1 0 -0
    outer loop
      vertex 88.96 61.5513 66.7832
      vertex 88.96 61.5513 65.2168
      vertex 88.96 61.5 66
    endloop
  endfacet
  facet normal 0.896882 -0.44227 0
    outer loop
      vertex 31.2257 72.8576 6
      vertex 32.0356 74.5 0
      vertex 32.0356 74.5 6
    endloop
  endfacet
  facet normal 0.896882 -0.44227 0
    outer loop
      vertex 32.0356 74.5 0
      vertex 31.2257 72.8576 6
      vertex 31.2257 72.8576 0
    endloop
  endfacet
  facet normal -0.980792 -0.195055 0
    outer loop
      vertex 58.0402 69.3274 0
      vertex 57.683 71.1235 6
      vertex 57.683 71.1235 0
    endloop
  endfacet
  facet normal -0.980792 -0.195055 0
    outer loop
      vertex 57.683 71.1235 6
      vertex 58.0402 69.3274 0
      vertex 58.0402 69.3274 6
    endloop
  endfacet
  facet normal -0.997858 -0.0654172 0
    outer loop
      vertex 58.16 67.5 0
      vertex 58.0402 69.3274 6
      vertex 58.0402 69.3274 0
    endloop
  endfacet
  facet normal -0.997858 -0.0654172 0
    outer loop
      vertex 58.0402 69.3274 6
      vertex 58.16 67.5 0
      vertex 58.16 67.5 6
    endloop
  endfacet
  facet normal 0.555595 0.831453 -0
    outer loop
      vertex 37.16 55.3756 0
      vertex 35.6373 56.3931 6
      vertex 37.16 55.3756 6
    endloop
  endfacet
  facet normal 0.555595 0.831453 0
    outer loop
      vertex 35.6373 56.3931 6
      vertex 37.16 55.3756 0
      vertex 35.6373 56.3931 0
    endloop
  endfacet
  facet normal 0.321465 -0.946921 0
    outer loop
      vertex 38.8024 80.4343 0
      vertex 40.5365 81.023 6
      vertex 38.8024 80.4343 6
    endloop
  endfacet
  facet normal 0.321465 -0.946921 0
    outer loop
      vertex 40.5365 81.023 6
      vertex 38.8024 80.4343 0
      vertex 40.5365 81.023 0
    endloop
  endfacet
  facet normal 0.555595 -0.831453 0
    outer loop
      vertex 35.6373 78.6069 0
      vertex 37.16 79.6244 6
      vertex 35.6373 78.6069 6
    endloop
  endfacet
  facet normal 0.555595 -0.831453 0
    outer loop
      vertex 37.16 79.6244 6
      vertex 35.6373 78.6069 0
      vertex 37.16 79.6244 0
    endloop
  endfacet
  facet normal 0.659339 -0.751846 0
    outer loop
      vertex 34.2605 77.3995 0
      vertex 35.6373 78.6069 6
      vertex 34.2605 77.3995 6
    endloop
  endfacet
  facet normal 0.659339 -0.751846 0
    outer loop
      vertex 35.6373 78.6069 6
      vertex 34.2605 77.3995 0
      vertex 35.6373 78.6069 0
    endloop
  endfacet
  facet normal -0.44227 -0.896882 0
    outer loop
      vertex 49.5176 80.4343 0
      vertex 51.16 79.6244 6
      vertex 49.5176 80.4343 6
    endloop
  endfacet
  facet normal -0.44227 -0.896882 -0
    outer loop
      vertex 51.16 79.6244 6
      vertex 49.5176 80.4343 0
      vertex 51.16 79.6244 0
    endloop
  endfacet
  facet normal 0 0 -1
    outer loop
      vertex 58.0402 65.6726 6
      vertex 58.0402 69.3274 6
      vertex 58.16 67.5 6
    endloop
  endfacet
  facet normal 0 0 -1
    outer loop
      vertex 57.683 63.8765 6
      vertex 58.0402 69.3274 6
      vertex 58.0402 65.6726 6
    endloop
  endfacet
  facet normal 0 0 -1
    outer loop
      vertex 57.683 63.8765 6
      vertex 57.683 71.1235 6
      vertex 58.0402 69.3274 6
    endloop
  endfacet
  facet normal 0 0 -1
    outer loop
      vertex 57.0943 62.1424 6
      vertex 57.683 71.1235 6
      vertex 57.683 63.8765 6
    endloop
  endfacet
  facet normal 0 0 -1
    outer loop
      vertex 57.0943 62.1424 6
      vertex 57.0943 72.8576 6
      vertex 57.683 71.1235 6
    endloop
  endfacet
  facet normal 0 0 -1
    outer loop
      vertex 56.2844 60.5 6
      vertex 57.0943 72.8576 6
      vertex 57.0943 62.1424 6
    endloop
  endfacet
  facet normal 0 0 -1
    outer loop
      vertex 56.2844 60.5 6
      vertex 56.2844 74.5 6
      vertex 57.0943 72.8576 6
    endloop
  endfacet
  facet normal 0 0 -1
    outer loop
      vertex 55.2669 58.9773 6
      vertex 56.2844 74.5 6
      vertex 56.2844 60.5 6
    endloop
  endfacet
  facet normal 0 0 -1
    outer loop
      vertex 55.2669 58.9773 6
      vertex 55.2669 76.0227 6
      vertex 56.2844 74.5 6
    endloop
  endfacet
  facet normal 0 0 -1
    outer loop
      vertex 54.0595 57.6005 6
      vertex 55.2669 76.0227 6
      vertex 55.2669 58.9773 6
    endloop
  endfacet
  facet normal 0 0 -1
    outer loop
      vertex 54.0595 57.6005 6
      vertex 54.0595 77.3995 6
      vertex 55.2669 76.0227 6
    endloop
  endfacet
  facet normal 0 0 -1
    outer loop
      vertex 52.6827 56.3931 6
      vertex 54.0595 77.3995 6
      vertex 54.0595 57.6005 6
    endloop
  endfacet
  facet normal 0 0 -1
    outer loop
      vertex 52.6827 56.3931 6
      vertex 52.6827 78.6069 6
      vertex 54.0595 77.3995 6
    endloop
  endfacet
  facet normal 0 0 -1
    outer loop
      vertex 51.16 55.3756 6
      vertex 52.6827 78.6069 6
      vertex 52.6827 56.3931 6
    endloop
  endfacet
  facet normal 0 0 -1
    outer loop
      vertex 51.16 55.3756 6
      vertex 51.16 79.6244 6
      vertex 52.6827 78.6069 6
    endloop
  endfacet
  facet normal 0 0 -1
    outer loop
      vertex 49.5176 54.5657 6
      vertex 51.16 79.6244 6
      vertex 51.16 55.3756 6
    endloop
  endfacet
  facet normal 0 0 -1
    outer loop
      vertex 49.5176 54.5657 6
      vertex 49.5176 80.4343 6
      vertex 51.16 79.6244 6
    endloop
  endfacet
  facet normal 0 0 -1
    outer loop
      vertex 47.7835 53.977 6
      vertex 49.5176 80.4343 6
      vertex 49.5176 54.5657 6
    endloop
  endfacet
  facet normal 0 0 -1
    outer loop
      vertex 47.7835 53.977 6
      vertex 47.7835 81.023 6
      vertex 49.5176 80.4343 6
    endloop
  endfacet
  facet normal 0 0 -1
    outer loop
      vertex 45.9874 53.6198 6
      vertex 47.7835 81.023 6
      vertex 47.7835 53.977 6
    endloop
  endfacet
  facet normal 0 0 -1
    outer loop
      vertex 45.9874 53.6198 6
      vertex 45.9874 81.3802 6
      vertex 47.7835 81.023 6
    endloop
  endfacet
  facet normal 0 0 -1
    outer loop
      vertex 44.16 53.5 6
      vertex 45.9874 81.3802 6
      vertex 45.9874 53.6198 6
    endloop
  endfacet
  facet normal 0 0 -1
    outer loop
      vertex 44.16 53.5 6
      vertex 44.16 81.5 6
      vertex 45.9874 81.3802 6
    endloop
  endfacet
  facet normal 0 0 -1
    outer loop
      vertex 42.3326 53.6198 6
      vertex 44.16 81.5 6
      vertex 44.16 53.5 6
    endloop
  endfacet
  facet normal 0 0 -1
    outer loop
      vertex 42.3326 53.6198 6
      vertex 42.3326 81.3802 6
      vertex 44.16 81.5 6
    endloop
  endfacet
  facet normal 0 0 -1
    outer loop
      vertex 40.5365 53.977 6
      vertex 42.3326 81.3802 6
      vertex 42.3326 53.6198 6
    endloop
  endfacet
  facet normal 0 0 -1
    outer loop
      vertex 40.5365 53.977 6
      vertex 40.5365 81.023 6
      vertex 42.3326 81.3802 6
    endloop
  endfacet
  facet normal 0 0 -1
    outer loop
      vertex 38.8024 54.5657 6
      vertex 40.5365 81.023 6
      vertex 40.5365 53.977 6
    endloop
  endfacet
  facet normal 0 0 -1
    outer loop
      vertex 38.8024 54.5657 6
      vertex 38.8024 80.4343 6
      vertex 40.5365 81.023 6
    endloop
  endfacet
  facet normal 0 0 -1
    outer loop
      vertex 37.16 55.3756 6
      vertex 38.8024 80.4343 6
      vertex 38.8024 54.5657 6
    endloop
  endfacet
  facet normal 0 0 -1
    outer loop
      vertex 37.16 55.3756 6
      vertex 37.16 79.6244 6
      vertex 38.8024 80.4343 6
    endloop
  endfacet
  facet normal 0 0 -1
    outer loop
      vertex 35.6373 56.3931 6
      vertex 37.16 79.6244 6
      vertex 37.16 55.3756 6
    endloop
  endfacet
  facet normal 0 0 -1
    outer loop
      vertex 35.6373 56.3931 6
      vertex 35.6373 78.6069 6
      vertex 37.16 79.6244 6
    endloop
  endfacet
  facet normal 0 0 -1
    outer loop
      vertex 34.2605 57.6005 6
      vertex 35.6373 78.6069 6
      vertex 35.6373 56.3931 6
    endloop
  endfacet
  facet normal 0 0 -1
    outer loop
      vertex 34.2605 57.6005 6
      vertex 34.2605 77.3995 6
      vertex 35.6373 78.6069 6
    endloop
  endfacet
  facet normal 0 0 -1
    outer loop
      vertex 33.0531 58.9773 6
      vertex 34.2605 77.3995 6
      vertex 34.2605 57.6005 6
    endloop
  endfacet
  facet normal 0 0 -1
    outer loop
      vertex 33.0531 58.9773 6
      vertex 33.0531 76.0227 6
      vertex 34.2605 77.3995 6
    endloop
  endfacet
  facet normal 0 0 -1
    outer loop
      vertex 32.0356 60.5 6
      vertex 33.0531 76.0227 6
      vertex 33.0531 58.9773 6
    endloop
  endfacet
  facet normal 0 0 -1
    outer loop
      vertex 32.0356 60.5 6
      vertex 32.0356 74.5 6
      vertex 33.0531 76.0227 6
    endloop
  endfacet
  facet normal 0 0 -1
    outer loop
      vertex 31.2257 62.1424 6
      vertex 32.0356 74.5 6
      vertex 32.0356 60.5 6
    endloop
  endfacet
  facet normal 0 0 -1
    outer loop
      vertex 31.2257 62.1424 6
      vertex 31.2257 72.8576 6
      vertex 32.0356 74.5 6
    endloop
  endfacet
  facet normal 0 0 -1
    outer loop
      vertex 30.637 63.8765 6
      vertex 31.2257 72.8576 6
      vertex 31.2257 62.1424 6
    endloop
  endfacet
  facet normal 0 0 -1
    outer loop
      vertex 30.637 63.8765 6
      vertex 30.637 71.1235 6
      vertex 31.2257 72.8576 6
    endloop
  endfacet
  facet normal 0 0 -1
    outer loop
      vertex 30.2798 65.6726 6
      vertex 30.637 71.1235 6
      vertex 30.637 63.8765 6
    endloop
  endfacet
  facet normal 0 0 -1
    outer loop
      vertex 30.2798 65.6726 6
      vertex 30.2798 69.3274 6
      vertex 30.637 71.1235 6
    endloop
  endfacet
  facet normal 0 -0 -1
    outer loop
      vertex 30.2798 69.3274 6
      vertex 30.2798 65.6726 6
      vertex 30.16 67.5 6
    endloop
  endfacet
  facet normal -0.896882 0.44227 0
    outer loop
      vertex 56.2844 60.5 0
      vertex 57.0943 62.1424 6
      vertex 57.0943 62.1424 0
    endloop
  endfacet
  facet normal -0.896882 0.44227 0
    outer loop
      vertex 57.0943 62.1424 6
      vertex 56.2844 60.5 0
      vertex 56.2844 60.5 6
    endloop
  endfacet
  facet normal -0.195055 0.980792 0
    outer loop
      vertex 47.7835 53.977 0
      vertex 45.9874 53.6198 6
      vertex 47.7835 53.977 6
    endloop
  endfacet
  facet normal -0.195055 0.980792 0
    outer loop
      vertex 45.9874 53.6198 6
      vertex 47.7835 53.977 0
      vertex 45.9874 53.6198 0
    endloop
  endfacet
  facet normal 0.751846 0.659339 0
    outer loop
      vertex 34.2605 57.6005 6
      vertex 33.0531 58.9773 0
      vertex 33.0531 58.9773 6
    endloop
  endfacet
  facet normal 0.751846 0.659339 0
    outer loop
      vertex 33.0531 58.9773 0
      vertex 34.2605 57.6005 6
      vertex 34.2605 57.6005 0
    endloop
  endfacet
  facet normal -0.659339 -0.751846 0
    outer loop
      vertex 52.6827 78.6069 0
      vertex 54.0595 77.3995 6
      vertex 52.6827 78.6069 6
    endloop
  endfacet
  facet normal -0.659339 -0.751846 -0
    outer loop
      vertex 54.0595 77.3995 6
      vertex 52.6827 78.6069 0
      vertex 54.0595 77.3995 0
    endloop
  endfacet
  facet normal 0.831453 0.555595 0
    outer loop
      vertex 33.0531 58.9773 6
      vertex 32.0356 60.5 0
      vertex 32.0356 60.5 6
    endloop
  endfacet
  facet normal 0.831453 0.555595 0
    outer loop
      vertex 32.0356 60.5 0
      vertex 33.0531 58.9773 6
      vertex 33.0531 58.9773 0
    endloop
  endfacet
  facet normal -0.659339 0.751846 0
    outer loop
      vertex 54.0595 57.6005 0
      vertex 52.6827 56.3931 6
      vertex 54.0595 57.6005 6
    endloop
  endfacet
  facet normal -0.659339 0.751846 0
    outer loop
      vertex 52.6827 56.3931 6
      vertex 54.0595 57.6005 0
      vertex 52.6827 56.3931 0
    endloop
  endfacet
  facet normal 0.980792 0.195055 0
    outer loop
      vertex 30.637 63.8765 6
      vertex 30.2798 65.6726 0
      vertex 30.2798 65.6726 6
    endloop
  endfacet
  facet normal 0.980792 0.195055 0
    outer loop
      vertex 30.2798 65.6726 0
      vertex 30.637 63.8765 6
      vertex 30.637 63.8765 0
    endloop
  endfacet
  facet normal -0.831453 0.555595 0
    outer loop
      vertex 55.2669 58.9773 0
      vertex 56.2844 60.5 6
      vertex 56.2844 60.5 0
    endloop
  endfacet
  facet normal -0.831453 0.555595 0
    outer loop
      vertex 56.2844 60.5 6
      vertex 55.2669 58.9773 0
      vertex 55.2669 58.9773 6
    endloop
  endfacet
  facet normal 0.946921 0.321465 0
    outer loop
      vertex 31.2257 62.1424 6
      vertex 30.637 63.8765 0
      vertex 30.637 63.8765 6
    endloop
  endfacet
  facet normal 0.946921 0.321465 0
    outer loop
      vertex 30.637 63.8765 0
      vertex 31.2257 62.1424 6
      vertex 31.2257 62.1424 0
    endloop
  endfacet
  facet normal -0.44227 0.896882 0
    outer loop
      vertex 51.16 55.3756 0
      vertex 49.5176 54.5657 6
      vertex 51.16 55.3756 6
    endloop
  endfacet
  facet normal -0.44227 0.896882 0
    outer loop
      vertex 49.5176 54.5657 6
      vertex 51.16 55.3756 0
      vertex 49.5176 54.5657 0
    endloop
  endfacet
  facet normal -0.321465 -0.946921 0
    outer loop
      vertex 47.7835 81.023 0
      vertex 49.5176 80.4343 6
      vertex 47.7835 81.023 6
    endloop
  endfacet
  facet normal -0.321465 -0.946921 -0
    outer loop
      vertex 49.5176 80.4343 6
      vertex 47.7835 81.023 0
      vertex 49.5176 80.4343 0
    endloop
  endfacet
  facet normal 0.997858 -0.0654172 0
    outer loop
      vertex 30.16 67.5 6
      vertex 30.2798 69.3274 0
      vertex 30.2798 69.3274 6
    endloop
  endfacet
  facet normal 0.997858 -0.0654172 0
    outer loop
      vertex 30.2798 69.3274 0
      vertex 30.16 67.5 6
      vertex 30.16 67.5 0
    endloop
  endfacet
  facet normal -0.831453 -0.555595 0
    outer loop
      vertex 56.2844 74.5 0
      vertex 55.2669 76.0227 6
      vertex 55.2669 76.0227 0
    endloop
  endfacet
  facet normal -0.831453 -0.555595 0
    outer loop
      vertex 55.2669 76.0227 6
      vertex 56.2844 74.5 0
      vertex 56.2844 74.5 6
    endloop
  endfacet
  facet normal 0.997858 0.0654172 0
    outer loop
      vertex 30.2798 65.6726 6
      vertex 30.16 67.5 0
      vertex 30.16 67.5 6
    endloop
  endfacet
  facet normal 0.997858 0.0654172 0
    outer loop
      vertex 30.16 67.5 0
      vertex 30.2798 65.6726 6
      vertex 30.2798 65.6726 0
    endloop
  endfacet
  facet normal 0.0654172 -0.997858 0
    outer loop
      vertex 42.3326 81.3802 0
      vertex 44.16 81.5 6
      vertex 42.3326 81.3802 6
    endloop
  endfacet
  facet normal 0.0654172 -0.997858 0
    outer loop
      vertex 44.16 81.5 6
      vertex 42.3326 81.3802 0
      vertex 44.16 81.5 0
    endloop
  endfacet
  facet normal 0.195055 0.980792 -0
    outer loop
      vertex 42.3326 53.6198 0
      vertex 40.5365 53.977 6
      vertex 42.3326 53.6198 6
    endloop
  endfacet
  facet normal 0.195055 0.980792 0
    outer loop
      vertex 40.5365 53.977 6
      vertex 42.3326 53.6198 0
      vertex 40.5365 53.977 0
    endloop
  endfacet
  facet normal 0.751846 -0.659339 0
    outer loop
      vertex 33.0531 76.0227 6
      vertex 34.2605 77.3995 0
      vertex 34.2605 77.3995 6
    endloop
  endfacet
  facet normal 0.751846 -0.659339 0
    outer loop
      vertex 34.2605 77.3995 0
      vertex 33.0531 76.0227 6
      vertex 33.0531 76.0227 0
    endloop
  endfacet
  facet normal -0.997858 0.0654172 0
    outer loop
      vertex 58.0402 65.6726 0
      vertex 58.16 67.5 6
      vertex 58.16 67.5 0
    endloop
  endfacet
  facet normal -0.997858 0.0654172 0
    outer loop
      vertex 58.16 67.5 6
      vertex 58.0402 65.6726 0
      vertex 58.0402 65.6726 6
    endloop
  endfacet
  facet normal -0.555595 -0.831453 0
    outer loop
      vertex 51.16 79.6244 0
      vertex 52.6827 78.6069 6
      vertex 51.16 79.6244 6
    endloop
  endfacet
  facet normal -0.555595 -0.831453 -0
    outer loop
      vertex 52.6827 78.6069 6
      vertex 51.16 79.6244 0
      vertex 52.6827 78.6069 0
    endloop
  endfacet
  facet normal -0.195055 -0.980792 0
    outer loop
      vertex 45.9874 81.3802 0
      vertex 47.7835 81.023 6
      vertex 45.9874 81.3802 6
    endloop
  endfacet
  facet normal -0.195055 -0.980792 -0
    outer loop
      vertex 47.7835 81.023 6
      vertex 45.9874 81.3802 0
      vertex 47.7835 81.023 0
    endloop
  endfacet
  facet normal 0.946921 -0.321465 0
    outer loop
      vertex 30.637 71.1235 6
      vertex 31.2257 72.8576 0
      vertex 31.2257 72.8576 6
    endloop
  endfacet
  facet normal 0.946921 -0.321465 0
    outer loop
      vertex 31.2257 72.8576 0
      vertex 30.637 71.1235 6
      vertex 30.637 71.1235 0
    endloop
  endfacet
  facet normal 0.44227 0.896882 -0
    outer loop
      vertex 38.8024 54.5657 0
      vertex 37.16 55.3756 6
      vertex 38.8024 54.5657 6
    endloop
  endfacet
  facet normal 0.44227 0.896882 0
    outer loop
      vertex 37.16 55.3756 6
      vertex 38.8024 54.5657 0
      vertex 37.16 55.3756 0
    endloop
  endfacet
  facet normal -0.980792 0.195055 0
    outer loop
      vertex 57.683 63.8765 0
      vertex 58.0402 65.6726 6
      vertex 58.0402 65.6726 0
    endloop
  endfacet
  facet normal -0.980792 0.195055 0
    outer loop
      vertex 58.0402 65.6726 6
      vertex 57.683 63.8765 0
      vertex 57.683 63.8765 6
    endloop
  endfacet
  facet normal -0.751846 0.659339 0
    outer loop
      vertex 54.0595 57.6005 0
      vertex 55.2669 58.9773 6
      vertex 55.2669 58.9773 0
    endloop
  endfacet
  facet normal -0.751846 0.659339 0
    outer loop
      vertex 55.2669 58.9773 6
      vertex 54.0595 57.6005 0
      vertex 54.0595 57.6005 6
    endloop
  endfacet
  facet normal -0.555595 0.831453 0
    outer loop
      vertex 52.6827 56.3931 0
      vertex 51.16 55.3756 6
      vertex 52.6827 56.3931 6
    endloop
  endfacet
  facet normal -0.555595 0.831453 0
    outer loop
      vertex 51.16 55.3756 6
      vertex 52.6827 56.3931 0
      vertex 51.16 55.3756 0
    endloop
  endfacet
  facet normal 0.44227 -0.896882 0
    outer loop
      vertex 37.16 79.6244 0
      vertex 38.8024 80.4343 6
      vertex 37.16 79.6244 6
    endloop
  endfacet
  facet normal 0.44227 -0.896882 0
    outer loop
      vertex 38.8024 80.4343 6
      vertex 37.16 79.6244 0
      vertex 38.8024 80.4343 0
    endloop
  endfacet
  facet normal 0.896882 0.44227 0
    outer loop
      vertex 32.0356 60.5 6
      vertex 31.2257 62.1424 0
      vertex 31.2257 62.1424 6
    endloop
  endfacet
  facet normal 0.896882 0.44227 0
    outer loop
      vertex 31.2257 62.1424 0
      vertex 32.0356 60.5 6
      vertex 32.0356 60.5 0
    endloop
  endfacet
  facet normal 0.659339 0.751846 -0
    outer loop
      vertex 35.6373 56.3931 0
      vertex 34.2605 57.6005 6
      vertex 35.6373 56.3931 6
    endloop
  endfacet
  facet normal 0.659339 0.751846 0
    outer loop
      vertex 34.2605 57.6005 6
      vertex 35.6373 56.3931 0
      vertex 34.2605 57.6005 0
    endloop
  endfacet
  facet normal -0.321465 0.946921 0
    outer loop
      vertex 49.5176 54.5657 0
      vertex 47.7835 53.977 6
      vertex 49.5176 54.5657 6
    endloop
  endfacet
  facet normal -0.321465 0.946921 0
    outer loop
      vertex 47.7835 53.977 6
      vertex 49.5176 54.5657 0
      vertex 47.7835 53.977 0
    endloop
  endfacet
  facet normal 0.831453 -0.555595 0
    outer loop
      vertex 32.0356 74.5 6
      vertex 33.0531 76.0227 0
      vertex 33.0531 76.0227 6
    endloop
  endfacet
  facet normal 0.831453 -0.555595 0
    outer loop
      vertex 33.0531 76.0227 0
      vertex 32.0356 74.5 6
      vertex 32.0356 74.5 0
    endloop
  endfacet
  facet normal -0.896882 -0.44227 0
    outer loop
      vertex 57.0943 72.8576 0
      vertex 56.2844 74.5 6
      vertex 56.2844 74.5 0
    endloop
  endfacet
  facet normal -0.896882 -0.44227 0
    outer loop
      vertex 56.2844 74.5 6
      vertex 57.0943 72.8576 0
      vertex 57.0943 72.8576 6
    endloop
  endfacet
  facet normal -0.0654172 0.997858 0
    outer loop
      vertex 45.9874 53.6198 0
      vertex 44.16 53.5 6
      vertex 45.9874 53.6198 6
    endloop
  endfacet
  facet normal -0.0654172 0.997858 0
    outer loop
      vertex 44.16 53.5 6
      vertex 45.9874 53.6198 0
      vertex 44.16 53.5 0
    endloop
  endfacet
  facet normal -0.751846 -0.659339 0
    outer loop
      vertex 55.2669 76.0227 0
      vertex 54.0595 77.3995 6
      vertex 54.0595 77.3995 0
    endloop
  endfacet
  facet normal -0.751846 -0.659339 0
    outer loop
      vertex 54.0595 77.3995 6
      vertex 55.2669 76.0227 0
      vertex 55.2669 76.0227 6
    endloop
  endfacet
  facet normal -0.946921 -0.321465 0
    outer loop
      vertex 57.683 71.1235 0
      vertex 57.0943 72.8576 6
      vertex 57.0943 72.8576 0
    endloop
  endfacet
  facet normal -0.946921 -0.321465 0
    outer loop
      vertex 57.0943 72.8576 6
      vertex 57.683 71.1235 0
      vertex 57.683 71.1235 6
    endloop
  endfacet
  facet normal 0.980792 -0.195055 0
    outer loop
      vertex 30.2798 69.3274 6
      vertex 30.637 71.1235 0
      vertex 30.637 71.1235 6
    endloop
  endfacet
  facet normal 0.980792 -0.195055 0
    outer loop
      vertex 30.637 71.1235 0
      vertex 30.2798 69.3274 6
      vertex 30.2798 69.3274 0
    endloop
  endfacet
  facet normal -0.0654172 -0.997858 0
    outer loop
      vertex 44.16 81.5 0
      vertex 45.9874 81.3802 6
      vertex 44.16 81.5 6
    endloop
  endfacet
  facet normal -0.0654172 -0.997858 -0
    outer loop
      vertex 45.9874 81.3802 6
      vertex 44.16 81.5 0
      vertex 45.9874 81.3802 0
    endloop
  endfacet
  facet normal 0.195055 -0.980792 0
    outer loop
      vertex 40.5365 81.023 0
      vertex 42.3326 81.3802 6
      vertex 40.5365 81.023 6
    endloop
  endfacet
  facet normal 0.195055 -0.980792 0
    outer loop
      vertex 42.3326 81.3802 6
      vertex 40.5365 81.023 0
      vertex 42.3326 81.3802 0
    endloop
  endfacet
  facet normal -0.946921 0.321465 0
    outer loop
      vertex 57.0943 62.1424 0
      vertex 57.683 63.8765 6
      vertex 57.683 63.8765 0
    endloop
  endfacet
  facet normal -0.946921 0.321465 0
    outer loop
      vertex 57.683 63.8765 6
      vertex 57.0943 62.1424 0
      vertex 57.0943 62.1424 6
    endloop
  endfacet
  facet normal 0.321465 0.946921 -0
    outer loop
      vertex 40.5365 53.977 0
      vertex 38.8024 54.5657 6
      vertex 40.5365 53.977 6
    endloop
  endfacet
  facet normal 0.321465 0.946921 0
    outer loop
      vertex 38.8024 54.5657 6
      vertex 40.5365 53.977 0
      vertex 38.8024 54.5657 0
    endloop
  endfacet
  facet normal 0.0654172 0.997858 -0
    outer loop
      vertex 44.16 53.5 0
      vertex 42.3326 53.6198 6
      vertex 44.16 53.5 6
    endloop
  endfacet
  facet normal 0.0654172 0.997858 0
    outer loop
      vertex 42.3326 53.6198 6
      vertex 44.16 53.5 0
      vertex 42.3326 53.6198 0
    endloop
  endfacet
endsolid OpenSCAD_Model
