solid OpenSCAD_Model
  facet normal 0.555575 0 -0.831466
    outer loop
      vertex 20.0781 -8.31662 1.98338
      vertex 20.35 8.42925 2.16506
      vertex 20.35 -8.42925 2.16506
    endloop
  endfacet
  facet normal 0.555575 0 -0.831466
    outer loop
      vertex 20.35 8.42925 2.16506
      vertex 20.0781 -8.31662 1.98338
      vertex 20.0781 8.31662 1.98338
    endloop
  endfacet
  facet normal 0.554963 0 -0.831875
    outer loop
      vertex 20.35 12 2.16506
      vertex 20.35 11.9648 2.16506
      vertex 20.3354 12 2.15532
    endloop
  endfacet
  facet normal 0.554963 0 -0.831875
    outer loop
      vertex 20.35 -11.9648 2.16506
      vertex 20.35 -12 2.16506
      vertex 20.3354 -12 2.15532
    endloop
  endfacet
  facet normal -0.980784 0 -0.195097
    outer loop
      vertex 24.0786 9.97369 0.326315
      vertex 24.0148 12 0.647047
      vertex 24.0786 12 0.326315
    endloop
  endfacet
  facet normal -0.980784 -0 -0.195097
    outer loop
      vertex 24.0148 12 0.647047
      vertex 24.0786 9.97369 0.326315
      vertex 24.0148 9.94726 0.647047
    endloop
  endfacet
  facet normal -0.980784 0 -0.195097
    outer loop
      vertex 24.0148 -12 0.647047
      vertex 24.0786 -9.97369 0.326315
      vertex 24.0786 -12 0.326315
    endloop
  endfacet
  facet normal -0.980784 0 -0.195097
    outer loop
      vertex 24.0786 -9.97369 0.326315
      vertex 24.0148 -12 0.647047
      vertex 24.0148 -9.94726 0.647047
    endloop
  endfacet
  facet normal -0.980784 0 -0.195097
    outer loop
      vertex 24.0786 4.27962 0.326315
      vertex 24.0148 -4.21582 0.647047
      vertex 24.0148 4.21582 0.647047
    endloop
  endfacet
  facet normal -0.980784 0 -0.195097
    outer loop
      vertex 24.0148 -4.21582 0.647047
      vertex 24.0786 4.27962 0.326315
      vertex 24.0786 -4.27962 0.326315
    endloop
  endfacet
  facet normal -0.997856 0 -0.0654402
    outer loop
      vertex 24.1 9.98255 0
      vertex 24.0786 12 0.326315
      vertex 24.1 12 0
    endloop
  endfacet
  facet normal -0.997856 -0 -0.0654402
    outer loop
      vertex 24.0786 12 0.326315
      vertex 24.1 9.98255 0
      vertex 24.0786 9.97369 0.326315
    endloop
  endfacet
  facet normal -0.997856 0 -0.0654402
    outer loop
      vertex 24.0786 -12 0.326315
      vertex 24.1 -9.98255 0
      vertex 24.1 -12 0
    endloop
  endfacet
  facet normal -0.997856 0 -0.0654402
    outer loop
      vertex 24.1 -9.98255 0
      vertex 24.0786 -12 0.326315
      vertex 24.0786 -9.97369 0.326315
    endloop
  endfacet
  facet normal -0.997856 0 -0.0654402
    outer loop
      vertex 24.1 4.30101 0
      vertex 24.0786 -4.27962 0.326315
      vertex 24.0786 4.27962 0.326315
    endloop
  endfacet
  facet normal -0.997856 0 -0.0654402
    outer loop
      vertex 24.0786 -4.27962 0.326315
      vertex 24.1 4.30101 0
      vertex 24.1 -4.30101 0
    endloop
  endfacet
  facet normal 0.659279 0 0.751898
    outer loop
      vertex 19.8322 8.21478 -1.76777
      vertex 20.0781 -8.31662 -1.98338
      vertex 20.0781 8.31662 -1.98338
    endloop
  endfacet
  facet normal 0.659279 0 0.751898
    outer loop
      vertex 20.0781 -8.31662 -1.98338
      vertex 19.8322 8.21478 -1.76777
      vertex 19.8322 -8.21478 -1.76777
    endloop
  endfacet
  facet normal -0.555575 0 0.831466
    outer loop
      vertex 22.85 5.92925 -2.16506
      vertex 23.1219 -5.27281 -1.98338
      vertex 23.1219 5.27281 -1.98338
    endloop
  endfacet
  facet normal -0.555575 0 0.831466
    outer loop
      vertex 23.1219 -5.27281 -1.98338
      vertex 22.85 5.92925 -2.16506
      vertex 22.85 -5.92925 -2.16506
    endloop
  endfacet
  facet normal -0.555575 0 0.831466
    outer loop
      vertex 22.85 12 -2.16506
      vertex 23.1219 9.5774 -1.98338
      vertex 23.1219 12 -1.98338
    endloop
  endfacet
  facet normal -0.555575 0 0.831466
    outer loop
      vertex 23.1219 9.5774 -1.98338
      vertex 22.85 12 -2.16506
      vertex 22.85 9.46478 -2.16506
    endloop
  endfacet
  facet normal -0.555575 0 0.831466
    outer loop
      vertex 22.85 -12 -2.16506
      vertex 23.1219 -9.5774 -1.98338
      vertex 22.85 -9.46478 -2.16506
    endloop
  endfacet
  facet normal -0.555575 0 0.831466
    outer loop
      vertex 23.1219 -9.5774 -1.98338
      vertex 22.85 -12 -2.16506
      vertex 23.1219 -12 -1.98338
    endloop
  endfacet
  facet normal 0.555575 0 0.831466
    outer loop
      vertex 20.0781 8.31662 -1.98338
      vertex 20.35 -8.42925 -2.16506
      vertex 20.35 8.42925 -2.16506
    endloop
  endfacet
  facet normal 0.555575 0 0.831466
    outer loop
      vertex 20.35 -8.42925 -2.16506
      vertex 20.0781 8.31662 -1.98338
      vertex 20.0781 -8.31662 -1.98338
    endloop
  endfacet
  facet normal 0.554963 -0 0.831875
    outer loop
      vertex 20.35 11.9648 -2.16506
      vertex 20.35 12 -2.16506
      vertex 20.3354 12 -2.15532
    endloop
  endfacet
  facet normal 0.554963 -0 0.831875
    outer loop
      vertex 20.35 -12 -2.16506
      vertex 20.35 -11.9648 -2.16506
      vertex 20.3354 -12 -2.15532
    endloop
  endfacet
  facet normal -0.659279 0 -0.751898
    outer loop
      vertex 23.1219 -5.27281 1.98338
      vertex 23.3678 4.67925 1.76777
      vertex 23.3678 -4.67925 1.76777
    endloop
  endfacet
  facet normal -0.659279 0 -0.751898
    outer loop
      vertex 23.3678 4.67925 1.76777
      vertex 23.1219 -5.27281 1.98338
      vertex 23.1219 5.27281 1.98338
    endloop
  endfacet
  facet normal -0.659279 -0 -0.751898
    outer loop
      vertex 23.1219 12 1.98338
      vertex 23.3678 9.67925 1.76777
      vertex 23.1219 9.5774 1.98338
    endloop
  endfacet
  facet normal -0.659279 0 -0.751898
    outer loop
      vertex 23.3678 9.67925 1.76777
      vertex 23.1219 12 1.98338
      vertex 23.3678 12 1.76777
    endloop
  endfacet
  facet normal -0.659279 0 -0.751898
    outer loop
      vertex 23.1219 -12 1.98338
      vertex 23.3678 -9.67925 1.76777
      vertex 23.3678 -12 1.76777
    endloop
  endfacet
  facet normal -0.659279 0 -0.751898
    outer loop
      vertex 23.3678 -9.67925 1.76777
      vertex 23.1219 -12 1.98338
      vertex 23.1219 -9.5774 1.98338
    endloop
  endfacet
  facet normal -0.321387 0 -0.946948
    outer loop
      vertex 22.247 -7.3849 2.41481
      vertex 22.5567 6.63731 2.3097
      vertex 22.5567 -6.63731 2.3097
    endloop
  endfacet
  facet normal -0.321387 0 -0.946948
    outer loop
      vertex 22.5567 6.63731 2.3097
      vertex 22.247 -7.3849 2.41481
      vertex 22.247 7.3849 2.41481
    endloop
  endfacet
  facet normal -0.321387 -0 -0.946948
    outer loop
      vertex 22.247 12 2.41481
      vertex 22.5567 9.34329 2.3097
      vertex 22.247 9.21503 2.41481
    endloop
  endfacet
  facet normal -0.321387 0 -0.946948
    outer loop
      vertex 22.5567 9.34329 2.3097
      vertex 22.247 12 2.41481
      vertex 22.5567 12 2.3097
    endloop
  endfacet
  facet normal -0.321387 0 -0.946948
    outer loop
      vertex 22.247 -12 2.41481
      vertex 22.5567 -9.34329 2.3097
      vertex 22.5567 -12 2.3097
    endloop
  endfacet
  facet normal -0.321387 0 -0.946948
    outer loop
      vertex 22.5567 -9.34329 2.3097
      vertex 22.247 -12 2.41481
      vertex 22.247 -9.21503 2.41481
    endloop
  endfacet
  facet normal -0.997856 0 0.0654402
    outer loop
      vertex 24.0786 12 -0.326315
      vertex 24.1 9.98255 0
      vertex 24.1 12 0
    endloop
  endfacet
  facet normal -0.997856 0 0.0654402
    outer loop
      vertex 24.1 9.98255 0
      vertex 24.0786 12 -0.326315
      vertex 24.0786 9.97369 -0.326315
    endloop
  endfacet
  facet normal -0.997856 0 0.0654402
    outer loop
      vertex 24.0786 -12 -0.326315
      vertex 24.1 -9.98255 0
      vertex 24.0786 -9.97369 -0.326315
    endloop
  endfacet
  facet normal -0.997856 0 0.0654402
    outer loop
      vertex 24.1 -9.98255 0
      vertex 24.0786 -12 -0.326315
      vertex 24.1 -12 0
    endloop
  endfacet
  facet normal -0.997856 0 0.0654402
    outer loop
      vertex 24.0786 -4.27962 -0.326315
      vertex 24.1 4.30101 0
      vertex 24.0786 4.27962 -0.326315
    endloop
  endfacet
  facet normal -0.997856 0 0.0654402
    outer loop
      vertex 24.1 4.30101 0
      vertex 24.0786 -4.27962 -0.326315
      vertex 24.1 -4.30101 0
    endloop
  endfacet
  facet normal -0.0654128 0 -0.997858
    outer loop
      vertex 21.6 -8.94701 2.5
      vertex 21.9263 8.15922 2.47861
      vertex 21.9263 -8.15922 2.47861
    endloop
  endfacet
  facet normal -0.0654128 0 -0.997858
    outer loop
      vertex 21.9263 8.15922 2.47861
      vertex 21.6 -8.94701 2.5
      vertex 21.6 8.94701 2.5
    endloop
  endfacet
  facet normal -0.0654128 -0 -0.997858
    outer loop
      vertex 21.6 12 2.5
      vertex 21.9263 9.08218 2.47861
      vertex 21.6 8.94701 2.5
    endloop
  endfacet
  facet normal -0.0654128 0 -0.997858
    outer loop
      vertex 21.9263 9.08218 2.47861
      vertex 21.6 12 2.5
      vertex 21.9263 12 2.47861
    endloop
  endfacet
  facet normal -0.0654128 0 -0.997858
    outer loop
      vertex 21.6 -12 2.5
      vertex 21.9263 -9.08218 2.47861
      vertex 21.9263 -12 2.47861
    endloop
  endfacet
  facet normal -0.0654128 0 -0.997858
    outer loop
      vertex 21.9263 -9.08218 2.47861
      vertex 21.6 -12 2.5
      vertex 21.6 -8.94701 2.5
    endloop
  endfacet
  facet normal 0.321387 0 0.946948
    outer loop
      vertex 20.6433 8.55073 -2.3097
      vertex 20.953 -8.679 -2.41481
      vertex 20.953 8.679 -2.41481
    endloop
  endfacet
  facet normal 0.321387 0 0.946948
    outer loop
      vertex 20.953 -8.679 -2.41481
      vertex 20.6433 8.55073 -2.3097
      vertex 20.6433 -8.55073 -2.3097
    endloop
  endfacet
  facet normal 0.321387 -0 0.946948
    outer loop
      vertex 20.6433 11.2567 -2.3097
      vertex 20.953 12 -2.41481
      vertex 20.6433 12 -2.3097
    endloop
  endfacet
  facet normal 0.321387 0 0.946948
    outer loop
      vertex 20.953 12 -2.41481
      vertex 20.6433 11.2567 -2.3097
      vertex 20.953 10.5091 -2.41481
    endloop
  endfacet
  facet normal 0.321387 0 0.946948
    outer loop
      vertex 20.6433 -11.2567 -2.3097
      vertex 20.953 -12 -2.41481
      vertex 20.953 -10.5091 -2.41481
    endloop
  endfacet
  facet normal 0.321387 0 0.946948
    outer loop
      vertex 20.953 -12 -2.41481
      vertex 20.6433 -11.2567 -2.3097
      vertex 20.6433 -12 -2.3097
    endloop
  endfacet
  facet normal 0.321387 0 -0.946948
    outer loop
      vertex 20.6433 -8.55073 2.3097
      vertex 20.953 8.679 2.41481
      vertex 20.953 -8.679 2.41481
    endloop
  endfacet
  facet normal 0.321387 0 -0.946948
    outer loop
      vertex 20.953 8.679 2.41481
      vertex 20.6433 -8.55073 2.3097
      vertex 20.6433 8.55073 2.3097
    endloop
  endfacet
  facet normal 0.321387 0 -0.946948
    outer loop
      vertex 20.6433 11.2567 2.3097
      vertex 20.953 12 2.41481
      vertex 20.953 10.5091 2.41481
    endloop
  endfacet
  facet normal 0.321387 0 -0.946948
    outer loop
      vertex 20.953 12 2.41481
      vertex 20.6433 11.2567 2.3097
      vertex 20.6433 12 2.3097
    endloop
  endfacet
  facet normal 0.321387 0 -0.946948
    outer loop
      vertex 20.6433 -11.2567 2.3097
      vertex 20.953 -12 2.41481
      vertex 20.6433 -12 2.3097
    endloop
  endfacet
  facet normal 0.321387 0 -0.946948
    outer loop
      vertex 20.953 -12 2.41481
      vertex 20.6433 -11.2567 2.3097
      vertex 20.953 -10.5091 2.41481
    endloop
  endfacet
  facet normal -0.0654128 0 0.997858
    outer loop
      vertex 21.6 8.94701 -2.5
      vertex 21.9263 -8.15922 -2.47861
      vertex 21.9263 8.15922 -2.47861
    endloop
  endfacet
  facet normal -0.0654128 0 0.997858
    outer loop
      vertex 21.9263 -8.15922 -2.47861
      vertex 21.6 8.94701 -2.5
      vertex 21.6 -8.94701 -2.5
    endloop
  endfacet
  facet normal -0.0654128 0 0.997858
    outer loop
      vertex 21.6 12 -2.5
      vertex 21.9263 9.08218 -2.47861
      vertex 21.9263 12 -2.47861
    endloop
  endfacet
  facet normal -0.0654128 0 0.997858
    outer loop
      vertex 21.9263 9.08218 -2.47861
      vertex 21.6 12 -2.5
      vertex 21.6 8.94701 -2.5
    endloop
  endfacet
  facet normal -0.0654128 0 0.997858
    outer loop
      vertex 21.6 -12 -2.5
      vertex 21.9263 -9.08218 -2.47861
      vertex 21.6 -8.94701 -2.5
    endloop
  endfacet
  facet normal -0.0654128 0 0.997858
    outer loop
      vertex 21.9263 -9.08218 -2.47861
      vertex 21.6 -12 -2.5
      vertex 21.9263 -12 -2.47861
    endloop
  endfacet
  facet normal 0.44229 0 -0.896872
    outer loop
      vertex 20.35 -8.42925 2.16506
      vertex 20.6433 8.55073 2.3097
      vertex 20.6433 -8.55073 2.3097
    endloop
  endfacet
  facet normal 0.44229 0 -0.896872
    outer loop
      vertex 20.6433 8.55073 2.3097
      vertex 20.35 -8.42925 2.16506
      vertex 20.35 8.42925 2.16506
    endloop
  endfacet
  facet normal 0.44229 0 -0.896872
    outer loop
      vertex 20.35 11.9648 2.16506
      vertex 20.6433 12 2.3097
      vertex 20.6433 11.2567 2.3097
    endloop
  endfacet
  facet normal 0.44229 0 -0.896872
    outer loop
      vertex 20.6433 12 2.3097
      vertex 20.35 11.9648 2.16506
      vertex 20.35 12 2.16506
    endloop
  endfacet
  facet normal 0.44229 0 -0.896872
    outer loop
      vertex 20.35 -11.9648 2.16506
      vertex 20.6433 -12 2.3097
      vertex 20.35 -12 2.16506
    endloop
  endfacet
  facet normal 0.44229 0 -0.896872
    outer loop
      vertex 20.6433 -12 2.3097
      vertex 20.35 -11.9648 2.16506
      vertex 20.6433 -11.2567 2.3097
    endloop
  endfacet
  facet normal 0.997856 -0 0.0654402
    outer loop
      vertex 19.1 -7.91148 0
      vertex 19.1214 7.92034 -0.326315
      vertex 19.1 7.91148 0
    endloop
  endfacet
  facet normal 0.997856 0 0.0654402
    outer loop
      vertex 19.1214 7.92034 -0.326315
      vertex 19.1 -7.91148 0
      vertex 19.1214 -7.92034 -0.326315
    endloop
  endfacet
  facet normal 0.896916 -0 0.442201
    outer loop
      vertex 19.2903 -7.9903 -0.956708
      vertex 19.4349 8.05021 -1.25
      vertex 19.2903 7.9903 -0.956708
    endloop
  endfacet
  facet normal 0.896916 0 0.442201
    outer loop
      vertex 19.4349 8.05021 -1.25
      vertex 19.2903 -7.9903 -0.956708
      vertex 19.4349 -8.05021 -1.25
    endloop
  endfacet
  facet normal 0.980784 0 -0.195097
    outer loop
      vertex 19.1852 7.94676 0.647047
      vertex 19.1214 -7.92034 0.326315
      vertex 19.1214 7.92034 0.326315
    endloop
  endfacet
  facet normal 0.980784 0 -0.195097
    outer loop
      vertex 19.1214 -7.92034 0.326315
      vertex 19.1852 7.94676 0.647047
      vertex 19.1852 -7.94676 0.647047
    endloop
  endfacet
  facet normal 0.980784 -0 0.195097
    outer loop
      vertex 19.1214 -7.92034 -0.326315
      vertex 19.1852 7.94676 -0.647047
      vertex 19.1214 7.92034 -0.326315
    endloop
  endfacet
  facet normal 0.980784 0 0.195097
    outer loop
      vertex 19.1852 7.94676 -0.647047
      vertex 19.1214 -7.92034 -0.326315
      vertex 19.1852 -7.94676 -0.647047
    endloop
  endfacet
  facet normal 0.997856 0 -0.0654402
    outer loop
      vertex 19.1214 7.92034 0.326315
      vertex 19.1 -7.91148 0
      vertex 19.1 7.91148 0
    endloop
  endfacet
  facet normal 0.997856 0 -0.0654402
    outer loop
      vertex 19.1 -7.91148 0
      vertex 19.1214 7.92034 0.326315
      vertex 19.1214 -7.92034 0.326315
    endloop
  endfacet
  facet normal -0.896916 0 -0.442201
    outer loop
      vertex 23.9097 9.90372 0.956708
      vertex 23.7651 12 1.25
      vertex 23.9097 12 0.956708
    endloop
  endfacet
  facet normal -0.896916 -0 -0.442201
    outer loop
      vertex 23.7651 12 1.25
      vertex 23.9097 9.90372 0.956708
      vertex 23.7651 9.84381 1.25
    endloop
  endfacet
  facet normal -0.896916 0 -0.442201
    outer loop
      vertex 23.7651 -12 1.25
      vertex 23.9097 -9.90372 0.956708
      vertex 23.9097 -12 0.956708
    endloop
  endfacet
  facet normal -0.896916 0 -0.442201
    outer loop
      vertex 23.9097 -9.90372 0.956708
      vertex 23.7651 -12 1.25
      vertex 23.7651 -9.84381 1.25
    endloop
  endfacet
  facet normal -0.896916 0 -0.442201
    outer loop
      vertex 23.9097 4.11071 0.956708
      vertex 23.7651 -3.96607 1.25
      vertex 23.7651 3.96607 1.25
    endloop
  endfacet
  facet normal -0.896916 0 -0.442201
    outer loop
      vertex 23.7651 -3.96607 1.25
      vertex 23.9097 4.11071 0.956708
      vertex 23.9097 -4.11071 0.956708
    endloop
  endfacet
  facet normal -0.896916 0 0.442201
    outer loop
      vertex 23.7651 12 -1.25
      vertex 23.9097 9.90372 -0.956708
      vertex 23.9097 12 -0.956708
    endloop
  endfacet
  facet normal -0.896916 0 0.442201
    outer loop
      vertex 23.9097 9.90372 -0.956708
      vertex 23.7651 12 -1.25
      vertex 23.7651 9.84381 -1.25
    endloop
  endfacet
  facet normal -0.896916 0 0.442201
    outer loop
      vertex 23.7651 -12 -1.25
      vertex 23.9097 -9.90372 -0.956708
      vertex 23.7651 -9.84381 -1.25
    endloop
  endfacet
  facet normal -0.896916 0 0.442201
    outer loop
      vertex 23.9097 -9.90372 -0.956708
      vertex 23.7651 -12 -1.25
      vertex 23.9097 -12 -0.956708
    endloop
  endfacet
  facet normal -0.896916 0 0.442201
    outer loop
      vertex 23.7651 -3.96607 -1.25
      vertex 23.9097 4.11071 -0.956708
      vertex 23.7651 3.96607 -1.25
    endloop
  endfacet
  facet normal -0.896916 0 0.442201
    outer loop
      vertex 23.9097 4.11071 -0.956708
      vertex 23.7651 -3.96607 -1.25
      vertex 23.9097 -4.11071 -0.956708
    endloop
  endfacet
  facet normal -0.321387 0 0.946948
    outer loop
      vertex 22.247 7.3849 -2.41481
      vertex 22.5567 -6.63731 -2.3097
      vertex 22.5567 6.63731 -2.3097
    endloop
  endfacet
  facet normal -0.321387 0 0.946948
    outer loop
      vertex 22.5567 -6.63731 -2.3097
      vertex 22.247 7.3849 -2.41481
      vertex 22.247 -7.3849 -2.41481
    endloop
  endfacet
  facet normal -0.321387 0 0.946948
    outer loop
      vertex 22.247 12 -2.41481
      vertex 22.5567 9.34329 -2.3097
      vertex 22.5567 12 -2.3097
    endloop
  endfacet
  facet normal -0.321387 0 0.946948
    outer loop
      vertex 22.5567 9.34329 -2.3097
      vertex 22.247 12 -2.41481
      vertex 22.247 9.21503 -2.41481
    endloop
  endfacet
  facet normal -0.321387 0 0.946948
    outer loop
      vertex 22.247 -12 -2.41481
      vertex 22.5567 -9.34329 -2.3097
      vertex 22.247 -9.21503 -2.41481
    endloop
  endfacet
  facet normal -0.321387 0 0.946948
    outer loop
      vertex 22.5567 -9.34329 -2.3097
      vertex 22.247 -12 -2.41481
      vertex 22.5567 -12 -2.3097
    endloop
  endfacet
  facet normal -0.555575 0 -0.831466
    outer loop
      vertex 22.85 -5.92925 2.16506
      vertex 23.1219 5.27281 1.98338
      vertex 23.1219 -5.27281 1.98338
    endloop
  endfacet
  facet normal -0.555575 0 -0.831466
    outer loop
      vertex 23.1219 5.27281 1.98338
      vertex 22.85 -5.92925 2.16506
      vertex 22.85 5.92925 2.16506
    endloop
  endfacet
  facet normal -0.555575 -0 -0.831466
    outer loop
      vertex 22.85 12 2.16506
      vertex 23.1219 9.5774 1.98338
      vertex 22.85 9.46478 2.16506
    endloop
  endfacet
  facet normal -0.555575 0 -0.831466
    outer loop
      vertex 23.1219 9.5774 1.98338
      vertex 22.85 12 2.16506
      vertex 23.1219 12 1.98338
    endloop
  endfacet
  facet normal -0.555575 0 -0.831466
    outer loop
      vertex 22.85 -12 2.16506
      vertex 23.1219 -9.5774 1.98338
      vertex 23.1219 -12 1.98338
    endloop
  endfacet
  facet normal -0.555575 0 -0.831466
    outer loop
      vertex 23.1219 -9.5774 1.98338
      vertex 22.85 -12 2.16506
      vertex 22.85 -9.46478 2.16506
    endloop
  endfacet
  facet normal -0.751873 0 -0.659307
    outer loop
      vertex 23.5834 -4.1587 1.5219
      vertex 23.3678 4.67925 1.76777
      vertex 23.5834 4.1587 1.5219
    endloop
  endfacet
  facet normal -0.751873 -0 -0.659307
    outer loop
      vertex 23.3678 4.67925 1.76777
      vertex 23.5834 -4.1587 1.5219
      vertex 23.3678 -4.67925 1.76777
    endloop
  endfacet
  facet normal -0.751873 0 -0.659307
    outer loop
      vertex 23.5834 9.76856 1.5219
      vertex 23.3678 12 1.76777
      vertex 23.5834 12 1.5219
    endloop
  endfacet
  facet normal -0.751873 -0 -0.659307
    outer loop
      vertex 23.3678 12 1.76777
      vertex 23.5834 9.76856 1.5219
      vertex 23.3678 9.67925 1.76777
    endloop
  endfacet
  facet normal -0.751873 0 -0.659307
    outer loop
      vertex 23.3678 -12 1.76777
      vertex 23.5834 -9.76856 1.5219
      vertex 23.5834 -12 1.5219
    endloop
  endfacet
  facet normal -0.751873 0 -0.659307
    outer loop
      vertex 23.5834 -9.76856 1.5219
      vertex 23.3678 -12 1.76777
      vertex 23.3678 -9.67925 1.76777
    endloop
  endfacet
  facet normal -0.831438 0 -0.555617
    outer loop
      vertex 23.7651 9.84381 1.25
      vertex 23.5834 12 1.5219
      vertex 23.7651 12 1.25
    endloop
  endfacet
  facet normal -0.831438 -0 -0.555617
    outer loop
      vertex 23.5834 12 1.5219
      vertex 23.7651 9.84381 1.25
      vertex 23.5834 9.76856 1.5219
    endloop
  endfacet
  facet normal -0.831438 0 -0.555617
    outer loop
      vertex 23.5834 -12 1.5219
      vertex 23.7651 -9.84381 1.25
      vertex 23.7651 -12 1.25
    endloop
  endfacet
  facet normal -0.831438 0 -0.555617
    outer loop
      vertex 23.7651 -9.84381 1.25
      vertex 23.5834 -12 1.5219
      vertex 23.5834 -9.76856 1.5219
    endloop
  endfacet
  facet normal -0.83129 0 -0.555838
    outer loop
      vertex 23.7651 3.96607 1.25
      vertex 23.693 -3.89403 1.35783
      vertex 23.693 3.89403 1.35783
    endloop
  endfacet
  facet normal -0.83129 0 -0.555838
    outer loop
      vertex 23.693 -3.89403 1.35783
      vertex 23.7651 3.96607 1.25
      vertex 23.7651 -3.96607 1.25
    endloop
  endfacet
  facet normal -0.831535 0 -0.555472
    outer loop
      vertex 23.693 -3.89403 1.35783
      vertex 23.5834 4.1587 1.5219
      vertex 23.693 3.89403 1.35783
    endloop
  endfacet
  facet normal -0.831535 -0 -0.555472
    outer loop
      vertex 23.5834 4.1587 1.5219
      vertex 23.693 -3.89403 1.35783
      vertex 23.5834 -4.1587 1.5219
    endloop
  endfacet
  facet normal -0.946945 0 0.321396
    outer loop
      vertex 23.9097 12 -0.956708
      vertex 24.0148 9.94726 -0.647047
      vertex 24.0148 12 -0.647047
    endloop
  endfacet
  facet normal -0.946945 0 0.321396
    outer loop
      vertex 24.0148 9.94726 -0.647047
      vertex 23.9097 12 -0.956708
      vertex 23.9097 9.90372 -0.956708
    endloop
  endfacet
  facet normal -0.946945 0 0.321396
    outer loop
      vertex 23.9097 -12 -0.956708
      vertex 24.0148 -9.94726 -0.647047
      vertex 23.9097 -9.90372 -0.956708
    endloop
  endfacet
  facet normal -0.946945 0 0.321396
    outer loop
      vertex 24.0148 -9.94726 -0.647047
      vertex 23.9097 -12 -0.956708
      vertex 24.0148 -12 -0.647047
    endloop
  endfacet
  facet normal -0.946945 0 0.321396
    outer loop
      vertex 23.9097 -4.11071 -0.956708
      vertex 24.0148 4.21582 -0.647047
      vertex 23.9097 4.11071 -0.956708
    endloop
  endfacet
  facet normal -0.946945 0 0.321396
    outer loop
      vertex 24.0148 4.21582 -0.647047
      vertex 23.9097 -4.11071 -0.956708
      vertex 24.0148 -4.21582 -0.647047
    endloop
  endfacet
  facet normal 0.896916 0 -0.442201
    outer loop
      vertex 19.4349 8.05021 1.25
      vertex 19.2903 -7.9903 0.956708
      vertex 19.2903 7.9903 0.956708
    endloop
  endfacet
  facet normal 0.896916 0 -0.442201
    outer loop
      vertex 19.2903 -7.9903 0.956708
      vertex 19.4349 8.05021 1.25
      vertex 19.4349 -8.05021 1.25
    endloop
  endfacet
  facet normal -0.44229 0 -0.896872
    outer loop
      vertex 22.5567 -6.63731 2.3097
      vertex 22.85 5.92925 2.16506
      vertex 22.85 -5.92925 2.16506
    endloop
  endfacet
  facet normal -0.44229 0 -0.896872
    outer loop
      vertex 22.85 5.92925 2.16506
      vertex 22.5567 -6.63731 2.3097
      vertex 22.5567 6.63731 2.3097
    endloop
  endfacet
  facet normal -0.44229 -0 -0.896872
    outer loop
      vertex 22.5567 12 2.3097
      vertex 22.85 9.46478 2.16506
      vertex 22.5567 9.34329 2.3097
    endloop
  endfacet
  facet normal -0.44229 0 -0.896872
    outer loop
      vertex 22.85 9.46478 2.16506
      vertex 22.5567 12 2.3097
      vertex 22.85 12 2.16506
    endloop
  endfacet
  facet normal -0.44229 0 -0.896872
    outer loop
      vertex 22.5567 -12 2.3097
      vertex 22.85 -9.46478 2.16506
      vertex 22.85 -12 2.16506
    endloop
  endfacet
  facet normal -0.44229 0 -0.896872
    outer loop
      vertex 22.85 -9.46478 2.16506
      vertex 22.5567 -12 2.3097
      vertex 22.5567 -9.34329 2.3097
    endloop
  endfacet
  facet normal -0.659279 0 0.751898
    outer loop
      vertex 23.1219 5.27281 -1.98338
      vertex 23.3678 -4.67925 -1.76777
      vertex 23.3678 4.67925 -1.76777
    endloop
  endfacet
  facet normal -0.659279 0 0.751898
    outer loop
      vertex 23.3678 -4.67925 -1.76777
      vertex 23.1219 5.27281 -1.98338
      vertex 23.1219 -5.27281 -1.98338
    endloop
  endfacet
  facet normal -0.659279 0 0.751898
    outer loop
      vertex 23.1219 12 -1.98338
      vertex 23.3678 9.67925 -1.76777
      vertex 23.3678 12 -1.76777
    endloop
  endfacet
  facet normal -0.659279 0 0.751898
    outer loop
      vertex 23.3678 9.67925 -1.76777
      vertex 23.1219 12 -1.98338
      vertex 23.1219 9.5774 -1.98338
    endloop
  endfacet
  facet normal -0.659279 0 0.751898
    outer loop
      vertex 23.1219 -12 -1.98338
      vertex 23.3678 -9.67925 -1.76777
      vertex 23.1219 -9.5774 -1.98338
    endloop
  endfacet
  facet normal -0.659279 0 0.751898
    outer loop
      vertex 23.3678 -9.67925 -1.76777
      vertex 23.1219 -12 -1.98338
      vertex 23.3678 -12 -1.76777
    endloop
  endfacet
  facet normal -0.44229 0 0.896872
    outer loop
      vertex 22.5567 6.63731 -2.3097
      vertex 22.85 -5.92925 -2.16506
      vertex 22.85 5.92925 -2.16506
    endloop
  endfacet
  facet normal -0.44229 0 0.896872
    outer loop
      vertex 22.85 -5.92925 -2.16506
      vertex 22.5567 6.63731 -2.3097
      vertex 22.5567 -6.63731 -2.3097
    endloop
  endfacet
  facet normal -0.44229 0 0.896872
    outer loop
      vertex 22.5567 12 -2.3097
      vertex 22.85 9.46478 -2.16506
      vertex 22.85 12 -2.16506
    endloop
  endfacet
  facet normal -0.44229 0 0.896872
    outer loop
      vertex 22.85 9.46478 -2.16506
      vertex 22.5567 12 -2.3097
      vertex 22.5567 9.34329 -2.3097
    endloop
  endfacet
  facet normal -0.44229 0 0.896872
    outer loop
      vertex 22.5567 -12 -2.3097
      vertex 22.85 -9.46478 -2.16506
      vertex 22.5567 -9.34329 -2.3097
    endloop
  endfacet
  facet normal -0.44229 0 0.896872
    outer loop
      vertex 22.85 -9.46478 -2.16506
      vertex 22.5567 -12 -2.3097
      vertex 22.85 -12 -2.16506
    endloop
  endfacet
  facet normal 0.0654128 0 -0.997858
    outer loop
      vertex 21.2737 -8.81185 2.47861
      vertex 21.6 8.94701 2.5
      vertex 21.6 -8.94701 2.5
    endloop
  endfacet
  facet normal 0.0654128 0 -0.997858
    outer loop
      vertex 21.6 8.94701 2.5
      vertex 21.2737 -8.81185 2.47861
      vertex 21.2737 8.81185 2.47861
    endloop
  endfacet
  facet normal 0.0654128 0 -0.997858
    outer loop
      vertex 21.2737 9.73481 2.47861
      vertex 21.6 12 2.5
      vertex 21.6 8.94701 2.5
    endloop
  endfacet
  facet normal 0.0654128 0 -0.997858
    outer loop
      vertex 21.6 12 2.5
      vertex 21.2737 9.73481 2.47861
      vertex 21.2737 12 2.47861
    endloop
  endfacet
  facet normal 0.0654128 0 -0.997858
    outer loop
      vertex 21.2737 -9.73481 2.47861
      vertex 21.6 -12 2.5
      vertex 21.2737 -12 2.47861
    endloop
  endfacet
  facet normal 0.0654128 0 -0.997858
    outer loop
      vertex 21.6 -12 2.5
      vertex 21.2737 -9.73481 2.47861
      vertex 21.6 -8.94701 2.5
    endloop
  endfacet
  facet normal -0.946945 0 -0.321396
    outer loop
      vertex 24.0148 9.94726 0.647047
      vertex 23.9097 12 0.956708
      vertex 24.0148 12 0.647047
    endloop
  endfacet
  facet normal -0.946945 -0 -0.321396
    outer loop
      vertex 23.9097 12 0.956708
      vertex 24.0148 9.94726 0.647047
      vertex 23.9097 9.90372 0.956708
    endloop
  endfacet
  facet normal -0.946945 0 -0.321396
    outer loop
      vertex 23.9097 -12 0.956708
      vertex 24.0148 -9.94726 0.647047
      vertex 24.0148 -12 0.647047
    endloop
  endfacet
  facet normal -0.946945 0 -0.321396
    outer loop
      vertex 24.0148 -9.94726 0.647047
      vertex 23.9097 -12 0.956708
      vertex 23.9097 -9.90372 0.956708
    endloop
  endfacet
  facet normal -0.946945 0 -0.321396
    outer loop
      vertex 24.0148 4.21582 0.647047
      vertex 23.9097 -4.11071 0.956708
      vertex 23.9097 4.11071 0.956708
    endloop
  endfacet
  facet normal -0.946945 0 -0.321396
    outer loop
      vertex 23.9097 -4.11071 0.956708
      vertex 24.0148 4.21582 0.647047
      vertex 24.0148 -4.21582 0.647047
    endloop
  endfacet
  facet normal 0.195116 0 0.98078
    outer loop
      vertex 20.953 8.679 -2.41481
      vertex 21.2737 -8.81185 -2.47861
      vertex 21.2737 8.81185 -2.47861
    endloop
  endfacet
  facet normal 0.195116 0 0.98078
    outer loop
      vertex 21.2737 -8.81185 -2.47861
      vertex 20.953 8.679 -2.41481
      vertex 20.953 -8.679 -2.41481
    endloop
  endfacet
  facet normal 0.195116 -0 0.98078
    outer loop
      vertex 20.953 10.5091 -2.41481
      vertex 21.2737 12 -2.47861
      vertex 20.953 12 -2.41481
    endloop
  endfacet
  facet normal 0.195116 0 0.98078
    outer loop
      vertex 21.2737 12 -2.47861
      vertex 20.953 10.5091 -2.41481
      vertex 21.2737 9.73481 -2.47861
    endloop
  endfacet
  facet normal 0.195116 0 0.98078
    outer loop
      vertex 20.953 -10.5091 -2.41481
      vertex 21.2737 -12 -2.47861
      vertex 21.2737 -9.73481 -2.47861
    endloop
  endfacet
  facet normal 0.195116 0 0.98078
    outer loop
      vertex 21.2737 -12 -2.47861
      vertex 20.953 -10.5091 -2.41481
      vertex 20.953 -12 -2.41481
    endloop
  endfacet
  facet normal 0.946945 -0 0.321396
    outer loop
      vertex 19.1852 -7.94676 -0.647047
      vertex 19.2903 7.9903 -0.956708
      vertex 19.1852 7.94676 -0.647047
    endloop
  endfacet
  facet normal 0.946945 0 0.321396
    outer loop
      vertex 19.2903 7.9903 -0.956708
      vertex 19.1852 -7.94676 -0.647047
      vertex 19.2903 -7.9903 -0.956708
    endloop
  endfacet
  facet normal -0.195116 0 -0.98078
    outer loop
      vertex 21.9263 -8.15922 2.47861
      vertex 22.247 7.3849 2.41481
      vertex 22.247 -7.3849 2.41481
    endloop
  endfacet
  facet normal -0.195116 0 -0.98078
    outer loop
      vertex 22.247 7.3849 2.41481
      vertex 21.9263 -8.15922 2.47861
      vertex 21.9263 8.15922 2.47861
    endloop
  endfacet
  facet normal -0.195116 -0 -0.98078
    outer loop
      vertex 21.9263 12 2.47861
      vertex 22.247 9.21503 2.41481
      vertex 21.9263 9.08218 2.47861
    endloop
  endfacet
  facet normal -0.195116 0 -0.98078
    outer loop
      vertex 22.247 9.21503 2.41481
      vertex 21.9263 12 2.47861
      vertex 22.247 12 2.41481
    endloop
  endfacet
  facet normal -0.195116 0 -0.98078
    outer loop
      vertex 21.9263 -12 2.47861
      vertex 22.247 -9.21503 2.41481
      vertex 22.247 -12 2.41481
    endloop
  endfacet
  facet normal -0.195116 0 -0.98078
    outer loop
      vertex 22.247 -9.21503 2.41481
      vertex 21.9263 -12 2.47861
      vertex 21.9263 -9.08218 2.47861
    endloop
  endfacet
  facet normal -0.195116 0 0.98078
    outer loop
      vertex 21.9263 8.15922 -2.47861
      vertex 22.247 -7.3849 -2.41481
      vertex 22.247 7.3849 -2.41481
    endloop
  endfacet
  facet normal -0.195116 0 0.98078
    outer loop
      vertex 22.247 -7.3849 -2.41481
      vertex 21.9263 8.15922 -2.47861
      vertex 21.9263 -8.15922 -2.47861
    endloop
  endfacet
  facet normal -0.195116 0 0.98078
    outer loop
      vertex 21.9263 12 -2.47861
      vertex 22.247 9.21503 -2.41481
      vertex 22.247 12 -2.41481
    endloop
  endfacet
  facet normal -0.195116 0 0.98078
    outer loop
      vertex 22.247 9.21503 -2.41481
      vertex 21.9263 12 -2.47861
      vertex 21.9263 9.08218 -2.47861
    endloop
  endfacet
  facet normal -0.195116 0 0.98078
    outer loop
      vertex 21.9263 -12 -2.47861
      vertex 22.247 -9.21503 -2.41481
      vertex 21.9263 -9.08218 -2.47861
    endloop
  endfacet
  facet normal -0.195116 0 0.98078
    outer loop
      vertex 22.247 -9.21503 -2.41481
      vertex 21.9263 -12 -2.47861
      vertex 22.247 -12 -2.41481
    endloop
  endfacet
  facet normal 0.659279 0 -0.751898
    outer loop
      vertex 19.8322 -8.21478 1.76777
      vertex 20.0781 8.31662 1.98338
      vertex 20.0781 -8.31662 1.98338
    endloop
  endfacet
  facet normal 0.659279 0 -0.751898
    outer loop
      vertex 20.0781 8.31662 1.98338
      vertex 19.8322 -8.21478 1.76777
      vertex 19.8322 8.21478 1.76777
    endloop
  endfacet
  facet normal -0.980784 0 0.195097
    outer loop
      vertex 24.0148 12 -0.647047
      vertex 24.0786 9.97369 -0.326315
      vertex 24.0786 12 -0.326315
    endloop
  endfacet
  facet normal -0.980784 0 0.195097
    outer loop
      vertex 24.0786 9.97369 -0.326315
      vertex 24.0148 12 -0.647047
      vertex 24.0148 9.94726 -0.647047
    endloop
  endfacet
  facet normal -0.980784 0 0.195097
    outer loop
      vertex 24.0148 -12 -0.647047
      vertex 24.0786 -9.97369 -0.326315
      vertex 24.0148 -9.94726 -0.647047
    endloop
  endfacet
  facet normal -0.980784 0 0.195097
    outer loop
      vertex 24.0786 -9.97369 -0.326315
      vertex 24.0148 -12 -0.647047
      vertex 24.0786 -12 -0.326315
    endloop
  endfacet
  facet normal -0.980784 0 0.195097
    outer loop
      vertex 24.0148 -4.21582 -0.647047
      vertex 24.0786 4.27962 -0.326315
      vertex 24.0148 4.21582 -0.647047
    endloop
  endfacet
  facet normal -0.980784 0 0.195097
    outer loop
      vertex 24.0786 4.27962 -0.326315
      vertex 24.0148 -4.21582 -0.647047
      vertex 24.0786 -4.27962 -0.326315
    endloop
  endfacet
  facet normal 0.751873 0 -0.659307
    outer loop
      vertex 19.8322 8.21478 1.76777
      vertex 19.6166 -8.12547 1.5219
      vertex 19.6166 8.12547 1.5219
    endloop
  endfacet
  facet normal 0.751873 0 -0.659307
    outer loop
      vertex 19.6166 -8.12547 1.5219
      vertex 19.8322 8.21478 1.76777
      vertex 19.8322 -8.21478 1.76777
    endloop
  endfacet
  facet normal 0.0654128 0 0.997858
    outer loop
      vertex 21.2737 8.81185 -2.47861
      vertex 21.6 -8.94701 -2.5
      vertex 21.6 8.94701 -2.5
    endloop
  endfacet
  facet normal 0.0654128 0 0.997858
    outer loop
      vertex 21.6 -8.94701 -2.5
      vertex 21.2737 8.81185 -2.47861
      vertex 21.2737 -8.81185 -2.47861
    endloop
  endfacet
  facet normal 0.0654128 -0 0.997858
    outer loop
      vertex 21.2737 9.73481 -2.47861
      vertex 21.6 12 -2.5
      vertex 21.2737 12 -2.47861
    endloop
  endfacet
  facet normal 0.0654128 0 0.997858
    outer loop
      vertex 21.6 12 -2.5
      vertex 21.2737 9.73481 -2.47861
      vertex 21.6 8.94701 -2.5
    endloop
  endfacet
  facet normal 0.0654128 0 0.997858
    outer loop
      vertex 21.2737 -9.73481 -2.47861
      vertex 21.6 -12 -2.5
      vertex 21.6 -8.94701 -2.5
    endloop
  endfacet
  facet normal 0.0654128 0 0.997858
    outer loop
      vertex 21.6 -12 -2.5
      vertex 21.2737 -9.73481 -2.47861
      vertex 21.2737 -12 -2.47861
    endloop
  endfacet
  facet normal -0.751873 0 0.659307
    outer loop
      vertex 23.3678 4.67925 -1.76777
      vertex 23.5834 -4.1587 -1.5219
      vertex 23.5834 4.1587 -1.5219
    endloop
  endfacet
  facet normal -0.751873 0 0.659307
    outer loop
      vertex 23.5834 -4.1587 -1.5219
      vertex 23.3678 4.67925 -1.76777
      vertex 23.3678 -4.67925 -1.76777
    endloop
  endfacet
  facet normal -0.751873 0 0.659307
    outer loop
      vertex 23.3678 12 -1.76777
      vertex 23.5834 9.76856 -1.5219
      vertex 23.5834 12 -1.5219
    endloop
  endfacet
  facet normal -0.751873 0 0.659307
    outer loop
      vertex 23.5834 9.76856 -1.5219
      vertex 23.3678 12 -1.76777
      vertex 23.3678 9.67925 -1.76777
    endloop
  endfacet
  facet normal -0.751873 0 0.659307
    outer loop
      vertex 23.3678 -12 -1.76777
      vertex 23.5834 -9.76856 -1.5219
      vertex 23.3678 -9.67925 -1.76777
    endloop
  endfacet
  facet normal -0.751873 0 0.659307
    outer loop
      vertex 23.5834 -9.76856 -1.5219
      vertex 23.3678 -12 -1.76777
      vertex 23.5834 -12 -1.5219
    endloop
  endfacet
  facet normal 0.195116 0 -0.98078
    outer loop
      vertex 20.953 -8.679 2.41481
      vertex 21.2737 8.81185 2.47861
      vertex 21.2737 -8.81185 2.47861
    endloop
  endfacet
  facet normal 0.195116 0 -0.98078
    outer loop
      vertex 21.2737 8.81185 2.47861
      vertex 20.953 -8.679 2.41481
      vertex 20.953 8.679 2.41481
    endloop
  endfacet
  facet normal 0.195116 0 -0.98078
    outer loop
      vertex 20.953 10.5091 2.41481
      vertex 21.2737 12 2.47861
      vertex 21.2737 9.73481 2.47861
    endloop
  endfacet
  facet normal 0.195116 0 -0.98078
    outer loop
      vertex 21.2737 12 2.47861
      vertex 20.953 10.5091 2.41481
      vertex 20.953 12 2.41481
    endloop
  endfacet
  facet normal 0.195116 0 -0.98078
    outer loop
      vertex 20.953 -10.5091 2.41481
      vertex 21.2737 -12 2.47861
      vertex 20.953 -12 2.41481
    endloop
  endfacet
  facet normal 0.195116 0 -0.98078
    outer loop
      vertex 21.2737 -12 2.47861
      vertex 20.953 -10.5091 2.41481
      vertex 21.2737 -9.73481 2.47861
    endloop
  endfacet
  facet normal 0.831438 -0 0.555617
    outer loop
      vertex 19.4349 -8.05021 -1.25
      vertex 19.6166 8.12547 -1.5219
      vertex 19.4349 8.05021 -1.25
    endloop
  endfacet
  facet normal 0.831438 0 0.555617
    outer loop
      vertex 19.6166 8.12547 -1.5219
      vertex 19.4349 -8.05021 -1.25
      vertex 19.6166 -8.12547 -1.5219
    endloop
  endfacet
  facet normal 0.751873 -0 0.659307
    outer loop
      vertex 19.6166 -8.12547 -1.5219
      vertex 19.8322 8.21478 -1.76777
      vertex 19.6166 8.12547 -1.5219
    endloop
  endfacet
  facet normal 0.751873 0 0.659307
    outer loop
      vertex 19.8322 8.21478 -1.76777
      vertex 19.6166 -8.12547 -1.5219
      vertex 19.8322 -8.21478 -1.76777
    endloop
  endfacet
  facet normal 0.44229 0 0.896872
    outer loop
      vertex 20.35 8.42925 -2.16506
      vertex 20.6433 -8.55073 -2.3097
      vertex 20.6433 8.55073 -2.3097
    endloop
  endfacet
  facet normal 0.44229 0 0.896872
    outer loop
      vertex 20.6433 -8.55073 -2.3097
      vertex 20.35 8.42925 -2.16506
      vertex 20.35 -8.42925 -2.16506
    endloop
  endfacet
  facet normal 0.44229 -0 0.896872
    outer loop
      vertex 20.35 11.9648 -2.16506
      vertex 20.6433 12 -2.3097
      vertex 20.35 12 -2.16506
    endloop
  endfacet
  facet normal 0.44229 0 0.896872
    outer loop
      vertex 20.6433 12 -2.3097
      vertex 20.35 11.9648 -2.16506
      vertex 20.6433 11.2567 -2.3097
    endloop
  endfacet
  facet normal 0.44229 0 0.896872
    outer loop
      vertex 20.35 -11.9648 -2.16506
      vertex 20.6433 -12 -2.3097
      vertex 20.6433 -11.2567 -2.3097
    endloop
  endfacet
  facet normal 0.44229 0 0.896872
    outer loop
      vertex 20.6433 -12 -2.3097
      vertex 20.35 -11.9648 -2.16506
      vertex 20.35 -12 -2.16506
    endloop
  endfacet
  facet normal 0.831438 0 -0.555617
    outer loop
      vertex 19.6166 8.12547 1.5219
      vertex 19.4349 -8.05021 1.25
      vertex 19.4349 8.05021 1.25
    endloop
  endfacet
  facet normal 0.831438 0 -0.555617
    outer loop
      vertex 19.4349 -8.05021 1.25
      vertex 19.6166 8.12547 1.5219
      vertex 19.6166 -8.12547 1.5219
    endloop
  endfacet
  facet normal -0.831535 0 0.555472
    outer loop
      vertex 23.5834 4.1587 -1.5219
      vertex 23.693 -3.89403 -1.35783
      vertex 23.693 3.89403 -1.35783
    endloop
  endfacet
  facet normal -0.831535 0 0.555472
    outer loop
      vertex 23.693 -3.89403 -1.35783
      vertex 23.5834 4.1587 -1.5219
      vertex 23.5834 -4.1587 -1.5219
    endloop
  endfacet
  facet normal -0.83129 0 0.555838
    outer loop
      vertex 23.693 -3.89403 -1.35783
      vertex 23.7651 3.96607 -1.25
      vertex 23.693 3.89403 -1.35783
    endloop
  endfacet
  facet normal -0.83129 0 0.555838
    outer loop
      vertex 23.7651 3.96607 -1.25
      vertex 23.693 -3.89403 -1.35783
      vertex 23.7651 -3.96607 -1.25
    endloop
  endfacet
  facet normal -0.831438 0 0.555617
    outer loop
      vertex 23.5834 12 -1.5219
      vertex 23.7651 9.84381 -1.25
      vertex 23.7651 12 -1.25
    endloop
  endfacet
  facet normal -0.831438 0 0.555617
    outer loop
      vertex 23.7651 9.84381 -1.25
      vertex 23.5834 12 -1.5219
      vertex 23.5834 9.76856 -1.5219
    endloop
  endfacet
  facet normal -0.831438 0 0.555617
    outer loop
      vertex 23.5834 -12 -1.5219
      vertex 23.7651 -9.84381 -1.25
      vertex 23.5834 -9.76856 -1.5219
    endloop
  endfacet
  facet normal -0.831438 0 0.555617
    outer loop
      vertex 23.7651 -9.84381 -1.25
      vertex 23.5834 -12 -1.5219
      vertex 23.7651 -12 -1.25
    endloop
  endfacet
  facet normal 0.946945 0 -0.321396
    outer loop
      vertex 19.2903 7.9903 0.956708
      vertex 19.1852 -7.94676 0.647047
      vertex 19.1852 7.94676 0.647047
    endloop
  endfacet
  facet normal 0.946945 0 -0.321396
    outer loop
      vertex 19.1852 -7.94676 0.647047
      vertex 19.2903 7.9903 0.956708
      vertex 19.2903 -7.9903 0.956708
    endloop
  endfacet
  facet normal -0.705588 -0.705595 -0.0654311
    outer loop
      vertex 26.9408 7.14178 0
      vertex 24.0786 9.97369 0.326315
      vertex 24.1 9.98255 0
    endloop
  endfacet
  facet normal -0.705589 -0.70558 -0.065582
    outer loop
      vertex 24.0786 9.97369 0.326315
      vertex 26.9408 7.14178 0
      vertex 26.9256 7.12665 0.326315
    endloop
  endfacet
  facet normal 0.227265 0.227266 0.946943
    outer loop
      vertex 24.7155 4.91648 -2.41481
      vertex 22.5567 6.63731 -2.3097
      vertex 24.4965 4.69752 -2.3097
    endloop
  endfacet
  facet normal 0.227286 0.227294 0.946931
    outer loop
      vertex 22.5567 6.63731 -2.3097
      vertex 24.7155 4.91648 -2.41481
      vertex 22.247 7.3849 -2.41481
    endloop
  endfacet
  facet normal 0.227259 0.227265 0.946945
    outer loop
      vertex 17.6319 12 -2.41481
      vertex 20.6433 8.55073 -2.3097
      vertex 20.953 8.679 -2.41481
    endloop
  endfacet
  facet normal 0.227293 0.227295 0.946929
    outer loop
      vertex 20.6433 8.55073 -2.3097
      vertex 17.6319 12 -2.41481
      vertex 17.194 12 -2.3097
    endloop
  endfacet
  facet normal 0.588037 0.58788 0.555527
    outer loop
      vertex 23.693 3.89403 -1.35783
      vertex 23.7705 3.97155 -1.5219
      vertex 23.5834 4.1587 -1.5219
    endloop
  endfacet
  facet normal 0.587919 0.587915 0.555614
    outer loop
      vertex 15.7421 12 -1.5219
      vertex 19.4349 8.05021 -1.25
      vertex 19.6166 8.12547 -1.5219
    endloop
  endfacet
  facet normal 0.587889 0.58789 0.555673
    outer loop
      vertex 19.4349 8.05021 -1.25
      vertex 15.7421 12 -1.5219
      vertex 15.4851 12 -1.25
    endloop
  endfacet
  facet normal -0.0462558 -0.0462554 0.997858
    outer loop
      vertex 21.9263 9.08218 -2.47861
      vertex 25.173 5.37401 -2.5
      vertex 25.4037 5.60475 -2.47861
    endloop
  endfacet
  facet normal -0.0462526 -0.0462526 0.997858
    outer loop
      vertex 25.173 5.37401 -2.5
      vertex 21.9263 9.08218 -2.47861
      vertex 21.6 8.94701 -2.5
    endloop
  endfacet
  facet normal -0.0462496 -0.0462498 0.997859
    outer loop
      vertex 18.547 12 -2.5
      vertex 21.2737 9.73481 -2.47861
      vertex 19.0085 12 -2.47861
    endloop
  endfacet
  facet normal -0.0462494 -0.0462495 0.997859
    outer loop
      vertex 21.2737 9.73481 -2.47861
      vertex 18.547 12 -2.5
      vertex 21.6 8.94701 -2.5
    endloop
  endfacet
  facet normal 0.392879 0.392899 0.83143
    outer loop
      vertex 24.2891 4.49013 -2.16506
      vertex 23.1219 5.27281 -1.98338
      vertex 24.0969 4.29786 -1.98338
    endloop
  endfacet
  facet normal 0.392847 0.392842 0.831472
    outer loop
      vertex 23.1219 5.27281 -1.98338
      vertex 24.2891 4.49013 -2.16506
      vertex 22.85 5.92925 -2.16506
    endloop
  endfacet
  facet normal 0.392845 0.392851 0.831469
    outer loop
      vertex 16.7792 12 -2.16506
      vertex 20.0781 8.31662 -1.98338
      vertex 20.35 8.42925 -2.16506
    endloop
  endfacet
  facet normal 0.392868 0.39287 0.831449
    outer loop
      vertex 20.0781 8.31662 -1.98338
      vertex 16.7792 12 -2.16506
      vertex 16.3947 12 -1.98338
    endloop
  endfacet
  facet normal -0.466188 -0.466182 0.751893
    outer loop
      vertex 23.3678 9.67925 -1.76777
      vertex 26.2491 6.45016 -1.98338
      vertex 26.423 6.62401 -1.76777
    endloop
  endfacet
  facet normal -0.466187 -0.466181 0.751894
    outer loop
      vertex 26.2491 6.45016 -1.98338
      vertex 23.3678 9.67925 -1.76777
      vertex 23.1219 9.5774 -1.98338
    endloop
  endfacet
  facet normal -0.22726 -0.227261 -0.946945
    outer loop
      vertex 25.6305 5.83154 2.41481
      vertex 22.5567 9.34329 2.3097
      vertex 25.8495 6.05051 2.3097
    endloop
  endfacet
  facet normal -0.227265 -0.227266 -0.946943
    outer loop
      vertex 22.5567 9.34329 2.3097
      vertex 25.6305 5.83154 2.41481
      vertex 22.247 9.21503 2.41481
    endloop
  endfacet
  facet normal -0.227293 -0.227293 -0.946929
    outer loop
      vertex 19.4621 12 2.41481
      vertex 20.6433 11.2567 2.3097
      vertex 20.953 10.5091 2.41481
    endloop
  endfacet
  facet normal -0.227293 -0.227293 -0.946929
    outer loop
      vertex 20.6433 11.2567 2.3097
      vertex 19.4621 12 2.41481
      vertex 19.9 12 2.3097
    endloop
  endfacet
  facet normal 0.312748 0.312743 0.896873
    outer loop
      vertex 24.4965 4.69752 -2.3097
      vertex 22.85 5.92925 -2.16506
      vertex 24.2891 4.49013 -2.16506
    endloop
  endfacet
  facet normal 0.312761 0.312763 0.896861
    outer loop
      vertex 22.85 5.92925 -2.16506
      vertex 24.4965 4.69752 -2.3097
      vertex 22.5567 6.63731 -2.3097
    endloop
  endfacet
  facet normal 0.312751 0.312753 0.896868
    outer loop
      vertex 17.194 12 -2.3097
      vertex 20.35 8.42925 -2.16506
      vertex 20.6433 8.55073 -2.3097
    endloop
  endfacet
  facet normal 0.312739 0.312743 0.896876
    outer loop
      vertex 20.35 8.42925 -2.16506
      vertex 17.194 12 -2.3097
      vertex 16.7792 12 -2.16506
    endloop
  endfacet
  facet normal -0.707206 0.707007 0.000815314
    outer loop
      vertex 24.9423 5.14327 2.47861
      vertex 25.173 5.37401 2.5
      vertex 24.7155 4.91648 2.41481
    endloop
  endfacet
  facet normal -0.707563 0.70665 -0.000150616
    outer loop
      vertex 26.8805 7.08154 0.647047
      vertex 26.9408 7.14178 0
      vertex 26.8062 7.00721 0.956708
    endloop
  endfacet
  facet normal 0.0462552 0.046256 -0.997858
    outer loop
      vertex 21.9263 8.15922 2.47861
      vertex 25.173 5.37401 2.5
      vertex 24.9423 5.14327 2.47861
    endloop
  endfacet
  facet normal 0.0462506 0.0462506 -0.997859
    outer loop
      vertex 25.173 5.37401 2.5
      vertex 21.9263 8.15922 2.47861
      vertex 21.6 8.94701 2.5
    endloop
  endfacet
  facet normal 0.0462536 0.0462537 -0.997858
    outer loop
      vertex 21.2737 8.81185 2.47861
      vertex 18.547 12 2.5
      vertex 21.6 8.94701 2.5
    endloop
  endfacet
  facet normal 0.0462496 0.0462503 -0.997859
    outer loop
      vertex 18.547 12 2.5
      vertex 21.2737 8.81185 2.47861
      vertex 18.0855 12 2.47861
    endloop
  endfacet
  facet normal 0.634212 0.634213 -0.442209
    outer loop
      vertex 19.4349 8.05021 1.25
      vertex 15.2806 12 0.956708
      vertex 15.4851 12 1.25
    endloop
  endfacet
  facet normal 0.634206 0.634206 -0.442227
    outer loop
      vertex 15.2806 12 0.956708
      vertex 19.4349 8.05021 1.25
      vertex 19.2903 7.9903 0.956708
    endloop
  endfacet
  facet normal 0.466201 0.466168 0.751893
    outer loop
      vertex 24.0969 4.29786 -1.98338
      vertex 23.3678 4.67925 -1.76777
      vertex 23.923 4.12401 -1.76777
    endloop
  endfacet
  facet normal 0.466225 0.466249 0.751829
    outer loop
      vertex 23.3678 4.67925 -1.76777
      vertex 24.0969 4.29786 -1.98338
      vertex 23.1219 5.27281 -1.98338
    endloop
  endfacet
  facet normal 0.466191 0.466194 0.751884
    outer loop
      vertex 16.3947 12 -1.98338
      vertex 19.8322 8.21478 -1.76777
      vertex 20.0781 8.31662 -1.98338
    endloop
  endfacet
  facet normal 0.466223 0.466221 0.751847
    outer loop
      vertex 19.8322 8.21478 -1.76777
      vertex 16.3947 12 -1.98338
      vertex 16.047 12 -1.76777
    endloop
  endfacet
  facet normal -0.707563 0.70665 0.000150616
    outer loop
      vertex 26.9408 7.14178 0
      vertex 26.8805 7.08154 -0.647047
      vertex 26.8062 7.00721 -0.956708
    endloop
  endfacet
  facet normal -0.669589 -0.669587 0.321408
    outer loop
      vertex 26.8062 7.00721 -0.956708
      vertex 24.0148 9.94726 -0.647047
      vertex 23.9097 9.90372 -0.956708
    endloop
  endfacet
  facet normal -0.669595 -0.669591 0.321389
    outer loop
      vertex 24.0148 9.94726 -0.647047
      vertex 26.8062 7.00721 -0.956708
      vertex 26.8805 7.08154 -0.647047
    endloop
  endfacet
  facet normal 0.66956 0.66956 -0.321525
    outer loop
      vertex 19.2903 7.9903 0.956708
      vertex 15.1319 12 0.647047
      vertex 15.2806 12 0.956708
    endloop
  endfacet
  facet normal 0.669583 0.669593 -0.321407
    outer loop
      vertex 15.1319 12 0.647047
      vertex 19.2903 7.9903 0.956708
      vertex 19.1852 7.94676 0.647047
    endloop
  endfacet
  facet normal -0.137953 -0.137953 -0.980784
    outer loop
      vertex 25.4037 5.60475 2.47861
      vertex 22.247 9.21503 2.41481
      vertex 25.6305 5.83154 2.41481
    endloop
  endfacet
  facet normal -0.137965 -0.137964 -0.980781
    outer loop
      vertex 22.247 9.21503 2.41481
      vertex 25.4037 5.60475 2.47861
      vertex 21.9263 9.08218 2.47861
    endloop
  endfacet
  facet normal -0.137952 -0.137952 -0.980785
    outer loop
      vertex 19.0085 12 2.47861
      vertex 20.953 10.5091 2.41481
      vertex 21.2737 9.73481 2.47861
    endloop
  endfacet
  facet normal -0.13795 -0.13795 -0.980785
    outer loop
      vertex 20.953 10.5091 2.41481
      vertex 19.0085 12 2.47861
      vertex 19.4621 12 2.41481
    endloop
  endfacet
  facet normal -0.707138 0.707076 0.000330651
    outer loop
      vertex 25.8495 6.05051 -2.3097
      vertex 25.6305 5.83154 -2.41481
      vertex 25.4037 5.60475 -2.47861
    endloop
  endfacet
  facet normal -0.707972 0.706238 -0.00156245
    outer loop
      vertex 24.2891 4.49013 -2.16506
      vertex 24.0969 4.29786 -1.98338
      vertex 23.923 4.12401 -1.76777
    endloop
  endfacet
  facet normal -0.708029 0.706184 -0.000237435
    outer loop
      vertex 26.9256 7.12665 0.326315
      vertex 26.9408 7.14178 0
      vertex 26.8805 7.08154 0.647047
    endloop
  endfacet
  facet normal 0.466201 0.466168 -0.751893
    outer loop
      vertex 23.3678 4.67925 1.76777
      vertex 24.0969 4.29786 1.98338
      vertex 23.923 4.12401 1.76777
    endloop
  endfacet
  facet normal 0.466225 0.466249 -0.751829
    outer loop
      vertex 24.0969 4.29786 1.98338
      vertex 23.3678 4.67925 1.76777
      vertex 23.1219 5.27281 1.98338
    endloop
  endfacet
  facet normal 0.466191 0.466194 -0.751884
    outer loop
      vertex 19.8322 8.21478 1.76777
      vertex 16.3947 12 1.98338
      vertex 20.0781 8.31662 1.98338
    endloop
  endfacet
  facet normal 0.466223 0.466221 -0.751847
    outer loop
      vertex 16.3947 12 1.98338
      vertex 19.8322 8.21478 1.76777
      vertex 16.047 12 1.76777
    endloop
  endfacet
  facet normal -0.22726 -0.227261 0.946945
    outer loop
      vertex 22.5567 9.34329 -2.3097
      vertex 25.6305 5.83154 -2.41481
      vertex 25.8495 6.05051 -2.3097
    endloop
  endfacet
  facet normal -0.227265 -0.227266 0.946943
    outer loop
      vertex 25.6305 5.83154 -2.41481
      vertex 22.5567 9.34329 -2.3097
      vertex 22.247 9.21503 -2.41481
    endloop
  endfacet
  facet normal -0.227293 -0.227293 0.946929
    outer loop
      vertex 19.4621 12 -2.41481
      vertex 20.6433 11.2567 -2.3097
      vertex 19.9 12 -2.3097
    endloop
  endfacet
  facet normal -0.227293 -0.227293 0.946929
    outer loop
      vertex 20.6433 11.2567 -2.3097
      vertex 19.4621 12 -2.41481
      vertex 20.953 10.5091 -2.41481
    endloop
  endfacet
  facet normal -0.707138 0.707076 -0.000330651
    outer loop
      vertex 25.6305 5.83154 2.41481
      vertex 25.8495 6.05051 2.3097
      vertex 25.4037 5.60475 2.47861
    endloop
  endfacet
  facet normal -0.634207 -0.634205 0.442227
    outer loop
      vertex 23.7651 9.84381 -1.25
      vertex 26.8062 7.00721 -0.956708
      vertex 23.9097 9.90372 -0.956708
    endloop
  endfacet
  facet normal -0.634178 -0.634162 0.442331
    outer loop
      vertex 26.8062 7.00721 -0.956708
      vertex 23.7651 9.84381 -1.25
      vertex 26.7039 6.90494 -1.25
    endloop
  endfacet
  facet normal -0.693523 -0.693513 0.195105
    outer loop
      vertex 24.0148 9.94726 -0.647047
      vertex 26.9256 7.12665 -0.326315
      vertex 24.0786 9.97369 -0.326315
    endloop
  endfacet
  facet normal -0.693526 -0.693521 0.195062
    outer loop
      vertex 26.9256 7.12665 -0.326315
      vertex 24.0148 9.94726 -0.647047
      vertex 26.8805 7.08154 -0.647047
    endloop
  endfacet
  facet normal -0.708029 0.706184 0.000237435
    outer loop
      vertex 26.9408 7.14178 0
      vertex 26.9256 7.12665 -0.326315
      vertex 26.8805 7.08154 -0.647047
    endloop
  endfacet
  facet normal -0.392892 -0.392887 0.83143
    outer loop
      vertex 23.1219 9.5774 -1.98338
      vertex 26.0569 6.25789 -2.16506
      vertex 26.2491 6.45016 -1.98338
    endloop
  endfacet
  facet normal -0.392854 -0.392855 0.831463
    outer loop
      vertex 26.0569 6.25789 -2.16506
      vertex 23.1219 9.5774 -1.98338
      vertex 22.85 9.46478 -2.16506
    endloop
  endfacet
  facet normal -0.393044 -0.393044 0.831284
    outer loop
      vertex 20.35 11.9648 -2.16506
      vertex 20.3354 12 -2.15532
      vertex 20.3148 12 -2.16506
    endloop
  endfacet
  facet normal -0.466188 -0.466182 -0.751893
    outer loop
      vertex 26.2491 6.45016 1.98338
      vertex 23.3678 9.67925 1.76777
      vertex 26.423 6.62401 1.76777
    endloop
  endfacet
  facet normal -0.466187 -0.466181 -0.751894
    outer loop
      vertex 23.3678 9.67925 1.76777
      vertex 26.2491 6.45016 1.98338
      vertex 23.1219 9.5774 1.98338
    endloop
  endfacet
  facet normal -0.707078 0.707136 1.48878e-05
    outer loop
      vertex 26.0569 6.25789 -2.16506
      vertex 25.8495 6.05051 -2.3097
      vertex 25.4037 5.60475 -2.47861
    endloop
  endfacet
  facet normal -0.707155 0.707058 0.000273295
    outer loop
      vertex 25.4037 5.60475 2.47861
      vertex 24.7155 4.91648 2.41481
      vertex 25.173 5.37401 2.5
    endloop
  endfacet
  facet normal -0.707145 0.707069 4.62041e-05
    outer loop
      vertex 24.0148 4.21582 0.647047
      vertex 24.7155 4.91648 2.41481
      vertex 25.4037 5.60475 2.47861
    endloop
  endfacet
  facet normal -0.707085 0.707129 -4.46021e-05
    outer loop
      vertex 24.0148 4.21582 0.647047
      vertex 25.4037 5.60475 2.47861
      vertex 26.0569 6.25789 2.16506
    endloop
  endfacet
  facet normal -0.707032 0.707182 -4.34655e-05
    outer loop
      vertex 24.7155 4.91648 2.41481
      vertex 24.0148 4.21582 0.647047
      vertex 24.4965 4.69752 2.3097
    endloop
  endfacet
  facet normal -0.707161 0.707053 0.000158649
    outer loop
      vertex 24.0148 4.21582 0.647047
      vertex 26.0569 6.25789 2.16506
      vertex 26.2491 6.45016 1.98338
    endloop
  endfacet
  facet normal -0.707078 0.707136 -0.000117509
    outer loop
      vertex 24.0148 4.21582 0.647047
      vertex 26.2491 6.45016 1.98338
      vertex 26.423 6.62401 1.76777
    endloop
  endfacet
  facet normal -0.707125 0.707089 1.05155e-05
    outer loop
      vertex 23.9097 4.11071 0.956708
      vertex 24.4965 4.69752 2.3097
      vertex 24.0148 4.21582 0.647047
    endloop
  endfacet
  facet normal -0.707085 0.707129 -8.78593e-05
    outer loop
      vertex 24.0148 4.21582 0.647047
      vertex 26.423 6.62401 1.76777
      vertex 26.5755 6.77647 1.5219
    endloop
  endfacet
  facet normal -0.707126 0.707087 6.44909e-07
    outer loop
      vertex 24.2891 4.49013 2.16506
      vertex 23.9097 4.11071 0.956708
      vertex 23.923 4.12401 1.76777
    endloop
  endfacet
  facet normal -0.707201 0.707012 3.10389e-06
    outer loop
      vertex 23.7651 3.96607 1.25
      vertex 23.923 4.12401 1.76777
      vertex 23.9097 4.11071 0.956708
    endloop
  endfacet
  facet normal -0.706972 0.707241 -0.000213438
    outer loop
      vertex 23.7705 3.97155 1.5219
      vertex 23.7651 3.96607 1.25
      vertex 23.693 3.89403 1.35783
    endloop
  endfacet
  facet normal -0.707111 0.707103 4.66963e-05
    outer loop
      vertex 24.0786 4.27962 0.326315
      vertex 26.5755 6.77647 1.5219
      vertex 26.8062 7.00721 0.956708
    endloop
  endfacet
  facet normal -0.706838 0.707376 -0.00021882
    outer loop
      vertex 23.923 4.12401 1.76777
      vertex 23.7651 3.96607 1.25
      vertex 23.7705 3.97155 1.5219
    endloop
  endfacet
  facet normal -0.70708 0.707134 -2.8692e-05
    outer loop
      vertex 24.4965 4.69752 2.3097
      vertex 23.9097 4.11071 0.956708
      vertex 24.2891 4.49013 2.16506
    endloop
  endfacet
  facet normal -0.7071 0.707113 2.57172e-06
    outer loop
      vertex 26.5755 6.77647 1.5219
      vertex 24.0786 4.27962 0.326315
      vertex 24.0148 4.21582 0.647047
    endloop
  endfacet
  facet normal -0.707103 0.707111 -2.11217e-05
    outer loop
      vertex 26.9408 7.14178 0
      vertex 24.0786 4.27962 0.326315
      vertex 26.8062 7.00721 0.956708
    endloop
  endfacet
  facet normal -0.707103 0.707111 -2.11799e-05
    outer loop
      vertex 26.9408 7.14178 0
      vertex 24.1 4.30101 0
      vertex 24.0786 4.27962 0.326315
    endloop
  endfacet
  facet normal -0.707103 0.707111 2.11799e-05
    outer loop
      vertex 26.9408 7.14178 0
      vertex 24.0786 4.27962 -0.326315
      vertex 24.1 4.30101 0
    endloop
  endfacet
  facet normal -0.707103 0.707111 2.11217e-05
    outer loop
      vertex 26.8062 7.00721 -0.956708
      vertex 24.0786 4.27962 -0.326315
      vertex 26.9408 7.14178 0
    endloop
  endfacet
  facet normal -0.707111 0.707103 -4.66963e-05
    outer loop
      vertex 26.5755 6.77647 -1.5219
      vertex 24.0786 4.27962 -0.326315
      vertex 26.8062 7.00721 -0.956708
    endloop
  endfacet
  facet normal -0.7071 0.707113 -2.57172e-06
    outer loop
      vertex 24.0786 4.27962 -0.326315
      vertex 26.5755 6.77647 -1.5219
      vertex 24.0148 4.21582 -0.647047
    endloop
  endfacet
  facet normal -0.707085 0.707129 8.78593e-05
    outer loop
      vertex 26.423 6.62401 -1.76777
      vertex 24.0148 4.21582 -0.647047
      vertex 26.5755 6.77647 -1.5219
    endloop
  endfacet
  facet normal -0.707078 0.707136 0.000117509
    outer loop
      vertex 26.2491 6.45016 -1.98338
      vertex 24.0148 4.21582 -0.647047
      vertex 26.423 6.62401 -1.76777
    endloop
  endfacet
  facet normal -0.707161 0.707053 -0.000158649
    outer loop
      vertex 26.0569 6.25789 -2.16506
      vertex 24.0148 4.21582 -0.647047
      vertex 26.2491 6.45016 -1.98338
    endloop
  endfacet
  facet normal -0.706972 0.707241 0.000213438
    outer loop
      vertex 23.7651 3.96607 -1.25
      vertex 23.7705 3.97155 -1.5219
      vertex 23.693 3.89403 -1.35783
    endloop
  endfacet
  facet normal -0.707085 0.707129 4.46021e-05
    outer loop
      vertex 25.4037 5.60475 -2.47861
      vertex 24.0148 4.21582 -0.647047
      vertex 26.0569 6.25789 -2.16506
    endloop
  endfacet
  facet normal -0.706838 0.707376 0.00021882
    outer loop
      vertex 23.7651 3.96607 -1.25
      vertex 23.923 4.12401 -1.76777
      vertex 23.7705 3.97155 -1.5219
    endloop
  endfacet
  facet normal -0.707126 0.707087 -6.44909e-07
    outer loop
      vertex 23.923 4.12401 -1.76777
      vertex 23.9097 4.11071 -0.956708
      vertex 24.2891 4.49013 -2.16506
    endloop
  endfacet
  facet normal -0.707122 0.707091 -1.21932e-05
    outer loop
      vertex 24.0148 4.21582 -0.647047
      vertex 25.4037 5.60475 -2.47861
      vertex 23.9097 4.11071 -0.956708
    endloop
  endfacet
  facet normal -0.707201 0.707012 -3.10389e-06
    outer loop
      vertex 23.9097 4.11071 -0.956708
      vertex 23.923 4.12401 -1.76777
      vertex 23.7651 3.96607 -1.25
    endloop
  endfacet
  facet normal -0.70708 0.707134 2.8692e-05
    outer loop
      vertex 23.9097 4.11071 -0.956708
      vertex 24.4965 4.69752 -2.3097
      vertex 24.2891 4.49013 -2.16506
    endloop
  endfacet
  facet normal -0.707024 0.70719 7.7348e-05
    outer loop
      vertex 23.9097 4.11071 -0.956708
      vertex 24.7155 4.91648 -2.41481
      vertex 24.4965 4.69752 -2.3097
    endloop
  endfacet
  facet normal -0.707145 0.707068 -5.72246e-05
    outer loop
      vertex 23.9097 4.11071 -0.956708
      vertex 25.4037 5.60475 -2.47861
      vertex 24.7155 4.91648 -2.41481
    endloop
  endfacet
  facet normal -0.707155 0.707058 -0.000273295
    outer loop
      vertex 24.7155 4.91648 -2.41481
      vertex 25.4037 5.60475 -2.47861
      vertex 25.173 5.37401 -2.5
    endloop
  endfacet
  facet normal 0.137951 0.137955 -0.980784
    outer loop
      vertex 22.247 7.3849 2.41481
      vertex 24.9423 5.14327 2.47861
      vertex 24.7155 4.91648 2.41481
    endloop
  endfacet
  facet normal 0.13794 0.137943 -0.980788
    outer loop
      vertex 24.9423 5.14327 2.47861
      vertex 22.247 7.3849 2.41481
      vertex 21.9263 8.15922 2.47861
    endloop
  endfacet
  facet normal 0.137964 0.137966 -0.980781
    outer loop
      vertex 20.953 8.679 2.41481
      vertex 18.0855 12 2.47861
      vertex 21.2737 8.81185 2.47861
    endloop
  endfacet
  facet normal 0.13795 0.137954 -0.980785
    outer loop
      vertex 18.0855 12 2.47861
      vertex 20.953 8.679 2.41481
      vertex 17.6319 12 2.41481
    endloop
  endfacet
  facet normal 0.693522 0.693532 -0.19504
    outer loop
      vertex 19.1852 7.94676 0.647047
      vertex 15.0417 12 0.326315
      vertex 15.1319 12 0.647047
    endloop
  endfacet
  facet normal 0.693518 0.693524 -0.195083
    outer loop
      vertex 15.0417 12 0.326315
      vertex 19.1852 7.94676 0.647047
      vertex 19.1214 7.92034 0.326315
    endloop
  endfacet
  facet normal 0.137951 0.137955 0.980784
    outer loop
      vertex 24.9423 5.14327 -2.47861
      vertex 22.247 7.3849 -2.41481
      vertex 24.7155 4.91648 -2.41481
    endloop
  endfacet
  facet normal 0.13794 0.137943 0.980788
    outer loop
      vertex 22.247 7.3849 -2.41481
      vertex 24.9423 5.14327 -2.47861
      vertex 21.9263 8.15922 -2.47861
    endloop
  endfacet
  facet normal 0.137964 0.137966 0.980781
    outer loop
      vertex 18.0855 12 -2.47861
      vertex 20.953 8.679 -2.41481
      vertex 21.2737 8.81185 -2.47861
    endloop
  endfacet
  facet normal 0.13795 0.137954 0.980785
    outer loop
      vertex 20.953 8.679 -2.41481
      vertex 18.0855 12 -2.47861
      vertex 17.6319 12 -2.41481
    endloop
  endfacet
  facet normal 0.531684 0.531542 0.659375
    outer loop
      vertex 23.923 4.12401 -1.76777
      vertex 23.5834 4.1587 -1.5219
      vertex 23.7705 3.97155 -1.5219
    endloop
  endfacet
  facet normal 0.53166 0.531621 0.659331
    outer loop
      vertex 23.5834 4.1587 -1.5219
      vertex 23.923 4.12401 -1.76777
      vertex 23.3678 4.67925 -1.76777
    endloop
  endfacet
  facet normal 0.531652 0.531649 0.659315
    outer loop
      vertex 16.047 12 -1.76777
      vertex 19.6166 8.12547 -1.5219
      vertex 19.8322 8.21478 -1.76777
    endloop
  endfacet
  facet normal 0.531659 0.531655 0.659303
    outer loop
      vertex 19.6166 8.12547 -1.5219
      vertex 16.047 12 -1.76777
      vertex 15.7421 12 -1.5219
    endloop
  endfacet
  facet normal -0.0462558 -0.0462554 -0.997858
    outer loop
      vertex 25.173 5.37401 2.5
      vertex 21.9263 9.08218 2.47861
      vertex 25.4037 5.60475 2.47861
    endloop
  endfacet
  facet normal -0.0462526 -0.0462526 -0.997858
    outer loop
      vertex 21.9263 9.08218 2.47861
      vertex 25.173 5.37401 2.5
      vertex 21.6 8.94701 2.5
    endloop
  endfacet
  facet normal -0.0462494 -0.0462495 -0.997859
    outer loop
      vertex 18.547 12 2.5
      vertex 21.2737 9.73481 2.47861
      vertex 21.6 8.94701 2.5
    endloop
  endfacet
  facet normal -0.0462496 -0.0462498 -0.997859
    outer loop
      vertex 21.2737 9.73481 2.47861
      vertex 18.547 12 2.5
      vertex 19.0085 12 2.47861
    endloop
  endfacet
  facet normal -0.634207 -0.634205 -0.442227
    outer loop
      vertex 26.8062 7.00721 0.956708
      vertex 23.7651 9.84381 1.25
      vertex 23.9097 9.90372 0.956708
    endloop
  endfacet
  facet normal -0.634178 -0.634162 -0.442331
    outer loop
      vertex 23.7651 9.84381 1.25
      vertex 26.8062 7.00721 0.956708
      vertex 26.7039 6.90494 1.25
    endloop
  endfacet
  facet normal 0.531684 0.531542 -0.659375
    outer loop
      vertex 23.5834 4.1587 1.5219
      vertex 23.923 4.12401 1.76777
      vertex 23.7705 3.97155 1.5219
    endloop
  endfacet
  facet normal 0.53166 0.531621 -0.659331
    outer loop
      vertex 23.923 4.12401 1.76777
      vertex 23.5834 4.1587 1.5219
      vertex 23.3678 4.67925 1.76777
    endloop
  endfacet
  facet normal 0.531652 0.531649 -0.659315
    outer loop
      vertex 19.6166 8.12547 1.5219
      vertex 16.047 12 1.76777
      vertex 19.8322 8.21478 1.76777
    endloop
  endfacet
  facet normal 0.531659 0.531655 -0.659303
    outer loop
      vertex 16.047 12 1.76777
      vertex 19.6166 8.12547 1.5219
      vertex 15.7421 12 1.5219
    endloop
  endfacet
  facet normal -0.705588 -0.705595 0.0654311
    outer loop
      vertex 24.0786 9.97369 -0.326315
      vertex 26.9408 7.14178 0
      vertex 24.1 9.98255 0
    endloop
  endfacet
  facet normal -0.705589 -0.70558 0.065582
    outer loop
      vertex 26.9408 7.14178 0
      vertex 24.0786 9.97369 -0.326315
      vertex 26.9256 7.12665 -0.326315
    endloop
  endfacet
  facet normal -0.669589 -0.669587 -0.321408
    outer loop
      vertex 24.0148 9.94726 0.647047
      vertex 26.8062 7.00721 0.956708
      vertex 23.9097 9.90372 0.956708
    endloop
  endfacet
  facet normal -0.669595 -0.669591 -0.321389
    outer loop
      vertex 26.8062 7.00721 0.956708
      vertex 24.0148 9.94726 0.647047
      vertex 26.8805 7.08154 0.647047
    endloop
  endfacet
  facet normal -0.707078 0.707136 -1.48878e-05
    outer loop
      vertex 25.8495 6.05051 2.3097
      vertex 26.0569 6.25789 2.16506
      vertex 25.4037 5.60475 2.47861
    endloop
  endfacet
  facet normal -0.707206 0.707007 -0.000815314
    outer loop
      vertex 25.173 5.37401 -2.5
      vertex 24.9423 5.14327 -2.47861
      vertex 24.7155 4.91648 -2.41481
    endloop
  endfacet
  facet normal 0.705594 0.705601 -0.0653017
    outer loop
      vertex 19.1214 7.92034 0.326315
      vertex 15.0115 12 0
      vertex 15.0417 12 0.326315
    endloop
  endfacet
  facet normal 0.705593 0.70559 -0.0654313
    outer loop
      vertex 15.0115 12 0
      vertex 19.1214 7.92034 0.326315
      vertex 19.1 7.91148 0
    endloop
  endfacet
  facet normal -0.587924 -0.587926 0.555598
    outer loop
      vertex 26.5755 6.77647 -1.5219
      vertex 23.7651 9.84381 -1.25
      vertex 23.5834 9.76856 -1.5219
    endloop
  endfacet
  facet normal -0.587988 -0.587974 0.555479
    outer loop
      vertex 23.7651 9.84381 -1.25
      vertex 26.5755 6.77647 -1.5219
      vertex 26.7039 6.90494 -1.25
    endloop
  endfacet
  facet normal -0.531612 -0.531614 0.659375
    outer loop
      vertex 23.5834 9.76856 -1.5219
      vertex 26.423 6.62401 -1.76777
      vertex 26.5755 6.77647 -1.5219
    endloop
  endfacet
  facet normal -0.531653 -0.531647 0.659315
    outer loop
      vertex 26.423 6.62401 -1.76777
      vertex 23.5834 9.76856 -1.5219
      vertex 23.3678 9.67925 -1.76777
    endloop
  endfacet
  facet normal -0.312751 -0.312752 0.896868
    outer loop
      vertex 22.85 9.46478 -2.16506
      vertex 25.8495 6.05051 -2.3097
      vertex 26.0569 6.25789 -2.16506
    endloop
  endfacet
  facet normal -0.312745 -0.312747 0.896872
    outer loop
      vertex 25.8495 6.05051 -2.3097
      vertex 22.85 9.46478 -2.16506
      vertex 22.5567 9.34329 -2.3097
    endloop
  endfacet
  facet normal -0.312739 -0.312739 0.896877
    outer loop
      vertex 19.9 12 -2.3097
      vertex 20.35 11.9648 -2.16506
      vertex 20.3148 12 -2.16506
    endloop
  endfacet
  facet normal -0.312739 -0.312739 0.896877
    outer loop
      vertex 20.35 11.9648 -2.16506
      vertex 19.9 12 -2.3097
      vertex 20.6433 11.2567 -2.3097
    endloop
  endfacet
  facet normal -0.137953 -0.137953 0.980784
    outer loop
      vertex 22.247 9.21503 -2.41481
      vertex 25.4037 5.60475 -2.47861
      vertex 25.6305 5.83154 -2.41481
    endloop
  endfacet
  facet normal -0.137965 -0.137964 0.980781
    outer loop
      vertex 25.4037 5.60475 -2.47861
      vertex 22.247 9.21503 -2.41481
      vertex 21.9263 9.08218 -2.47861
    endloop
  endfacet
  facet normal -0.13795 -0.13795 0.980785
    outer loop
      vertex 19.0085 12 -2.47861
      vertex 20.953 10.5091 -2.41481
      vertex 19.4621 12 -2.41481
    endloop
  endfacet
  facet normal -0.137952 -0.137952 0.980785
    outer loop
      vertex 20.953 10.5091 -2.41481
      vertex 19.0085 12 -2.47861
      vertex 21.2737 9.73481 -2.47861
    endloop
  endfacet
  facet normal 0.312748 0.312743 -0.896873
    outer loop
      vertex 22.85 5.92925 2.16506
      vertex 24.4965 4.69752 2.3097
      vertex 24.2891 4.49013 2.16506
    endloop
  endfacet
  facet normal 0.312761 0.312763 -0.896861
    outer loop
      vertex 24.4965 4.69752 2.3097
      vertex 22.85 5.92925 2.16506
      vertex 22.5567 6.63731 2.3097
    endloop
  endfacet
  facet normal 0.312751 0.312753 -0.896868
    outer loop
      vertex 20.35 8.42925 2.16506
      vertex 17.194 12 2.3097
      vertex 20.6433 8.55073 2.3097
    endloop
  endfacet
  facet normal 0.312739 0.312743 -0.896876
    outer loop
      vertex 17.194 12 2.3097
      vertex 20.35 8.42925 2.16506
      vertex 16.7792 12 2.16506
    endloop
  endfacet
  facet normal 0.588037 0.58788 -0.555527
    outer loop
      vertex 23.7705 3.97155 1.5219
      vertex 23.693 3.89403 1.35783
      vertex 23.5834 4.1587 1.5219
    endloop
  endfacet
  facet normal 0.587919 0.587915 -0.555614
    outer loop
      vertex 19.4349 8.05021 1.25
      vertex 15.7421 12 1.5219
      vertex 19.6166 8.12547 1.5219
    endloop
  endfacet
  facet normal 0.587889 0.58789 -0.555673
    outer loop
      vertex 15.7421 12 1.5219
      vertex 19.4349 8.05021 1.25
      vertex 15.4851 12 1.25
    endloop
  endfacet
  facet normal -0.392892 -0.392887 -0.83143
    outer loop
      vertex 26.0569 6.25789 2.16506
      vertex 23.1219 9.5774 1.98338
      vertex 26.2491 6.45016 1.98338
    endloop
  endfacet
  facet normal -0.392854 -0.392855 -0.831463
    outer loop
      vertex 23.1219 9.5774 1.98338
      vertex 26.0569 6.25789 2.16506
      vertex 22.85 9.46478 2.16506
    endloop
  endfacet
  facet normal -0.393044 -0.393044 -0.831284
    outer loop
      vertex 20.3354 12 2.15532
      vertex 20.35 11.9648 2.16506
      vertex 20.3148 12 2.16506
    endloop
  endfacet
  facet normal -0.531612 -0.531614 -0.659375
    outer loop
      vertex 26.423 6.62401 1.76777
      vertex 23.5834 9.76856 1.5219
      vertex 26.5755 6.77647 1.5219
    endloop
  endfacet
  facet normal -0.531653 -0.531647 -0.659315
    outer loop
      vertex 23.5834 9.76856 1.5219
      vertex 26.423 6.62401 1.76777
      vertex 23.3678 9.67925 1.76777
    endloop
  endfacet
  facet normal -0.708135 0.706077 0.00078998
    outer loop
      vertex 26.8062 7.00721 -0.956708
      vertex 26.7039 6.90494 -1.25
      vertex 26.5755 6.77647 -1.5219
    endloop
  endfacet
  facet normal -0.693523 -0.693513 -0.195105
    outer loop
      vertex 26.9256 7.12665 0.326315
      vertex 24.0148 9.94726 0.647047
      vertex 24.0786 9.97369 0.326315
    endloop
  endfacet
  facet normal -0.693526 -0.693521 -0.195062
    outer loop
      vertex 24.0148 9.94726 0.647047
      vertex 26.9256 7.12665 0.326315
      vertex 26.8805 7.08154 0.647047
    endloop
  endfacet
  facet normal -0.587924 -0.587926 -0.555598
    outer loop
      vertex 23.7651 9.84381 1.25
      vertex 26.5755 6.77647 1.5219
      vertex 23.5834 9.76856 1.5219
    endloop
  endfacet
  facet normal -0.587988 -0.587974 -0.555479
    outer loop
      vertex 26.5755 6.77647 1.5219
      vertex 23.7651 9.84381 1.25
      vertex 26.7039 6.90494 1.25
    endloop
  endfacet
  facet normal 0.392879 0.392899 -0.83143
    outer loop
      vertex 23.1219 5.27281 1.98338
      vertex 24.2891 4.49013 2.16506
      vertex 24.0969 4.29786 1.98338
    endloop
  endfacet
  facet normal 0.392847 0.392842 -0.831472
    outer loop
      vertex 24.2891 4.49013 2.16506
      vertex 23.1219 5.27281 1.98338
      vertex 22.85 5.92925 2.16506
    endloop
  endfacet
  facet normal 0.392845 0.392851 -0.831469
    outer loop
      vertex 20.0781 8.31662 1.98338
      vertex 16.7792 12 2.16506
      vertex 20.35 8.42925 2.16506
    endloop
  endfacet
  facet normal 0.392868 0.39287 -0.831449
    outer loop
      vertex 16.7792 12 2.16506
      vertex 20.0781 8.31662 1.98338
      vertex 16.3947 12 1.98338
    endloop
  endfacet
  facet normal -0.707972 0.706238 0.00156245
    outer loop
      vertex 24.0969 4.29786 1.98338
      vertex 24.2891 4.49013 2.16506
      vertex 23.923 4.12401 1.76777
    endloop
  endfacet
  facet normal 0.0462552 0.046256 0.997858
    outer loop
      vertex 25.173 5.37401 -2.5
      vertex 21.9263 8.15922 -2.47861
      vertex 24.9423 5.14327 -2.47861
    endloop
  endfacet
  facet normal 0.0462506 0.0462506 0.997859
    outer loop
      vertex 21.9263 8.15922 -2.47861
      vertex 25.173 5.37401 -2.5
      vertex 21.6 8.94701 -2.5
    endloop
  endfacet
  facet normal 0.0462536 0.0462537 0.997858
    outer loop
      vertex 18.547 12 -2.5
      vertex 21.2737 8.81185 -2.47861
      vertex 21.6 8.94701 -2.5
    endloop
  endfacet
  facet normal 0.0462496 0.0462503 0.997859
    outer loop
      vertex 21.2737 8.81185 -2.47861
      vertex 18.547 12 -2.5
      vertex 18.0855 12 -2.47861
    endloop
  endfacet
  facet normal 0.705594 0.705601 0.0653017
    outer loop
      vertex 15.0115 12 0
      vertex 19.1214 7.92034 -0.326315
      vertex 15.0417 12 -0.326315
    endloop
  endfacet
  facet normal 0.705593 0.70559 0.0654313
    outer loop
      vertex 19.1214 7.92034 -0.326315
      vertex 15.0115 12 0
      vertex 19.1 7.91148 0
    endloop
  endfacet
  facet normal -0.708135 0.706077 -0.00078998
    outer loop
      vertex 26.7039 6.90494 1.25
      vertex 26.8062 7.00721 0.956708
      vertex 26.5755 6.77647 1.5219
    endloop
  endfacet
  facet normal -0.312751 -0.312752 -0.896868
    outer loop
      vertex 25.8495 6.05051 2.3097
      vertex 22.85 9.46478 2.16506
      vertex 26.0569 6.25789 2.16506
    endloop
  endfacet
  facet normal -0.312745 -0.312747 -0.896872
    outer loop
      vertex 22.85 9.46478 2.16506
      vertex 25.8495 6.05051 2.3097
      vertex 22.5567 9.34329 2.3097
    endloop
  endfacet
  facet normal -0.312739 -0.312739 -0.896877
    outer loop
      vertex 19.9 12 2.3097
      vertex 20.35 11.9648 2.16506
      vertex 20.6433 11.2567 2.3097
    endloop
  endfacet
  facet normal -0.312739 -0.312739 -0.896877
    outer loop
      vertex 20.35 11.9648 2.16506
      vertex 19.9 12 2.3097
      vertex 20.3148 12 2.16506
    endloop
  endfacet
  facet normal 0.227265 0.227266 -0.946943
    outer loop
      vertex 22.5567 6.63731 2.3097
      vertex 24.7155 4.91648 2.41481
      vertex 24.4965 4.69752 2.3097
    endloop
  endfacet
  facet normal 0.227286 0.227294 -0.946931
    outer loop
      vertex 24.7155 4.91648 2.41481
      vertex 22.5567 6.63731 2.3097
      vertex 22.247 7.3849 2.41481
    endloop
  endfacet
  facet normal 0.227259 0.227265 -0.946945
    outer loop
      vertex 20.6433 8.55073 2.3097
      vertex 17.6319 12 2.41481
      vertex 20.953 8.679 2.41481
    endloop
  endfacet
  facet normal 0.227293 0.227295 -0.946929
    outer loop
      vertex 17.6319 12 2.41481
      vertex 20.6433 8.55073 2.3097
      vertex 17.194 12 2.3097
    endloop
  endfacet
  facet normal 0.693522 0.693532 0.19504
    outer loop
      vertex 15.0417 12 -0.326315
      vertex 19.1852 7.94676 -0.647047
      vertex 15.1319 12 -0.647047
    endloop
  endfacet
  facet normal 0.693518 0.693524 0.195083
    outer loop
      vertex 19.1852 7.94676 -0.647047
      vertex 15.0417 12 -0.326315
      vertex 19.1214 7.92034 -0.326315
    endloop
  endfacet
  facet normal 0.66956 0.66956 0.321525
    outer loop
      vertex 15.1319 12 -0.647047
      vertex 19.2903 7.9903 -0.956708
      vertex 15.2806 12 -0.956708
    endloop
  endfacet
  facet normal 0.669583 0.669593 0.321407
    outer loop
      vertex 19.2903 7.9903 -0.956708
      vertex 15.1319 12 -0.647047
      vertex 19.1852 7.94676 -0.647047
    endloop
  endfacet
  facet normal 0.634212 0.634213 0.442209
    outer loop
      vertex 15.2806 12 -0.956708
      vertex 19.4349 8.05021 -1.25
      vertex 15.4851 12 -1.25
    endloop
  endfacet
  facet normal 0.634206 0.634206 0.442227
    outer loop
      vertex 19.4349 8.05021 -1.25
      vertex 15.2806 12 -0.956708
      vertex 19.2903 7.9903 -0.956708
    endloop
  endfacet
  facet normal 0.531653 -0.531647 -0.659315
    outer loop
      vertex -26.423 6.62401 1.76777
      vertex -23.5834 9.76856 1.5219
      vertex -23.3678 9.67925 1.76777
    endloop
  endfacet
  facet normal 0.531612 -0.531614 -0.659375
    outer loop
      vertex -23.5834 9.76856 1.5219
      vertex -26.423 6.62401 1.76777
      vertex -26.5755 6.77647 1.5219
    endloop
  endfacet
  facet normal 0.708135 0.706077 0.00078998
    outer loop
      vertex -26.5755 6.77647 -1.5219
      vertex -26.7039 6.90494 -1.25
      vertex -26.8062 7.00721 -0.956708
    endloop
  endfacet
  facet normal -0.0462552 0.046256 -0.997858
    outer loop
      vertex -25.173 5.37401 2.5
      vertex -21.9263 8.15922 2.47861
      vertex -24.9423 5.14327 2.47861
    endloop
  endfacet
  facet normal -0.0462506 0.0462506 -0.997859
    outer loop
      vertex -21.9263 8.15922 2.47861
      vertex -25.173 5.37401 2.5
      vertex -21.6 8.94701 2.5
    endloop
  endfacet
  facet normal -0.0462496 0.0462503 -0.997859
    outer loop
      vertex -21.2737 8.81185 2.47861
      vertex -18.547 12 2.5
      vertex -18.0855 12 2.47861
    endloop
  endfacet
  facet normal -0.0462536 0.0462537 -0.997858
    outer loop
      vertex -18.547 12 2.5
      vertex -21.2737 8.81185 2.47861
      vertex -21.6 8.94701 2.5
    endloop
  endfacet
  facet normal -0.227286 0.227294 0.946931
    outer loop
      vertex -24.7155 4.91648 -2.41481
      vertex -22.5567 6.63731 -2.3097
      vertex -22.247 7.3849 -2.41481
    endloop
  endfacet
  facet normal -0.227265 0.227266 0.946943
    outer loop
      vertex -22.5567 6.63731 -2.3097
      vertex -24.7155 4.91648 -2.41481
      vertex -24.4965 4.69752 -2.3097
    endloop
  endfacet
  facet normal -0.227293 0.227295 0.946929
    outer loop
      vertex -17.6319 12 -2.41481
      vertex -20.6433 8.55073 -2.3097
      vertex -17.194 12 -2.3097
    endloop
  endfacet
  facet normal -0.227259 0.227265 0.946945
    outer loop
      vertex -20.6433 8.55073 -2.3097
      vertex -17.6319 12 -2.41481
      vertex -20.953 8.679 -2.41481
    endloop
  endfacet
  facet normal -0.392847 0.392842 0.831472
    outer loop
      vertex -24.2891 4.49013 -2.16506
      vertex -23.1219 5.27281 -1.98338
      vertex -22.85 5.92925 -2.16506
    endloop
  endfacet
  facet normal -0.392879 0.392899 0.83143
    outer loop
      vertex -23.1219 5.27281 -1.98338
      vertex -24.2891 4.49013 -2.16506
      vertex -24.0969 4.29786 -1.98338
    endloop
  endfacet
  facet normal -0.392868 0.39287 0.831449
    outer loop
      vertex -16.7792 12 -2.16506
      vertex -20.0781 8.31662 -1.98338
      vertex -16.3947 12 -1.98338
    endloop
  endfacet
  facet normal -0.392845 0.392851 0.831469
    outer loop
      vertex -20.0781 8.31662 -1.98338
      vertex -16.7792 12 -2.16506
      vertex -20.35 8.42925 -2.16506
    endloop
  endfacet
  facet normal -0.466225 0.466249 0.751829
    outer loop
      vertex -24.0969 4.29786 -1.98338
      vertex -23.3678 4.67925 -1.76777
      vertex -23.1219 5.27281 -1.98338
    endloop
  endfacet
  facet normal -0.466201 0.466168 0.751893
    outer loop
      vertex -23.3678 4.67925 -1.76777
      vertex -24.0969 4.29786 -1.98338
      vertex -23.923 4.12401 -1.76777
    endloop
  endfacet
  facet normal -0.466223 0.466221 0.751847
    outer loop
      vertex -16.3947 12 -1.98338
      vertex -19.8322 8.21478 -1.76777
      vertex -16.047 12 -1.76777
    endloop
  endfacet
  facet normal -0.466191 0.466194 0.751884
    outer loop
      vertex -19.8322 8.21478 -1.76777
      vertex -16.3947 12 -1.98338
      vertex -20.0781 8.31662 -1.98338
    endloop
  endfacet
  facet normal 0.227265 -0.227266 0.946943
    outer loop
      vertex -22.5567 9.34329 -2.3097
      vertex -25.6305 5.83154 -2.41481
      vertex -22.247 9.21503 -2.41481
    endloop
  endfacet
  facet normal 0.22726 -0.227261 0.946945
    outer loop
      vertex -25.6305 5.83154 -2.41481
      vertex -22.5567 9.34329 -2.3097
      vertex -25.8495 6.05051 -2.3097
    endloop
  endfacet
  facet normal 0.227293 -0.227293 0.946929
    outer loop
      vertex -20.6433 11.2567 -2.3097
      vertex -19.4621 12 -2.41481
      vertex -19.9 12 -2.3097
    endloop
  endfacet
  facet normal 0.227293 -0.227293 0.946929
    outer loop
      vertex -19.4621 12 -2.41481
      vertex -20.6433 11.2567 -2.3097
      vertex -20.953 10.5091 -2.41481
    endloop
  endfacet
  facet normal 0.705588 -0.705595 -0.0654311
    outer loop
      vertex -24.0786 9.97369 0.326315
      vertex -26.9408 7.14178 0
      vertex -24.1 9.98255 0
    endloop
  endfacet
  facet normal 0.705589 -0.70558 -0.065582
    outer loop
      vertex -26.9408 7.14178 0
      vertex -24.0786 9.97369 0.326315
      vertex -26.9256 7.12665 0.326315
    endloop
  endfacet
  facet normal 0.227265 -0.227266 -0.946943
    outer loop
      vertex -25.6305 5.83154 2.41481
      vertex -22.5567 9.34329 2.3097
      vertex -22.247 9.21503 2.41481
    endloop
  endfacet
  facet normal 0.22726 -0.227261 -0.946945
    outer loop
      vertex -22.5567 9.34329 2.3097
      vertex -25.6305 5.83154 2.41481
      vertex -25.8495 6.05051 2.3097
    endloop
  endfacet
  facet normal 0.227293 -0.227293 -0.946929
    outer loop
      vertex -19.4621 12 2.41481
      vertex -20.6433 11.2567 2.3097
      vertex -19.9 12 2.3097
    endloop
  endfacet
  facet normal 0.227293 -0.227293 -0.946929
    outer loop
      vertex -20.6433 11.2567 2.3097
      vertex -19.4621 12 2.41481
      vertex -20.953 10.5091 2.41481
    endloop
  endfacet
  facet normal 0.708029 0.706184 -0.000237435
    outer loop
      vertex -26.9256 7.12665 0.326315
      vertex -26.8805 7.08154 0.647047
      vertex -26.9408 7.14178 0
    endloop
  endfacet
  facet normal 0.137965 -0.137964 -0.980781
    outer loop
      vertex -25.4037 5.60475 2.47861
      vertex -22.247 9.21503 2.41481
      vertex -21.9263 9.08218 2.47861
    endloop
  endfacet
  facet normal 0.137953 -0.137953 -0.980784
    outer loop
      vertex -22.247 9.21503 2.41481
      vertex -25.4037 5.60475 2.47861
      vertex -25.6305 5.83154 2.41481
    endloop
  endfacet
  facet normal 0.13795 -0.13795 -0.980785
    outer loop
      vertex -19.0085 12 2.47861
      vertex -20.953 10.5091 2.41481
      vertex -19.4621 12 2.41481
    endloop
  endfacet
  facet normal 0.137952 -0.137952 -0.980785
    outer loop
      vertex -20.953 10.5091 2.41481
      vertex -19.0085 12 2.47861
      vertex -21.2737 9.73481 2.47861
    endloop
  endfacet
  facet normal 0.707078 0.707136 1.48878e-05
    outer loop
      vertex -25.4037 5.60475 -2.47861
      vertex -25.8495 6.05051 -2.3097
      vertex -26.0569 6.25789 -2.16506
    endloop
  endfacet
  facet normal -0.705594 0.705601 -0.0653017
    outer loop
      vertex -15.0115 12 0
      vertex -19.1214 7.92034 0.326315
      vertex -15.0417 12 0.326315
    endloop
  endfacet
  facet normal -0.705593 0.70559 -0.0654313
    outer loop
      vertex -19.1214 7.92034 0.326315
      vertex -15.0115 12 0
      vertex -19.1 7.91148 0
    endloop
  endfacet
  facet normal 0.669595 -0.669591 0.321389
    outer loop
      vertex -26.8062 7.00721 -0.956708
      vertex -24.0148 9.94726 -0.647047
      vertex -26.8805 7.08154 -0.647047
    endloop
  endfacet
  facet normal 0.669589 -0.669587 0.321408
    outer loop
      vertex -24.0148 9.94726 -0.647047
      vertex -26.8062 7.00721 -0.956708
      vertex -23.9097 9.90372 -0.956708
    endloop
  endfacet
  facet normal 0.707563 0.70665 0.000150616
    outer loop
      vertex -26.8062 7.00721 -0.956708
      vertex -26.8805 7.08154 -0.647047
      vertex -26.9408 7.14178 0
    endloop
  endfacet
  facet normal 0.669595 -0.669591 -0.321389
    outer loop
      vertex -24.0148 9.94726 0.647047
      vertex -26.8062 7.00721 0.956708
      vertex -26.8805 7.08154 0.647047
    endloop
  endfacet
  facet normal 0.669589 -0.669587 -0.321408
    outer loop
      vertex -26.8062 7.00721 0.956708
      vertex -24.0148 9.94726 0.647047
      vertex -23.9097 9.90372 0.956708
    endloop
  endfacet
  facet normal 0.708029 0.706184 0.000237435
    outer loop
      vertex -26.8805 7.08154 -0.647047
      vertex -26.9256 7.12665 -0.326315
      vertex -26.9408 7.14178 0
    endloop
  endfacet
  facet normal 0.693523 -0.693513 0.195105
    outer loop
      vertex -26.9256 7.12665 -0.326315
      vertex -24.0148 9.94726 -0.647047
      vertex -24.0786 9.97369 -0.326315
    endloop
  endfacet
  facet normal 0.693526 -0.693521 0.195062
    outer loop
      vertex -24.0148 9.94726 -0.647047
      vertex -26.9256 7.12665 -0.326315
      vertex -26.8805 7.08154 -0.647047
    endloop
  endfacet
  facet normal 0.707972 0.706238 0.00156245
    outer loop
      vertex -24.0969 4.29786 1.98338
      vertex -23.923 4.12401 1.76777
      vertex -24.2891 4.49013 2.16506
    endloop
  endfacet
  facet normal 0.634207 -0.634205 0.442227
    outer loop
      vertex -26.8062 7.00721 -0.956708
      vertex -23.7651 9.84381 -1.25
      vertex -23.9097 9.90372 -0.956708
    endloop
  endfacet
  facet normal 0.634178 -0.634162 0.442331
    outer loop
      vertex -23.7651 9.84381 -1.25
      vertex -26.8062 7.00721 -0.956708
      vertex -26.7039 6.90494 -1.25
    endloop
  endfacet
  facet normal 0.707155 0.707058 0.000273295
    outer loop
      vertex -24.7155 4.91648 2.41481
      vertex -25.4037 5.60475 2.47861
      vertex -25.173 5.37401 2.5
    endloop
  endfacet
  facet normal 0.707024 0.70719 -7.7348e-05
    outer loop
      vertex -23.9097 4.11071 0.956708
      vertex -24.7155 4.91648 2.41481
      vertex -24.4965 4.69752 2.3097
    endloop
  endfacet
  facet normal 0.70708 0.707134 -2.8692e-05
    outer loop
      vertex -23.9097 4.11071 0.956708
      vertex -24.4965 4.69752 2.3097
      vertex -24.2891 4.49013 2.16506
    endloop
  endfacet
  facet normal 0.707145 0.707068 5.72246e-05
    outer loop
      vertex -24.7155 4.91648 2.41481
      vertex -23.9097 4.11071 0.956708
      vertex -25.4037 5.60475 2.47861
    endloop
  endfacet
  facet normal 0.707122 0.707091 1.21932e-05
    outer loop
      vertex -24.0148 4.21582 0.647047
      vertex -25.4037 5.60475 2.47861
      vertex -23.9097 4.11071 0.956708
    endloop
  endfacet
  facet normal 0.707126 0.707087 6.44909e-07
    outer loop
      vertex -23.9097 4.11071 0.956708
      vertex -24.2891 4.49013 2.16506
      vertex -23.923 4.12401 1.76777
    endloop
  endfacet
  facet normal 0.707085 0.707129 -4.46021e-05
    outer loop
      vertex -25.4037 5.60475 2.47861
      vertex -24.0148 4.21582 0.647047
      vertex -26.0569 6.25789 2.16506
    endloop
  endfacet
  facet normal 0.706838 0.707376 -0.00021882
    outer loop
      vertex -23.7651 3.96607 1.25
      vertex -23.923 4.12401 1.76777
      vertex -23.7705 3.97155 1.5219
    endloop
  endfacet
  facet normal 0.707161 0.707053 0.000158649
    outer loop
      vertex -26.0569 6.25789 2.16506
      vertex -24.0148 4.21582 0.647047
      vertex -26.2491 6.45016 1.98338
    endloop
  endfacet
  facet normal 0.706972 0.707241 -0.000213438
    outer loop
      vertex -23.7651 3.96607 1.25
      vertex -23.7705 3.97155 1.5219
      vertex -23.693 3.89403 1.35783
    endloop
  endfacet
  facet normal 0.707201 0.707012 3.10389e-06
    outer loop
      vertex -23.923 4.12401 1.76777
      vertex -23.7651 3.96607 1.25
      vertex -23.9097 4.11071 0.956708
    endloop
  endfacet
  facet normal 0.707078 0.707136 -0.000117509
    outer loop
      vertex -26.2491 6.45016 1.98338
      vertex -24.0148 4.21582 0.647047
      vertex -26.423 6.62401 1.76777
    endloop
  endfacet
  facet normal 0.707085 0.707129 -8.78593e-05
    outer loop
      vertex -26.423 6.62401 1.76777
      vertex -24.0148 4.21582 0.647047
      vertex -26.5755 6.77647 1.5219
    endloop
  endfacet
  facet normal 0.7071 0.707113 2.57172e-06
    outer loop
      vertex -24.0786 4.27962 0.326315
      vertex -26.5755 6.77647 1.5219
      vertex -24.0148 4.21582 0.647047
    endloop
  endfacet
  facet normal 0.707111 0.707103 4.66963e-05
    outer loop
      vertex -26.5755 6.77647 1.5219
      vertex -24.0786 4.27962 0.326315
      vertex -26.8062 7.00721 0.956708
    endloop
  endfacet
  facet normal 0.707103 0.707111 -2.11799e-05
    outer loop
      vertex -26.9408 7.14178 0
      vertex -24.0786 4.27962 0.326315
      vertex -24.1 4.30101 0
    endloop
  endfacet
  facet normal 0.707103 0.707111 -2.11217e-05
    outer loop
      vertex -24.0786 4.27962 0.326315
      vertex -26.9408 7.14178 0
      vertex -26.8062 7.00721 0.956708
    endloop
  endfacet
  facet normal 0.707103 0.707111 2.11799e-05
    outer loop
      vertex -24.0786 4.27962 -0.326315
      vertex -26.9408 7.14178 0
      vertex -24.1 4.30101 0
    endloop
  endfacet
  facet normal 0.7071 0.707113 -2.57172e-06
    outer loop
      vertex -26.5755 6.77647 -1.5219
      vertex -24.0786 4.27962 -0.326315
      vertex -24.0148 4.21582 -0.647047
    endloop
  endfacet
  facet normal 0.707122 0.707091 -1.21932e-05
    outer loop
      vertex -25.4037 5.60475 -2.47861
      vertex -24.0148 4.21582 -0.647047
      vertex -23.9097 4.11071 -0.956708
    endloop
  endfacet
  facet normal 0.707103 0.707111 2.11217e-05
    outer loop
      vertex -24.0786 4.27962 -0.326315
      vertex -26.8062 7.00721 -0.956708
      vertex -26.9408 7.14178 0
    endloop
  endfacet
  facet normal 0.707201 0.707012 -3.10389e-06
    outer loop
      vertex -23.923 4.12401 -1.76777
      vertex -23.9097 4.11071 -0.956708
      vertex -23.7651 3.96607 -1.25
    endloop
  endfacet
  facet normal 0.706972 0.707241 0.000213438
    outer loop
      vertex -23.7705 3.97155 -1.5219
      vertex -23.7651 3.96607 -1.25
      vertex -23.693 3.89403 -1.35783
    endloop
  endfacet
  facet normal 0.706838 0.707376 0.00021882
    outer loop
      vertex -23.923 4.12401 -1.76777
      vertex -23.7651 3.96607 -1.25
      vertex -23.7705 3.97155 -1.5219
    endloop
  endfacet
  facet normal 0.707111 0.707103 -4.66963e-05
    outer loop
      vertex -24.0786 4.27962 -0.326315
      vertex -26.5755 6.77647 -1.5219
      vertex -26.8062 7.00721 -0.956708
    endloop
  endfacet
  facet normal 0.707126 0.707087 -6.44909e-07
    outer loop
      vertex -23.9097 4.11071 -0.956708
      vertex -23.923 4.12401 -1.76777
      vertex -24.2891 4.49013 -2.16506
    endloop
  endfacet
  facet normal 0.707085 0.707129 8.78593e-05
    outer loop
      vertex -24.0148 4.21582 -0.647047
      vertex -26.423 6.62401 -1.76777
      vertex -26.5755 6.77647 -1.5219
    endloop
  endfacet
  facet normal 0.707078 0.707136 0.000117509
    outer loop
      vertex -24.0148 4.21582 -0.647047
      vertex -26.2491 6.45016 -1.98338
      vertex -26.423 6.62401 -1.76777
    endloop
  endfacet
  facet normal 0.70708 0.707134 2.8692e-05
    outer loop
      vertex -24.4965 4.69752 -2.3097
      vertex -23.9097 4.11071 -0.956708
      vertex -24.2891 4.49013 -2.16506
    endloop
  endfacet
  facet normal 0.707161 0.707053 -0.000158649
    outer loop
      vertex -24.0148 4.21582 -0.647047
      vertex -26.0569 6.25789 -2.16506
      vertex -26.2491 6.45016 -1.98338
    endloop
  endfacet
  facet normal 0.707024 0.70719 7.7348e-05
    outer loop
      vertex -24.7155 4.91648 -2.41481
      vertex -23.9097 4.11071 -0.956708
      vertex -24.4965 4.69752 -2.3097
    endloop
  endfacet
  facet normal 0.707145 0.707068 -5.72246e-05
    outer loop
      vertex -25.4037 5.60475 -2.47861
      vertex -23.9097 4.11071 -0.956708
      vertex -24.7155 4.91648 -2.41481
    endloop
  endfacet
  facet normal 0.707085 0.707129 4.46021e-05
    outer loop
      vertex -24.0148 4.21582 -0.647047
      vertex -25.4037 5.60475 -2.47861
      vertex -26.0569 6.25789 -2.16506
    endloop
  endfacet
  facet normal 0.707155 0.707058 -0.000273295
    outer loop
      vertex -25.4037 5.60475 -2.47861
      vertex -24.7155 4.91648 -2.41481
      vertex -25.173 5.37401 -2.5
    endloop
  endfacet
  facet normal 0.392854 -0.392855 0.831463
    outer loop
      vertex -23.1219 9.5774 -1.98338
      vertex -26.0569 6.25789 -2.16506
      vertex -22.85 9.46478 -2.16506
    endloop
  endfacet
  facet normal 0.392892 -0.392887 0.83143
    outer loop
      vertex -26.0569 6.25789 -2.16506
      vertex -23.1219 9.5774 -1.98338
      vertex -26.2491 6.45016 -1.98338
    endloop
  endfacet
  facet normal 0.393044 -0.393044 0.831284
    outer loop
      vertex -20.3148 12 -2.16506
      vertex -20.3354 12 -2.15532
      vertex -20.35 11.9648 -2.16506
    endloop
  endfacet
  facet normal -0.634212 0.634213 -0.442209
    outer loop
      vertex -15.2806 12 0.956708
      vertex -19.4349 8.05021 1.25
      vertex -15.4851 12 1.25
    endloop
  endfacet
  facet normal -0.634206 0.634206 -0.442227
    outer loop
      vertex -19.4349 8.05021 1.25
      vertex -15.2806 12 0.956708
      vertex -19.2903 7.9903 0.956708
    endloop
  endfacet
  facet normal 0.466187 -0.466181 -0.751894
    outer loop
      vertex -26.2491 6.45016 1.98338
      vertex -23.3678 9.67925 1.76777
      vertex -23.1219 9.5774 1.98338
    endloop
  endfacet
  facet normal 0.466188 -0.466182 -0.751893
    outer loop
      vertex -23.3678 9.67925 1.76777
      vertex -26.2491 6.45016 1.98338
      vertex -26.423 6.62401 1.76777
    endloop
  endfacet
  facet normal -0.392879 0.392899 -0.83143
    outer loop
      vertex -24.2891 4.49013 2.16506
      vertex -23.1219 5.27281 1.98338
      vertex -24.0969 4.29786 1.98338
    endloop
  endfacet
  facet normal -0.392847 0.392842 -0.831472
    outer loop
      vertex -23.1219 5.27281 1.98338
      vertex -24.2891 4.49013 2.16506
      vertex -22.85 5.92925 2.16506
    endloop
  endfacet
  facet normal -0.392868 0.39287 -0.831449
    outer loop
      vertex -20.0781 8.31662 1.98338
      vertex -16.7792 12 2.16506
      vertex -16.3947 12 1.98338
    endloop
  endfacet
  facet normal -0.392845 0.392851 -0.831469
    outer loop
      vertex -16.7792 12 2.16506
      vertex -20.0781 8.31662 1.98338
      vertex -20.35 8.42925 2.16506
    endloop
  endfacet
  facet normal 0.707206 0.707007 -0.000815314
    outer loop
      vertex -24.7155 4.91648 -2.41481
      vertex -24.9423 5.14327 -2.47861
      vertex -25.173 5.37401 -2.5
    endloop
  endfacet
  facet normal 0.707138 0.707076 0.000330651
    outer loop
      vertex -25.4037 5.60475 -2.47861
      vertex -25.6305 5.83154 -2.41481
      vertex -25.8495 6.05051 -2.3097
    endloop
  endfacet
  facet normal -0.693522 0.693532 -0.19504
    outer loop
      vertex -15.0417 12 0.326315
      vertex -19.1852 7.94676 0.647047
      vertex -15.1319 12 0.647047
    endloop
  endfacet
  facet normal -0.693518 0.693524 -0.195083
    outer loop
      vertex -19.1852 7.94676 0.647047
      vertex -15.0417 12 0.326315
      vertex -19.1214 7.92034 0.326315
    endloop
  endfacet
  facet normal 0.466187 -0.466181 0.751894
    outer loop
      vertex -23.3678 9.67925 -1.76777
      vertex -26.2491 6.45016 -1.98338
      vertex -23.1219 9.5774 -1.98338
    endloop
  endfacet
  facet normal 0.466188 -0.466182 0.751893
    outer loop
      vertex -26.2491 6.45016 -1.98338
      vertex -23.3678 9.67925 -1.76777
      vertex -26.423 6.62401 -1.76777
    endloop
  endfacet
  facet normal -0.53166 0.531621 0.659331
    outer loop
      vertex -23.923 4.12401 -1.76777
      vertex -23.5834 4.1587 -1.5219
      vertex -23.3678 4.67925 -1.76777
    endloop
  endfacet
  facet normal -0.531684 0.531542 0.659375
    outer loop
      vertex -23.5834 4.1587 -1.5219
      vertex -23.923 4.12401 -1.76777
      vertex -23.7705 3.97155 -1.5219
    endloop
  endfacet
  facet normal -0.531659 0.531655 0.659303
    outer loop
      vertex -16.047 12 -1.76777
      vertex -19.6166 8.12547 -1.5219
      vertex -15.7421 12 -1.5219
    endloop
  endfacet
  facet normal -0.531652 0.531649 0.659315
    outer loop
      vertex -19.6166 8.12547 -1.5219
      vertex -16.047 12 -1.76777
      vertex -19.8322 8.21478 -1.76777
    endloop
  endfacet
  facet normal 0.0462526 -0.0462526 -0.997858
    outer loop
      vertex -25.173 5.37401 2.5
      vertex -21.9263 9.08218 2.47861
      vertex -21.6 8.94701 2.5
    endloop
  endfacet
  facet normal 0.0462558 -0.0462554 -0.997858
    outer loop
      vertex -21.9263 9.08218 2.47861
      vertex -25.173 5.37401 2.5
      vertex -25.4037 5.60475 2.47861
    endloop
  endfacet
  facet normal 0.0462496 -0.0462498 -0.997859
    outer loop
      vertex -18.547 12 2.5
      vertex -21.2737 9.73481 2.47861
      vertex -19.0085 12 2.47861
    endloop
  endfacet
  facet normal 0.0462494 -0.0462495 -0.997859
    outer loop
      vertex -21.2737 9.73481 2.47861
      vertex -18.547 12 2.5
      vertex -21.6 8.94701 2.5
    endloop
  endfacet
  facet normal 0.708135 0.706077 -0.00078998
    outer loop
      vertex -26.7039 6.90494 1.25
      vertex -26.5755 6.77647 1.5219
      vertex -26.8062 7.00721 0.956708
    endloop
  endfacet
  facet normal 0.707078 0.707136 -1.48878e-05
    outer loop
      vertex -25.8495 6.05051 2.3097
      vertex -25.4037 5.60475 2.47861
      vertex -26.0569 6.25789 2.16506
    endloop
  endfacet
  facet normal -0.531684 0.531542 -0.659375
    outer loop
      vertex -23.923 4.12401 1.76777
      vertex -23.5834 4.1587 1.5219
      vertex -23.7705 3.97155 1.5219
    endloop
  endfacet
  facet normal -0.53166 0.531621 -0.659331
    outer loop
      vertex -23.5834 4.1587 1.5219
      vertex -23.923 4.12401 1.76777
      vertex -23.3678 4.67925 1.76777
    endloop
  endfacet
  facet normal -0.531659 0.531655 -0.659303
    outer loop
      vertex -19.6166 8.12547 1.5219
      vertex -16.047 12 1.76777
      vertex -15.7421 12 1.5219
    endloop
  endfacet
  facet normal -0.531652 0.531649 -0.659315
    outer loop
      vertex -16.047 12 1.76777
      vertex -19.6166 8.12547 1.5219
      vertex -19.8322 8.21478 1.76777
    endloop
  endfacet
  facet normal 0.705588 -0.705595 0.0654311
    outer loop
      vertex -26.9408 7.14178 0
      vertex -24.0786 9.97369 -0.326315
      vertex -24.1 9.98255 0
    endloop
  endfacet
  facet normal 0.705589 -0.70558 0.065582
    outer loop
      vertex -24.0786 9.97369 -0.326315
      vertex -26.9408 7.14178 0
      vertex -26.9256 7.12665 -0.326315
    endloop
  endfacet
  facet normal 0.707563 0.70665 -0.000150616
    outer loop
      vertex -26.8805 7.08154 0.647047
      vertex -26.8062 7.00721 0.956708
      vertex -26.9408 7.14178 0
    endloop
  endfacet
  facet normal 0.0462526 -0.0462526 0.997858
    outer loop
      vertex -21.9263 9.08218 -2.47861
      vertex -25.173 5.37401 -2.5
      vertex -21.6 8.94701 -2.5
    endloop
  endfacet
  facet normal 0.0462558 -0.0462554 0.997858
    outer loop
      vertex -25.173 5.37401 -2.5
      vertex -21.9263 9.08218 -2.47861
      vertex -25.4037 5.60475 -2.47861
    endloop
  endfacet
  facet normal 0.0462496 -0.0462498 0.997859
    outer loop
      vertex -21.2737 9.73481 -2.47861
      vertex -18.547 12 -2.5
      vertex -19.0085 12 -2.47861
    endloop
  endfacet
  facet normal 0.0462494 -0.0462495 0.997859
    outer loop
      vertex -18.547 12 -2.5
      vertex -21.2737 9.73481 -2.47861
      vertex -21.6 8.94701 -2.5
    endloop
  endfacet
  facet normal -0.13794 0.137943 0.980788
    outer loop
      vertex -24.9423 5.14327 -2.47861
      vertex -22.247 7.3849 -2.41481
      vertex -21.9263 8.15922 -2.47861
    endloop
  endfacet
  facet normal -0.137951 0.137955 0.980784
    outer loop
      vertex -22.247 7.3849 -2.41481
      vertex -24.9423 5.14327 -2.47861
      vertex -24.7155 4.91648 -2.41481
    endloop
  endfacet
  facet normal -0.13795 0.137954 0.980785
    outer loop
      vertex -18.0855 12 -2.47861
      vertex -20.953 8.679 -2.41481
      vertex -17.6319 12 -2.41481
    endloop
  endfacet
  facet normal -0.137964 0.137966 0.980781
    outer loop
      vertex -20.953 8.679 -2.41481
      vertex -18.0855 12 -2.47861
      vertex -21.2737 8.81185 -2.47861
    endloop
  endfacet
  facet normal 0.707972 0.706238 -0.00156245
    outer loop
      vertex -23.923 4.12401 -1.76777
      vertex -24.0969 4.29786 -1.98338
      vertex -24.2891 4.49013 -2.16506
    endloop
  endfacet
  facet normal 0.707138 0.707076 -0.000330651
    outer loop
      vertex -25.6305 5.83154 2.41481
      vertex -25.4037 5.60475 2.47861
      vertex -25.8495 6.05051 2.3097
    endloop
  endfacet
  facet normal 0.587988 -0.587974 0.555479
    outer loop
      vertex -26.5755 6.77647 -1.5219
      vertex -23.7651 9.84381 -1.25
      vertex -26.7039 6.90494 -1.25
    endloop
  endfacet
  facet normal 0.587924 -0.587926 0.555598
    outer loop
      vertex -23.7651 9.84381 -1.25
      vertex -26.5755 6.77647 -1.5219
      vertex -23.5834 9.76856 -1.5219
    endloop
  endfacet
  facet normal 0.312745 -0.312747 0.896872
    outer loop
      vertex -22.85 9.46478 -2.16506
      vertex -25.8495 6.05051 -2.3097
      vertex -22.5567 9.34329 -2.3097
    endloop
  endfacet
  facet normal 0.312751 -0.312752 0.896868
    outer loop
      vertex -25.8495 6.05051 -2.3097
      vertex -22.85 9.46478 -2.16506
      vertex -26.0569 6.25789 -2.16506
    endloop
  endfacet
  facet normal 0.312739 -0.312739 0.896877
    outer loop
      vertex -20.35 11.9648 -2.16506
      vertex -19.9 12 -2.3097
      vertex -20.3148 12 -2.16506
    endloop
  endfacet
  facet normal 0.312739 -0.312739 0.896877
    outer loop
      vertex -19.9 12 -2.3097
      vertex -20.35 11.9648 -2.16506
      vertex -20.6433 11.2567 -2.3097
    endloop
  endfacet
  facet normal 0.137965 -0.137964 0.980781
    outer loop
      vertex -22.247 9.21503 -2.41481
      vertex -25.4037 5.60475 -2.47861
      vertex -21.9263 9.08218 -2.47861
    endloop
  endfacet
  facet normal 0.137953 -0.137953 0.980784
    outer loop
      vertex -25.4037 5.60475 -2.47861
      vertex -22.247 9.21503 -2.41481
      vertex -25.6305 5.83154 -2.41481
    endloop
  endfacet
  facet normal 0.13795 -0.13795 0.980785
    outer loop
      vertex -20.953 10.5091 -2.41481
      vertex -19.0085 12 -2.47861
      vertex -19.4621 12 -2.41481
    endloop
  endfacet
  facet normal 0.137952 -0.137952 0.980785
    outer loop
      vertex -19.0085 12 -2.47861
      vertex -20.953 10.5091 -2.41481
      vertex -21.2737 9.73481 -2.47861
    endloop
  endfacet
  facet normal 0.531653 -0.531647 0.659315
    outer loop
      vertex -23.5834 9.76856 -1.5219
      vertex -26.423 6.62401 -1.76777
      vertex -23.3678 9.67925 -1.76777
    endloop
  endfacet
  facet normal 0.531612 -0.531614 0.659375
    outer loop
      vertex -26.423 6.62401 -1.76777
      vertex -23.5834 9.76856 -1.5219
      vertex -26.5755 6.77647 -1.5219
    endloop
  endfacet
  facet normal -0.137951 0.137955 -0.980784
    outer loop
      vertex -24.9423 5.14327 2.47861
      vertex -22.247 7.3849 2.41481
      vertex -24.7155 4.91648 2.41481
    endloop
  endfacet
  facet normal -0.13794 0.137943 -0.980788
    outer loop
      vertex -22.247 7.3849 2.41481
      vertex -24.9423 5.14327 2.47861
      vertex -21.9263 8.15922 2.47861
    endloop
  endfacet
  facet normal -0.13795 0.137954 -0.980785
    outer loop
      vertex -20.953 8.679 2.41481
      vertex -18.0855 12 2.47861
      vertex -17.6319 12 2.41481
    endloop
  endfacet
  facet normal -0.137964 0.137966 -0.980781
    outer loop
      vertex -18.0855 12 2.47861
      vertex -20.953 8.679 2.41481
      vertex -21.2737 8.81185 2.47861
    endloop
  endfacet
  facet normal -0.312748 0.312743 -0.896873
    outer loop
      vertex -24.4965 4.69752 2.3097
      vertex -22.85 5.92925 2.16506
      vertex -24.2891 4.49013 2.16506
    endloop
  endfacet
  facet normal -0.312761 0.312763 -0.896861
    outer loop
      vertex -22.85 5.92925 2.16506
      vertex -24.4965 4.69752 2.3097
      vertex -22.5567 6.63731 2.3097
    endloop
  endfacet
  facet normal -0.312739 0.312743 -0.896876
    outer loop
      vertex -20.35 8.42925 2.16506
      vertex -17.194 12 2.3097
      vertex -16.7792 12 2.16506
    endloop
  endfacet
  facet normal -0.312751 0.312753 -0.896868
    outer loop
      vertex -17.194 12 2.3097
      vertex -20.35 8.42925 2.16506
      vertex -20.6433 8.55073 2.3097
    endloop
  endfacet
  facet normal -0.588037 0.58788 -0.555527
    outer loop
      vertex -23.5834 4.1587 1.5219
      vertex -23.693 3.89403 1.35783
      vertex -23.7705 3.97155 1.5219
    endloop
  endfacet
  facet normal -0.587889 0.58789 -0.555673
    outer loop
      vertex -19.4349 8.05021 1.25
      vertex -15.7421 12 1.5219
      vertex -15.4851 12 1.25
    endloop
  endfacet
  facet normal -0.587919 0.587915 -0.555614
    outer loop
      vertex -15.7421 12 1.5219
      vertex -19.4349 8.05021 1.25
      vertex -19.6166 8.12547 1.5219
    endloop
  endfacet
  facet normal -0.312761 0.312763 0.896861
    outer loop
      vertex -24.4965 4.69752 -2.3097
      vertex -22.85 5.92925 -2.16506
      vertex -22.5567 6.63731 -2.3097
    endloop
  endfacet
  facet normal -0.312748 0.312743 0.896873
    outer loop
      vertex -22.85 5.92925 -2.16506
      vertex -24.4965 4.69752 -2.3097
      vertex -24.2891 4.49013 -2.16506
    endloop
  endfacet
  facet normal -0.312739 0.312743 0.896876
    outer loop
      vertex -17.194 12 -2.3097
      vertex -20.35 8.42925 -2.16506
      vertex -16.7792 12 -2.16506
    endloop
  endfacet
  facet normal -0.312751 0.312753 0.896868
    outer loop
      vertex -20.35 8.42925 -2.16506
      vertex -17.194 12 -2.3097
      vertex -20.6433 8.55073 -2.3097
    endloop
  endfacet
  facet normal -0.66956 0.66956 -0.321525
    outer loop
      vertex -15.1319 12 0.647047
      vertex -19.2903 7.9903 0.956708
      vertex -15.2806 12 0.956708
    endloop
  endfacet
  facet normal -0.669583 0.669593 -0.321407
    outer loop
      vertex -19.2903 7.9903 0.956708
      vertex -15.1319 12 0.647047
      vertex -19.1852 7.94676 0.647047
    endloop
  endfacet
  facet normal 0.693523 -0.693513 -0.195105
    outer loop
      vertex -24.0148 9.94726 0.647047
      vertex -26.9256 7.12665 0.326315
      vertex -24.0786 9.97369 0.326315
    endloop
  endfacet
  facet normal 0.693526 -0.693521 -0.195062
    outer loop
      vertex -26.9256 7.12665 0.326315
      vertex -24.0148 9.94726 0.647047
      vertex -26.8805 7.08154 0.647047
    endloop
  endfacet
  facet normal 0.587988 -0.587974 -0.555479
    outer loop
      vertex -23.7651 9.84381 1.25
      vertex -26.5755 6.77647 1.5219
      vertex -26.7039 6.90494 1.25
    endloop
  endfacet
  facet normal 0.587924 -0.587926 -0.555598
    outer loop
      vertex -26.5755 6.77647 1.5219
      vertex -23.7651 9.84381 1.25
      vertex -23.5834 9.76856 1.5219
    endloop
  endfacet
  facet normal 0.634207 -0.634205 -0.442227
    outer loop
      vertex -23.7651 9.84381 1.25
      vertex -26.8062 7.00721 0.956708
      vertex -23.9097 9.90372 0.956708
    endloop
  endfacet
  facet normal 0.634178 -0.634162 -0.442331
    outer loop
      vertex -26.8062 7.00721 0.956708
      vertex -23.7651 9.84381 1.25
      vertex -26.7039 6.90494 1.25
    endloop
  endfacet
  facet normal -0.466201 0.466168 -0.751893
    outer loop
      vertex -24.0969 4.29786 1.98338
      vertex -23.3678 4.67925 1.76777
      vertex -23.923 4.12401 1.76777
    endloop
  endfacet
  facet normal -0.466225 0.466249 -0.751829
    outer loop
      vertex -23.3678 4.67925 1.76777
      vertex -24.0969 4.29786 1.98338
      vertex -23.1219 5.27281 1.98338
    endloop
  endfacet
  facet normal -0.466223 0.466221 -0.751847
    outer loop
      vertex -19.8322 8.21478 1.76777
      vertex -16.3947 12 1.98338
      vertex -16.047 12 1.76777
    endloop
  endfacet
  facet normal -0.466191 0.466194 -0.751884
    outer loop
      vertex -16.3947 12 1.98338
      vertex -19.8322 8.21478 1.76777
      vertex -20.0781 8.31662 1.98338
    endloop
  endfacet
  facet normal -0.0462506 0.0462506 0.997859
    outer loop
      vertex -25.173 5.37401 -2.5
      vertex -21.9263 8.15922 -2.47861
      vertex -21.6 8.94701 -2.5
    endloop
  endfacet
  facet normal -0.0462552 0.046256 0.997858
    outer loop
      vertex -21.9263 8.15922 -2.47861
      vertex -25.173 5.37401 -2.5
      vertex -24.9423 5.14327 -2.47861
    endloop
  endfacet
  facet normal -0.0462496 0.0462503 0.997859
    outer loop
      vertex -18.547 12 -2.5
      vertex -21.2737 8.81185 -2.47861
      vertex -18.0855 12 -2.47861
    endloop
  endfacet
  facet normal -0.0462536 0.0462537 0.997858
    outer loop
      vertex -21.2737 8.81185 -2.47861
      vertex -18.547 12 -2.5
      vertex -21.6 8.94701 -2.5
    endloop
  endfacet
  facet normal -0.705594 0.705601 0.0653017
    outer loop
      vertex -19.1214 7.92034 -0.326315
      vertex -15.0115 12 0
      vertex -15.0417 12 -0.326315
    endloop
  endfacet
  facet normal -0.705593 0.70559 0.0654313
    outer loop
      vertex -15.0115 12 0
      vertex -19.1214 7.92034 -0.326315
      vertex -19.1 7.91148 0
    endloop
  endfacet
  facet normal 0.392854 -0.392855 -0.831463
    outer loop
      vertex -26.0569 6.25789 2.16506
      vertex -23.1219 9.5774 1.98338
      vertex -22.85 9.46478 2.16506
    endloop
  endfacet
  facet normal 0.392892 -0.392887 -0.83143
    outer loop
      vertex -23.1219 9.5774 1.98338
      vertex -26.0569 6.25789 2.16506
      vertex -26.2491 6.45016 1.98338
    endloop
  endfacet
  facet normal 0.393044 -0.393044 -0.831284
    outer loop
      vertex -20.3354 12 2.15532
      vertex -20.3148 12 2.16506
      vertex -20.35 11.9648 2.16506
    endloop
  endfacet
  facet normal -0.588037 0.58788 0.555527
    outer loop
      vertex -23.693 3.89403 -1.35783
      vertex -23.5834 4.1587 -1.5219
      vertex -23.7705 3.97155 -1.5219
    endloop
  endfacet
  facet normal -0.587889 0.58789 0.555673
    outer loop
      vertex -15.7421 12 -1.5219
      vertex -19.4349 8.05021 -1.25
      vertex -15.4851 12 -1.25
    endloop
  endfacet
  facet normal -0.587919 0.587915 0.555614
    outer loop
      vertex -19.4349 8.05021 -1.25
      vertex -15.7421 12 -1.5219
      vertex -19.6166 8.12547 -1.5219
    endloop
  endfacet
  facet normal 0.707206 0.707007 0.000815314
    outer loop
      vertex -24.9423 5.14327 2.47861
      vertex -24.7155 4.91648 2.41481
      vertex -25.173 5.37401 2.5
    endloop
  endfacet
  facet normal 0.312745 -0.312747 -0.896872
    outer loop
      vertex -25.8495 6.05051 2.3097
      vertex -22.85 9.46478 2.16506
      vertex -22.5567 9.34329 2.3097
    endloop
  endfacet
  facet normal 0.312751 -0.312752 -0.896868
    outer loop
      vertex -22.85 9.46478 2.16506
      vertex -25.8495 6.05051 2.3097
      vertex -26.0569 6.25789 2.16506
    endloop
  endfacet
  facet normal 0.312739 -0.312739 -0.896877
    outer loop
      vertex -19.9 12 2.3097
      vertex -20.35 11.9648 2.16506
      vertex -20.3148 12 2.16506
    endloop
  endfacet
  facet normal 0.312739 -0.312739 -0.896877
    outer loop
      vertex -20.35 11.9648 2.16506
      vertex -19.9 12 2.3097
      vertex -20.6433 11.2567 2.3097
    endloop
  endfacet
  facet normal -0.227265 0.227266 -0.946943
    outer loop
      vertex -24.7155 4.91648 2.41481
      vertex -22.5567 6.63731 2.3097
      vertex -24.4965 4.69752 2.3097
    endloop
  endfacet
  facet normal -0.227286 0.227294 -0.946931
    outer loop
      vertex -22.5567 6.63731 2.3097
      vertex -24.7155 4.91648 2.41481
      vertex -22.247 7.3849 2.41481
    endloop
  endfacet
  facet normal -0.227293 0.227295 -0.946929
    outer loop
      vertex -20.6433 8.55073 2.3097
      vertex -17.6319 12 2.41481
      vertex -17.194 12 2.3097
    endloop
  endfacet
  facet normal -0.227259 0.227265 -0.946945
    outer loop
      vertex -17.6319 12 2.41481
      vertex -20.6433 8.55073 2.3097
      vertex -20.953 8.679 2.41481
    endloop
  endfacet
  facet normal -0.693522 0.693532 0.19504
    outer loop
      vertex -19.1852 7.94676 -0.647047
      vertex -15.0417 12 -0.326315
      vertex -15.1319 12 -0.647047
    endloop
  endfacet
  facet normal -0.693518 0.693524 0.195083
    outer loop
      vertex -15.0417 12 -0.326315
      vertex -19.1852 7.94676 -0.647047
      vertex -19.1214 7.92034 -0.326315
    endloop
  endfacet
  facet normal -0.66956 0.66956 0.321525
    outer loop
      vertex -19.2903 7.9903 -0.956708
      vertex -15.1319 12 -0.647047
      vertex -15.2806 12 -0.956708
    endloop
  endfacet
  facet normal -0.669583 0.669593 0.321407
    outer loop
      vertex -15.1319 12 -0.647047
      vertex -19.2903 7.9903 -0.956708
      vertex -19.1852 7.94676 -0.647047
    endloop
  endfacet
  facet normal -0.634212 0.634213 0.442209
    outer loop
      vertex -19.4349 8.05021 -1.25
      vertex -15.2806 12 -0.956708
      vertex -15.4851 12 -1.25
    endloop
  endfacet
  facet normal -0.634206 0.634206 0.442227
    outer loop
      vertex -15.2806 12 -0.956708
      vertex -19.4349 8.05021 -1.25
      vertex -19.2903 7.9903 -0.956708
    endloop
  endfacet
  facet normal 0.195116 -0 0.98078
    outer loop
      vertex -22.247 9.21503 -2.41481
      vertex -21.9263 12 -2.47861
      vertex -22.247 12 -2.41481
    endloop
  endfacet
  facet normal 0.195116 0 0.98078
    outer loop
      vertex -21.9263 12 -2.47861
      vertex -22.247 9.21503 -2.41481
      vertex -21.9263 9.08218 -2.47861
    endloop
  endfacet
  facet normal 0.195116 0 0.98078
    outer loop
      vertex -22.247 -9.21503 -2.41481
      vertex -21.9263 -12 -2.47861
      vertex -21.9263 -9.08218 -2.47861
    endloop
  endfacet
  facet normal 0.195116 0 0.98078
    outer loop
      vertex -21.9263 -12 -2.47861
      vertex -22.247 -9.21503 -2.41481
      vertex -22.247 -12 -2.41481
    endloop
  endfacet
  facet normal 0.195116 0 0.98078
    outer loop
      vertex -22.247 7.3849 -2.41481
      vertex -21.9263 -8.15922 -2.47861
      vertex -21.9263 8.15922 -2.47861
    endloop
  endfacet
  facet normal 0.195116 0 0.98078
    outer loop
      vertex -21.9263 -8.15922 -2.47861
      vertex -22.247 7.3849 -2.41481
      vertex -22.247 -7.3849 -2.41481
    endloop
  endfacet
  facet normal 0.896916 0 -0.442201
    outer loop
      vertex -23.7651 12 1.25
      vertex -23.9097 9.90372 0.956708
      vertex -23.9097 12 0.956708
    endloop
  endfacet
  facet normal 0.896916 0 -0.442201
    outer loop
      vertex -23.9097 9.90372 0.956708
      vertex -23.7651 12 1.25
      vertex -23.7651 9.84381 1.25
    endloop
  endfacet
  facet normal 0.896916 0 -0.442201
    outer loop
      vertex -23.7651 -12 1.25
      vertex -23.9097 -9.90372 0.956708
      vertex -23.7651 -9.84381 1.25
    endloop
  endfacet
  facet normal 0.896916 0 -0.442201
    outer loop
      vertex -23.9097 -9.90372 0.956708
      vertex -23.7651 -12 1.25
      vertex -23.9097 -12 0.956708
    endloop
  endfacet
  facet normal 0.896916 0 -0.442201
    outer loop
      vertex -23.7651 -3.96607 1.25
      vertex -23.9097 4.11071 0.956708
      vertex -23.7651 3.96607 1.25
    endloop
  endfacet
  facet normal 0.896916 0 -0.442201
    outer loop
      vertex -23.9097 4.11071 0.956708
      vertex -23.7651 -3.96607 1.25
      vertex -23.9097 -4.11071 0.956708
    endloop
  endfacet
  facet normal 0.980784 -0 0.195097
    outer loop
      vertex -24.0786 9.97369 -0.326315
      vertex -24.0148 12 -0.647047
      vertex -24.0786 12 -0.326315
    endloop
  endfacet
  facet normal 0.980784 0 0.195097
    outer loop
      vertex -24.0148 12 -0.647047
      vertex -24.0786 9.97369 -0.326315
      vertex -24.0148 9.94726 -0.647047
    endloop
  endfacet
  facet normal 0.980784 0 0.195097
    outer loop
      vertex -24.0148 -12 -0.647047
      vertex -24.0786 -9.97369 -0.326315
      vertex -24.0786 -12 -0.326315
    endloop
  endfacet
  facet normal 0.980784 0 0.195097
    outer loop
      vertex -24.0786 -9.97369 -0.326315
      vertex -24.0148 -12 -0.647047
      vertex -24.0148 -9.94726 -0.647047
    endloop
  endfacet
  facet normal 0.980784 0 0.195097
    outer loop
      vertex -24.0786 4.27962 -0.326315
      vertex -24.0148 -4.21582 -0.647047
      vertex -24.0148 4.21582 -0.647047
    endloop
  endfacet
  facet normal 0.980784 0 0.195097
    outer loop
      vertex -24.0148 -4.21582 -0.647047
      vertex -24.0786 4.27962 -0.326315
      vertex -24.0786 -4.27962 -0.326315
    endloop
  endfacet
  facet normal 0.321387 -0 0.946948
    outer loop
      vertex -22.5567 9.34329 -2.3097
      vertex -22.247 12 -2.41481
      vertex -22.5567 12 -2.3097
    endloop
  endfacet
  facet normal 0.321387 0 0.946948
    outer loop
      vertex -22.247 12 -2.41481
      vertex -22.5567 9.34329 -2.3097
      vertex -22.247 9.21503 -2.41481
    endloop
  endfacet
  facet normal 0.321387 0 0.946948
    outer loop
      vertex -22.5567 -9.34329 -2.3097
      vertex -22.247 -12 -2.41481
      vertex -22.247 -9.21503 -2.41481
    endloop
  endfacet
  facet normal 0.321387 0 0.946948
    outer loop
      vertex -22.247 -12 -2.41481
      vertex -22.5567 -9.34329 -2.3097
      vertex -22.5567 -12 -2.3097
    endloop
  endfacet
  facet normal 0.321387 0 0.946948
    outer loop
      vertex -22.5567 6.63731 -2.3097
      vertex -22.247 -7.3849 -2.41481
      vertex -22.247 7.3849 -2.41481
    endloop
  endfacet
  facet normal 0.321387 0 0.946948
    outer loop
      vertex -22.247 -7.3849 -2.41481
      vertex -22.5567 6.63731 -2.3097
      vertex -22.5567 -6.63731 -2.3097
    endloop
  endfacet
  facet normal 0.831438 0 -0.555617
    outer loop
      vertex -23.5834 12 1.5219
      vertex -23.7651 9.84381 1.25
      vertex -23.7651 12 1.25
    endloop
  endfacet
  facet normal 0.831438 0 -0.555617
    outer loop
      vertex -23.7651 9.84381 1.25
      vertex -23.5834 12 1.5219
      vertex -23.5834 9.76856 1.5219
    endloop
  endfacet
  facet normal 0.831438 0 -0.555617
    outer loop
      vertex -23.5834 -12 1.5219
      vertex -23.7651 -9.84381 1.25
      vertex -23.5834 -9.76856 1.5219
    endloop
  endfacet
  facet normal 0.831438 0 -0.555617
    outer loop
      vertex -23.7651 -9.84381 1.25
      vertex -23.5834 -12 1.5219
      vertex -23.7651 -12 1.25
    endloop
  endfacet
  facet normal 0.831535 0 -0.555472
    outer loop
      vertex -23.5834 4.1587 1.5219
      vertex -23.693 -3.89403 1.35783
      vertex -23.693 3.89403 1.35783
    endloop
  endfacet
  facet normal 0.831535 0 -0.555472
    outer loop
      vertex -23.693 -3.89403 1.35783
      vertex -23.5834 4.1587 1.5219
      vertex -23.5834 -4.1587 1.5219
    endloop
  endfacet
  facet normal 0.83129 0 -0.555838
    outer loop
      vertex -23.693 -3.89403 1.35783
      vertex -23.7651 3.96607 1.25
      vertex -23.693 3.89403 1.35783
    endloop
  endfacet
  facet normal 0.83129 0 -0.555838
    outer loop
      vertex -23.7651 3.96607 1.25
      vertex -23.693 -3.89403 1.35783
      vertex -23.7651 -3.96607 1.25
    endloop
  endfacet
  facet normal 0.751873 0 -0.659307
    outer loop
      vertex -23.3678 12 1.76777
      vertex -23.5834 9.76856 1.5219
      vertex -23.5834 12 1.5219
    endloop
  endfacet
  facet normal 0.751873 0 -0.659307
    outer loop
      vertex -23.5834 9.76856 1.5219
      vertex -23.3678 12 1.76777
      vertex -23.3678 9.67925 1.76777
    endloop
  endfacet
  facet normal 0.751873 0 -0.659307
    outer loop
      vertex -23.3678 -12 1.76777
      vertex -23.5834 -9.76856 1.5219
      vertex -23.3678 -9.67925 1.76777
    endloop
  endfacet
  facet normal 0.751873 0 -0.659307
    outer loop
      vertex -23.5834 -9.76856 1.5219
      vertex -23.3678 -12 1.76777
      vertex -23.5834 -12 1.5219
    endloop
  endfacet
  facet normal 0.751873 0 -0.659307
    outer loop
      vertex -23.3678 4.67925 1.76777
      vertex -23.5834 -4.1587 1.5219
      vertex -23.5834 4.1587 1.5219
    endloop
  endfacet
  facet normal 0.751873 0 -0.659307
    outer loop
      vertex -23.5834 -4.1587 1.5219
      vertex -23.3678 4.67925 1.76777
      vertex -23.3678 -4.67925 1.76777
    endloop
  endfacet
  facet normal -0.980784 0 0.195097
    outer loop
      vertex -19.1852 7.94676 -0.647047
      vertex -19.1214 -7.92034 -0.326315
      vertex -19.1214 7.92034 -0.326315
    endloop
  endfacet
  facet normal -0.980784 0 0.195097
    outer loop
      vertex -19.1214 -7.92034 -0.326315
      vertex -19.1852 7.94676 -0.647047
      vertex -19.1852 -7.94676 -0.647047
    endloop
  endfacet
  facet normal 0.997856 0 -0.0654402
    outer loop
      vertex -24.0786 12 0.326315
      vertex -24.1 9.98255 0
      vertex -24.1 12 0
    endloop
  endfacet
  facet normal 0.997856 0 -0.0654402
    outer loop
      vertex -24.1 9.98255 0
      vertex -24.0786 12 0.326315
      vertex -24.0786 9.97369 0.326315
    endloop
  endfacet
  facet normal 0.997856 0 -0.0654402
    outer loop
      vertex -24.0786 -12 0.326315
      vertex -24.1 -9.98255 0
      vertex -24.0786 -9.97369 0.326315
    endloop
  endfacet
  facet normal 0.997856 0 -0.0654402
    outer loop
      vertex -24.1 -9.98255 0
      vertex -24.0786 -12 0.326315
      vertex -24.1 -12 0
    endloop
  endfacet
  facet normal 0.997856 0 -0.0654402
    outer loop
      vertex -24.0786 -4.27962 0.326315
      vertex -24.1 4.30101 0
      vertex -24.0786 4.27962 0.326315
    endloop
  endfacet
  facet normal 0.997856 0 -0.0654402
    outer loop
      vertex -24.1 4.30101 0
      vertex -24.0786 -4.27962 0.326315
      vertex -24.1 -4.30101 0
    endloop
  endfacet
  facet normal 0.0654128 -0 0.997858
    outer loop
      vertex -21.9263 9.08218 -2.47861
      vertex -21.6 12 -2.5
      vertex -21.9263 12 -2.47861
    endloop
  endfacet
  facet normal 0.0654128 0 0.997858
    outer loop
      vertex -21.6 12 -2.5
      vertex -21.9263 9.08218 -2.47861
      vertex -21.6 8.94701 -2.5
    endloop
  endfacet
  facet normal 0.0654128 0 0.997858
    outer loop
      vertex -21.9263 -9.08218 -2.47861
      vertex -21.6 -12 -2.5
      vertex -21.6 -8.94701 -2.5
    endloop
  endfacet
  facet normal 0.0654128 0 0.997858
    outer loop
      vertex -21.6 -12 -2.5
      vertex -21.9263 -9.08218 -2.47861
      vertex -21.9263 -12 -2.47861
    endloop
  endfacet
  facet normal 0.0654128 0 0.997858
    outer loop
      vertex -21.9263 8.15922 -2.47861
      vertex -21.6 -8.94701 -2.5
      vertex -21.6 8.94701 -2.5
    endloop
  endfacet
  facet normal 0.0654128 0 0.997858
    outer loop
      vertex -21.6 -8.94701 -2.5
      vertex -21.9263 8.15922 -2.47861
      vertex -21.9263 -8.15922 -2.47861
    endloop
  endfacet
  facet normal 0.321387 0 -0.946948
    outer loop
      vertex -22.5567 9.34329 2.3097
      vertex -22.247 12 2.41481
      vertex -22.247 9.21503 2.41481
    endloop
  endfacet
  facet normal 0.321387 0 -0.946948
    outer loop
      vertex -22.247 12 2.41481
      vertex -22.5567 9.34329 2.3097
      vertex -22.5567 12 2.3097
    endloop
  endfacet
  facet normal 0.321387 0 -0.946948
    outer loop
      vertex -22.5567 -9.34329 2.3097
      vertex -22.247 -12 2.41481
      vertex -22.5567 -12 2.3097
    endloop
  endfacet
  facet normal 0.321387 0 -0.946948
    outer loop
      vertex -22.247 -12 2.41481
      vertex -22.5567 -9.34329 2.3097
      vertex -22.247 -9.21503 2.41481
    endloop
  endfacet
  facet normal 0.321387 0 -0.946948
    outer loop
      vertex -22.5567 -6.63731 2.3097
      vertex -22.247 7.3849 2.41481
      vertex -22.247 -7.3849 2.41481
    endloop
  endfacet
  facet normal 0.321387 0 -0.946948
    outer loop
      vertex -22.247 7.3849 2.41481
      vertex -22.5567 -6.63731 2.3097
      vertex -22.5567 6.63731 2.3097
    endloop
  endfacet
  facet normal 0.44229 -0 0.896872
    outer loop
      vertex -22.85 9.46478 -2.16506
      vertex -22.5567 12 -2.3097
      vertex -22.85 12 -2.16506
    endloop
  endfacet
  facet normal 0.44229 0 0.896872
    outer loop
      vertex -22.5567 12 -2.3097
      vertex -22.85 9.46478 -2.16506
      vertex -22.5567 9.34329 -2.3097
    endloop
  endfacet
  facet normal 0.44229 0 0.896872
    outer loop
      vertex -22.85 -9.46478 -2.16506
      vertex -22.5567 -12 -2.3097
      vertex -22.5567 -9.34329 -2.3097
    endloop
  endfacet
  facet normal 0.44229 0 0.896872
    outer loop
      vertex -22.5567 -12 -2.3097
      vertex -22.85 -9.46478 -2.16506
      vertex -22.85 -12 -2.16506
    endloop
  endfacet
  facet normal 0.44229 0 0.896872
    outer loop
      vertex -22.85 5.92925 -2.16506
      vertex -22.5567 -6.63731 -2.3097
      vertex -22.5567 6.63731 -2.3097
    endloop
  endfacet
  facet normal 0.44229 0 0.896872
    outer loop
      vertex -22.5567 -6.63731 -2.3097
      vertex -22.85 5.92925 -2.16506
      vertex -22.85 -5.92925 -2.16506
    endloop
  endfacet
  facet normal -0.659279 0 -0.751898
    outer loop
      vertex -20.0781 -8.31662 1.98338
      vertex -19.8322 8.21478 1.76777
      vertex -19.8322 -8.21478 1.76777
    endloop
  endfacet
  facet normal -0.659279 0 -0.751898
    outer loop
      vertex -19.8322 8.21478 1.76777
      vertex -20.0781 -8.31662 1.98338
      vertex -20.0781 8.31662 1.98338
    endloop
  endfacet
  facet normal 0.980784 0 -0.195097
    outer loop
      vertex -24.0148 12 0.647047
      vertex -24.0786 9.97369 0.326315
      vertex -24.0786 12 0.326315
    endloop
  endfacet
  facet normal 0.980784 0 -0.195097
    outer loop
      vertex -24.0786 9.97369 0.326315
      vertex -24.0148 12 0.647047
      vertex -24.0148 9.94726 0.647047
    endloop
  endfacet
  facet normal 0.980784 0 -0.195097
    outer loop
      vertex -24.0148 -12 0.647047
      vertex -24.0786 -9.97369 0.326315
      vertex -24.0148 -9.94726 0.647047
    endloop
  endfacet
  facet normal 0.980784 0 -0.195097
    outer loop
      vertex -24.0786 -9.97369 0.326315
      vertex -24.0148 -12 0.647047
      vertex -24.0786 -12 0.326315
    endloop
  endfacet
  facet normal 0.980784 0 -0.195097
    outer loop
      vertex -24.0148 -4.21582 0.647047
      vertex -24.0786 4.27962 0.326315
      vertex -24.0148 4.21582 0.647047
    endloop
  endfacet
  facet normal 0.980784 0 -0.195097
    outer loop
      vertex -24.0786 4.27962 0.326315
      vertex -24.0148 -4.21582 0.647047
      vertex -24.0786 -4.27962 0.326315
    endloop
  endfacet
  facet normal 0.946945 -0 0.321396
    outer loop
      vertex -24.0148 9.94726 -0.647047
      vertex -23.9097 12 -0.956708
      vertex -24.0148 12 -0.647047
    endloop
  endfacet
  facet normal 0.946945 0 0.321396
    outer loop
      vertex -23.9097 12 -0.956708
      vertex -24.0148 9.94726 -0.647047
      vertex -23.9097 9.90372 -0.956708
    endloop
  endfacet
  facet normal 0.946945 0 0.321396
    outer loop
      vertex -23.9097 -12 -0.956708
      vertex -24.0148 -9.94726 -0.647047
      vertex -24.0148 -12 -0.647047
    endloop
  endfacet
  facet normal 0.946945 0 0.321396
    outer loop
      vertex -24.0148 -9.94726 -0.647047
      vertex -23.9097 -12 -0.956708
      vertex -23.9097 -9.90372 -0.956708
    endloop
  endfacet
  facet normal 0.946945 0 0.321396
    outer loop
      vertex -24.0148 4.21582 -0.647047
      vertex -23.9097 -4.11071 -0.956708
      vertex -23.9097 4.11071 -0.956708
    endloop
  endfacet
  facet normal 0.946945 0 0.321396
    outer loop
      vertex -23.9097 -4.11071 -0.956708
      vertex -24.0148 4.21582 -0.647047
      vertex -24.0148 -4.21582 -0.647047
    endloop
  endfacet
  facet normal 0.0654128 0 -0.997858
    outer loop
      vertex -21.9263 9.08218 2.47861
      vertex -21.6 12 2.5
      vertex -21.6 8.94701 2.5
    endloop
  endfacet
  facet normal 0.0654128 0 -0.997858
    outer loop
      vertex -21.6 12 2.5
      vertex -21.9263 9.08218 2.47861
      vertex -21.9263 12 2.47861
    endloop
  endfacet
  facet normal 0.0654128 0 -0.997858
    outer loop
      vertex -21.9263 -9.08218 2.47861
      vertex -21.6 -12 2.5
      vertex -21.9263 -12 2.47861
    endloop
  endfacet
  facet normal 0.0654128 0 -0.997858
    outer loop
      vertex -21.6 -12 2.5
      vertex -21.9263 -9.08218 2.47861
      vertex -21.6 -8.94701 2.5
    endloop
  endfacet
  facet normal 0.0654128 0 -0.997858
    outer loop
      vertex -21.9263 -8.15922 2.47861
      vertex -21.6 8.94701 2.5
      vertex -21.6 -8.94701 2.5
    endloop
  endfacet
  facet normal 0.0654128 0 -0.997858
    outer loop
      vertex -21.6 8.94701 2.5
      vertex -21.9263 -8.15922 2.47861
      vertex -21.9263 8.15922 2.47861
    endloop
  endfacet
  facet normal 0.751873 -0 0.659307
    outer loop
      vertex -23.5834 9.76856 -1.5219
      vertex -23.3678 12 -1.76777
      vertex -23.5834 12 -1.5219
    endloop
  endfacet
  facet normal 0.751873 0 0.659307
    outer loop
      vertex -23.3678 12 -1.76777
      vertex -23.5834 9.76856 -1.5219
      vertex -23.3678 9.67925 -1.76777
    endloop
  endfacet
  facet normal 0.751873 0 0.659307
    outer loop
      vertex -23.3678 -12 -1.76777
      vertex -23.5834 -9.76856 -1.5219
      vertex -23.5834 -12 -1.5219
    endloop
  endfacet
  facet normal 0.751873 0 0.659307
    outer loop
      vertex -23.5834 -9.76856 -1.5219
      vertex -23.3678 -12 -1.76777
      vertex -23.3678 -9.67925 -1.76777
    endloop
  endfacet
  facet normal 0.751873 -0 0.659307
    outer loop
      vertex -23.5834 -4.1587 -1.5219
      vertex -23.3678 4.67925 -1.76777
      vertex -23.5834 4.1587 -1.5219
    endloop
  endfacet
  facet normal 0.751873 0 0.659307
    outer loop
      vertex -23.3678 4.67925 -1.76777
      vertex -23.5834 -4.1587 -1.5219
      vertex -23.3678 -4.67925 -1.76777
    endloop
  endfacet
  facet normal -0.751873 0 -0.659307
    outer loop
      vertex -19.6166 -8.12547 1.5219
      vertex -19.8322 8.21478 1.76777
      vertex -19.6166 8.12547 1.5219
    endloop
  endfacet
  facet normal -0.751873 -0 -0.659307
    outer loop
      vertex -19.8322 8.21478 1.76777
      vertex -19.6166 -8.12547 1.5219
      vertex -19.8322 -8.21478 1.76777
    endloop
  endfacet
  facet normal 0.659279 -0 0.751898
    outer loop
      vertex -23.3678 9.67925 -1.76777
      vertex -23.1219 12 -1.98338
      vertex -23.3678 12 -1.76777
    endloop
  endfacet
  facet normal 0.659279 0 0.751898
    outer loop
      vertex -23.1219 12 -1.98338
      vertex -23.3678 9.67925 -1.76777
      vertex -23.1219 9.5774 -1.98338
    endloop
  endfacet
  facet normal 0.659279 0 0.751898
    outer loop
      vertex -23.3678 -9.67925 -1.76777
      vertex -23.1219 -12 -1.98338
      vertex -23.1219 -9.5774 -1.98338
    endloop
  endfacet
  facet normal 0.659279 0 0.751898
    outer loop
      vertex -23.1219 -12 -1.98338
      vertex -23.3678 -9.67925 -1.76777
      vertex -23.3678 -12 -1.76777
    endloop
  endfacet
  facet normal 0.659279 0 0.751898
    outer loop
      vertex -23.3678 4.67925 -1.76777
      vertex -23.1219 -5.27281 -1.98338
      vertex -23.1219 5.27281 -1.98338
    endloop
  endfacet
  facet normal 0.659279 0 0.751898
    outer loop
      vertex -23.1219 -5.27281 -1.98338
      vertex -23.3678 4.67925 -1.76777
      vertex -23.3678 -4.67925 -1.76777
    endloop
  endfacet
  facet normal 0.659279 0 -0.751898
    outer loop
      vertex -23.3678 9.67925 1.76777
      vertex -23.1219 12 1.98338
      vertex -23.1219 9.5774 1.98338
    endloop
  endfacet
  facet normal 0.659279 0 -0.751898
    outer loop
      vertex -23.1219 12 1.98338
      vertex -23.3678 9.67925 1.76777
      vertex -23.3678 12 1.76777
    endloop
  endfacet
  facet normal 0.659279 0 -0.751898
    outer loop
      vertex -23.3678 -9.67925 1.76777
      vertex -23.1219 -12 1.98338
      vertex -23.3678 -12 1.76777
    endloop
  endfacet
  facet normal 0.659279 0 -0.751898
    outer loop
      vertex -23.1219 -12 1.98338
      vertex -23.3678 -9.67925 1.76777
      vertex -23.1219 -9.5774 1.98338
    endloop
  endfacet
  facet normal 0.659279 0 -0.751898
    outer loop
      vertex -23.3678 -4.67925 1.76777
      vertex -23.1219 5.27281 1.98338
      vertex -23.1219 -5.27281 1.98338
    endloop
  endfacet
  facet normal 0.659279 0 -0.751898
    outer loop
      vertex -23.1219 5.27281 1.98338
      vertex -23.3678 -4.67925 1.76777
      vertex -23.3678 4.67925 1.76777
    endloop
  endfacet
  facet normal -0.44229 -0 -0.896872
    outer loop
      vertex -20.6433 12 2.3097
      vertex -20.35 11.9648 2.16506
      vertex -20.6433 11.2567 2.3097
    endloop
  endfacet
  facet normal -0.44229 0 -0.896872
    outer loop
      vertex -20.35 11.9648 2.16506
      vertex -20.6433 12 2.3097
      vertex -20.35 12 2.16506
    endloop
  endfacet
  facet normal -0.44229 0 -0.896872
    outer loop
      vertex -20.6433 -12 2.3097
      vertex -20.35 -11.9648 2.16506
      vertex -20.35 -12 2.16506
    endloop
  endfacet
  facet normal -0.44229 0 -0.896872
    outer loop
      vertex -20.35 -11.9648 2.16506
      vertex -20.6433 -12 2.3097
      vertex -20.6433 -11.2567 2.3097
    endloop
  endfacet
  facet normal -0.44229 0 -0.896872
    outer loop
      vertex -20.6433 -8.55073 2.3097
      vertex -20.35 8.42925 2.16506
      vertex -20.35 -8.42925 2.16506
    endloop
  endfacet
  facet normal -0.44229 0 -0.896872
    outer loop
      vertex -20.35 8.42925 2.16506
      vertex -20.6433 -8.55073 2.3097
      vertex -20.6433 8.55073 2.3097
    endloop
  endfacet
  facet normal -0.946945 0 0.321396
    outer loop
      vertex -19.2903 7.9903 -0.956708
      vertex -19.1852 -7.94676 -0.647047
      vertex -19.1852 7.94676 -0.647047
    endloop
  endfacet
  facet normal -0.946945 0 0.321396
    outer loop
      vertex -19.1852 -7.94676 -0.647047
      vertex -19.2903 7.9903 -0.956708
      vertex -19.2903 -7.9903 -0.956708
    endloop
  endfacet
  facet normal -0.555575 0 -0.831466
    outer loop
      vertex -20.35 -8.42925 2.16506
      vertex -20.0781 8.31662 1.98338
      vertex -20.0781 -8.31662 1.98338
    endloop
  endfacet
  facet normal -0.555575 0 -0.831466
    outer loop
      vertex -20.0781 8.31662 1.98338
      vertex -20.35 -8.42925 2.16506
      vertex -20.35 8.42925 2.16506
    endloop
  endfacet
  facet normal -0.554963 -0 -0.831875
    outer loop
      vertex -20.35 12 2.16506
      vertex -20.3354 12 2.15532
      vertex -20.35 11.9648 2.16506
    endloop
  endfacet
  facet normal -0.554963 -0 -0.831875
    outer loop
      vertex -20.35 -11.9648 2.16506
      vertex -20.3354 -12 2.15532
      vertex -20.35 -12 2.16506
    endloop
  endfacet
  facet normal 0.195116 0 -0.98078
    outer loop
      vertex -22.247 9.21503 2.41481
      vertex -21.9263 12 2.47861
      vertex -21.9263 9.08218 2.47861
    endloop
  endfacet
  facet normal 0.195116 0 -0.98078
    outer loop
      vertex -21.9263 12 2.47861
      vertex -22.247 9.21503 2.41481
      vertex -22.247 12 2.41481
    endloop
  endfacet
  facet normal 0.195116 0 -0.98078
    outer loop
      vertex -22.247 -9.21503 2.41481
      vertex -21.9263 -12 2.47861
      vertex -22.247 -12 2.41481
    endloop
  endfacet
  facet normal 0.195116 0 -0.98078
    outer loop
      vertex -21.9263 -12 2.47861
      vertex -22.247 -9.21503 2.41481
      vertex -21.9263 -9.08218 2.47861
    endloop
  endfacet
  facet normal 0.195116 0 -0.98078
    outer loop
      vertex -22.247 -7.3849 2.41481
      vertex -21.9263 8.15922 2.47861
      vertex -21.9263 -8.15922 2.47861
    endloop
  endfacet
  facet normal 0.195116 0 -0.98078
    outer loop
      vertex -21.9263 8.15922 2.47861
      vertex -22.247 -7.3849 2.41481
      vertex -22.247 7.3849 2.41481
    endloop
  endfacet
  facet normal 0.44229 0 -0.896872
    outer loop
      vertex -22.85 9.46478 2.16506
      vertex -22.5567 12 2.3097
      vertex -22.5567 9.34329 2.3097
    endloop
  endfacet
  facet normal 0.44229 0 -0.896872
    outer loop
      vertex -22.5567 12 2.3097
      vertex -22.85 9.46478 2.16506
      vertex -22.85 12 2.16506
    endloop
  endfacet
  facet normal 0.44229 0 -0.896872
    outer loop
      vertex -22.85 -9.46478 2.16506
      vertex -22.5567 -12 2.3097
      vertex -22.85 -12 2.16506
    endloop
  endfacet
  facet normal 0.44229 0 -0.896872
    outer loop
      vertex -22.5567 -12 2.3097
      vertex -22.85 -9.46478 2.16506
      vertex -22.5567 -9.34329 2.3097
    endloop
  endfacet
  facet normal 0.44229 0 -0.896872
    outer loop
      vertex -22.85 -5.92925 2.16506
      vertex -22.5567 6.63731 2.3097
      vertex -22.5567 -6.63731 2.3097
    endloop
  endfacet
  facet normal 0.44229 0 -0.896872
    outer loop
      vertex -22.5567 6.63731 2.3097
      vertex -22.85 -5.92925 2.16506
      vertex -22.85 5.92925 2.16506
    endloop
  endfacet
  facet normal -0.980784 0 -0.195097
    outer loop
      vertex -19.1214 -7.92034 0.326315
      vertex -19.1852 7.94676 0.647047
      vertex -19.1214 7.92034 0.326315
    endloop
  endfacet
  facet normal -0.980784 -0 -0.195097
    outer loop
      vertex -19.1852 7.94676 0.647047
      vertex -19.1214 -7.92034 0.326315
      vertex -19.1852 -7.94676 0.647047
    endloop
  endfacet
  facet normal -0.831438 0 0.555617
    outer loop
      vertex -19.6166 8.12547 -1.5219
      vertex -19.4349 -8.05021 -1.25
      vertex -19.4349 8.05021 -1.25
    endloop
  endfacet
  facet normal -0.831438 0 0.555617
    outer loop
      vertex -19.4349 -8.05021 -1.25
      vertex -19.6166 8.12547 -1.5219
      vertex -19.6166 -8.12547 -1.5219
    endloop
  endfacet
  facet normal 0.896916 -0 0.442201
    outer loop
      vertex -23.9097 9.90372 -0.956708
      vertex -23.7651 12 -1.25
      vertex -23.9097 12 -0.956708
    endloop
  endfacet
  facet normal 0.896916 0 0.442201
    outer loop
      vertex -23.7651 12 -1.25
      vertex -23.9097 9.90372 -0.956708
      vertex -23.7651 9.84381 -1.25
    endloop
  endfacet
  facet normal 0.896916 0 0.442201
    outer loop
      vertex -23.7651 -12 -1.25
      vertex -23.9097 -9.90372 -0.956708
      vertex -23.9097 -12 -0.956708
    endloop
  endfacet
  facet normal 0.896916 0 0.442201
    outer loop
      vertex -23.9097 -9.90372 -0.956708
      vertex -23.7651 -12 -1.25
      vertex -23.7651 -9.84381 -1.25
    endloop
  endfacet
  facet normal 0.896916 0 0.442201
    outer loop
      vertex -23.9097 4.11071 -0.956708
      vertex -23.7651 -3.96607 -1.25
      vertex -23.7651 3.96607 -1.25
    endloop
  endfacet
  facet normal 0.896916 0 0.442201
    outer loop
      vertex -23.7651 -3.96607 -1.25
      vertex -23.9097 4.11071 -0.956708
      vertex -23.9097 -4.11071 -0.956708
    endloop
  endfacet
  facet normal -0.0654128 -0 -0.997858
    outer loop
      vertex -21.6 12 2.5
      vertex -21.2737 9.73481 2.47861
      vertex -21.6 8.94701 2.5
    endloop
  endfacet
  facet normal -0.0654128 0 -0.997858
    outer loop
      vertex -21.2737 9.73481 2.47861
      vertex -21.6 12 2.5
      vertex -21.2737 12 2.47861
    endloop
  endfacet
  facet normal -0.0654128 0 -0.997858
    outer loop
      vertex -21.6 -12 2.5
      vertex -21.2737 -9.73481 2.47861
      vertex -21.2737 -12 2.47861
    endloop
  endfacet
  facet normal -0.0654128 0 -0.997858
    outer loop
      vertex -21.2737 -9.73481 2.47861
      vertex -21.6 -12 2.5
      vertex -21.6 -8.94701 2.5
    endloop
  endfacet
  facet normal -0.0654128 0 -0.997858
    outer loop
      vertex -21.6 -8.94701 2.5
      vertex -21.2737 8.81185 2.47861
      vertex -21.2737 -8.81185 2.47861
    endloop
  endfacet
  facet normal -0.0654128 0 -0.997858
    outer loop
      vertex -21.2737 8.81185 2.47861
      vertex -21.6 -8.94701 2.5
      vertex -21.6 8.94701 2.5
    endloop
  endfacet
  facet normal -0.896916 0 0.442201
    outer loop
      vertex -19.4349 8.05021 -1.25
      vertex -19.2903 -7.9903 -0.956708
      vertex -19.2903 7.9903 -0.956708
    endloop
  endfacet
  facet normal -0.896916 0 0.442201
    outer loop
      vertex -19.2903 -7.9903 -0.956708
      vertex -19.4349 8.05021 -1.25
      vertex -19.4349 -8.05021 -1.25
    endloop
  endfacet
  facet normal -0.321387 -0 -0.946948
    outer loop
      vertex -20.953 12 2.41481
      vertex -20.6433 11.2567 2.3097
      vertex -20.953 10.5091 2.41481
    endloop
  endfacet
  facet normal -0.321387 0 -0.946948
    outer loop
      vertex -20.6433 11.2567 2.3097
      vertex -20.953 12 2.41481
      vertex -20.6433 12 2.3097
    endloop
  endfacet
  facet normal -0.321387 0 -0.946948
    outer loop
      vertex -20.953 -12 2.41481
      vertex -20.6433 -11.2567 2.3097
      vertex -20.6433 -12 2.3097
    endloop
  endfacet
  facet normal -0.321387 0 -0.946948
    outer loop
      vertex -20.6433 -11.2567 2.3097
      vertex -20.953 -12 2.41481
      vertex -20.953 -10.5091 2.41481
    endloop
  endfacet
  facet normal -0.321387 0 -0.946948
    outer loop
      vertex -20.953 -8.679 2.41481
      vertex -20.6433 8.55073 2.3097
      vertex -20.6433 -8.55073 2.3097
    endloop
  endfacet
  facet normal -0.321387 0 -0.946948
    outer loop
      vertex -20.6433 8.55073 2.3097
      vertex -20.953 -8.679 2.41481
      vertex -20.953 8.679 2.41481
    endloop
  endfacet
  facet normal -0.831438 0 -0.555617
    outer loop
      vertex -19.4349 -8.05021 1.25
      vertex -19.6166 8.12547 1.5219
      vertex -19.4349 8.05021 1.25
    endloop
  endfacet
  facet normal -0.831438 -0 -0.555617
    outer loop
      vertex -19.6166 8.12547 1.5219
      vertex -19.4349 -8.05021 1.25
      vertex -19.6166 -8.12547 1.5219
    endloop
  endfacet
  facet normal -0.195116 0 0.98078
    outer loop
      vertex -21.2737 12 -2.47861
      vertex -20.953 10.5091 -2.41481
      vertex -20.953 12 -2.41481
    endloop
  endfacet
  facet normal -0.195116 0 0.98078
    outer loop
      vertex -20.953 10.5091 -2.41481
      vertex -21.2737 12 -2.47861
      vertex -21.2737 9.73481 -2.47861
    endloop
  endfacet
  facet normal -0.195116 0 0.98078
    outer loop
      vertex -21.2737 -12 -2.47861
      vertex -20.953 -10.5091 -2.41481
      vertex -21.2737 -9.73481 -2.47861
    endloop
  endfacet
  facet normal -0.195116 0 0.98078
    outer loop
      vertex -20.953 -10.5091 -2.41481
      vertex -21.2737 -12 -2.47861
      vertex -20.953 -12 -2.41481
    endloop
  endfacet
  facet normal -0.195116 0 0.98078
    outer loop
      vertex -21.2737 8.81185 -2.47861
      vertex -20.953 -8.679 -2.41481
      vertex -20.953 8.679 -2.41481
    endloop
  endfacet
  facet normal -0.195116 0 0.98078
    outer loop
      vertex -20.953 -8.679 -2.41481
      vertex -21.2737 8.81185 -2.47861
      vertex -21.2737 -8.81185 -2.47861
    endloop
  endfacet
  facet normal -0.321387 0 0.946948
    outer loop
      vertex -20.953 12 -2.41481
      vertex -20.6433 11.2567 -2.3097
      vertex -20.6433 12 -2.3097
    endloop
  endfacet
  facet normal -0.321387 0 0.946948
    outer loop
      vertex -20.6433 11.2567 -2.3097
      vertex -20.953 12 -2.41481
      vertex -20.953 10.5091 -2.41481
    endloop
  endfacet
  facet normal -0.321387 0 0.946948
    outer loop
      vertex -20.953 -12 -2.41481
      vertex -20.6433 -11.2567 -2.3097
      vertex -20.953 -10.5091 -2.41481
    endloop
  endfacet
  facet normal -0.321387 0 0.946948
    outer loop
      vertex -20.6433 -11.2567 -2.3097
      vertex -20.953 -12 -2.41481
      vertex -20.6433 -12 -2.3097
    endloop
  endfacet
  facet normal -0.321387 0 0.946948
    outer loop
      vertex -20.953 8.679 -2.41481
      vertex -20.6433 -8.55073 -2.3097
      vertex -20.6433 8.55073 -2.3097
    endloop
  endfacet
  facet normal -0.321387 0 0.946948
    outer loop
      vertex -20.6433 -8.55073 -2.3097
      vertex -20.953 8.679 -2.41481
      vertex -20.953 -8.679 -2.41481
    endloop
  endfacet
  facet normal -0.997856 0 0.0654402
    outer loop
      vertex -19.1214 7.92034 -0.326315
      vertex -19.1 -7.91148 0
      vertex -19.1 7.91148 0
    endloop
  endfacet
  facet normal -0.997856 0 0.0654402
    outer loop
      vertex -19.1 -7.91148 0
      vertex -19.1214 7.92034 -0.326315
      vertex -19.1214 -7.92034 -0.326315
    endloop
  endfacet
  facet normal -0.896916 0 -0.442201
    outer loop
      vertex -19.2903 -7.9903 0.956708
      vertex -19.4349 8.05021 1.25
      vertex -19.2903 7.9903 0.956708
    endloop
  endfacet
  facet normal -0.896916 -0 -0.442201
    outer loop
      vertex -19.4349 8.05021 1.25
      vertex -19.2903 -7.9903 0.956708
      vertex -19.4349 -8.05021 1.25
    endloop
  endfacet
  facet normal 0.555575 0 -0.831466
    outer loop
      vertex -23.1219 9.5774 1.98338
      vertex -22.85 12 2.16506
      vertex -22.85 9.46478 2.16506
    endloop
  endfacet
  facet normal 0.555575 0 -0.831466
    outer loop
      vertex -22.85 12 2.16506
      vertex -23.1219 9.5774 1.98338
      vertex -23.1219 12 1.98338
    endloop
  endfacet
  facet normal 0.555575 0 -0.831466
    outer loop
      vertex -23.1219 -9.5774 1.98338
      vertex -22.85 -12 2.16506
      vertex -23.1219 -12 1.98338
    endloop
  endfacet
  facet normal 0.555575 0 -0.831466
    outer loop
      vertex -22.85 -12 2.16506
      vertex -23.1219 -9.5774 1.98338
      vertex -22.85 -9.46478 2.16506
    endloop
  endfacet
  facet normal 0.555575 0 -0.831466
    outer loop
      vertex -23.1219 -5.27281 1.98338
      vertex -22.85 5.92925 2.16506
      vertex -22.85 -5.92925 2.16506
    endloop
  endfacet
  facet normal 0.555575 0 -0.831466
    outer loop
      vertex -22.85 5.92925 2.16506
      vertex -23.1219 -5.27281 1.98338
      vertex -23.1219 5.27281 1.98338
    endloop
  endfacet
  facet normal 0.831438 -0 0.555617
    outer loop
      vertex -23.7651 9.84381 -1.25
      vertex -23.5834 12 -1.5219
      vertex -23.7651 12 -1.25
    endloop
  endfacet
  facet normal 0.831438 0 0.555617
    outer loop
      vertex -23.5834 12 -1.5219
      vertex -23.7651 9.84381 -1.25
      vertex -23.5834 9.76856 -1.5219
    endloop
  endfacet
  facet normal 0.831438 0 0.555617
    outer loop
      vertex -23.5834 -12 -1.5219
      vertex -23.7651 -9.84381 -1.25
      vertex -23.7651 -12 -1.25
    endloop
  endfacet
  facet normal 0.831438 0 0.555617
    outer loop
      vertex -23.7651 -9.84381 -1.25
      vertex -23.5834 -12 -1.5219
      vertex -23.5834 -9.76856 -1.5219
    endloop
  endfacet
  facet normal 0.83129 0 0.555838
    outer loop
      vertex -23.7651 3.96607 -1.25
      vertex -23.693 -3.89403 -1.35783
      vertex -23.693 3.89403 -1.35783
    endloop
  endfacet
  facet normal 0.83129 0 0.555838
    outer loop
      vertex -23.693 -3.89403 -1.35783
      vertex -23.7651 3.96607 -1.25
      vertex -23.7651 -3.96607 -1.25
    endloop
  endfacet
  facet normal 0.831535 -0 0.555472
    outer loop
      vertex -23.693 -3.89403 -1.35783
      vertex -23.5834 4.1587 -1.5219
      vertex -23.693 3.89403 -1.35783
    endloop
  endfacet
  facet normal 0.831535 0 0.555472
    outer loop
      vertex -23.5834 4.1587 -1.5219
      vertex -23.693 -3.89403 -1.35783
      vertex -23.5834 -4.1587 -1.5219
    endloop
  endfacet
  facet normal -0.0654128 0 0.997858
    outer loop
      vertex -21.6 12 -2.5
      vertex -21.2737 9.73481 -2.47861
      vertex -21.2737 12 -2.47861
    endloop
  endfacet
  facet normal -0.0654128 0 0.997858
    outer loop
      vertex -21.2737 9.73481 -2.47861
      vertex -21.6 12 -2.5
      vertex -21.6 8.94701 -2.5
    endloop
  endfacet
  facet normal -0.0654128 0 0.997858
    outer loop
      vertex -21.6 -12 -2.5
      vertex -21.2737 -9.73481 -2.47861
      vertex -21.6 -8.94701 -2.5
    endloop
  endfacet
  facet normal -0.0654128 0 0.997858
    outer loop
      vertex -21.2737 -9.73481 -2.47861
      vertex -21.6 -12 -2.5
      vertex -21.2737 -12 -2.47861
    endloop
  endfacet
  facet normal -0.0654128 0 0.997858
    outer loop
      vertex -21.6 8.94701 -2.5
      vertex -21.2737 -8.81185 -2.47861
      vertex -21.2737 8.81185 -2.47861
    endloop
  endfacet
  facet normal -0.0654128 0 0.997858
    outer loop
      vertex -21.2737 -8.81185 -2.47861
      vertex -21.6 8.94701 -2.5
      vertex -21.6 -8.94701 -2.5
    endloop
  endfacet
  facet normal 0.946945 0 -0.321396
    outer loop
      vertex -23.9097 12 0.956708
      vertex -24.0148 9.94726 0.647047
      vertex -24.0148 12 0.647047
    endloop
  endfacet
  facet normal 0.946945 0 -0.321396
    outer loop
      vertex -24.0148 9.94726 0.647047
      vertex -23.9097 12 0.956708
      vertex -23.9097 9.90372 0.956708
    endloop
  endfacet
  facet normal 0.946945 0 -0.321396
    outer loop
      vertex -23.9097 -12 0.956708
      vertex -24.0148 -9.94726 0.647047
      vertex -23.9097 -9.90372 0.956708
    endloop
  endfacet
  facet normal 0.946945 0 -0.321396
    outer loop
      vertex -24.0148 -9.94726 0.647047
      vertex -23.9097 -12 0.956708
      vertex -24.0148 -12 0.647047
    endloop
  endfacet
  facet normal 0.946945 0 -0.321396
    outer loop
      vertex -23.9097 -4.11071 0.956708
      vertex -24.0148 4.21582 0.647047
      vertex -23.9097 4.11071 0.956708
    endloop
  endfacet
  facet normal 0.946945 0 -0.321396
    outer loop
      vertex -24.0148 4.21582 0.647047
      vertex -23.9097 -4.11071 0.956708
      vertex -24.0148 -4.21582 0.647047
    endloop
  endfacet
  facet normal 0.555575 -0 0.831466
    outer loop
      vertex -23.1219 9.5774 -1.98338
      vertex -22.85 12 -2.16506
      vertex -23.1219 12 -1.98338
    endloop
  endfacet
  facet normal 0.555575 0 0.831466
    outer loop
      vertex -22.85 12 -2.16506
      vertex -23.1219 9.5774 -1.98338
      vertex -22.85 9.46478 -2.16506
    endloop
  endfacet
  facet normal 0.555575 0 0.831466
    outer loop
      vertex -23.1219 -9.5774 -1.98338
      vertex -22.85 -12 -2.16506
      vertex -22.85 -9.46478 -2.16506
    endloop
  endfacet
  facet normal 0.555575 0 0.831466
    outer loop
      vertex -22.85 -12 -2.16506
      vertex -23.1219 -9.5774 -1.98338
      vertex -23.1219 -12 -1.98338
    endloop
  endfacet
  facet normal 0.555575 0 0.831466
    outer loop
      vertex -23.1219 5.27281 -1.98338
      vertex -22.85 -5.92925 -2.16506
      vertex -22.85 5.92925 -2.16506
    endloop
  endfacet
  facet normal 0.555575 0 0.831466
    outer loop
      vertex -22.85 -5.92925 -2.16506
      vertex -23.1219 5.27281 -1.98338
      vertex -23.1219 -5.27281 -1.98338
    endloop
  endfacet
  facet normal -0.554963 0 0.831875
    outer loop
      vertex -20.3354 12 -2.15532
      vertex -20.35 12 -2.16506
      vertex -20.35 11.9648 -2.16506
    endloop
  endfacet
  facet normal -0.554963 0 0.831875
    outer loop
      vertex -20.3354 -12 -2.15532
      vertex -20.35 -11.9648 -2.16506
      vertex -20.35 -12 -2.16506
    endloop
  endfacet
  facet normal -0.555575 0 0.831466
    outer loop
      vertex -20.35 8.42925 -2.16506
      vertex -20.0781 -8.31662 -1.98338
      vertex -20.0781 8.31662 -1.98338
    endloop
  endfacet
  facet normal -0.555575 0 0.831466
    outer loop
      vertex -20.0781 -8.31662 -1.98338
      vertex -20.35 8.42925 -2.16506
      vertex -20.35 -8.42925 -2.16506
    endloop
  endfacet
  facet normal -0.195116 -0 -0.98078
    outer loop
      vertex -21.2737 12 2.47861
      vertex -20.953 10.5091 2.41481
      vertex -21.2737 9.73481 2.47861
    endloop
  endfacet
  facet normal -0.195116 0 -0.98078
    outer loop
      vertex -20.953 10.5091 2.41481
      vertex -21.2737 12 2.47861
      vertex -20.953 12 2.41481
    endloop
  endfacet
  facet normal -0.195116 0 -0.98078
    outer loop
      vertex -21.2737 -12 2.47861
      vertex -20.953 -10.5091 2.41481
      vertex -20.953 -12 2.41481
    endloop
  endfacet
  facet normal -0.195116 0 -0.98078
    outer loop
      vertex -20.953 -10.5091 2.41481
      vertex -21.2737 -12 2.47861
      vertex -21.2737 -9.73481 2.47861
    endloop
  endfacet
  facet normal -0.195116 0 -0.98078
    outer loop
      vertex -21.2737 -8.81185 2.47861
      vertex -20.953 8.679 2.41481
      vertex -20.953 -8.679 2.41481
    endloop
  endfacet
  facet normal -0.195116 0 -0.98078
    outer loop
      vertex -20.953 8.679 2.41481
      vertex -21.2737 -8.81185 2.47861
      vertex -21.2737 8.81185 2.47861
    endloop
  endfacet
  facet normal -0.997856 0 -0.0654402
    outer loop
      vertex -19.1 -7.91148 0
      vertex -19.1214 7.92034 0.326315
      vertex -19.1 7.91148 0
    endloop
  endfacet
  facet normal -0.997856 -0 -0.0654402
    outer loop
      vertex -19.1214 7.92034 0.326315
      vertex -19.1 -7.91148 0
      vertex -19.1214 -7.92034 0.326315
    endloop
  endfacet
  facet normal -0.659279 0 0.751898
    outer loop
      vertex -20.0781 8.31662 -1.98338
      vertex -19.8322 -8.21478 -1.76777
      vertex -19.8322 8.21478 -1.76777
    endloop
  endfacet
  facet normal -0.659279 0 0.751898
    outer loop
      vertex -19.8322 -8.21478 -1.76777
      vertex -20.0781 8.31662 -1.98338
      vertex -20.0781 -8.31662 -1.98338
    endloop
  endfacet
  facet normal -0.751873 0 0.659307
    outer loop
      vertex -19.8322 8.21478 -1.76777
      vertex -19.6166 -8.12547 -1.5219
      vertex -19.6166 8.12547 -1.5219
    endloop
  endfacet
  facet normal -0.751873 0 0.659307
    outer loop
      vertex -19.6166 -8.12547 -1.5219
      vertex -19.8322 8.21478 -1.76777
      vertex -19.8322 -8.21478 -1.76777
    endloop
  endfacet
  facet normal -0.946945 0 -0.321396
    outer loop
      vertex -19.1852 -7.94676 0.647047
      vertex -19.2903 7.9903 0.956708
      vertex -19.1852 7.94676 0.647047
    endloop
  endfacet
  facet normal -0.946945 -0 -0.321396
    outer loop
      vertex -19.2903 7.9903 0.956708
      vertex -19.1852 -7.94676 0.647047
      vertex -19.2903 -7.9903 0.956708
    endloop
  endfacet
  facet normal -0.44229 0 0.896872
    outer loop
      vertex -20.6433 12 -2.3097
      vertex -20.35 11.9648 -2.16506
      vertex -20.35 12 -2.16506
    endloop
  endfacet
  facet normal -0.44229 0 0.896872
    outer loop
      vertex -20.35 11.9648 -2.16506
      vertex -20.6433 12 -2.3097
      vertex -20.6433 11.2567 -2.3097
    endloop
  endfacet
  facet normal -0.44229 0 0.896872
    outer loop
      vertex -20.6433 -12 -2.3097
      vertex -20.35 -11.9648 -2.16506
      vertex -20.6433 -11.2567 -2.3097
    endloop
  endfacet
  facet normal -0.44229 0 0.896872
    outer loop
      vertex -20.35 -11.9648 -2.16506
      vertex -20.6433 -12 -2.3097
      vertex -20.35 -12 -2.16506
    endloop
  endfacet
  facet normal -0.44229 0 0.896872
    outer loop
      vertex -20.6433 8.55073 -2.3097
      vertex -20.35 -8.42925 -2.16506
      vertex -20.35 8.42925 -2.16506
    endloop
  endfacet
  facet normal -0.44229 0 0.896872
    outer loop
      vertex -20.35 -8.42925 -2.16506
      vertex -20.6433 8.55073 -2.3097
      vertex -20.6433 -8.55073 -2.3097
    endloop
  endfacet
  facet normal 0.997856 -0 0.0654402
    outer loop
      vertex -24.1 9.98255 0
      vertex -24.0786 12 -0.326315
      vertex -24.1 12 0
    endloop
  endfacet
  facet normal 0.997856 0 0.0654402
    outer loop
      vertex -24.0786 12 -0.326315
      vertex -24.1 9.98255 0
      vertex -24.0786 9.97369 -0.326315
    endloop
  endfacet
  facet normal 0.997856 0 0.0654402
    outer loop
      vertex -24.0786 -12 -0.326315
      vertex -24.1 -9.98255 0
      vertex -24.1 -12 0
    endloop
  endfacet
  facet normal 0.997856 0 0.0654402
    outer loop
      vertex -24.1 -9.98255 0
      vertex -24.0786 -12 -0.326315
      vertex -24.0786 -9.97369 -0.326315
    endloop
  endfacet
  facet normal 0.997856 0 0.0654402
    outer loop
      vertex -24.1 4.30101 0
      vertex -24.0786 -4.27962 -0.326315
      vertex -24.0786 4.27962 -0.326315
    endloop
  endfacet
  facet normal 0.997856 0 0.0654402
    outer loop
      vertex -24.0786 -4.27962 -0.326315
      vertex -24.1 4.30101 0
      vertex -24.1 -4.30101 0
    endloop
  endfacet
  facet normal 0.531653 0.531647 -0.659315
    outer loop
      vertex -23.5834 -9.76856 1.5219
      vertex -26.423 -6.62401 1.76777
      vertex -23.3678 -9.67925 1.76777
    endloop
  endfacet
  facet normal 0.531612 0.531614 -0.659375
    outer loop
      vertex -26.423 -6.62401 1.76777
      vertex -23.5834 -9.76856 1.5219
      vertex -26.5755 -6.77647 1.5219
    endloop
  endfacet
  facet normal -0.531684 -0.531542 0.659375
    outer loop
      vertex -23.923 -4.12401 -1.76777
      vertex -23.5834 -4.1587 -1.5219
      vertex -23.7705 -3.97155 -1.5219
    endloop
  endfacet
  facet normal -0.53166 -0.531621 0.659331
    outer loop
      vertex -23.5834 -4.1587 -1.5219
      vertex -23.923 -4.12401 -1.76777
      vertex -23.3678 -4.67925 -1.76777
    endloop
  endfacet
  facet normal -0.531659 -0.531655 0.659303
    outer loop
      vertex -19.6166 -8.12547 -1.5219
      vertex -16.047 -12 -1.76777
      vertex -15.7421 -12 -1.5219
    endloop
  endfacet
  facet normal -0.531652 -0.531649 0.659315
    outer loop
      vertex -16.047 -12 -1.76777
      vertex -19.6166 -8.12547 -1.5219
      vertex -19.8322 -8.21478 -1.76777
    endloop
  endfacet
  facet normal -0.0462506 -0.0462506 -0.997859
    outer loop
      vertex -25.173 -5.37401 2.5
      vertex -21.9263 -8.15922 2.47861
      vertex -21.6 -8.94701 2.5
    endloop
  endfacet
  facet normal -0.0462552 -0.046256 -0.997858
    outer loop
      vertex -21.9263 -8.15922 2.47861
      vertex -25.173 -5.37401 2.5
      vertex -24.9423 -5.14327 2.47861
    endloop
  endfacet
  facet normal -0.0462496 -0.0462503 -0.997859
    outer loop
      vertex -18.547 -12 2.5
      vertex -21.2737 -8.81185 2.47861
      vertex -18.0855 -12 2.47861
    endloop
  endfacet
  facet normal -0.0462536 -0.0462537 -0.997858
    outer loop
      vertex -21.2737 -8.81185 2.47861
      vertex -18.547 -12 2.5
      vertex -21.6 -8.94701 2.5
    endloop
  endfacet
  facet normal 0.392854 0.392855 0.831463
    outer loop
      vertex -26.0569 -6.25789 -2.16506
      vertex -23.1219 -9.5774 -1.98338
      vertex -22.85 -9.46478 -2.16506
    endloop
  endfacet
  facet normal 0.392892 0.392887 0.83143
    outer loop
      vertex -23.1219 -9.5774 -1.98338
      vertex -26.0569 -6.25789 -2.16506
      vertex -26.2491 -6.45016 -1.98338
    endloop
  endfacet
  facet normal 0.393044 0.393044 0.831284
    outer loop
      vertex -20.3354 -12 -2.15532
      vertex -20.3148 -12 -2.16506
      vertex -20.35 -11.9648 -2.16506
    endloop
  endfacet
  facet normal -0.466201 -0.466168 0.751893
    outer loop
      vertex -24.0969 -4.29786 -1.98338
      vertex -23.3678 -4.67925 -1.76777
      vertex -23.923 -4.12401 -1.76777
    endloop
  endfacet
  facet normal -0.466225 -0.466249 0.751829
    outer loop
      vertex -23.3678 -4.67925 -1.76777
      vertex -24.0969 -4.29786 -1.98338
      vertex -23.1219 -5.27281 -1.98338
    endloop
  endfacet
  facet normal -0.466223 -0.466221 0.751847
    outer loop
      vertex -19.8322 -8.21478 -1.76777
      vertex -16.3947 -12 -1.98338
      vertex -16.047 -12 -1.76777
    endloop
  endfacet
  facet normal -0.466191 -0.466194 0.751884
    outer loop
      vertex -16.3947 -12 -1.98338
      vertex -19.8322 -8.21478 -1.76777
      vertex -20.0781 -8.31662 -1.98338
    endloop
  endfacet
  facet normal -0.53166 -0.531621 -0.659331
    outer loop
      vertex -23.923 -4.12401 1.76777
      vertex -23.5834 -4.1587 1.5219
      vertex -23.3678 -4.67925 1.76777
    endloop
  endfacet
  facet normal -0.531684 -0.531542 -0.659375
    outer loop
      vertex -23.5834 -4.1587 1.5219
      vertex -23.923 -4.12401 1.76777
      vertex -23.7705 -3.97155 1.5219
    endloop
  endfacet
  facet normal -0.531659 -0.531655 -0.659303
    outer loop
      vertex -16.047 -12 1.76777
      vertex -19.6166 -8.12547 1.5219
      vertex -15.7421 -12 1.5219
    endloop
  endfacet
  facet normal -0.531652 -0.531649 -0.659315
    outer loop
      vertex -19.6166 -8.12547 1.5219
      vertex -16.047 -12 1.76777
      vertex -19.8322 -8.21478 1.76777
    endloop
  endfacet
  facet normal 0.227265 0.227266 0.946943
    outer loop
      vertex -25.6305 -5.83154 -2.41481
      vertex -22.5567 -9.34329 -2.3097
      vertex -22.247 -9.21503 -2.41481
    endloop
  endfacet
  facet normal 0.22726 0.227261 0.946945
    outer loop
      vertex -22.5567 -9.34329 -2.3097
      vertex -25.6305 -5.83154 -2.41481
      vertex -25.8495 -6.05051 -2.3097
    endloop
  endfacet
  facet normal 0.227293 0.227293 0.946929
    outer loop
      vertex -19.4621 -12 -2.41481
      vertex -20.6433 -11.2567 -2.3097
      vertex -19.9 -12 -2.3097
    endloop
  endfacet
  facet normal 0.227293 0.227293 0.946929
    outer loop
      vertex -20.6433 -11.2567 -2.3097
      vertex -19.4621 -12 -2.41481
      vertex -20.953 -10.5091 -2.41481
    endloop
  endfacet
  facet normal 0.705589 0.70558 -0.065582
    outer loop
      vertex -24.0786 -9.97369 0.326315
      vertex -26.9408 -7.14178 0
      vertex -26.9256 -7.12665 0.326315
    endloop
  endfacet
  facet normal 0.705588 0.705595 -0.0654311
    outer loop
      vertex -26.9408 -7.14178 0
      vertex -24.0786 -9.97369 0.326315
      vertex -24.1 -9.98255 0
    endloop
  endfacet
  facet normal 0.137965 0.137964 -0.980781
    outer loop
      vertex -22.247 -9.21503 2.41481
      vertex -25.4037 -5.60475 2.47861
      vertex -21.9263 -9.08218 2.47861
    endloop
  endfacet
  facet normal 0.137953 0.137953 -0.980784
    outer loop
      vertex -25.4037 -5.60475 2.47861
      vertex -22.247 -9.21503 2.41481
      vertex -25.6305 -5.83154 2.41481
    endloop
  endfacet
  facet normal 0.13795 0.13795 -0.980785
    outer loop
      vertex -20.953 -10.5091 2.41481
      vertex -19.0085 -12 2.47861
      vertex -19.4621 -12 2.41481
    endloop
  endfacet
  facet normal 0.137952 0.137952 -0.980785
    outer loop
      vertex -19.0085 -12 2.47861
      vertex -20.953 -10.5091 2.41481
      vertex -21.2737 -9.73481 2.47861
    endloop
  endfacet
  facet normal 0.707206 -0.707007 0.000815314
    outer loop
      vertex -24.7155 -4.91648 2.41481
      vertex -24.9423 -5.14327 2.47861
      vertex -25.173 -5.37401 2.5
    endloop
  endfacet
  facet normal 0.707563 -0.70665 -0.000150616
    outer loop
      vertex -26.8062 -7.00721 0.956708
      vertex -26.8805 -7.08154 0.647047
      vertex -26.9408 -7.14178 0
    endloop
  endfacet
  facet normal -0.705593 -0.70559 -0.0654313
    outer loop
      vertex -15.0115 -12 0
      vertex -19.1214 -7.92034 0.326315
      vertex -19.1 -7.91148 0
    endloop
  endfacet
  facet normal -0.705594 -0.705601 -0.0653017
    outer loop
      vertex -19.1214 -7.92034 0.326315
      vertex -15.0115 -12 0
      vertex -15.0417 -12 0.326315
    endloop
  endfacet
  facet normal 0.707563 -0.70665 0.000150616
    outer loop
      vertex -26.8805 -7.08154 -0.647047
      vertex -26.8062 -7.00721 -0.956708
      vertex -26.9408 -7.14178 0
    endloop
  endfacet
  facet normal 0.669589 0.669587 0.321408
    outer loop
      vertex -26.8062 -7.00721 -0.956708
      vertex -24.0148 -9.94726 -0.647047
      vertex -23.9097 -9.90372 -0.956708
    endloop
  endfacet
  facet normal 0.669595 0.669591 0.321389
    outer loop
      vertex -24.0148 -9.94726 -0.647047
      vertex -26.8062 -7.00721 -0.956708
      vertex -26.8805 -7.08154 -0.647047
    endloop
  endfacet
  facet normal -0.588037 -0.58788 -0.555527
    outer loop
      vertex -23.693 -3.89403 1.35783
      vertex -23.5834 -4.1587 1.5219
      vertex -23.7705 -3.97155 1.5219
    endloop
  endfacet
  facet normal -0.587919 -0.587915 -0.555614
    outer loop
      vertex -19.4349 -8.05021 1.25
      vertex -15.7421 -12 1.5219
      vertex -19.6166 -8.12547 1.5219
    endloop
  endfacet
  facet normal -0.587889 -0.58789 -0.555673
    outer loop
      vertex -15.7421 -12 1.5219
      vertex -19.4349 -8.05021 1.25
      vertex -15.4851 -12 1.25
    endloop
  endfacet
  facet normal -0.693518 -0.693524 -0.195083
    outer loop
      vertex -15.0417 -12 0.326315
      vertex -19.1852 -7.94676 0.647047
      vertex -19.1214 -7.92034 0.326315
    endloop
  endfacet
  facet normal -0.693522 -0.693532 -0.19504
    outer loop
      vertex -19.1852 -7.94676 0.647047
      vertex -15.0417 -12 0.326315
      vertex -15.1319 -12 0.647047
    endloop
  endfacet
  facet normal 0.587924 0.587926 0.555598
    outer loop
      vertex -26.5755 -6.77647 -1.5219
      vertex -23.7651 -9.84381 -1.25
      vertex -23.5834 -9.76856 -1.5219
    endloop
  endfacet
  facet normal 0.587988 0.587974 0.555479
    outer loop
      vertex -23.7651 -9.84381 -1.25
      vertex -26.5755 -6.77647 -1.5219
      vertex -26.7039 -6.90494 -1.25
    endloop
  endfacet
  facet normal 0.0462526 0.0462526 -0.997858
    outer loop
      vertex -21.9263 -9.08218 2.47861
      vertex -25.173 -5.37401 2.5
      vertex -21.6 -8.94701 2.5
    endloop
  endfacet
  facet normal 0.0462558 0.0462554 -0.997858
    outer loop
      vertex -25.173 -5.37401 2.5
      vertex -21.9263 -9.08218 2.47861
      vertex -25.4037 -5.60475 2.47861
    endloop
  endfacet
  facet normal 0.0462496 0.0462498 -0.997859
    outer loop
      vertex -21.2737 -9.73481 2.47861
      vertex -18.547 -12 2.5
      vertex -19.0085 -12 2.47861
    endloop
  endfacet
  facet normal 0.0462494 0.0462495 -0.997859
    outer loop
      vertex -18.547 -12 2.5
      vertex -21.2737 -9.73481 2.47861
      vertex -21.6 -8.94701 2.5
    endloop
  endfacet
  facet normal 0.707138 -0.707076 0.000330651
    outer loop
      vertex -25.6305 -5.83154 -2.41481
      vertex -25.4037 -5.60475 -2.47861
      vertex -25.8495 -6.05051 -2.3097
    endloop
  endfacet
  facet normal 0.707972 -0.706238 -0.00156245
    outer loop
      vertex -24.0969 -4.29786 -1.98338
      vertex -23.923 -4.12401 -1.76777
      vertex -24.2891 -4.49013 -2.16506
    endloop
  endfacet
  facet normal 0.708029 -0.706184 -0.000237435
    outer loop
      vertex -26.8805 -7.08154 0.647047
      vertex -26.9256 -7.12665 0.326315
      vertex -26.9408 -7.14178 0
    endloop
  endfacet
  facet normal 0.669589 0.669587 -0.321408
    outer loop
      vertex -24.0148 -9.94726 0.647047
      vertex -26.8062 -7.00721 0.956708
      vertex -23.9097 -9.90372 0.956708
    endloop
  endfacet
  facet normal 0.669595 0.669591 -0.321389
    outer loop
      vertex -26.8062 -7.00721 0.956708
      vertex -24.0148 -9.94726 0.647047
      vertex -26.8805 -7.08154 0.647047
    endloop
  endfacet
  facet normal 0.634178 0.634162 0.442331
    outer loop
      vertex -26.8062 -7.00721 -0.956708
      vertex -23.7651 -9.84381 -1.25
      vertex -26.7039 -6.90494 -1.25
    endloop
  endfacet
  facet normal 0.634207 0.634205 0.442227
    outer loop
      vertex -23.7651 -9.84381 -1.25
      vertex -26.8062 -7.00721 -0.956708
      vertex -23.9097 -9.90372 -0.956708
    endloop
  endfacet
  facet normal 0.693526 0.693521 0.195062
    outer loop
      vertex -26.9256 -7.12665 -0.326315
      vertex -24.0148 -9.94726 -0.647047
      vertex -26.8805 -7.08154 -0.647047
    endloop
  endfacet
  facet normal 0.693523 0.693513 0.195105
    outer loop
      vertex -24.0148 -9.94726 -0.647047
      vertex -26.9256 -7.12665 -0.326315
      vertex -24.0786 -9.97369 -0.326315
    endloop
  endfacet
  facet normal 0.227265 0.227266 -0.946943
    outer loop
      vertex -22.5567 -9.34329 2.3097
      vertex -25.6305 -5.83154 2.41481
      vertex -22.247 -9.21503 2.41481
    endloop
  endfacet
  facet normal 0.22726 0.227261 -0.946945
    outer loop
      vertex -25.6305 -5.83154 2.41481
      vertex -22.5567 -9.34329 2.3097
      vertex -25.8495 -6.05051 2.3097
    endloop
  endfacet
  facet normal 0.227293 0.227293 -0.946929
    outer loop
      vertex -20.6433 -11.2567 2.3097
      vertex -19.4621 -12 2.41481
      vertex -19.9 -12 2.3097
    endloop
  endfacet
  facet normal 0.227293 0.227293 -0.946929
    outer loop
      vertex -19.4621 -12 2.41481
      vertex -20.6433 -11.2567 2.3097
      vertex -20.953 -10.5091 2.41481
    endloop
  endfacet
  facet normal 0.708029 -0.706184 0.000237435
    outer loop
      vertex -26.9256 -7.12665 -0.326315
      vertex -26.8805 -7.08154 -0.647047
      vertex -26.9408 -7.14178 0
    endloop
  endfacet
  facet normal -0.634206 -0.634206 -0.442227
    outer loop
      vertex -15.2806 -12 0.956708
      vertex -19.4349 -8.05021 1.25
      vertex -19.2903 -7.9903 0.956708
    endloop
  endfacet
  facet normal -0.634212 -0.634213 -0.442209
    outer loop
      vertex -19.4349 -8.05021 1.25
      vertex -15.2806 -12 0.956708
      vertex -15.4851 -12 1.25
    endloop
  endfacet
  facet normal -0.227286 -0.227294 -0.946931
    outer loop
      vertex -24.7155 -4.91648 2.41481
      vertex -22.5567 -6.63731 2.3097
      vertex -22.247 -7.3849 2.41481
    endloop
  endfacet
  facet normal -0.227265 -0.227266 -0.946943
    outer loop
      vertex -22.5567 -6.63731 2.3097
      vertex -24.7155 -4.91648 2.41481
      vertex -24.4965 -4.69752 2.3097
    endloop
  endfacet
  facet normal -0.227293 -0.227295 -0.946929
    outer loop
      vertex -17.6319 -12 2.41481
      vertex -20.6433 -8.55073 2.3097
      vertex -17.194 -12 2.3097
    endloop
  endfacet
  facet normal -0.227259 -0.227265 -0.946945
    outer loop
      vertex -20.6433 -8.55073 2.3097
      vertex -17.6319 -12 2.41481
      vertex -20.953 -8.679 2.41481
    endloop
  endfacet
  facet normal -0.392879 -0.392899 0.83143
    outer loop
      vertex -24.2891 -4.49013 -2.16506
      vertex -23.1219 -5.27281 -1.98338
      vertex -24.0969 -4.29786 -1.98338
    endloop
  endfacet
  facet normal -0.392847 -0.392842 0.831472
    outer loop
      vertex -23.1219 -5.27281 -1.98338
      vertex -24.2891 -4.49013 -2.16506
      vertex -22.85 -5.92925 -2.16506
    endloop
  endfacet
  facet normal -0.392868 -0.39287 0.831449
    outer loop
      vertex -20.0781 -8.31662 -1.98338
      vertex -16.7792 -12 -2.16506
      vertex -16.3947 -12 -1.98338
    endloop
  endfacet
  facet normal -0.392845 -0.392851 0.831469
    outer loop
      vertex -16.7792 -12 -2.16506
      vertex -20.0781 -8.31662 -1.98338
      vertex -20.35 -8.42925 -2.16506
    endloop
  endfacet
  facet normal -0.392847 -0.392842 -0.831472
    outer loop
      vertex -24.2891 -4.49013 2.16506
      vertex -23.1219 -5.27281 1.98338
      vertex -22.85 -5.92925 2.16506
    endloop
  endfacet
  facet normal -0.392879 -0.392899 -0.83143
    outer loop
      vertex -23.1219 -5.27281 1.98338
      vertex -24.2891 -4.49013 2.16506
      vertex -24.0969 -4.29786 1.98338
    endloop
  endfacet
  facet normal -0.392868 -0.39287 -0.831449
    outer loop
      vertex -16.7792 -12 2.16506
      vertex -20.0781 -8.31662 1.98338
      vertex -16.3947 -12 1.98338
    endloop
  endfacet
  facet normal -0.392845 -0.392851 -0.831469
    outer loop
      vertex -20.0781 -8.31662 1.98338
      vertex -16.7792 -12 2.16506
      vertex -20.35 -8.42925 2.16506
    endloop
  endfacet
  facet normal 0.707078 -0.707136 1.48878e-05
    outer loop
      vertex -25.8495 -6.05051 -2.3097
      vertex -25.4037 -5.60475 -2.47861
      vertex -26.0569 -6.25789 -2.16506
    endloop
  endfacet
  facet normal 0.466187 0.466181 0.751894
    outer loop
      vertex -26.2491 -6.45016 -1.98338
      vertex -23.3678 -9.67925 -1.76777
      vertex -23.1219 -9.5774 -1.98338
    endloop
  endfacet
  facet normal 0.466188 0.466182 0.751893
    outer loop
      vertex -23.3678 -9.67925 -1.76777
      vertex -26.2491 -6.45016 -1.98338
      vertex -26.423 -6.62401 -1.76777
    endloop
  endfacet
  facet normal 0.587924 0.587926 -0.555598
    outer loop
      vertex -23.7651 -9.84381 1.25
      vertex -26.5755 -6.77647 1.5219
      vertex -23.5834 -9.76856 1.5219
    endloop
  endfacet
  facet normal 0.587988 0.587974 -0.555479
    outer loop
      vertex -26.5755 -6.77647 1.5219
      vertex -23.7651 -9.84381 1.25
      vertex -26.7039 -6.90494 1.25
    endloop
  endfacet
  facet normal 0.705589 0.70558 0.065582
    outer loop
      vertex -26.9408 -7.14178 0
      vertex -24.0786 -9.97369 -0.326315
      vertex -26.9256 -7.12665 -0.326315
    endloop
  endfacet
  facet normal 0.705588 0.705595 0.0654311
    outer loop
      vertex -24.0786 -9.97369 -0.326315
      vertex -26.9408 -7.14178 0
      vertex -24.1 -9.98255 0
    endloop
  endfacet
  facet normal 0.0462526 0.0462526 0.997858
    outer loop
      vertex -25.173 -5.37401 -2.5
      vertex -21.9263 -9.08218 -2.47861
      vertex -21.6 -8.94701 -2.5
    endloop
  endfacet
  facet normal 0.0462558 0.0462554 0.997858
    outer loop
      vertex -21.9263 -9.08218 -2.47861
      vertex -25.173 -5.37401 -2.5
      vertex -25.4037 -5.60475 -2.47861
    endloop
  endfacet
  facet normal 0.0462496 0.0462498 0.997859
    outer loop
      vertex -18.547 -12 -2.5
      vertex -21.2737 -9.73481 -2.47861
      vertex -19.0085 -12 -2.47861
    endloop
  endfacet
  facet normal 0.0462494 0.0462495 0.997859
    outer loop
      vertex -21.2737 -9.73481 -2.47861
      vertex -18.547 -12 -2.5
      vertex -21.6 -8.94701 -2.5
    endloop
  endfacet
  facet normal -0.137951 -0.137955 0.980784
    outer loop
      vertex -24.9423 -5.14327 -2.47861
      vertex -22.247 -7.3849 -2.41481
      vertex -24.7155 -4.91648 -2.41481
    endloop
  endfacet
  facet normal -0.13794 -0.137943 0.980788
    outer loop
      vertex -22.247 -7.3849 -2.41481
      vertex -24.9423 -5.14327 -2.47861
      vertex -21.9263 -8.15922 -2.47861
    endloop
  endfacet
  facet normal -0.13795 -0.137954 0.980785
    outer loop
      vertex -20.953 -8.679 -2.41481
      vertex -18.0855 -12 -2.47861
      vertex -17.6319 -12 -2.41481
    endloop
  endfacet
  facet normal -0.137964 -0.137966 0.980781
    outer loop
      vertex -18.0855 -12 -2.47861
      vertex -20.953 -8.679 -2.41481
      vertex -21.2737 -8.81185 -2.47861
    endloop
  endfacet
  facet normal 0.707138 -0.707076 -0.000330651
    outer loop
      vertex -25.4037 -5.60475 2.47861
      vertex -25.6305 -5.83154 2.41481
      vertex -25.8495 -6.05051 2.3097
    endloop
  endfacet
  facet normal 0.707206 -0.707007 -0.000815314
    outer loop
      vertex -24.9423 -5.14327 -2.47861
      vertex -24.7155 -4.91648 -2.41481
      vertex -25.173 -5.37401 -2.5
    endloop
  endfacet
  facet normal 0.312745 0.312747 0.896872
    outer loop
      vertex -25.8495 -6.05051 -2.3097
      vertex -22.85 -9.46478 -2.16506
      vertex -22.5567 -9.34329 -2.3097
    endloop
  endfacet
  facet normal 0.312751 0.312752 0.896868
    outer loop
      vertex -22.85 -9.46478 -2.16506
      vertex -25.8495 -6.05051 -2.3097
      vertex -26.0569 -6.25789 -2.16506
    endloop
  endfacet
  facet normal 0.312739 0.312739 0.896877
    outer loop
      vertex -19.9 -12 -2.3097
      vertex -20.35 -11.9648 -2.16506
      vertex -20.3148 -12 -2.16506
    endloop
  endfacet
  facet normal 0.312739 0.312739 0.896877
    outer loop
      vertex -20.35 -11.9648 -2.16506
      vertex -19.9 -12 -2.3097
      vertex -20.6433 -11.2567 -2.3097
    endloop
  endfacet
  facet normal 0.137965 0.137964 0.980781
    outer loop
      vertex -25.4037 -5.60475 -2.47861
      vertex -22.247 -9.21503 -2.41481
      vertex -21.9263 -9.08218 -2.47861
    endloop
  endfacet
  facet normal 0.137953 0.137953 0.980784
    outer loop
      vertex -22.247 -9.21503 -2.41481
      vertex -25.4037 -5.60475 -2.47861
      vertex -25.6305 -5.83154 -2.41481
    endloop
  endfacet
  facet normal 0.13795 0.13795 0.980785
    outer loop
      vertex -19.0085 -12 -2.47861
      vertex -20.953 -10.5091 -2.41481
      vertex -19.4621 -12 -2.41481
    endloop
  endfacet
  facet normal 0.137952 0.137952 0.980785
    outer loop
      vertex -20.953 -10.5091 -2.41481
      vertex -19.0085 -12 -2.47861
      vertex -21.2737 -9.73481 -2.47861
    endloop
  endfacet
  facet normal 0.531653 0.531647 0.659315
    outer loop
      vertex -26.423 -6.62401 -1.76777
      vertex -23.5834 -9.76856 -1.5219
      vertex -23.3678 -9.67925 -1.76777
    endloop
  endfacet
  facet normal 0.531612 0.531614 0.659375
    outer loop
      vertex -23.5834 -9.76856 -1.5219
      vertex -26.423 -6.62401 -1.76777
      vertex -26.5755 -6.77647 -1.5219
    endloop
  endfacet
  facet normal -0.13794 -0.137943 -0.980788
    outer loop
      vertex -24.9423 -5.14327 2.47861
      vertex -22.247 -7.3849 2.41481
      vertex -21.9263 -8.15922 2.47861
    endloop
  endfacet
  facet normal -0.137951 -0.137955 -0.980784
    outer loop
      vertex -22.247 -7.3849 2.41481
      vertex -24.9423 -5.14327 2.47861
      vertex -24.7155 -4.91648 2.41481
    endloop
  endfacet
  facet normal -0.13795 -0.137954 -0.980785
    outer loop
      vertex -18.0855 -12 2.47861
      vertex -20.953 -8.679 2.41481
      vertex -17.6319 -12 2.41481
    endloop
  endfacet
  facet normal -0.137964 -0.137966 -0.980781
    outer loop
      vertex -20.953 -8.679 2.41481
      vertex -18.0855 -12 2.47861
      vertex -21.2737 -8.81185 2.47861
    endloop
  endfacet
  facet normal -0.312748 -0.312743 0.896873
    outer loop
      vertex -24.4965 -4.69752 -2.3097
      vertex -22.85 -5.92925 -2.16506
      vertex -24.2891 -4.49013 -2.16506
    endloop
  endfacet
  facet normal -0.312761 -0.312763 0.896861
    outer loop
      vertex -22.85 -5.92925 -2.16506
      vertex -24.4965 -4.69752 -2.3097
      vertex -22.5567 -6.63731 -2.3097
    endloop
  endfacet
  facet normal -0.312739 -0.312743 0.896876
    outer loop
      vertex -20.35 -8.42925 -2.16506
      vertex -17.194 -12 -2.3097
      vertex -16.7792 -12 -2.16506
    endloop
  endfacet
  facet normal -0.312751 -0.312753 0.896868
    outer loop
      vertex -17.194 -12 -2.3097
      vertex -20.35 -8.42925 -2.16506
      vertex -20.6433 -8.55073 -2.3097
    endloop
  endfacet
  facet normal 0.708135 -0.706077 0.00078998
    outer loop
      vertex -26.7039 -6.90494 -1.25
      vertex -26.5755 -6.77647 -1.5219
      vertex -26.8062 -7.00721 -0.956708
    endloop
  endfacet
  facet normal -0.669583 -0.669593 -0.321407
    outer loop
      vertex -15.1319 -12 0.647047
      vertex -19.2903 -7.9903 0.956708
      vertex -19.1852 -7.94676 0.647047
    endloop
  endfacet
  facet normal -0.66956 -0.66956 -0.321525
    outer loop
      vertex -19.2903 -7.9903 0.956708
      vertex -15.1319 -12 0.647047
      vertex -15.2806 -12 0.956708
    endloop
  endfacet
  facet normal 0.693526 0.693521 -0.195062
    outer loop
      vertex -24.0148 -9.94726 0.647047
      vertex -26.9256 -7.12665 0.326315
      vertex -26.8805 -7.08154 0.647047
    endloop
  endfacet
  facet normal 0.693523 0.693513 -0.195105
    outer loop
      vertex -26.9256 -7.12665 0.326315
      vertex -24.0148 -9.94726 0.647047
      vertex -24.0786 -9.97369 0.326315
    endloop
  endfacet
  facet normal -0.466225 -0.466249 -0.751829
    outer loop
      vertex -24.0969 -4.29786 1.98338
      vertex -23.3678 -4.67925 1.76777
      vertex -23.1219 -5.27281 1.98338
    endloop
  endfacet
  facet normal -0.466201 -0.466168 -0.751893
    outer loop
      vertex -23.3678 -4.67925 1.76777
      vertex -24.0969 -4.29786 1.98338
      vertex -23.923 -4.12401 1.76777
    endloop
  endfacet
  facet normal -0.466223 -0.466221 -0.751847
    outer loop
      vertex -16.3947 -12 1.98338
      vertex -19.8322 -8.21478 1.76777
      vertex -16.047 -12 1.76777
    endloop
  endfacet
  facet normal -0.466191 -0.466194 -0.751884
    outer loop
      vertex -19.8322 -8.21478 1.76777
      vertex -16.3947 -12 1.98338
      vertex -20.0781 -8.31662 1.98338
    endloop
  endfacet
  facet normal 0.707972 -0.706238 0.00156245
    outer loop
      vertex -23.923 -4.12401 1.76777
      vertex -24.0969 -4.29786 1.98338
      vertex -24.2891 -4.49013 2.16506
    endloop
  endfacet
  facet normal 0.466187 0.466181 -0.751894
    outer loop
      vertex -23.3678 -9.67925 1.76777
      vertex -26.2491 -6.45016 1.98338
      vertex -23.1219 -9.5774 1.98338
    endloop
  endfacet
  facet normal 0.466188 0.466182 -0.751893
    outer loop
      vertex -26.2491 -6.45016 1.98338
      vertex -23.3678 -9.67925 1.76777
      vertex -26.423 -6.62401 1.76777
    endloop
  endfacet
  facet normal -0.0462552 -0.046256 0.997858
    outer loop
      vertex -25.173 -5.37401 -2.5
      vertex -21.9263 -8.15922 -2.47861
      vertex -24.9423 -5.14327 -2.47861
    endloop
  endfacet
  facet normal -0.0462506 -0.0462506 0.997859
    outer loop
      vertex -21.9263 -8.15922 -2.47861
      vertex -25.173 -5.37401 -2.5
      vertex -21.6 -8.94701 -2.5
    endloop
  endfacet
  facet normal -0.0462496 -0.0462503 0.997859
    outer loop
      vertex -21.2737 -8.81185 -2.47861
      vertex -18.547 -12 -2.5
      vertex -18.0855 -12 -2.47861
    endloop
  endfacet
  facet normal -0.0462536 -0.0462537 0.997858
    outer loop
      vertex -18.547 -12 -2.5
      vertex -21.2737 -8.81185 -2.47861
      vertex -21.6 -8.94701 -2.5
    endloop
  endfacet
  facet normal -0.705594 -0.705601 0.0653017
    outer loop
      vertex -15.0115 -12 0
      vertex -19.1214 -7.92034 -0.326315
      vertex -15.0417 -12 -0.326315
    endloop
  endfacet
  facet normal -0.705593 -0.70559 0.0654313
    outer loop
      vertex -19.1214 -7.92034 -0.326315
      vertex -15.0115 -12 0
      vertex -19.1 -7.91148 0
    endloop
  endfacet
  facet normal -0.312761 -0.312763 -0.896861
    outer loop
      vertex -24.4965 -4.69752 2.3097
      vertex -22.85 -5.92925 2.16506
      vertex -22.5567 -6.63731 2.3097
    endloop
  endfacet
  facet normal -0.312748 -0.312743 -0.896873
    outer loop
      vertex -22.85 -5.92925 2.16506
      vertex -24.4965 -4.69752 2.3097
      vertex -24.2891 -4.49013 2.16506
    endloop
  endfacet
  facet normal -0.312739 -0.312743 -0.896876
    outer loop
      vertex -17.194 -12 2.3097
      vertex -20.35 -8.42925 2.16506
      vertex -16.7792 -12 2.16506
    endloop
  endfacet
  facet normal -0.312751 -0.312753 -0.896868
    outer loop
      vertex -20.35 -8.42925 2.16506
      vertex -17.194 -12 2.3097
      vertex -20.6433 -8.55073 2.3097
    endloop
  endfacet
  facet normal 0.392854 0.392855 -0.831463
    outer loop
      vertex -23.1219 -9.5774 1.98338
      vertex -26.0569 -6.25789 2.16506
      vertex -22.85 -9.46478 2.16506
    endloop
  endfacet
  facet normal 0.392892 0.392887 -0.83143
    outer loop
      vertex -26.0569 -6.25789 2.16506
      vertex -23.1219 -9.5774 1.98338
      vertex -26.2491 -6.45016 1.98338
    endloop
  endfacet
  facet normal 0.393044 0.393044 -0.831284
    outer loop
      vertex -20.3148 -12 2.16506
      vertex -20.3354 -12 2.15532
      vertex -20.35 -11.9648 2.16506
    endloop
  endfacet
  facet normal -0.588037 -0.58788 0.555527
    outer loop
      vertex -23.5834 -4.1587 -1.5219
      vertex -23.693 -3.89403 -1.35783
      vertex -23.7705 -3.97155 -1.5219
    endloop
  endfacet
  facet normal -0.587919 -0.587915 0.555614
    outer loop
      vertex -15.7421 -12 -1.5219
      vertex -19.4349 -8.05021 -1.25
      vertex -19.6166 -8.12547 -1.5219
    endloop
  endfacet
  facet normal -0.587889 -0.58789 0.555673
    outer loop
      vertex -19.4349 -8.05021 -1.25
      vertex -15.7421 -12 -1.5219
      vertex -15.4851 -12 -1.25
    endloop
  endfacet
  facet normal -0.634212 -0.634213 0.442209
    outer loop
      vertex -15.2806 -12 -0.956708
      vertex -19.4349 -8.05021 -1.25
      vertex -15.4851 -12 -1.25
    endloop
  endfacet
  facet normal -0.634206 -0.634206 0.442227
    outer loop
      vertex -19.4349 -8.05021 -1.25
      vertex -15.2806 -12 -0.956708
      vertex -19.2903 -7.9903 -0.956708
    endloop
  endfacet
  facet normal 0.708135 -0.706077 -0.00078998
    outer loop
      vertex -26.5755 -6.77647 1.5219
      vertex -26.7039 -6.90494 1.25
      vertex -26.8062 -7.00721 0.956708
    endloop
  endfacet
  facet normal 0.634178 0.634162 -0.442331
    outer loop
      vertex -23.7651 -9.84381 1.25
      vertex -26.8062 -7.00721 0.956708
      vertex -26.7039 -6.90494 1.25
    endloop
  endfacet
  facet normal 0.634207 0.634205 -0.442227
    outer loop
      vertex -26.8062 -7.00721 0.956708
      vertex -23.7651 -9.84381 1.25
      vertex -23.9097 -9.90372 0.956708
    endloop
  endfacet
  facet normal 0.707078 -0.707136 -1.48878e-05
    outer loop
      vertex -25.4037 -5.60475 2.47861
      vertex -25.8495 -6.05051 2.3097
      vertex -26.0569 -6.25789 2.16506
    endloop
  endfacet
  facet normal 0.312745 0.312747 -0.896872
    outer loop
      vertex -22.85 -9.46478 2.16506
      vertex -25.8495 -6.05051 2.3097
      vertex -22.5567 -9.34329 2.3097
    endloop
  endfacet
  facet normal 0.312751 0.312752 -0.896868
    outer loop
      vertex -25.8495 -6.05051 2.3097
      vertex -22.85 -9.46478 2.16506
      vertex -26.0569 -6.25789 2.16506
    endloop
  endfacet
  facet normal 0.312739 0.312739 -0.896877
    outer loop
      vertex -20.35 -11.9648 2.16506
      vertex -19.9 -12 2.3097
      vertex -20.3148 -12 2.16506
    endloop
  endfacet
  facet normal 0.312739 0.312739 -0.896877
    outer loop
      vertex -19.9 -12 2.3097
      vertex -20.35 -11.9648 2.16506
      vertex -20.6433 -11.2567 2.3097
    endloop
  endfacet
  facet normal 0.707155 -0.707058 0.000273295
    outer loop
      vertex -25.4037 -5.60475 2.47861
      vertex -24.7155 -4.91648 2.41481
      vertex -25.173 -5.37401 2.5
    endloop
  endfacet
  facet normal 0.707145 -0.707069 4.62041e-05
    outer loop
      vertex -24.0148 -4.21582 0.647047
      vertex -24.7155 -4.91648 2.41481
      vertex -25.4037 -5.60475 2.47861
    endloop
  endfacet
  facet normal 0.707085 -0.707129 -4.46021e-05
    outer loop
      vertex -24.0148 -4.21582 0.647047
      vertex -25.4037 -5.60475 2.47861
      vertex -26.0569 -6.25789 2.16506
    endloop
  endfacet
  facet normal 0.707032 -0.707182 -4.34655e-05
    outer loop
      vertex -24.7155 -4.91648 2.41481
      vertex -24.0148 -4.21582 0.647047
      vertex -24.4965 -4.69752 2.3097
    endloop
  endfacet
  facet normal 0.707161 -0.707053 0.000158649
    outer loop
      vertex -24.0148 -4.21582 0.647047
      vertex -26.0569 -6.25789 2.16506
      vertex -26.2491 -6.45016 1.98338
    endloop
  endfacet
  facet normal 0.707078 -0.707136 -0.000117509
    outer loop
      vertex -24.0148 -4.21582 0.647047
      vertex -26.2491 -6.45016 1.98338
      vertex -26.423 -6.62401 1.76777
    endloop
  endfacet
  facet normal 0.707125 -0.707089 1.05155e-05
    outer loop
      vertex -23.9097 -4.11071 0.956708
      vertex -24.4965 -4.69752 2.3097
      vertex -24.0148 -4.21582 0.647047
    endloop
  endfacet
  facet normal 0.707085 -0.707129 -8.78593e-05
    outer loop
      vertex -24.0148 -4.21582 0.647047
      vertex -26.423 -6.62401 1.76777
      vertex -26.5755 -6.77647 1.5219
    endloop
  endfacet
  facet normal 0.707126 -0.707087 6.44909e-07
    outer loop
      vertex -24.2891 -4.49013 2.16506
      vertex -23.9097 -4.11071 0.956708
      vertex -23.923 -4.12401 1.76777
    endloop
  endfacet
  facet normal 0.707201 -0.707012 3.10389e-06
    outer loop
      vertex -23.7651 -3.96607 1.25
      vertex -23.923 -4.12401 1.76777
      vertex -23.9097 -4.11071 0.956708
    endloop
  endfacet
  facet normal 0.706972 -0.707241 -0.000213438
    outer loop
      vertex -23.7705 -3.97155 1.5219
      vertex -23.7651 -3.96607 1.25
      vertex -23.693 -3.89403 1.35783
    endloop
  endfacet
  facet normal 0.707111 -0.707103 4.66963e-05
    outer loop
      vertex -24.0786 -4.27962 0.326315
      vertex -26.5755 -6.77647 1.5219
      vertex -26.8062 -7.00721 0.956708
    endloop
  endfacet
  facet normal 0.706838 -0.707376 -0.00021882
    outer loop
      vertex -23.923 -4.12401 1.76777
      vertex -23.7651 -3.96607 1.25
      vertex -23.7705 -3.97155 1.5219
    endloop
  endfacet
  facet normal 0.70708 -0.707134 -2.8692e-05
    outer loop
      vertex -24.4965 -4.69752 2.3097
      vertex -23.9097 -4.11071 0.956708
      vertex -24.2891 -4.49013 2.16506
    endloop
  endfacet
  facet normal 0.7071 -0.707113 2.57172e-06
    outer loop
      vertex -26.5755 -6.77647 1.5219
      vertex -24.0786 -4.27962 0.326315
      vertex -24.0148 -4.21582 0.647047
    endloop
  endfacet
  facet normal 0.707103 -0.707111 -2.11217e-05
    outer loop
      vertex -26.9408 -7.14178 0
      vertex -24.0786 -4.27962 0.326315
      vertex -26.8062 -7.00721 0.956708
    endloop
  endfacet
  facet normal 0.707103 -0.707111 -2.11799e-05
    outer loop
      vertex -26.9408 -7.14178 0
      vertex -24.1 -4.30101 0
      vertex -24.0786 -4.27962 0.326315
    endloop
  endfacet
  facet normal 0.707103 -0.707111 2.11799e-05
    outer loop
      vertex -26.9408 -7.14178 0
      vertex -24.0786 -4.27962 -0.326315
      vertex -24.1 -4.30101 0
    endloop
  endfacet
  facet normal 0.707103 -0.707111 2.11217e-05
    outer loop
      vertex -26.8062 -7.00721 -0.956708
      vertex -24.0786 -4.27962 -0.326315
      vertex -26.9408 -7.14178 0
    endloop
  endfacet
  facet normal 0.707111 -0.707103 -4.66963e-05
    outer loop
      vertex -26.5755 -6.77647 -1.5219
      vertex -24.0786 -4.27962 -0.326315
      vertex -26.8062 -7.00721 -0.956708
    endloop
  endfacet
  facet normal 0.7071 -0.707113 -2.57172e-06
    outer loop
      vertex -24.0786 -4.27962 -0.326315
      vertex -26.5755 -6.77647 -1.5219
      vertex -24.0148 -4.21582 -0.647047
    endloop
  endfacet
  facet normal 0.707085 -0.707129 8.78593e-05
    outer loop
      vertex -26.423 -6.62401 -1.76777
      vertex -24.0148 -4.21582 -0.647047
      vertex -26.5755 -6.77647 -1.5219
    endloop
  endfacet
  facet normal 0.707078 -0.707136 0.000117509
    outer loop
      vertex -26.2491 -6.45016 -1.98338
      vertex -24.0148 -4.21582 -0.647047
      vertex -26.423 -6.62401 -1.76777
    endloop
  endfacet
  facet normal 0.707161 -0.707053 -0.000158649
    outer loop
      vertex -26.0569 -6.25789 -2.16506
      vertex -24.0148 -4.21582 -0.647047
      vertex -26.2491 -6.45016 -1.98338
    endloop
  endfacet
  facet normal 0.706972 -0.707241 0.000213438
    outer loop
      vertex -23.7651 -3.96607 -1.25
      vertex -23.7705 -3.97155 -1.5219
      vertex -23.693 -3.89403 -1.35783
    endloop
  endfacet
  facet normal 0.707085 -0.707129 4.46021e-05
    outer loop
      vertex -25.4037 -5.60475 -2.47861
      vertex -24.0148 -4.21582 -0.647047
      vertex -26.0569 -6.25789 -2.16506
    endloop
  endfacet
  facet normal 0.706838 -0.707376 0.00021882
    outer loop
      vertex -23.7651 -3.96607 -1.25
      vertex -23.923 -4.12401 -1.76777
      vertex -23.7705 -3.97155 -1.5219
    endloop
  endfacet
  facet normal 0.707126 -0.707087 -6.44909e-07
    outer loop
      vertex -23.923 -4.12401 -1.76777
      vertex -23.9097 -4.11071 -0.956708
      vertex -24.2891 -4.49013 -2.16506
    endloop
  endfacet
  facet normal 0.707122 -0.707091 -1.21932e-05
    outer loop
      vertex -24.0148 -4.21582 -0.647047
      vertex -25.4037 -5.60475 -2.47861
      vertex -23.9097 -4.11071 -0.956708
    endloop
  endfacet
  facet normal 0.707201 -0.707012 -3.10389e-06
    outer loop
      vertex -23.9097 -4.11071 -0.956708
      vertex -23.923 -4.12401 -1.76777
      vertex -23.7651 -3.96607 -1.25
    endloop
  endfacet
  facet normal 0.70708 -0.707134 2.8692e-05
    outer loop
      vertex -23.9097 -4.11071 -0.956708
      vertex -24.4965 -4.69752 -2.3097
      vertex -24.2891 -4.49013 -2.16506
    endloop
  endfacet
  facet normal 0.707024 -0.70719 7.7348e-05
    outer loop
      vertex -23.9097 -4.11071 -0.956708
      vertex -24.7155 -4.91648 -2.41481
      vertex -24.4965 -4.69752 -2.3097
    endloop
  endfacet
  facet normal 0.707145 -0.707068 -5.72246e-05
    outer loop
      vertex -23.9097 -4.11071 -0.956708
      vertex -25.4037 -5.60475 -2.47861
      vertex -24.7155 -4.91648 -2.41481
    endloop
  endfacet
  facet normal 0.707155 -0.707058 -0.000273295
    outer loop
      vertex -24.7155 -4.91648 -2.41481
      vertex -25.4037 -5.60475 -2.47861
      vertex -25.173 -5.37401 -2.5
    endloop
  endfacet
  facet normal -0.227265 -0.227266 0.946943
    outer loop
      vertex -24.7155 -4.91648 -2.41481
      vertex -22.5567 -6.63731 -2.3097
      vertex -24.4965 -4.69752 -2.3097
    endloop
  endfacet
  facet normal -0.227286 -0.227294 0.946931
    outer loop
      vertex -22.5567 -6.63731 -2.3097
      vertex -24.7155 -4.91648 -2.41481
      vertex -22.247 -7.3849 -2.41481
    endloop
  endfacet
  facet normal -0.227293 -0.227295 0.946929
    outer loop
      vertex -20.6433 -8.55073 -2.3097
      vertex -17.6319 -12 -2.41481
      vertex -17.194 -12 -2.3097
    endloop
  endfacet
  facet normal -0.227259 -0.227265 0.946945
    outer loop
      vertex -17.6319 -12 -2.41481
      vertex -20.6433 -8.55073 -2.3097
      vertex -20.953 -8.679 -2.41481
    endloop
  endfacet
  facet normal -0.693522 -0.693532 0.19504
    outer loop
      vertex -15.0417 -12 -0.326315
      vertex -19.1852 -7.94676 -0.647047
      vertex -15.1319 -12 -0.647047
    endloop
  endfacet
  facet normal -0.693518 -0.693524 0.195083
    outer loop
      vertex -19.1852 -7.94676 -0.647047
      vertex -15.0417 -12 -0.326315
      vertex -19.1214 -7.92034 -0.326315
    endloop
  endfacet
  facet normal -0.66956 -0.66956 0.321525
    outer loop
      vertex -15.1319 -12 -0.647047
      vertex -19.2903 -7.9903 -0.956708
      vertex -15.2806 -12 -0.956708
    endloop
  endfacet
  facet normal -0.669583 -0.669593 0.321407
    outer loop
      vertex -19.2903 -7.9903 -0.956708
      vertex -15.1319 -12 -0.647047
      vertex -19.1852 -7.94676 -0.647047
    endloop
  endfacet
  facet normal 0.531684 -0.531542 0.659375
    outer loop
      vertex 23.5834 -4.1587 -1.5219
      vertex 23.923 -4.12401 -1.76777
      vertex 23.7705 -3.97155 -1.5219
    endloop
  endfacet
  facet normal 0.53166 -0.531621 0.659331
    outer loop
      vertex 23.923 -4.12401 -1.76777
      vertex 23.5834 -4.1587 -1.5219
      vertex 23.3678 -4.67925 -1.76777
    endloop
  endfacet
  facet normal 0.531652 -0.531649 0.659315
    outer loop
      vertex 19.6166 -8.12547 -1.5219
      vertex 16.047 -12 -1.76777
      vertex 19.8322 -8.21478 -1.76777
    endloop
  endfacet
  facet normal 0.531659 -0.531655 0.659303
    outer loop
      vertex 16.047 -12 -1.76777
      vertex 19.6166 -8.12547 -1.5219
      vertex 15.7421 -12 -1.5219
    endloop
  endfacet
  facet normal -0.705589 0.70558 -0.065582
    outer loop
      vertex 26.9408 -7.14178 0
      vertex 24.0786 -9.97369 0.326315
      vertex 26.9256 -7.12665 0.326315
    endloop
  endfacet
  facet normal -0.705588 0.705595 -0.0654311
    outer loop
      vertex 24.0786 -9.97369 0.326315
      vertex 26.9408 -7.14178 0
      vertex 24.1 -9.98255 0
    endloop
  endfacet
  facet normal -0.708135 -0.706077 0.00078998
    outer loop
      vertex 26.7039 -6.90494 -1.25
      vertex 26.8062 -7.00721 -0.956708
      vertex 26.5755 -6.77647 -1.5219
    endloop
  endfacet
  facet normal 0.588037 -0.58788 0.555527
    outer loop
      vertex 23.7705 -3.97155 -1.5219
      vertex 23.693 -3.89403 -1.35783
      vertex 23.5834 -4.1587 -1.5219
    endloop
  endfacet
  facet normal 0.587889 -0.58789 0.555673
    outer loop
      vertex 15.7421 -12 -1.5219
      vertex 19.4349 -8.05021 -1.25
      vertex 15.4851 -12 -1.25
    endloop
  endfacet
  facet normal 0.587919 -0.587915 0.555614
    outer loop
      vertex 19.4349 -8.05021 -1.25
      vertex 15.7421 -12 -1.5219
      vertex 19.6166 -8.12547 -1.5219
    endloop
  endfacet
  facet normal -0.0462558 0.0462554 0.997858
    outer loop
      vertex 25.173 -5.37401 -2.5
      vertex 21.9263 -9.08218 -2.47861
      vertex 25.4037 -5.60475 -2.47861
    endloop
  endfacet
  facet normal -0.0462526 0.0462526 0.997858
    outer loop
      vertex 21.9263 -9.08218 -2.47861
      vertex 25.173 -5.37401 -2.5
      vertex 21.6 -8.94701 -2.5
    endloop
  endfacet
  facet normal -0.0462494 0.0462495 0.997859
    outer loop
      vertex 18.547 -12 -2.5
      vertex 21.2737 -9.73481 -2.47861
      vertex 21.6 -8.94701 -2.5
    endloop
  endfacet
  facet normal -0.0462496 0.0462498 0.997859
    outer loop
      vertex 21.2737 -9.73481 -2.47861
      vertex 18.547 -12 -2.5
      vertex 19.0085 -12 -2.47861
    endloop
  endfacet
  facet normal -0.392892 0.392887 0.83143
    outer loop
      vertex 26.0569 -6.25789 -2.16506
      vertex 23.1219 -9.5774 -1.98338
      vertex 26.2491 -6.45016 -1.98338
    endloop
  endfacet
  facet normal -0.392854 0.392855 0.831463
    outer loop
      vertex 23.1219 -9.5774 -1.98338
      vertex 26.0569 -6.25789 -2.16506
      vertex 22.85 -9.46478 -2.16506
    endloop
  endfacet
  facet normal -0.393044 0.393044 0.831284
    outer loop
      vertex 20.3354 -12 -2.15532
      vertex 20.35 -11.9648 -2.16506
      vertex 20.3148 -12 -2.16506
    endloop
  endfacet
  facet normal -0.466188 0.466182 0.751893
    outer loop
      vertex 26.2491 -6.45016 -1.98338
      vertex 23.3678 -9.67925 -1.76777
      vertex 26.423 -6.62401 -1.76777
    endloop
  endfacet
  facet normal -0.466187 0.466181 0.751894
    outer loop
      vertex 23.3678 -9.67925 -1.76777
      vertex 26.2491 -6.45016 -1.98338
      vertex 23.1219 -9.5774 -1.98338
    endloop
  endfacet
  facet normal 0.531684 -0.531542 -0.659375
    outer loop
      vertex 23.923 -4.12401 1.76777
      vertex 23.5834 -4.1587 1.5219
      vertex 23.7705 -3.97155 1.5219
    endloop
  endfacet
  facet normal 0.53166 -0.531621 -0.659331
    outer loop
      vertex 23.5834 -4.1587 1.5219
      vertex 23.923 -4.12401 1.76777
      vertex 23.3678 -4.67925 1.76777
    endloop
  endfacet
  facet normal 0.531652 -0.531649 -0.659315
    outer loop
      vertex 16.047 -12 1.76777
      vertex 19.6166 -8.12547 1.5219
      vertex 19.8322 -8.21478 1.76777
    endloop
  endfacet
  facet normal 0.531659 -0.531655 -0.659303
    outer loop
      vertex 19.6166 -8.12547 1.5219
      vertex 16.047 -12 1.76777
      vertex 15.7421 -12 1.5219
    endloop
  endfacet
  facet normal -0.708029 -0.706184 -0.000237435
    outer loop
      vertex 26.9408 -7.14178 0
      vertex 26.9256 -7.12665 0.326315
      vertex 26.8805 -7.08154 0.647047
    endloop
  endfacet
  facet normal 0.312748 -0.312743 0.896873
    outer loop
      vertex 22.85 -5.92925 -2.16506
      vertex 24.4965 -4.69752 -2.3097
      vertex 24.2891 -4.49013 -2.16506
    endloop
  endfacet
  facet normal 0.312761 -0.312763 0.896861
    outer loop
      vertex 24.4965 -4.69752 -2.3097
      vertex 22.85 -5.92925 -2.16506
      vertex 22.5567 -6.63731 -2.3097
    endloop
  endfacet
  facet normal 0.312751 -0.312753 0.896868
    outer loop
      vertex 20.35 -8.42925 -2.16506
      vertex 17.194 -12 -2.3097
      vertex 20.6433 -8.55073 -2.3097
    endloop
  endfacet
  facet normal 0.312739 -0.312743 0.896876
    outer loop
      vertex 17.194 -12 -2.3097
      vertex 20.35 -8.42925 -2.16506
      vertex 16.7792 -12 -2.16506
    endloop
  endfacet
  facet normal 0.0462552 -0.046256 -0.997858
    outer loop
      vertex 25.173 -5.37401 2.5
      vertex 21.9263 -8.15922 2.47861
      vertex 24.9423 -5.14327 2.47861
    endloop
  endfacet
  facet normal 0.0462506 -0.0462506 -0.997859
    outer loop
      vertex 21.9263 -8.15922 2.47861
      vertex 25.173 -5.37401 2.5
      vertex 21.6 -8.94701 2.5
    endloop
  endfacet
  facet normal 0.0462536 -0.0462537 -0.997858
    outer loop
      vertex 18.547 -12 2.5
      vertex 21.2737 -8.81185 2.47861
      vertex 21.6 -8.94701 2.5
    endloop
  endfacet
  facet normal 0.0462496 -0.0462503 -0.997859
    outer loop
      vertex 21.2737 -8.81185 2.47861
      vertex 18.547 -12 2.5
      vertex 18.0855 -12 2.47861
    endloop
  endfacet
  facet normal 0.634212 -0.634213 -0.442209
    outer loop
      vertex 15.2806 -12 0.956708
      vertex 19.4349 -8.05021 1.25
      vertex 15.4851 -12 1.25
    endloop
  endfacet
  facet normal 0.634206 -0.634206 -0.442227
    outer loop
      vertex 19.4349 -8.05021 1.25
      vertex 15.2806 -12 0.956708
      vertex 19.2903 -7.9903 0.956708
    endloop
  endfacet
  facet normal -0.707078 -0.707136 1.48878e-05
    outer loop
      vertex 25.8495 -6.05051 -2.3097
      vertex 26.0569 -6.25789 -2.16506
      vertex 25.4037 -5.60475 -2.47861
    endloop
  endfacet
  facet normal 0.466201 -0.466168 0.751893
    outer loop
      vertex 23.3678 -4.67925 -1.76777
      vertex 24.0969 -4.29786 -1.98338
      vertex 23.923 -4.12401 -1.76777
    endloop
  endfacet
  facet normal 0.466225 -0.466249 0.751829
    outer loop
      vertex 24.0969 -4.29786 -1.98338
      vertex 23.3678 -4.67925 -1.76777
      vertex 23.1219 -5.27281 -1.98338
    endloop
  endfacet
  facet normal 0.466191 -0.466194 0.751884
    outer loop
      vertex 19.8322 -8.21478 -1.76777
      vertex 16.3947 -12 -1.98338
      vertex 20.0781 -8.31662 -1.98338
    endloop
  endfacet
  facet normal 0.466223 -0.466221 0.751847
    outer loop
      vertex 16.3947 -12 -1.98338
      vertex 19.8322 -8.21478 -1.76777
      vertex 16.047 -12 -1.76777
    endloop
  endfacet
  facet normal -0.669595 0.669591 0.321389
    outer loop
      vertex 26.8062 -7.00721 -0.956708
      vertex 24.0148 -9.94726 -0.647047
      vertex 26.8805 -7.08154 -0.647047
    endloop
  endfacet
  facet normal -0.669589 0.669587 0.321408
    outer loop
      vertex 24.0148 -9.94726 -0.647047
      vertex 26.8062 -7.00721 -0.956708
      vertex 23.9097 -9.90372 -0.956708
    endloop
  endfacet
  facet normal 0.588037 -0.58788 -0.555527
    outer loop
      vertex 23.693 -3.89403 1.35783
      vertex 23.7705 -3.97155 1.5219
      vertex 23.5834 -4.1587 1.5219
    endloop
  endfacet
  facet normal 0.587889 -0.58789 -0.555673
    outer loop
      vertex 19.4349 -8.05021 1.25
      vertex 15.7421 -12 1.5219
      vertex 15.4851 -12 1.25
    endloop
  endfacet
  facet normal 0.587919 -0.587915 -0.555614
    outer loop
      vertex 15.7421 -12 1.5219
      vertex 19.4349 -8.05021 1.25
      vertex 19.6166 -8.12547 1.5219
    endloop
  endfacet
  facet normal 0.693522 -0.693532 -0.19504
    outer loop
      vertex 15.0417 -12 0.326315
      vertex 19.1852 -7.94676 0.647047
      vertex 15.1319 -12 0.647047
    endloop
  endfacet
  facet normal 0.693518 -0.693524 -0.195083
    outer loop
      vertex 19.1852 -7.94676 0.647047
      vertex 15.0417 -12 0.326315
      vertex 19.1214 -7.92034 0.326315
    endloop
  endfacet
  facet normal -0.587988 0.587974 0.555479
    outer loop
      vertex 26.5755 -6.77647 -1.5219
      vertex 23.7651 -9.84381 -1.25
      vertex 26.7039 -6.90494 -1.25
    endloop
  endfacet
  facet normal -0.587924 0.587926 0.555598
    outer loop
      vertex 23.7651 -9.84381 -1.25
      vertex 26.5755 -6.77647 -1.5219
      vertex 23.5834 -9.76856 -1.5219
    endloop
  endfacet
  facet normal 0.66956 -0.66956 -0.321525
    outer loop
      vertex 15.1319 -12 0.647047
      vertex 19.2903 -7.9903 0.956708
      vertex 15.2806 -12 0.956708
    endloop
  endfacet
  facet normal 0.669583 -0.669593 -0.321407
    outer loop
      vertex 19.2903 -7.9903 0.956708
      vertex 15.1319 -12 0.647047
      vertex 19.1852 -7.94676 0.647047
    endloop
  endfacet
  facet normal -0.0462558 0.0462554 -0.997858
    outer loop
      vertex 21.9263 -9.08218 2.47861
      vertex 25.173 -5.37401 2.5
      vertex 25.4037 -5.60475 2.47861
    endloop
  endfacet
  facet normal -0.0462526 0.0462526 -0.997858
    outer loop
      vertex 25.173 -5.37401 2.5
      vertex 21.9263 -9.08218 2.47861
      vertex 21.6 -8.94701 2.5
    endloop
  endfacet
  facet normal -0.0462496 0.0462498 -0.997859
    outer loop
      vertex 18.547 -12 2.5
      vertex 21.2737 -9.73481 2.47861
      vertex 19.0085 -12 2.47861
    endloop
  endfacet
  facet normal -0.0462494 0.0462495 -0.997859
    outer loop
      vertex 21.2737 -9.73481 2.47861
      vertex 18.547 -12 2.5
      vertex 21.6 -8.94701 2.5
    endloop
  endfacet
  facet normal -0.137953 0.137953 -0.980784
    outer loop
      vertex 22.247 -9.21503 2.41481
      vertex 25.4037 -5.60475 2.47861
      vertex 25.6305 -5.83154 2.41481
    endloop
  endfacet
  facet normal -0.137965 0.137964 -0.980781
    outer loop
      vertex 25.4037 -5.60475 2.47861
      vertex 22.247 -9.21503 2.41481
      vertex 21.9263 -9.08218 2.47861
    endloop
  endfacet
  facet normal -0.13795 0.13795 -0.980785
    outer loop
      vertex 19.0085 -12 2.47861
      vertex 20.953 -10.5091 2.41481
      vertex 19.4621 -12 2.41481
    endloop
  endfacet
  facet normal -0.137952 0.137952 -0.980785
    outer loop
      vertex 20.953 -10.5091 2.41481
      vertex 19.0085 -12 2.47861
      vertex 21.2737 -9.73481 2.47861
    endloop
  endfacet
  facet normal -0.707563 -0.70665 0.000150616
    outer loop
      vertex 26.8805 -7.08154 -0.647047
      vertex 26.9408 -7.14178 0
      vertex 26.8062 -7.00721 -0.956708
    endloop
  endfacet
  facet normal 0.466201 -0.466168 -0.751893
    outer loop
      vertex 24.0969 -4.29786 1.98338
      vertex 23.3678 -4.67925 1.76777
      vertex 23.923 -4.12401 1.76777
    endloop
  endfacet
  facet normal 0.466225 -0.466249 -0.751829
    outer loop
      vertex 23.3678 -4.67925 1.76777
      vertex 24.0969 -4.29786 1.98338
      vertex 23.1219 -5.27281 1.98338
    endloop
  endfacet
  facet normal 0.466191 -0.466194 -0.751884
    outer loop
      vertex 16.3947 -12 1.98338
      vertex 19.8322 -8.21478 1.76777
      vertex 20.0781 -8.31662 1.98338
    endloop
  endfacet
  facet normal 0.466223 -0.466221 -0.751847
    outer loop
      vertex 19.8322 -8.21478 1.76777
      vertex 16.3947 -12 1.98338
      vertex 16.047 -12 1.76777
    endloop
  endfacet
  facet normal -0.22726 0.227261 0.946945
    outer loop
      vertex 25.6305 -5.83154 -2.41481
      vertex 22.5567 -9.34329 -2.3097
      vertex 25.8495 -6.05051 -2.3097
    endloop
  endfacet
  facet normal -0.227265 0.227266 0.946943
    outer loop
      vertex 22.5567 -9.34329 -2.3097
      vertex 25.6305 -5.83154 -2.41481
      vertex 22.247 -9.21503 -2.41481
    endloop
  endfacet
  facet normal -0.227293 0.227293 0.946929
    outer loop
      vertex 19.4621 -12 -2.41481
      vertex 20.6433 -11.2567 -2.3097
      vertex 20.953 -10.5091 -2.41481
    endloop
  endfacet
  facet normal -0.227293 0.227293 0.946929
    outer loop
      vertex 20.6433 -11.2567 -2.3097
      vertex 19.4621 -12 -2.41481
      vertex 19.9 -12 -2.3097
    endloop
  endfacet
  facet normal -0.634178 0.634162 0.442331
    outer loop
      vertex 23.7651 -9.84381 -1.25
      vertex 26.8062 -7.00721 -0.956708
      vertex 26.7039 -6.90494 -1.25
    endloop
  endfacet
  facet normal -0.634207 0.634205 0.442227
    outer loop
      vertex 26.8062 -7.00721 -0.956708
      vertex 23.7651 -9.84381 -1.25
      vertex 23.9097 -9.90372 -0.956708
    endloop
  endfacet
  facet normal -0.708029 -0.706184 0.000237435
    outer loop
      vertex 26.9256 -7.12665 -0.326315
      vertex 26.9408 -7.14178 0
      vertex 26.8805 -7.08154 -0.647047
    endloop
  endfacet
  facet normal -0.707972 -0.706238 0.00156245
    outer loop
      vertex 24.2891 -4.49013 2.16506
      vertex 24.0969 -4.29786 1.98338
      vertex 23.923 -4.12401 1.76777
    endloop
  endfacet
  facet normal -0.22726 0.227261 -0.946945
    outer loop
      vertex 22.5567 -9.34329 2.3097
      vertex 25.6305 -5.83154 2.41481
      vertex 25.8495 -6.05051 2.3097
    endloop
  endfacet
  facet normal -0.227265 0.227266 -0.946943
    outer loop
      vertex 25.6305 -5.83154 2.41481
      vertex 22.5567 -9.34329 2.3097
      vertex 22.247 -9.21503 2.41481
    endloop
  endfacet
  facet normal -0.227293 0.227293 -0.946929
    outer loop
      vertex 19.4621 -12 2.41481
      vertex 20.6433 -11.2567 2.3097
      vertex 19.9 -12 2.3097
    endloop
  endfacet
  facet normal -0.227293 0.227293 -0.946929
    outer loop
      vertex 20.6433 -11.2567 2.3097
      vertex 19.4621 -12 2.41481
      vertex 20.953 -10.5091 2.41481
    endloop
  endfacet
  facet normal -0.693526 0.693521 0.195062
    outer loop
      vertex 24.0148 -9.94726 -0.647047
      vertex 26.9256 -7.12665 -0.326315
      vertex 26.8805 -7.08154 -0.647047
    endloop
  endfacet
  facet normal -0.693523 0.693513 0.195105
    outer loop
      vertex 26.9256 -7.12665 -0.326315
      vertex 24.0148 -9.94726 -0.647047
      vertex 24.0786 -9.97369 -0.326315
    endloop
  endfacet
  facet normal 0.392879 -0.392899 0.83143
    outer loop
      vertex 23.1219 -5.27281 -1.98338
      vertex 24.2891 -4.49013 -2.16506
      vertex 24.0969 -4.29786 -1.98338
    endloop
  endfacet
  facet normal 0.392847 -0.392842 0.831472
    outer loop
      vertex 24.2891 -4.49013 -2.16506
      vertex 23.1219 -5.27281 -1.98338
      vertex 22.85 -5.92925 -2.16506
    endloop
  endfacet
  facet normal 0.392845 -0.392851 0.831469
    outer loop
      vertex 20.0781 -8.31662 -1.98338
      vertex 16.7792 -12 -2.16506
      vertex 20.35 -8.42925 -2.16506
    endloop
  endfacet
  facet normal 0.392868 -0.39287 0.831449
    outer loop
      vertex 16.7792 -12 -2.16506
      vertex 20.0781 -8.31662 -1.98338
      vertex 16.3947 -12 -1.98338
    endloop
  endfacet
  facet normal 0.669583 -0.669593 0.321407
    outer loop
      vertex 15.1319 -12 -0.647047
      vertex 19.2903 -7.9903 -0.956708
      vertex 19.1852 -7.94676 -0.647047
    endloop
  endfacet
  facet normal 0.66956 -0.66956 0.321525
    outer loop
      vertex 19.2903 -7.9903 -0.956708
      vertex 15.1319 -12 -0.647047
      vertex 15.2806 -12 -0.956708
    endloop
  endfacet
  facet normal -0.707206 -0.707007 -0.000815314
    outer loop
      vertex 24.9423 -5.14327 -2.47861
      vertex 25.173 -5.37401 -2.5
      vertex 24.7155 -4.91648 -2.41481
    endloop
  endfacet
  facet normal -0.707138 -0.707076 0.000330651
    outer loop
      vertex 25.6305 -5.83154 -2.41481
      vertex 25.8495 -6.05051 -2.3097
      vertex 25.4037 -5.60475 -2.47861
    endloop
  endfacet
  facet normal 0.137951 -0.137955 -0.980784
    outer loop
      vertex 24.9423 -5.14327 2.47861
      vertex 22.247 -7.3849 2.41481
      vertex 24.7155 -4.91648 2.41481
    endloop
  endfacet
  facet normal 0.13794 -0.137943 -0.980788
    outer loop
      vertex 22.247 -7.3849 2.41481
      vertex 24.9423 -5.14327 2.47861
      vertex 21.9263 -8.15922 2.47861
    endloop
  endfacet
  facet normal 0.137964 -0.137966 -0.980781
    outer loop
      vertex 18.0855 -12 2.47861
      vertex 20.953 -8.679 2.41481
      vertex 21.2737 -8.81185 2.47861
    endloop
  endfacet
  facet normal 0.13795 -0.137954 -0.980785
    outer loop
      vertex 20.953 -8.679 2.41481
      vertex 18.0855 -12 2.47861
      vertex 17.6319 -12 2.41481
    endloop
  endfacet
  facet normal 0.137951 -0.137955 0.980784
    outer loop
      vertex 22.247 -7.3849 -2.41481
      vertex 24.9423 -5.14327 -2.47861
      vertex 24.7155 -4.91648 -2.41481
    endloop
  endfacet
  facet normal 0.13794 -0.137943 0.980788
    outer loop
      vertex 24.9423 -5.14327 -2.47861
      vertex 22.247 -7.3849 -2.41481
      vertex 21.9263 -8.15922 -2.47861
    endloop
  endfacet
  facet normal 0.137964 -0.137966 0.980781
    outer loop
      vertex 20.953 -8.679 -2.41481
      vertex 18.0855 -12 -2.47861
      vertex 21.2737 -8.81185 -2.47861
    endloop
  endfacet
  facet normal 0.13795 -0.137954 0.980785
    outer loop
      vertex 18.0855 -12 -2.47861
      vertex 20.953 -8.679 -2.41481
      vertex 17.6319 -12 -2.41481
    endloop
  endfacet
  facet normal -0.708135 -0.706077 -0.00078998
    outer loop
      vertex 26.8062 -7.00721 0.956708
      vertex 26.7039 -6.90494 1.25
      vertex 26.5755 -6.77647 1.5219
    endloop
  endfacet
  facet normal -0.587988 0.587974 -0.555479
    outer loop
      vertex 23.7651 -9.84381 1.25
      vertex 26.5755 -6.77647 1.5219
      vertex 26.7039 -6.90494 1.25
    endloop
  endfacet
  facet normal -0.587924 0.587926 -0.555598
    outer loop
      vertex 26.5755 -6.77647 1.5219
      vertex 23.7651 -9.84381 1.25
      vertex 23.5834 -9.76856 1.5219
    endloop
  endfacet
  facet normal -0.707078 -0.707136 -1.48878e-05
    outer loop
      vertex 26.0569 -6.25789 2.16506
      vertex 25.8495 -6.05051 2.3097
      vertex 25.4037 -5.60475 2.47861
    endloop
  endfacet
  facet normal -0.705589 0.70558 0.065582
    outer loop
      vertex 24.0786 -9.97369 -0.326315
      vertex 26.9408 -7.14178 0
      vertex 26.9256 -7.12665 -0.326315
    endloop
  endfacet
  facet normal -0.705588 0.705595 0.0654311
    outer loop
      vertex 26.9408 -7.14178 0
      vertex 24.0786 -9.97369 -0.326315
      vertex 24.1 -9.98255 0
    endloop
  endfacet
  facet normal -0.669595 0.669591 -0.321389
    outer loop
      vertex 24.0148 -9.94726 0.647047
      vertex 26.8062 -7.00721 0.956708
      vertex 26.8805 -7.08154 0.647047
    endloop
  endfacet
  facet normal -0.669589 0.669587 -0.321408
    outer loop
      vertex 26.8062 -7.00721 0.956708
      vertex 24.0148 -9.94726 0.647047
      vertex 23.9097 -9.90372 0.956708
    endloop
  endfacet
  facet normal -0.707563 -0.70665 -0.000150616
    outer loop
      vertex 26.9408 -7.14178 0
      vertex 26.8805 -7.08154 0.647047
      vertex 26.8062 -7.00721 0.956708
    endloop
  endfacet
  facet normal -0.707972 -0.706238 -0.00156245
    outer loop
      vertex 24.0969 -4.29786 -1.98338
      vertex 24.2891 -4.49013 -2.16506
      vertex 23.923 -4.12401 -1.76777
    endloop
  endfacet
  facet normal -0.707138 -0.707076 -0.000330651
    outer loop
      vertex 25.8495 -6.05051 2.3097
      vertex 25.6305 -5.83154 2.41481
      vertex 25.4037 -5.60475 2.47861
    endloop
  endfacet
  facet normal 0.705594 -0.705601 -0.0653017
    outer loop
      vertex 15.0115 -12 0
      vertex 19.1214 -7.92034 0.326315
      vertex 15.0417 -12 0.326315
    endloop
  endfacet
  facet normal 0.705593 -0.70559 -0.0654313
    outer loop
      vertex 19.1214 -7.92034 0.326315
      vertex 15.0115 -12 0
      vertex 19.1 -7.91148 0
    endloop
  endfacet
  facet normal -0.531612 0.531614 0.659375
    outer loop
      vertex 26.423 -6.62401 -1.76777
      vertex 23.5834 -9.76856 -1.5219
      vertex 26.5755 -6.77647 -1.5219
    endloop
  endfacet
  facet normal -0.531653 0.531647 0.659315
    outer loop
      vertex 23.5834 -9.76856 -1.5219
      vertex 26.423 -6.62401 -1.76777
      vertex 23.3678 -9.67925 -1.76777
    endloop
  endfacet
  facet normal -0.312751 0.312752 0.896868
    outer loop
      vertex 25.8495 -6.05051 -2.3097
      vertex 22.85 -9.46478 -2.16506
      vertex 26.0569 -6.25789 -2.16506
    endloop
  endfacet
  facet normal -0.312745 0.312747 0.896872
    outer loop
      vertex 22.85 -9.46478 -2.16506
      vertex 25.8495 -6.05051 -2.3097
      vertex 22.5567 -9.34329 -2.3097
    endloop
  endfacet
  facet normal -0.312739 0.312739 0.896877
    outer loop
      vertex 19.9 -12 -2.3097
      vertex 20.35 -11.9648 -2.16506
      vertex 20.6433 -11.2567 -2.3097
    endloop
  endfacet
  facet normal -0.312739 0.312739 0.896877
    outer loop
      vertex 20.35 -11.9648 -2.16506
      vertex 19.9 -12 -2.3097
      vertex 20.3148 -12 -2.16506
    endloop
  endfacet
  facet normal -0.137953 0.137953 0.980784
    outer loop
      vertex 25.4037 -5.60475 -2.47861
      vertex 22.247 -9.21503 -2.41481
      vertex 25.6305 -5.83154 -2.41481
    endloop
  endfacet
  facet normal -0.137965 0.137964 0.980781
    outer loop
      vertex 22.247 -9.21503 -2.41481
      vertex 25.4037 -5.60475 -2.47861
      vertex 21.9263 -9.08218 -2.47861
    endloop
  endfacet
  facet normal -0.137952 0.137952 0.980785
    outer loop
      vertex 19.0085 -12 -2.47861
      vertex 20.953 -10.5091 -2.41481
      vertex 21.2737 -9.73481 -2.47861
    endloop
  endfacet
  facet normal -0.13795 0.13795 0.980785
    outer loop
      vertex 20.953 -10.5091 -2.41481
      vertex 19.0085 -12 -2.47861
      vertex 19.4621 -12 -2.41481
    endloop
  endfacet
  facet normal -0.392892 0.392887 -0.83143
    outer loop
      vertex 23.1219 -9.5774 1.98338
      vertex 26.0569 -6.25789 2.16506
      vertex 26.2491 -6.45016 1.98338
    endloop
  endfacet
  facet normal -0.392854 0.392855 -0.831463
    outer loop
      vertex 26.0569 -6.25789 2.16506
      vertex 23.1219 -9.5774 1.98338
      vertex 22.85 -9.46478 2.16506
    endloop
  endfacet
  facet normal -0.393044 0.393044 -0.831284
    outer loop
      vertex 20.35 -11.9648 2.16506
      vertex 20.3354 -12 2.15532
      vertex 20.3148 -12 2.16506
    endloop
  endfacet
  facet normal -0.531612 0.531614 -0.659375
    outer loop
      vertex 23.5834 -9.76856 1.5219
      vertex 26.423 -6.62401 1.76777
      vertex 26.5755 -6.77647 1.5219
    endloop
  endfacet
  facet normal -0.531653 0.531647 -0.659315
    outer loop
      vertex 26.423 -6.62401 1.76777
      vertex 23.5834 -9.76856 1.5219
      vertex 23.3678 -9.67925 1.76777
    endloop
  endfacet
  facet normal -0.693526 0.693521 -0.195062
    outer loop
      vertex 26.9256 -7.12665 0.326315
      vertex 24.0148 -9.94726 0.647047
      vertex 26.8805 -7.08154 0.647047
    endloop
  endfacet
  facet normal -0.693523 0.693513 -0.195105
    outer loop
      vertex 24.0148 -9.94726 0.647047
      vertex 26.9256 -7.12665 0.326315
      vertex 24.0786 -9.97369 0.326315
    endloop
  endfacet
  facet normal 0.392879 -0.392899 -0.83143
    outer loop
      vertex 24.2891 -4.49013 2.16506
      vertex 23.1219 -5.27281 1.98338
      vertex 24.0969 -4.29786 1.98338
    endloop
  endfacet
  facet normal 0.392847 -0.392842 -0.831472
    outer loop
      vertex 23.1219 -5.27281 1.98338
      vertex 24.2891 -4.49013 2.16506
      vertex 22.85 -5.92925 2.16506
    endloop
  endfacet
  facet normal 0.392845 -0.392851 -0.831469
    outer loop
      vertex 16.7792 -12 2.16506
      vertex 20.0781 -8.31662 1.98338
      vertex 20.35 -8.42925 2.16506
    endloop
  endfacet
  facet normal 0.392868 -0.39287 -0.831449
    outer loop
      vertex 20.0781 -8.31662 1.98338
      vertex 16.7792 -12 2.16506
      vertex 16.3947 -12 1.98338
    endloop
  endfacet
  facet normal -0.466188 0.466182 -0.751893
    outer loop
      vertex 23.3678 -9.67925 1.76777
      vertex 26.2491 -6.45016 1.98338
      vertex 26.423 -6.62401 1.76777
    endloop
  endfacet
  facet normal -0.466187 0.466181 -0.751894
    outer loop
      vertex 26.2491 -6.45016 1.98338
      vertex 23.3678 -9.67925 1.76777
      vertex 23.1219 -9.5774 1.98338
    endloop
  endfacet
  facet normal 0.0462552 -0.046256 0.997858
    outer loop
      vertex 21.9263 -8.15922 -2.47861
      vertex 25.173 -5.37401 -2.5
      vertex 24.9423 -5.14327 -2.47861
    endloop
  endfacet
  facet normal 0.0462506 -0.0462506 0.997859
    outer loop
      vertex 25.173 -5.37401 -2.5
      vertex 21.9263 -8.15922 -2.47861
      vertex 21.6 -8.94701 -2.5
    endloop
  endfacet
  facet normal 0.0462536 -0.0462537 0.997858
    outer loop
      vertex 21.2737 -8.81185 -2.47861
      vertex 18.547 -12 -2.5
      vertex 21.6 -8.94701 -2.5
    endloop
  endfacet
  facet normal 0.0462496 -0.0462503 0.997859
    outer loop
      vertex 18.547 -12 -2.5
      vertex 21.2737 -8.81185 -2.47861
      vertex 18.0855 -12 -2.47861
    endloop
  endfacet
  facet normal 0.705593 -0.70559 0.0654313
    outer loop
      vertex 15.0115 -12 0
      vertex 19.1214 -7.92034 -0.326315
      vertex 19.1 -7.91148 0
    endloop
  endfacet
  facet normal 0.705594 -0.705601 0.0653017
    outer loop
      vertex 19.1214 -7.92034 -0.326315
      vertex 15.0115 -12 0
      vertex 15.0417 -12 -0.326315
    endloop
  endfacet
  facet normal 0.312748 -0.312743 -0.896873
    outer loop
      vertex 24.4965 -4.69752 2.3097
      vertex 22.85 -5.92925 2.16506
      vertex 24.2891 -4.49013 2.16506
    endloop
  endfacet
  facet normal 0.312761 -0.312763 -0.896861
    outer loop
      vertex 22.85 -5.92925 2.16506
      vertex 24.4965 -4.69752 2.3097
      vertex 22.5567 -6.63731 2.3097
    endloop
  endfacet
  facet normal 0.312751 -0.312753 -0.896868
    outer loop
      vertex 17.194 -12 2.3097
      vertex 20.35 -8.42925 2.16506
      vertex 20.6433 -8.55073 2.3097
    endloop
  endfacet
  facet normal 0.312739 -0.312743 -0.896876
    outer loop
      vertex 20.35 -8.42925 2.16506
      vertex 17.194 -12 2.3097
      vertex 16.7792 -12 2.16506
    endloop
  endfacet
  facet normal -0.707206 -0.707007 0.000815314
    outer loop
      vertex 25.173 -5.37401 2.5
      vertex 24.9423 -5.14327 2.47861
      vertex 24.7155 -4.91648 2.41481
    endloop
  endfacet
  facet normal -0.634178 0.634162 -0.442331
    outer loop
      vertex 26.8062 -7.00721 0.956708
      vertex 23.7651 -9.84381 1.25
      vertex 26.7039 -6.90494 1.25
    endloop
  endfacet
  facet normal -0.634207 0.634205 -0.442227
    outer loop
      vertex 23.7651 -9.84381 1.25
      vertex 26.8062 -7.00721 0.956708
      vertex 23.9097 -9.90372 0.956708
    endloop
  endfacet
  facet normal -0.312751 0.312752 -0.896868
    outer loop
      vertex 22.85 -9.46478 2.16506
      vertex 25.8495 -6.05051 2.3097
      vertex 26.0569 -6.25789 2.16506
    endloop
  endfacet
  facet normal -0.312745 0.312747 -0.896872
    outer loop
      vertex 25.8495 -6.05051 2.3097
      vertex 22.85 -9.46478 2.16506
      vertex 22.5567 -9.34329 2.3097
    endloop
  endfacet
  facet normal -0.312739 0.312739 -0.896877
    outer loop
      vertex 19.9 -12 2.3097
      vertex 20.35 -11.9648 2.16506
      vertex 20.3148 -12 2.16506
    endloop
  endfacet
  facet normal -0.312739 0.312739 -0.896877
    outer loop
      vertex 20.35 -11.9648 2.16506
      vertex 19.9 -12 2.3097
      vertex 20.6433 -11.2567 2.3097
    endloop
  endfacet
  facet normal 0.227265 -0.227266 -0.946943
    outer loop
      vertex 24.7155 -4.91648 2.41481
      vertex 22.5567 -6.63731 2.3097
      vertex 24.4965 -4.69752 2.3097
    endloop
  endfacet
  facet normal 0.227286 -0.227294 -0.946931
    outer loop
      vertex 22.5567 -6.63731 2.3097
      vertex 24.7155 -4.91648 2.41481
      vertex 22.247 -7.3849 2.41481
    endloop
  endfacet
  facet normal 0.227259 -0.227265 -0.946945
    outer loop
      vertex 17.6319 -12 2.41481
      vertex 20.6433 -8.55073 2.3097
      vertex 20.953 -8.679 2.41481
    endloop
  endfacet
  facet normal 0.227293 -0.227295 -0.946929
    outer loop
      vertex 20.6433 -8.55073 2.3097
      vertex 17.6319 -12 2.41481
      vertex 17.194 -12 2.3097
    endloop
  endfacet
  facet normal 0.227265 -0.227266 0.946943
    outer loop
      vertex 22.5567 -6.63731 -2.3097
      vertex 24.7155 -4.91648 -2.41481
      vertex 24.4965 -4.69752 -2.3097
    endloop
  endfacet
  facet normal 0.227286 -0.227294 0.946931
    outer loop
      vertex 24.7155 -4.91648 -2.41481
      vertex 22.5567 -6.63731 -2.3097
      vertex 22.247 -7.3849 -2.41481
    endloop
  endfacet
  facet normal 0.227259 -0.227265 0.946945
    outer loop
      vertex 20.6433 -8.55073 -2.3097
      vertex 17.6319 -12 -2.41481
      vertex 20.953 -8.679 -2.41481
    endloop
  endfacet
  facet normal 0.227293 -0.227295 0.946929
    outer loop
      vertex 17.6319 -12 -2.41481
      vertex 20.6433 -8.55073 -2.3097
      vertex 17.194 -12 -2.3097
    endloop
  endfacet
  facet normal -0.707155 -0.707058 0.000273295
    outer loop
      vertex 24.7155 -4.91648 2.41481
      vertex 25.4037 -5.60475 2.47861
      vertex 25.173 -5.37401 2.5
    endloop
  endfacet
  facet normal -0.707024 -0.70719 -7.7348e-05
    outer loop
      vertex 23.9097 -4.11071 0.956708
      vertex 24.7155 -4.91648 2.41481
      vertex 24.4965 -4.69752 2.3097
    endloop
  endfacet
  facet normal -0.70708 -0.707134 -2.8692e-05
    outer loop
      vertex 23.9097 -4.11071 0.956708
      vertex 24.4965 -4.69752 2.3097
      vertex 24.2891 -4.49013 2.16506
    endloop
  endfacet
  facet normal -0.707145 -0.707068 5.72246e-05
    outer loop
      vertex 24.7155 -4.91648 2.41481
      vertex 23.9097 -4.11071 0.956708
      vertex 25.4037 -5.60475 2.47861
    endloop
  endfacet
  facet normal -0.707122 -0.707091 1.21932e-05
    outer loop
      vertex 24.0148 -4.21582 0.647047
      vertex 25.4037 -5.60475 2.47861
      vertex 23.9097 -4.11071 0.956708
    endloop
  endfacet
  facet normal -0.707126 -0.707087 6.44909e-07
    outer loop
      vertex 23.9097 -4.11071 0.956708
      vertex 24.2891 -4.49013 2.16506
      vertex 23.923 -4.12401 1.76777
    endloop
  endfacet
  facet normal -0.707085 -0.707129 -4.46021e-05
    outer loop
      vertex 25.4037 -5.60475 2.47861
      vertex 24.0148 -4.21582 0.647047
      vertex 26.0569 -6.25789 2.16506
    endloop
  endfacet
  facet normal -0.706838 -0.707376 -0.00021882
    outer loop
      vertex 23.7651 -3.96607 1.25
      vertex 23.923 -4.12401 1.76777
      vertex 23.7705 -3.97155 1.5219
    endloop
  endfacet
  facet normal -0.707161 -0.707053 0.000158649
    outer loop
      vertex 26.0569 -6.25789 2.16506
      vertex 24.0148 -4.21582 0.647047
      vertex 26.2491 -6.45016 1.98338
    endloop
  endfacet
  facet normal -0.706972 -0.707241 -0.000213438
    outer loop
      vertex 23.7651 -3.96607 1.25
      vertex 23.7705 -3.97155 1.5219
      vertex 23.693 -3.89403 1.35783
    endloop
  endfacet
  facet normal -0.707201 -0.707012 3.10389e-06
    outer loop
      vertex 23.923 -4.12401 1.76777
      vertex 23.7651 -3.96607 1.25
      vertex 23.9097 -4.11071 0.956708
    endloop
  endfacet
  facet normal -0.707078 -0.707136 -0.000117509
    outer loop
      vertex 26.2491 -6.45016 1.98338
      vertex 24.0148 -4.21582 0.647047
      vertex 26.423 -6.62401 1.76777
    endloop
  endfacet
  facet normal -0.707085 -0.707129 -8.78593e-05
    outer loop
      vertex 26.423 -6.62401 1.76777
      vertex 24.0148 -4.21582 0.647047
      vertex 26.5755 -6.77647 1.5219
    endloop
  endfacet
  facet normal -0.7071 -0.707113 2.57172e-06
    outer loop
      vertex 24.0786 -4.27962 0.326315
      vertex 26.5755 -6.77647 1.5219
      vertex 24.0148 -4.21582 0.647047
    endloop
  endfacet
  facet normal -0.707111 -0.707103 4.66963e-05
    outer loop
      vertex 26.5755 -6.77647 1.5219
      vertex 24.0786 -4.27962 0.326315
      vertex 26.8062 -7.00721 0.956708
    endloop
  endfacet
  facet normal -0.707103 -0.707111 -2.11799e-05
    outer loop
      vertex 26.9408 -7.14178 0
      vertex 24.0786 -4.27962 0.326315
      vertex 24.1 -4.30101 0
    endloop
  endfacet
  facet normal -0.707103 -0.707111 -2.11217e-05
    outer loop
      vertex 24.0786 -4.27962 0.326315
      vertex 26.9408 -7.14178 0
      vertex 26.8062 -7.00721 0.956708
    endloop
  endfacet
  facet normal -0.707103 -0.707111 2.11799e-05
    outer loop
      vertex 24.0786 -4.27962 -0.326315
      vertex 26.9408 -7.14178 0
      vertex 24.1 -4.30101 0
    endloop
  endfacet
  facet normal -0.7071 -0.707113 -2.57172e-06
    outer loop
      vertex 26.5755 -6.77647 -1.5219
      vertex 24.0786 -4.27962 -0.326315
      vertex 24.0148 -4.21582 -0.647047
    endloop
  endfacet
  facet normal -0.707122 -0.707091 -1.21932e-05
    outer loop
      vertex 25.4037 -5.60475 -2.47861
      vertex 24.0148 -4.21582 -0.647047
      vertex 23.9097 -4.11071 -0.956708
    endloop
  endfacet
  facet normal -0.707103 -0.707111 2.11217e-05
    outer loop
      vertex 24.0786 -4.27962 -0.326315
      vertex 26.8062 -7.00721 -0.956708
      vertex 26.9408 -7.14178 0
    endloop
  endfacet
  facet normal -0.707201 -0.707012 -3.10389e-06
    outer loop
      vertex 23.923 -4.12401 -1.76777
      vertex 23.9097 -4.11071 -0.956708
      vertex 23.7651 -3.96607 -1.25
    endloop
  endfacet
  facet normal -0.706972 -0.707241 0.000213438
    outer loop
      vertex 23.7705 -3.97155 -1.5219
      vertex 23.7651 -3.96607 -1.25
      vertex 23.693 -3.89403 -1.35783
    endloop
  endfacet
  facet normal -0.706838 -0.707376 0.00021882
    outer loop
      vertex 23.923 -4.12401 -1.76777
      vertex 23.7651 -3.96607 -1.25
      vertex 23.7705 -3.97155 -1.5219
    endloop
  endfacet
  facet normal -0.707111 -0.707103 -4.66963e-05
    outer loop
      vertex 24.0786 -4.27962 -0.326315
      vertex 26.5755 -6.77647 -1.5219
      vertex 26.8062 -7.00721 -0.956708
    endloop
  endfacet
  facet normal -0.707126 -0.707087 -6.44909e-07
    outer loop
      vertex 23.9097 -4.11071 -0.956708
      vertex 23.923 -4.12401 -1.76777
      vertex 24.2891 -4.49013 -2.16506
    endloop
  endfacet
  facet normal -0.707085 -0.707129 8.78593e-05
    outer loop
      vertex 24.0148 -4.21582 -0.647047
      vertex 26.423 -6.62401 -1.76777
      vertex 26.5755 -6.77647 -1.5219
    endloop
  endfacet
  facet normal -0.707078 -0.707136 0.000117509
    outer loop
      vertex 24.0148 -4.21582 -0.647047
      vertex 26.2491 -6.45016 -1.98338
      vertex 26.423 -6.62401 -1.76777
    endloop
  endfacet
  facet normal -0.70708 -0.707134 2.8692e-05
    outer loop
      vertex 24.4965 -4.69752 -2.3097
      vertex 23.9097 -4.11071 -0.956708
      vertex 24.2891 -4.49013 -2.16506
    endloop
  endfacet
  facet normal -0.707161 -0.707053 -0.000158649
    outer loop
      vertex 24.0148 -4.21582 -0.647047
      vertex 26.0569 -6.25789 -2.16506
      vertex 26.2491 -6.45016 -1.98338
    endloop
  endfacet
  facet normal -0.707024 -0.70719 7.7348e-05
    outer loop
      vertex 24.7155 -4.91648 -2.41481
      vertex 23.9097 -4.11071 -0.956708
      vertex 24.4965 -4.69752 -2.3097
    endloop
  endfacet
  facet normal -0.707145 -0.707068 -5.72246e-05
    outer loop
      vertex 25.4037 -5.60475 -2.47861
      vertex 23.9097 -4.11071 -0.956708
      vertex 24.7155 -4.91648 -2.41481
    endloop
  endfacet
  facet normal -0.707085 -0.707129 4.46021e-05
    outer loop
      vertex 24.0148 -4.21582 -0.647047
      vertex 25.4037 -5.60475 -2.47861
      vertex 26.0569 -6.25789 -2.16506
    endloop
  endfacet
  facet normal -0.707155 -0.707058 -0.000273295
    outer loop
      vertex 25.4037 -5.60475 -2.47861
      vertex 24.7155 -4.91648 -2.41481
      vertex 25.173 -5.37401 -2.5
    endloop
  endfacet
  facet normal 0.693518 -0.693524 0.195083
    outer loop
      vertex 15.0417 -12 -0.326315
      vertex 19.1852 -7.94676 -0.647047
      vertex 19.1214 -7.92034 -0.326315
    endloop
  endfacet
  facet normal 0.693522 -0.693532 0.19504
    outer loop
      vertex 19.1852 -7.94676 -0.647047
      vertex 15.0417 -12 -0.326315
      vertex 15.1319 -12 -0.647047
    endloop
  endfacet
  facet normal 0.634206 -0.634206 0.442227
    outer loop
      vertex 15.2806 -12 -0.956708
      vertex 19.4349 -8.05021 -1.25
      vertex 19.2903 -7.9903 -0.956708
    endloop
  endfacet
  facet normal 0.634212 -0.634213 0.442209
    outer loop
      vertex 19.4349 -8.05021 -1.25
      vertex 15.2806 -12 -0.956708
      vertex 15.4851 -12 -1.25
    endloop
  endfacet
  facet normal 0.980785 -0 0.195093
    outer loop
      vertex 34.7733 -12 9.31748
      vertex 35.692 12 4.69894
      vertex 34.7733 12 9.31748
    endloop
  endfacet
  facet normal 0.980785 0 0.195093
    outer loop
      vertex 35.692 12 4.69894
      vertex 34.7733 -12 9.31748
      vertex 35.692 -12 4.69894
    endloop
  endfacet
  facet normal 0.997859 -0 0.0654063
    outer loop
      vertex 35.692 -12 4.69894
      vertex 36 12 0
      vertex 35.692 12 4.69894
    endloop
  endfacet
  facet normal 0.997859 0 0.0654063
    outer loop
      vertex 36 12 0
      vertex 35.692 -12 4.69894
      vertex 36 -12 0
    endloop
  endfacet
  facet normal 0.831468 -0 0.555572
    outer loop
      vertex 28.5607 -12 21.9154
      vertex 31.1769 12 18
      vertex 28.5607 12 21.9154
    endloop
  endfacet
  facet normal 0.831468 0 0.555572
    outer loop
      vertex 31.1769 12 18
      vertex 28.5607 -12 21.9154
      vertex 31.1769 -12 18
    endloop
  endfacet
  facet normal -0.896869 0 0.442297
    outer loop
      vertex -33.2597 -12 13.7766
      vertex -31.1769 12 18
      vertex -33.2597 12 13.7766
    endloop
  endfacet
  facet normal -0.896869 0 0.442297
    outer loop
      vertex -31.1769 12 18
      vertex -33.2597 -12 13.7766
      vertex -31.1769 -12 18
    endloop
  endfacet
  facet normal -0.659352 0 0.751834
    outer loop
      vertex -25.4558 12 25.4558
      vertex -21.9154 -12 28.5607
      vertex -21.9154 12 28.5607
    endloop
  endfacet
  facet normal -0.659352 0 0.751834
    outer loop
      vertex -21.9154 -12 28.5607
      vertex -25.4558 12 25.4558
      vertex -25.4558 -12 25.4558
    endloop
  endfacet
  facet normal 0.946934 0 -0.321427
    outer loop
      vertex 34.7733 -12 -9.31748
      vertex 33.2597 12 -13.7766
      vertex 34.7733 12 -9.31748
    endloop
  endfacet
  facet normal 0.946934 0 -0.321427
    outer loop
      vertex 33.2597 12 -13.7766
      vertex 34.7733 -12 -9.31748
      vertex 33.2597 -12 -13.7766
    endloop
  endfacet
  facet normal 0.555572 0 0.831468
    outer loop
      vertex 18 12 31.1769
      vertex 21.9154 -12 28.5607
      vertex 21.9154 12 28.5607
    endloop
  endfacet
  facet normal 0.555572 0 0.831468
    outer loop
      vertex 21.9154 -12 28.5607
      vertex 18 12 31.1769
      vertex 18 -12 31.1769
    endloop
  endfacet
  facet normal 0.946934 -0 0.321427
    outer loop
      vertex 33.2597 -12 13.7766
      vertex 34.7733 12 9.31748
      vertex 33.2597 12 13.7766
    endloop
  endfacet
  facet normal 0.946934 0 0.321427
    outer loop
      vertex 34.7733 12 9.31748
      vertex 33.2597 -12 13.7766
      vertex 34.7733 -12 9.31748
    endloop
  endfacet
  facet normal -0.321427 0 -0.946934
    outer loop
      vertex -13.7766 -12 -33.2597
      vertex -9.31748 12 -34.7733
      vertex -9.31748 -12 -34.7733
    endloop
  endfacet
  facet normal -0.321427 0 -0.946934
    outer loop
      vertex -9.31748 12 -34.7733
      vertex -13.7766 -12 -33.2597
      vertex -13.7766 12 -33.2597
    endloop
  endfacet
  facet normal -0.751834 0 -0.659352
    outer loop
      vertex -25.4558 -12 -25.4558
      vertex -28.5607 12 -21.9154
      vertex -25.4558 12 -25.4558
    endloop
  endfacet
  facet normal -0.751834 -0 -0.659352
    outer loop
      vertex -28.5607 12 -21.9154
      vertex -25.4558 -12 -25.4558
      vertex -28.5607 -12 -21.9154
    endloop
  endfacet
  facet normal -0.896869 0 -0.442297
    outer loop
      vertex -31.1769 -12 -18
      vertex -33.2597 12 -13.7766
      vertex -31.1769 12 -18
    endloop
  endfacet
  facet normal -0.896869 -0 -0.442297
    outer loop
      vertex -33.2597 12 -13.7766
      vertex -31.1769 -12 -18
      vertex -33.2597 -12 -13.7766
    endloop
  endfacet
  facet normal -0.442297 0 0.896869
    outer loop
      vertex -18 12 31.1769
      vertex -13.7766 -12 33.2597
      vertex -13.7766 12 33.2597
    endloop
  endfacet
  facet normal -0.442297 0 0.896869
    outer loop
      vertex -13.7766 -12 33.2597
      vertex -18 12 31.1769
      vertex -18 -12 31.1769
    endloop
  endfacet
  facet normal -0.321427 0 0.946934
    outer loop
      vertex -13.7766 12 33.2597
      vertex -9.31748 -12 34.7733
      vertex -9.31748 12 34.7733
    endloop
  endfacet
  facet normal -0.321427 0 0.946934
    outer loop
      vertex -9.31748 -12 34.7733
      vertex -13.7766 12 33.2597
      vertex -13.7766 -12 33.2597
    endloop
  endfacet
  facet normal 0.195093 0 -0.980785
    outer loop
      vertex 4.69894 -12 -35.692
      vertex 9.31748 12 -34.7733
      vertex 9.31748 -12 -34.7733
    endloop
  endfacet
  facet normal 0.195093 0 -0.980785
    outer loop
      vertex 9.31748 12 -34.7733
      vertex 4.69894 -12 -35.692
      vertex 4.69894 12 -35.692
    endloop
  endfacet
  facet normal 0.321427 0 -0.946934
    outer loop
      vertex 9.31748 -12 -34.7733
      vertex 13.7766 12 -33.2597
      vertex 13.7766 -12 -33.2597
    endloop
  endfacet
  facet normal 0.321427 0 -0.946934
    outer loop
      vertex 13.7766 12 -33.2597
      vertex 9.31748 -12 -34.7733
      vertex 9.31748 12 -34.7733
    endloop
  endfacet
  facet normal 0.555572 0 -0.831468
    outer loop
      vertex 18 -12 -31.1769
      vertex 21.9154 12 -28.5607
      vertex 21.9154 -12 -28.5607
    endloop
  endfacet
  facet normal 0.555572 0 -0.831468
    outer loop
      vertex 21.9154 12 -28.5607
      vertex 18 -12 -31.1769
      vertex 18 12 -31.1769
    endloop
  endfacet
  facet normal -0.946934 0 0.321427
    outer loop
      vertex -34.7733 -12 9.31748
      vertex -33.2597 12 13.7766
      vertex -34.7733 12 9.31748
    endloop
  endfacet
  facet normal -0.946934 0 0.321427
    outer loop
      vertex -33.2597 12 13.7766
      vertex -34.7733 -12 9.31748
      vertex -33.2597 -12 13.7766
    endloop
  endfacet
  facet normal 0.321427 0 0.946934
    outer loop
      vertex 9.31748 12 34.7733
      vertex 13.7766 -12 33.2597
      vertex 13.7766 12 33.2597
    endloop
  endfacet
  facet normal 0.321427 0 0.946934
    outer loop
      vertex 13.7766 -12 33.2597
      vertex 9.31748 12 34.7733
      vertex 9.31748 -12 34.7733
    endloop
  endfacet
  facet normal 0.0654063 0 0.997859
    outer loop
      vertex 0 12 36
      vertex 4.69894 -12 35.692
      vertex 4.69894 12 35.692
    endloop
  endfacet
  facet normal 0.0654063 0 0.997859
    outer loop
      vertex 4.69894 -12 35.692
      vertex 0 12 36
      vertex 0 -12 36
    endloop
  endfacet
  facet normal 0.980785 0 -0.195093
    outer loop
      vertex 35.692 -12 -4.69894
      vertex 34.7733 12 -9.31748
      vertex 35.692 12 -4.69894
    endloop
  endfacet
  facet normal 0.980785 0 -0.195093
    outer loop
      vertex 34.7733 12 -9.31748
      vertex 35.692 -12 -4.69894
      vertex 34.7733 -12 -9.31748
    endloop
  endfacet
  facet normal -0.946934 0 -0.321427
    outer loop
      vertex -33.2597 -12 -13.7766
      vertex -34.7733 12 -9.31748
      vertex -33.2597 12 -13.7766
    endloop
  endfacet
  facet normal -0.946934 -0 -0.321427
    outer loop
      vertex -34.7733 12 -9.31748
      vertex -33.2597 -12 -13.7766
      vertex -34.7733 -12 -9.31748
    endloop
  endfacet
  facet normal 0.896869 0 -0.442297
    outer loop
      vertex 33.2597 -12 -13.7766
      vertex 31.1769 12 -18
      vertex 33.2597 12 -13.7766
    endloop
  endfacet
  facet normal 0.896869 0 -0.442297
    outer loop
      vertex 31.1769 12 -18
      vertex 33.2597 -12 -13.7766
      vertex 31.1769 -12 -18
    endloop
  endfacet
  facet normal -0.555572 0 0.831468
    outer loop
      vertex -21.9154 12 28.5607
      vertex -18 -12 31.1769
      vertex -18 12 31.1769
    endloop
  endfacet
  facet normal -0.555572 0 0.831468
    outer loop
      vertex -18 -12 31.1769
      vertex -21.9154 12 28.5607
      vertex -21.9154 -12 28.5607
    endloop
  endfacet
  facet normal 0.442297 0 0.896869
    outer loop
      vertex 13.7766 12 33.2597
      vertex 18 -12 31.1769
      vertex 18 12 31.1769
    endloop
  endfacet
  facet normal 0.442297 0 0.896869
    outer loop
      vertex 18 -12 31.1769
      vertex 13.7766 12 33.2597
      vertex 13.7766 -12 33.2597
    endloop
  endfacet
  facet normal -0.195093 0 0.980785
    outer loop
      vertex -9.31748 12 34.7733
      vertex -4.69894 -12 35.692
      vertex -4.69894 12 35.692
    endloop
  endfacet
  facet normal -0.195093 0 0.980785
    outer loop
      vertex -4.69894 -12 35.692
      vertex -9.31748 12 34.7733
      vertex -9.31748 -12 34.7733
    endloop
  endfacet
  facet normal 0.751834 -0 0.659352
    outer loop
      vertex 25.4558 -12 25.4558
      vertex 28.5607 12 21.9154
      vertex 25.4558 12 25.4558
    endloop
  endfacet
  facet normal 0.751834 0 0.659352
    outer loop
      vertex 28.5607 12 21.9154
      vertex 25.4558 -12 25.4558
      vertex 28.5607 -12 21.9154
    endloop
  endfacet
  facet normal 0.195093 0 0.980785
    outer loop
      vertex 4.69894 12 35.692
      vertex 9.31748 -12 34.7733
      vertex 9.31748 12 34.7733
    endloop
  endfacet
  facet normal 0.195093 0 0.980785
    outer loop
      vertex 9.31748 -12 34.7733
      vertex 4.69894 12 35.692
      vertex 4.69894 -12 35.692
    endloop
  endfacet
  facet normal -0.997859 0 0.0654063
    outer loop
      vertex -36 -12 0
      vertex -35.692 12 4.69894
      vertex -36 12 0
    endloop
  endfacet
  facet normal -0.997859 0 0.0654063
    outer loop
      vertex -35.692 12 4.69894
      vertex -36 -12 0
      vertex -35.692 -12 4.69894
    endloop
  endfacet
  facet normal 0.751834 0 -0.659352
    outer loop
      vertex 28.5607 -12 -21.9154
      vertex 25.4558 12 -25.4558
      vertex 28.5607 12 -21.9154
    endloop
  endfacet
  facet normal 0.751834 0 -0.659352
    outer loop
      vertex 25.4558 12 -25.4558
      vertex 28.5607 -12 -21.9154
      vertex 25.4558 -12 -25.4558
    endloop
  endfacet
  facet normal -0.442297 0 -0.896869
    outer loop
      vertex -18 -12 -31.1769
      vertex -13.7766 12 -33.2597
      vertex -13.7766 -12 -33.2597
    endloop
  endfacet
  facet normal -0.442297 0 -0.896869
    outer loop
      vertex -13.7766 12 -33.2597
      vertex -18 -12 -31.1769
      vertex -18 12 -31.1769
    endloop
  endfacet
  facet normal -0.0654063 0 0.997859
    outer loop
      vertex -4.69894 12 35.692
      vertex 0 -12 36
      vertex 0 12 36
    endloop
  endfacet
  facet normal -0.0654063 0 0.997859
    outer loop
      vertex 0 -12 36
      vertex -4.69894 12 35.692
      vertex -4.69894 -12 35.692
    endloop
  endfacet
  facet normal -0.980785 0 0.195093
    outer loop
      vertex -35.692 -12 4.69894
      vertex -34.7733 12 9.31748
      vertex -35.692 12 4.69894
    endloop
  endfacet
  facet normal -0.980785 0 0.195093
    outer loop
      vertex -34.7733 12 9.31748
      vertex -35.692 -12 4.69894
      vertex -34.7733 -12 9.31748
    endloop
  endfacet
  facet normal 0.0654063 0 -0.997859
    outer loop
      vertex 0 -12 -36
      vertex 4.69894 12 -35.692
      vertex 4.69894 -12 -35.692
    endloop
  endfacet
  facet normal 0.0654063 0 -0.997859
    outer loop
      vertex 4.69894 12 -35.692
      vertex 0 -12 -36
      vertex 0 12 -36
    endloop
  endfacet
  facet normal 0.659352 0 0.751834
    outer loop
      vertex 21.9154 12 28.5607
      vertex 25.4558 -12 25.4558
      vertex 25.4558 12 25.4558
    endloop
  endfacet
  facet normal 0.659352 0 0.751834
    outer loop
      vertex 25.4558 -12 25.4558
      vertex 21.9154 12 28.5607
      vertex 21.9154 -12 28.5607
    endloop
  endfacet
  facet normal 0.831468 0 -0.555572
    outer loop
      vertex 31.1769 -12 -18
      vertex 28.5607 12 -21.9154
      vertex 31.1769 12 -18
    endloop
  endfacet
  facet normal 0.831468 0 -0.555572
    outer loop
      vertex 28.5607 12 -21.9154
      vertex 31.1769 -12 -18
      vertex 28.5607 -12 -21.9154
    endloop
  endfacet
  facet normal 0.442297 0 -0.896869
    outer loop
      vertex 13.7766 -12 -33.2597
      vertex 18 12 -31.1769
      vertex 18 -12 -31.1769
    endloop
  endfacet
  facet normal 0.442297 0 -0.896869
    outer loop
      vertex 18 12 -31.1769
      vertex 13.7766 -12 -33.2597
      vertex 13.7766 12 -33.2597
    endloop
  endfacet
  facet normal -0.997859 0 -0.0654063
    outer loop
      vertex -35.692 -12 -4.69894
      vertex -36 12 0
      vertex -35.692 12 -4.69894
    endloop
  endfacet
  facet normal -0.997859 -0 -0.0654063
    outer loop
      vertex -36 12 0
      vertex -35.692 -12 -4.69894
      vertex -36 -12 0
    endloop
  endfacet
  facet normal 0.997859 0 -0.0654063
    outer loop
      vertex 36 -12 0
      vertex 35.692 12 -4.69894
      vertex 36 12 0
    endloop
  endfacet
  facet normal 0.997859 0 -0.0654063
    outer loop
      vertex 35.692 12 -4.69894
      vertex 36 -12 0
      vertex 35.692 -12 -4.69894
    endloop
  endfacet
  facet normal -0.659352 0 -0.751834
    outer loop
      vertex -25.4558 -12 -25.4558
      vertex -21.9154 12 -28.5607
      vertex -21.9154 -12 -28.5607
    endloop
  endfacet
  facet normal -0.659352 0 -0.751834
    outer loop
      vertex -21.9154 12 -28.5607
      vertex -25.4558 -12 -25.4558
      vertex -25.4558 12 -25.4558
    endloop
  endfacet
  facet normal -0.555572 0 -0.831468
    outer loop
      vertex -21.9154 -12 -28.5607
      vertex -18 12 -31.1769
      vertex -18 -12 -31.1769
    endloop
  endfacet
  facet normal -0.555572 0 -0.831468
    outer loop
      vertex -18 12 -31.1769
      vertex -21.9154 -12 -28.5607
      vertex -21.9154 12 -28.5607
    endloop
  endfacet
  facet normal 0.896869 -0 0.442297
    outer loop
      vertex 31.1769 -12 18
      vertex 33.2597 12 13.7766
      vertex 31.1769 12 18
    endloop
  endfacet
  facet normal 0.896869 0 0.442297
    outer loop
      vertex 33.2597 12 13.7766
      vertex 31.1769 -12 18
      vertex 33.2597 -12 13.7766
    endloop
  endfacet
  facet normal 0 1 -0
    outer loop
      vertex -21.2737 12 2.47861
      vertex -28.5607 12 21.9154
      vertex -19.0085 12 2.47861
    endloop
  endfacet
  facet normal 0 1 0
    outer loop
      vertex -28.5607 12 21.9154
      vertex -21.2737 12 2.47861
      vertex -21.6 12 2.5
    endloop
  endfacet
  facet normal 0 1 -0
    outer loop
      vertex -19.4621 12 2.41481
      vertex -21.2737 12 2.47861
      vertex -19.0085 12 2.47861
    endloop
  endfacet
  facet normal 0 1 0
    outer loop
      vertex -19.4621 12 2.41481
      vertex -20.953 12 2.41481
      vertex -21.2737 12 2.47861
    endloop
  endfacet
  facet normal 0 1 -0
    outer loop
      vertex -19.9 12 2.3097
      vertex -20.953 12 2.41481
      vertex -19.4621 12 2.41481
    endloop
  endfacet
  facet normal 0 1 0
    outer loop
      vertex -19.9 12 2.3097
      vertex -20.6433 12 2.3097
      vertex -20.953 12 2.41481
    endloop
  endfacet
  facet normal 0 1 -0
    outer loop
      vertex -20.3148 12 2.16506
      vertex -20.6433 12 2.3097
      vertex -19.9 12 2.3097
    endloop
  endfacet
  facet normal 0 1 0
    outer loop
      vertex -20.3148 12 2.16506
      vertex -20.35 12 2.16506
      vertex -20.6433 12 2.3097
    endloop
  endfacet
  facet normal -0 1 0
    outer loop
      vertex -20.35 12 2.16506
      vertex -20.3148 12 2.16506
      vertex -20.3354 12 2.15532
    endloop
  endfacet
  facet normal 0 1 0
    outer loop
      vertex -28.5607 12 21.9154
      vertex -18.0855 12 2.47861
      vertex -18.547 12 2.5
    endloop
  endfacet
  facet normal 0 1 0
    outer loop
      vertex -15.7421 12 1.5219
      vertex -2.82843 12 2.82843
      vertex -3.17341 12 2.43505
    endloop
  endfacet
  facet normal 0 1 0
    outer loop
      vertex -2.43505 12 3.17341
      vertex -17.6319 12 2.41481
      vertex -18.0855 12 2.47861
    endloop
  endfacet
  facet normal 0 1 0
    outer loop
      vertex -2.43505 12 3.17341
      vertex -17.194 12 2.3097
      vertex -17.6319 12 2.41481
    endloop
  endfacet
  facet normal 0 1 0
    outer loop
      vertex -2.43505 12 3.17341
      vertex -16.7792 12 2.16506
      vertex -17.194 12 2.3097
    endloop
  endfacet
  facet normal 0 1 0
    outer loop
      vertex -15.4851 12 1.25
      vertex -3.17341 12 2.43505
      vertex -3.4641 12 2
    endloop
  endfacet
  facet normal 0 1 0
    outer loop
      vertex -2.43505 12 3.17341
      vertex -16.3947 12 1.98338
      vertex -16.7792 12 2.16506
    endloop
  endfacet
  facet normal 0 1 0
    outer loop
      vertex -2.82843 12 2.82843
      vertex -16.047 12 1.76777
      vertex -16.3947 12 1.98338
    endloop
  endfacet
  facet normal 0 1 0
    outer loop
      vertex -15.2806 12 0.956708
      vertex -3.4641 12 2
      vertex -3.69552 12 1.53073
    endloop
  endfacet
  facet normal 0 1 0
    outer loop
      vertex -2.82843 12 2.82843
      vertex -15.7421 12 1.5219
      vertex -16.047 12 1.76777
    endloop
  endfacet
  facet normal 0 1 0
    outer loop
      vertex -3.17341 12 2.43505
      vertex -15.4851 12 1.25
      vertex -15.7421 12 1.5219
    endloop
  endfacet
  facet normal 0 1 0
    outer loop
      vertex -15.1319 12 0.647047
      vertex -3.69552 12 1.53073
      vertex -3.8637 12 1.03528
    endloop
  endfacet
  facet normal 0 1 0
    outer loop
      vertex -3.4641 12 2
      vertex -15.2806 12 0.956708
      vertex -15.4851 12 1.25
    endloop
  endfacet
  facet normal 0 1 0
    outer loop
      vertex -3.69552 12 1.53073
      vertex -15.1319 12 0.647047
      vertex -15.2806 12 0.956708
    endloop
  endfacet
  facet normal 0 1 0
    outer loop
      vertex -15.0417 12 0.326315
      vertex -3.8637 12 1.03528
      vertex -3.96578 12 0.522104
    endloop
  endfacet
  facet normal 0 1 0
    outer loop
      vertex -3.8637 12 1.03528
      vertex -15.0417 12 0.326315
      vertex -15.1319 12 0.647047
    endloop
  endfacet
  facet normal 0 1 -0
    outer loop
      vertex -4 12 0
      vertex -15.0417 12 0.326315
      vertex -3.96578 12 0.522104
    endloop
  endfacet
  facet normal 0 1 0
    outer loop
      vertex -4 12 0
      vertex -15.0115 12 0
      vertex -15.0417 12 0.326315
    endloop
  endfacet
  facet normal 0 1 0
    outer loop
      vertex -4 12 0
      vertex -15.0417 12 -0.326315
      vertex -15.0115 12 0
    endloop
  endfacet
  facet normal 0 1 0
    outer loop
      vertex -3.96578 12 -0.522104
      vertex -15.0417 12 -0.326315
      vertex -4 12 0
    endloop
  endfacet
  facet normal 0 1 0
    outer loop
      vertex -3.8637 12 -1.03528
      vertex -15.0417 12 -0.326315
      vertex -3.96578 12 -0.522104
    endloop
  endfacet
  facet normal 0 1 0
    outer loop
      vertex -15.0417 12 -0.326315
      vertex -3.8637 12 -1.03528
      vertex -15.1319 12 -0.647047
    endloop
  endfacet
  facet normal 0 1 0
    outer loop
      vertex -3.69552 12 -1.53073
      vertex -15.1319 12 -0.647047
      vertex -3.8637 12 -1.03528
    endloop
  endfacet
  facet normal 0 1 0
    outer loop
      vertex -15.1319 12 -0.647047
      vertex -3.69552 12 -1.53073
      vertex -15.2806 12 -0.956708
    endloop
  endfacet
  facet normal 0 1 0
    outer loop
      vertex -3.4641 12 -2
      vertex -15.2806 12 -0.956708
      vertex -3.69552 12 -1.53073
    endloop
  endfacet
  facet normal 0 1 0
    outer loop
      vertex -15.2806 12 -0.956708
      vertex -3.4641 12 -2
      vertex -15.4851 12 -1.25
    endloop
  endfacet
  facet normal 0 1 0
    outer loop
      vertex -3.17341 12 -2.43505
      vertex -15.4851 12 -1.25
      vertex -3.4641 12 -2
    endloop
  endfacet
  facet normal 0 1 0
    outer loop
      vertex -15.4851 12 -1.25
      vertex -3.17341 12 -2.43505
      vertex -15.7421 12 -1.5219
    endloop
  endfacet
  facet normal 0 1 0
    outer loop
      vertex -2.82843 12 -2.82843
      vertex -15.7421 12 -1.5219
      vertex -3.17341 12 -2.43505
    endloop
  endfacet
  facet normal 0 1 0
    outer loop
      vertex -15.7421 12 -1.5219
      vertex -2.82843 12 -2.82843
      vertex -16.047 12 -1.76777
    endloop
  endfacet
  facet normal 0 1 0
    outer loop
      vertex -16.047 12 -1.76777
      vertex -2.82843 12 -2.82843
      vertex -16.3947 12 -1.98338
    endloop
  endfacet
  facet normal 0 1 0
    outer loop
      vertex -2.43505 12 -3.17341
      vertex -16.3947 12 -1.98338
      vertex -2.82843 12 -2.82843
    endloop
  endfacet
  facet normal 0 1 0
    outer loop
      vertex -16.3947 12 -1.98338
      vertex -2.43505 12 -3.17341
      vertex -16.7792 12 -2.16506
    endloop
  endfacet
  facet normal 0 1 0
    outer loop
      vertex -2 12 -3.4641
      vertex -16.7792 12 -2.16506
      vertex -2.43505 12 -3.17341
    endloop
  endfacet
  facet normal 0 1 0
    outer loop
      vertex -18 12 -31.1769
      vertex -16.7792 12 -2.16506
      vertex -2 12 -3.4641
    endloop
  endfacet
  facet normal 0 1 0
    outer loop
      vertex -16.7792 12 -2.16506
      vertex -21.9154 12 -28.5607
      vertex -17.194 12 -2.3097
    endloop
  endfacet
  facet normal -0 1 0
    outer loop
      vertex -21.9154 12 -28.5607
      vertex -16.7792 12 -2.16506
      vertex -18 12 -31.1769
    endloop
  endfacet
  facet normal 0 1 0
    outer loop
      vertex 19.0085 12 2.47861
      vertex 28.5607 12 21.9154
      vertex 21.2737 12 2.47861
    endloop
  endfacet
  facet normal 0 1 0
    outer loop
      vertex 28.5607 12 21.9154
      vertex 19.0085 12 2.47861
      vertex 18.547 12 2.5
    endloop
  endfacet
  facet normal 0 1 0
    outer loop
      vertex 19.4621 12 2.41481
      vertex 21.2737 12 2.47861
      vertex 20.953 12 2.41481
    endloop
  endfacet
  facet normal 0 1 0
    outer loop
      vertex 21.2737 12 2.47861
      vertex 19.4621 12 2.41481
      vertex 19.0085 12 2.47861
    endloop
  endfacet
  facet normal 0 1 0
    outer loop
      vertex 19.9 12 2.3097
      vertex 20.953 12 2.41481
      vertex 20.6433 12 2.3097
    endloop
  endfacet
  facet normal 0 1 0
    outer loop
      vertex 20.953 12 2.41481
      vertex 19.9 12 2.3097
      vertex 19.4621 12 2.41481
    endloop
  endfacet
  facet normal 0 1 0
    outer loop
      vertex 20.3148 12 2.16506
      vertex 20.6433 12 2.3097
      vertex 20.35 12 2.16506
    endloop
  endfacet
  facet normal 0 1 0
    outer loop
      vertex 20.6433 12 2.3097
      vertex 20.3148 12 2.16506
      vertex 19.9 12 2.3097
    endloop
  endfacet
  facet normal -0 1 0
    outer loop
      vertex 20.3148 12 2.16506
      vertex 20.35 12 2.16506
      vertex 20.3354 12 2.15532
    endloop
  endfacet
  facet normal 0 1 0
    outer loop
      vertex 0 12 4
      vertex 0 12 36
      vertex 4.69894 12 35.692
    endloop
  endfacet
  facet normal 0 1 0
    outer loop
      vertex 0.522104 12 3.96578
      vertex 4.69894 12 35.692
      vertex 9.31748 12 34.7733
    endloop
  endfacet
  facet normal 0 1 0
    outer loop
      vertex 0 12 36
      vertex 0 12 4
      vertex -4.69894 12 35.692
    endloop
  endfacet
  facet normal 0 1 0
    outer loop
      vertex 1.03528 12 3.8637
      vertex 9.31748 12 34.7733
      vertex 13.7766 12 33.2597
    endloop
  endfacet
  facet normal 0 1 -0
    outer loop
      vertex -0.522104 12 3.96578
      vertex -4.69894 12 35.692
      vertex 0 12 4
    endloop
  endfacet
  facet normal 0 1 0
    outer loop
      vertex 1.53073 12 3.69552
      vertex 13.7766 12 33.2597
      vertex 18 12 31.1769
    endloop
  endfacet
  facet normal 0 1 0
    outer loop
      vertex -4.69894 12 35.692
      vertex -0.522104 12 3.96578
      vertex -9.31748 12 34.7733
    endloop
  endfacet
  facet normal 0 1 0
    outer loop
      vertex 16.7792 12 2.16506
      vertex 18 12 31.1769
      vertex 21.9154 12 28.5607
    endloop
  endfacet
  facet normal 0 1 -0
    outer loop
      vertex -1.03528 12 3.8637
      vertex -9.31748 12 34.7733
      vertex -0.522104 12 3.96578
    endloop
  endfacet
  facet normal 0 1 0
    outer loop
      vertex 17.6319 12 2.41481
      vertex 21.9154 12 28.5607
      vertex 25.4558 12 25.4558
    endloop
  endfacet
  facet normal 0 1 0
    outer loop
      vertex -9.31748 12 34.7733
      vertex -1.03528 12 3.8637
      vertex -13.7766 12 33.2597
    endloop
  endfacet
  facet normal 0 1 0
    outer loop
      vertex 18.0855 12 2.47861
      vertex 25.4558 12 25.4558
      vertex 28.5607 12 21.9154
    endloop
  endfacet
  facet normal 0 1 -0
    outer loop
      vertex -1.53073 12 3.69552
      vertex -13.7766 12 33.2597
      vertex -1.03528 12 3.8637
    endloop
  endfacet
  facet normal 0 1 0
    outer loop
      vertex 21.6 12 2.5
      vertex 28.5607 12 21.9154
      vertex 31.1769 12 18
    endloop
  endfacet
  facet normal 0 1 0
    outer loop
      vertex -13.7766 12 33.2597
      vertex -1.53073 12 3.69552
      vertex -18 12 31.1769
    endloop
  endfacet
  facet normal 0 1 0
    outer loop
      vertex 21.9263 12 2.47861
      vertex 31.1769 12 18
      vertex 33.2597 12 13.7766
    endloop
  endfacet
  facet normal 0 1 -0
    outer loop
      vertex -2 12 3.4641
      vertex -18 12 31.1769
      vertex -1.53073 12 3.69552
    endloop
  endfacet
  facet normal 0 1 0
    outer loop
      vertex 22.85 12 2.16506
      vertex 33.2597 12 13.7766
      vertex 34.7733 12 9.31748
    endloop
  endfacet
  facet normal 0 1 0
    outer loop
      vertex -18.0855 12 2.47861
      vertex -18 12 31.1769
      vertex -2 12 3.4641
    endloop
  endfacet
  facet normal 0 1 0
    outer loop
      vertex 23.5834 12 1.5219
      vertex 34.7733 12 9.31748
      vertex 35.692 12 4.69894
    endloop
  endfacet
  facet normal 0 1 0
    outer loop
      vertex -18 12 31.1769
      vertex -18.0855 12 2.47861
      vertex -21.9154 12 28.5607
    endloop
  endfacet
  facet normal 0 1 0
    outer loop
      vertex -18.0855 12 2.47861
      vertex -25.4558 12 25.4558
      vertex -21.9154 12 28.5607
    endloop
  endfacet
  facet normal 0 1 0
    outer loop
      vertex 4.69894 12 35.692
      vertex 0.522104 12 3.96578
      vertex 0 12 4
    endloop
  endfacet
  facet normal 0 1 0
    outer loop
      vertex 28.5607 12 21.9154
      vertex 18.547 12 2.5
      vertex 18.0855 12 2.47861
    endloop
  endfacet
  facet normal 0 1 0
    outer loop
      vertex 9.31748 12 34.7733
      vertex 1.03528 12 3.8637
      vertex 0.522104 12 3.96578
    endloop
  endfacet
  facet normal 0 1 0
    outer loop
      vertex 25.4558 12 25.4558
      vertex 18.0855 12 2.47861
      vertex 17.6319 12 2.41481
    endloop
  endfacet
  facet normal 0 1 0
    outer loop
      vertex 21.9154 12 28.5607
      vertex 17.6319 12 2.41481
      vertex 17.194 12 2.3097
    endloop
  endfacet
  facet normal 0 1 0
    outer loop
      vertex 13.7766 12 33.2597
      vertex 1.53073 12 3.69552
      vertex 1.03528 12 3.8637
    endloop
  endfacet
  facet normal 0 1 0
    outer loop
      vertex 21.2737 12 2.47861
      vertex 28.5607 12 21.9154
      vertex 21.6 12 2.5
    endloop
  endfacet
  facet normal 0 1 0
    outer loop
      vertex 31.1769 12 18
      vertex 21.9263 12 2.47861
      vertex 21.6 12 2.5
    endloop
  endfacet
  facet normal 0 1 0
    outer loop
      vertex 33.2597 12 13.7766
      vertex 22.247 12 2.41481
      vertex 21.9263 12 2.47861
    endloop
  endfacet
  facet normal 0 1 0
    outer loop
      vertex 33.2597 12 13.7766
      vertex 22.5567 12 2.3097
      vertex 22.247 12 2.41481
    endloop
  endfacet
  facet normal 0 1 0
    outer loop
      vertex 33.2597 12 13.7766
      vertex 22.85 12 2.16506
      vertex 22.5567 12 2.3097
    endloop
  endfacet
  facet normal 0 1 0
    outer loop
      vertex 34.7733 12 9.31748
      vertex 23.1219 12 1.98338
      vertex 22.85 12 2.16506
    endloop
  endfacet
  facet normal 0 1 0
    outer loop
      vertex 34.7733 12 9.31748
      vertex 23.3678 12 1.76777
      vertex 23.1219 12 1.98338
    endloop
  endfacet
  facet normal 0 1 0
    outer loop
      vertex 34.7733 12 9.31748
      vertex 23.5834 12 1.5219
      vertex 23.3678 12 1.76777
    endloop
  endfacet
  facet normal 0 1 0
    outer loop
      vertex 35.692 12 4.69894
      vertex 23.7651 12 1.25
      vertex 23.5834 12 1.5219
    endloop
  endfacet
  facet normal 0 1 0
    outer loop
      vertex 35.692 12 4.69894
      vertex 23.9097 12 0.956708
      vertex 23.7651 12 1.25
    endloop
  endfacet
  facet normal 0 1 0
    outer loop
      vertex 35.692 12 4.69894
      vertex 24.0148 12 0.647047
      vertex 23.9097 12 0.956708
    endloop
  endfacet
  facet normal 0 1 0
    outer loop
      vertex 36 12 0
      vertex 24.0148 12 0.647047
      vertex 35.692 12 4.69894
    endloop
  endfacet
  facet normal 0 1 0
    outer loop
      vertex 24.0148 12 0.647047
      vertex 36 12 0
      vertex 24.0786 12 0.326315
    endloop
  endfacet
  facet normal 0 1 0
    outer loop
      vertex 36 12 0
      vertex 24.1 12 0
      vertex 24.0786 12 0.326315
    endloop
  endfacet
  facet normal 0 1 0
    outer loop
      vertex 36 12 0
      vertex 24.0786 12 -0.326315
      vertex 24.1 12 0
    endloop
  endfacet
  facet normal 0 1 0
    outer loop
      vertex 36 12 0
      vertex 24.0148 12 -0.647047
      vertex 24.0786 12 -0.326315
    endloop
  endfacet
  facet normal 0 1 -0
    outer loop
      vertex 35.692 12 -4.69894
      vertex 24.0148 12 -0.647047
      vertex 36 12 0
    endloop
  endfacet
  facet normal 0 1 0
    outer loop
      vertex 24.0148 12 -0.647047
      vertex 35.692 12 -4.69894
      vertex 23.9097 12 -0.956708
    endloop
  endfacet
  facet normal 0 1 0
    outer loop
      vertex 23.9097 12 -0.956708
      vertex 35.692 12 -4.69894
      vertex 23.7651 12 -1.25
    endloop
  endfacet
  facet normal 0 1 0
    outer loop
      vertex 23.7651 12 -1.25
      vertex 35.692 12 -4.69894
      vertex 23.5834 12 -1.5219
    endloop
  endfacet
  facet normal 0 1 -0
    outer loop
      vertex 34.7733 12 -9.31748
      vertex 23.5834 12 -1.5219
      vertex 35.692 12 -4.69894
    endloop
  endfacet
  facet normal 0 1 0
    outer loop
      vertex 23.5834 12 -1.5219
      vertex 34.7733 12 -9.31748
      vertex 23.3678 12 -1.76777
    endloop
  endfacet
  facet normal 0 1 0
    outer loop
      vertex 23.3678 12 -1.76777
      vertex 34.7733 12 -9.31748
      vertex 23.1219 12 -1.98338
    endloop
  endfacet
  facet normal 0 1 0
    outer loop
      vertex 23.1219 12 -1.98338
      vertex 34.7733 12 -9.31748
      vertex 22.85 12 -2.16506
    endloop
  endfacet
  facet normal 0 1 -0
    outer loop
      vertex 33.2597 12 -13.7766
      vertex 22.85 12 -2.16506
      vertex 34.7733 12 -9.31748
    endloop
  endfacet
  facet normal 0 1 0
    outer loop
      vertex 19.0085 12 -2.47861
      vertex 28.5607 12 -21.9154
      vertex 18.547 12 -2.5
    endloop
  endfacet
  facet normal 0 1 0
    outer loop
      vertex 18.547 12 -2.5
      vertex 2.43505 12 -3.17341
      vertex 2.82843 12 -2.82843
    endloop
  endfacet
  facet normal 0 1 0
    outer loop
      vertex 18.547 12 -2.5
      vertex 21.9154 12 -28.5607
      vertex 2.43505 12 -3.17341
    endloop
  endfacet
  facet normal 0 1 0
    outer loop
      vertex 2.43505 12 -3.17341
      vertex 21.9154 12 -28.5607
      vertex 2 12 -3.4641
    endloop
  endfacet
  facet normal 0 1 -0
    outer loop
      vertex 18 12 -31.1769
      vertex 2 12 -3.4641
      vertex 21.9154 12 -28.5607
    endloop
  endfacet
  facet normal 0 1 0
    outer loop
      vertex 31.1769 12 -18
      vertex 21.6 12 -2.5
      vertex 21.9263 12 -2.47861
    endloop
  endfacet
  facet normal 0 1 0
    outer loop
      vertex 2 12 -3.4641
      vertex 18 12 -31.1769
      vertex 1.53073 12 -3.69552
    endloop
  endfacet
  facet normal 0 1 0
    outer loop
      vertex 22.247 12 -2.41481
      vertex 33.2597 12 -13.7766
      vertex 21.9263 12 -2.47861
    endloop
  endfacet
  facet normal 0 1 0
    outer loop
      vertex 22.5567 12 -2.3097
      vertex 33.2597 12 -13.7766
      vertex 22.247 12 -2.41481
    endloop
  endfacet
  facet normal 0 1 0
    outer loop
      vertex 22.85 12 -2.16506
      vertex 33.2597 12 -13.7766
      vertex 22.5567 12 -2.3097
    endloop
  endfacet
  facet normal 0 1 0
    outer loop
      vertex -18.0855 12 2.47861
      vertex -28.5607 12 21.9154
      vertex -25.4558 12 25.4558
    endloop
  endfacet
  facet normal 0 1 -0
    outer loop
      vertex -21.9263 12 2.47861
      vertex -31.1769 12 18
      vertex -21.6 12 2.5
    endloop
  endfacet
  facet normal 0 1 0
    outer loop
      vertex -28.5607 12 21.9154
      vertex -21.6 12 2.5
      vertex -31.1769 12 18
    endloop
  endfacet
  facet normal 0 1 -0
    outer loop
      vertex -19.0085 12 2.47861
      vertex -28.5607 12 21.9154
      vertex -18.547 12 2.5
    endloop
  endfacet
  facet normal 0 1 0
    outer loop
      vertex -18.0855 12 2.47861
      vertex -2 12 3.4641
      vertex -2.43505 12 3.17341
    endloop
  endfacet
  facet normal 0 1 0
    outer loop
      vertex -16.3947 12 1.98338
      vertex -2.43505 12 3.17341
      vertex -2.82843 12 2.82843
    endloop
  endfacet
  facet normal 0 1 0
    outer loop
      vertex -31.1769 12 18
      vertex -21.9263 12 2.47861
      vertex -33.2597 12 13.7766
    endloop
  endfacet
  facet normal 0 1 -0
    outer loop
      vertex -22.247 12 2.41481
      vertex -33.2597 12 13.7766
      vertex -21.9263 12 2.47861
    endloop
  endfacet
  facet normal 0 1 -0
    outer loop
      vertex -22.5567 12 2.3097
      vertex -33.2597 12 13.7766
      vertex -22.247 12 2.41481
    endloop
  endfacet
  facet normal 0 1 -0
    outer loop
      vertex -22.85 12 2.16506
      vertex -33.2597 12 13.7766
      vertex -22.5567 12 2.3097
    endloop
  endfacet
  facet normal 0 1 0
    outer loop
      vertex -33.2597 12 13.7766
      vertex -22.85 12 2.16506
      vertex -34.7733 12 9.31748
    endloop
  endfacet
  facet normal 0 1 -0
    outer loop
      vertex -23.1219 12 1.98338
      vertex -34.7733 12 9.31748
      vertex -22.85 12 2.16506
    endloop
  endfacet
  facet normal 0 1 -0
    outer loop
      vertex -23.3678 12 1.76777
      vertex -34.7733 12 9.31748
      vertex -23.1219 12 1.98338
    endloop
  endfacet
  facet normal 0 1 -0
    outer loop
      vertex -23.5834 12 1.5219
      vertex -34.7733 12 9.31748
      vertex -23.3678 12 1.76777
    endloop
  endfacet
  facet normal 0 1 0
    outer loop
      vertex -34.7733 12 9.31748
      vertex -23.5834 12 1.5219
      vertex -35.692 12 4.69894
    endloop
  endfacet
  facet normal 0 1 -0
    outer loop
      vertex -23.7651 12 1.25
      vertex -35.692 12 4.69894
      vertex -23.5834 12 1.5219
    endloop
  endfacet
  facet normal 0 1 -0
    outer loop
      vertex -23.9097 12 0.956708
      vertex -35.692 12 4.69894
      vertex -23.7651 12 1.25
    endloop
  endfacet
  facet normal 0 1 -0
    outer loop
      vertex -24.0148 12 0.647047
      vertex -35.692 12 4.69894
      vertex -23.9097 12 0.956708
    endloop
  endfacet
  facet normal 0 1 0
    outer loop
      vertex -36 12 0
      vertex -24.0148 12 0.647047
      vertex -24.0786 12 0.326315
    endloop
  endfacet
  facet normal 0 1 0
    outer loop
      vertex -36 12 0
      vertex -24.0786 12 0.326315
      vertex -24.1 12 0
    endloop
  endfacet
  facet normal 0 1 0
    outer loop
      vertex -24.0148 12 0.647047
      vertex -36 12 0
      vertex -35.692 12 4.69894
    endloop
  endfacet
  facet normal 0 1 0
    outer loop
      vertex -24.0786 12 -0.326315
      vertex -36 12 0
      vertex -24.1 12 0
    endloop
  endfacet
  facet normal 0 1 0
    outer loop
      vertex -24.0148 12 -0.647047
      vertex -36 12 0
      vertex -24.0786 12 -0.326315
    endloop
  endfacet
  facet normal 0 1 0
    outer loop
      vertex -35.692 12 -4.69894
      vertex -24.0148 12 -0.647047
      vertex -23.9097 12 -0.956708
    endloop
  endfacet
  facet normal 0 1 0
    outer loop
      vertex -35.692 12 -4.69894
      vertex -23.9097 12 -0.956708
      vertex -23.7651 12 -1.25
    endloop
  endfacet
  facet normal 0 1 0
    outer loop
      vertex -35.692 12 -4.69894
      vertex -23.7651 12 -1.25
      vertex -23.5834 12 -1.5219
    endloop
  endfacet
  facet normal 0 1 0
    outer loop
      vertex -34.7733 12 -9.31748
      vertex -23.5834 12 -1.5219
      vertex -23.3678 12 -1.76777
    endloop
  endfacet
  facet normal 0 1 0
    outer loop
      vertex -34.7733 12 -9.31748
      vertex -23.3678 12 -1.76777
      vertex -23.1219 12 -1.98338
    endloop
  endfacet
  facet normal 0 1 0
    outer loop
      vertex -34.7733 12 -9.31748
      vertex -23.1219 12 -1.98338
      vertex -22.85 12 -2.16506
    endloop
  endfacet
  facet normal 0 1 0
    outer loop
      vertex -33.2597 12 -13.7766
      vertex -22.85 12 -2.16506
      vertex -22.5567 12 -2.3097
    endloop
  endfacet
  facet normal 0 1 0
    outer loop
      vertex -33.2597 12 -13.7766
      vertex -22.5567 12 -2.3097
      vertex -22.247 12 -2.41481
    endloop
  endfacet
  facet normal 0 1 0
    outer loop
      vertex -33.2597 12 -13.7766
      vertex -22.247 12 -2.41481
      vertex -21.9263 12 -2.47861
    endloop
  endfacet
  facet normal 0 1 0
    outer loop
      vertex -17.6319 12 -2.41481
      vertex -25.4558 12 -25.4558
      vertex -18.0855 12 -2.47861
    endloop
  endfacet
  facet normal 0 1 0
    outer loop
      vertex -17.194 12 -2.3097
      vertex -21.9154 12 -28.5607
      vertex -17.6319 12 -2.41481
    endloop
  endfacet
  facet normal 0 1 0
    outer loop
      vertex -18 12 -31.1769
      vertex -2 12 -3.4641
      vertex -1.53073 12 -3.69552
    endloop
  endfacet
  facet normal 0 1 0
    outer loop
      vertex -13.7766 12 -33.2597
      vertex -1.53073 12 -3.69552
      vertex -1.03528 12 -3.8637
    endloop
  endfacet
  facet normal -0 1 0
    outer loop
      vertex -28.5607 12 -21.9154
      vertex -18.0855 12 -2.47861
      vertex -25.4558 12 -25.4558
    endloop
  endfacet
  facet normal 0 1 0
    outer loop
      vertex -9.31748 12 -34.7733
      vertex -1.03528 12 -3.8637
      vertex -0.522104 12 -3.96578
    endloop
  endfacet
  facet normal 0 1 0
    outer loop
      vertex -24.0148 12 -0.647047
      vertex -35.692 12 -4.69894
      vertex -36 12 0
    endloop
  endfacet
  facet normal 0 1 0
    outer loop
      vertex -18.0855 12 -2.47861
      vertex -28.5607 12 -21.9154
      vertex -18.547 12 -2.5
    endloop
  endfacet
  facet normal 0 1 0
    outer loop
      vertex -4.69894 12 -35.692
      vertex -0.522104 12 -3.96578
      vertex 0 12 -4
    endloop
  endfacet
  facet normal 0 1 -0
    outer loop
      vertex 31.1769 12 -18
      vertex 21.9263 12 -2.47861
      vertex 33.2597 12 -13.7766
    endloop
  endfacet
  facet normal 0 1 0
    outer loop
      vertex 21.6 12 -2.5
      vertex 31.1769 12 -18
      vertex 28.5607 12 -21.9154
    endloop
  endfacet
  facet normal 0 1 0
    outer loop
      vertex -23.5834 12 -1.5219
      vertex -34.7733 12 -9.31748
      vertex -35.692 12 -4.69894
    endloop
  endfacet
  facet normal 0 1 0
    outer loop
      vertex 18.547 12 -2.5
      vertex 28.5607 12 -21.9154
      vertex 25.4558 12 -25.4558
    endloop
  endfacet
  facet normal 0 1 0
    outer loop
      vertex -22.85 12 -2.16506
      vertex -33.2597 12 -13.7766
      vertex -34.7733 12 -9.31748
    endloop
  endfacet
  facet normal 0 1 0
    outer loop
      vertex 18.547 12 -2.5
      vertex 25.4558 12 -25.4558
      vertex 21.9154 12 -28.5607
    endloop
  endfacet
  facet normal 0 1 0
    outer loop
      vertex -21.9263 12 -2.47861
      vertex -31.1769 12 -18
      vertex -33.2597 12 -13.7766
    endloop
  endfacet
  facet normal 0 1 -0
    outer loop
      vertex 13.7766 12 -33.2597
      vertex 1.53073 12 -3.69552
      vertex 18 12 -31.1769
    endloop
  endfacet
  facet normal 0 1 0
    outer loop
      vertex -21.6 12 -2.5
      vertex -31.1769 12 -18
      vertex -21.9263 12 -2.47861
    endloop
  endfacet
  facet normal 0 1 0
    outer loop
      vertex 1.53073 12 -3.69552
      vertex 13.7766 12 -33.2597
      vertex 1.03528 12 -3.8637
    endloop
  endfacet
  facet normal -0 1 0
    outer loop
      vertex -31.1769 12 -18
      vertex -21.6 12 -2.5
      vertex -28.5607 12 -21.9154
    endloop
  endfacet
  facet normal 0 1 -0
    outer loop
      vertex 9.31748 12 -34.7733
      vertex 1.03528 12 -3.8637
      vertex 13.7766 12 -33.2597
    endloop
  endfacet
  facet normal 0 1 0
    outer loop
      vertex -18.547 12 -2.5
      vertex -28.5607 12 -21.9154
      vertex -21.6 12 -2.5
    endloop
  endfacet
  facet normal 0 1 0
    outer loop
      vertex 1.03528 12 -3.8637
      vertex 9.31748 12 -34.7733
      vertex 0.522104 12 -3.96578
    endloop
  endfacet
  facet normal -0 1 0
    outer loop
      vertex -25.4558 12 -25.4558
      vertex -17.6319 12 -2.41481
      vertex -21.9154 12 -28.5607
    endloop
  endfacet
  facet normal 0 1 -0
    outer loop
      vertex 4.69894 12 -35.692
      vertex 0.522104 12 -3.96578
      vertex 9.31748 12 -34.7733
    endloop
  endfacet
  facet normal 0 1 0
    outer loop
      vertex -1.53073 12 -3.69552
      vertex -13.7766 12 -33.2597
      vertex -18 12 -31.1769
    endloop
  endfacet
  facet normal 0 1 0
    outer loop
      vertex 0.522104 12 -3.96578
      vertex 4.69894 12 -35.692
      vertex 0 12 -4
    endloop
  endfacet
  facet normal 0 1 0
    outer loop
      vertex -1.03528 12 -3.8637
      vertex -9.31748 12 -34.7733
      vertex -13.7766 12 -33.2597
    endloop
  endfacet
  facet normal 0 1 0
    outer loop
      vertex 0 12 -36
      vertex 0 12 -4
      vertex 4.69894 12 -35.692
    endloop
  endfacet
  facet normal 0 1 0
    outer loop
      vertex -0.522104 12 -3.96578
      vertex -4.69894 12 -35.692
      vertex -9.31748 12 -34.7733
    endloop
  endfacet
  facet normal 0 1 0
    outer loop
      vertex 0 12 -4
      vertex 0 12 -36
      vertex -4.69894 12 -35.692
    endloop
  endfacet
  facet normal 0 1 0
    outer loop
      vertex 21.9154 12 28.5607
      vertex 17.194 12 2.3097
      vertex 16.7792 12 2.16506
    endloop
  endfacet
  facet normal 0 1 0
    outer loop
      vertex 18 12 31.1769
      vertex 2 12 3.4641
      vertex 1.53073 12 3.69552
    endloop
  endfacet
  facet normal 0 1 0
    outer loop
      vertex 18 12 31.1769
      vertex 16.7792 12 2.16506
      vertex 2 12 3.4641
    endloop
  endfacet
  facet normal 0 1 0
    outer loop
      vertex 2 12 3.4641
      vertex 16.7792 12 2.16506
      vertex 2.43505 12 3.17341
    endloop
  endfacet
  facet normal 0 1 -0
    outer loop
      vertex 16.3947 12 1.98338
      vertex 2.43505 12 3.17341
      vertex 16.7792 12 2.16506
    endloop
  endfacet
  facet normal 0 1 0
    outer loop
      vertex 2.43505 12 3.17341
      vertex 16.3947 12 1.98338
      vertex 2.82843 12 2.82843
    endloop
  endfacet
  facet normal 0 1 -0
    outer loop
      vertex 16.047 12 1.76777
      vertex 2.82843 12 2.82843
      vertex 16.3947 12 1.98338
    endloop
  endfacet
  facet normal 0 1 -0
    outer loop
      vertex 15.7421 12 1.5219
      vertex 2.82843 12 2.82843
      vertex 16.047 12 1.76777
    endloop
  endfacet
  facet normal 0 1 0
    outer loop
      vertex 2.82843 12 2.82843
      vertex 15.7421 12 1.5219
      vertex 3.17341 12 2.43505
    endloop
  endfacet
  facet normal 0 1 -0
    outer loop
      vertex 15.4851 12 1.25
      vertex 3.17341 12 2.43505
      vertex 15.7421 12 1.5219
    endloop
  endfacet
  facet normal 0 1 0
    outer loop
      vertex 3.17341 12 2.43505
      vertex 15.4851 12 1.25
      vertex 3.4641 12 2
    endloop
  endfacet
  facet normal 0 1 -0
    outer loop
      vertex 15.2806 12 0.956708
      vertex 3.4641 12 2
      vertex 15.4851 12 1.25
    endloop
  endfacet
  facet normal 0 1 0
    outer loop
      vertex 3.4641 12 2
      vertex 15.2806 12 0.956708
      vertex 3.69552 12 1.53073
    endloop
  endfacet
  facet normal 0 1 -0
    outer loop
      vertex 15.1319 12 0.647047
      vertex 3.69552 12 1.53073
      vertex 15.2806 12 0.956708
    endloop
  endfacet
  facet normal 0 1 0
    outer loop
      vertex 3.69552 12 1.53073
      vertex 15.1319 12 0.647047
      vertex 3.8637 12 1.03528
    endloop
  endfacet
  facet normal 0 1 -0
    outer loop
      vertex 15.0417 12 0.326315
      vertex 3.8637 12 1.03528
      vertex 15.1319 12 0.647047
    endloop
  endfacet
  facet normal 0 1 0
    outer loop
      vertex 3.8637 12 1.03528
      vertex 15.0417 12 0.326315
      vertex 3.96578 12 0.522104
    endloop
  endfacet
  facet normal 0 1 -0
    outer loop
      vertex 15.0115 12 0
      vertex 3.96578 12 0.522104
      vertex 15.0417 12 0.326315
    endloop
  endfacet
  facet normal 0 1 0
    outer loop
      vertex 15.0115 12 0
      vertex 4 12 0
      vertex 3.96578 12 0.522104
    endloop
  endfacet
  facet normal 0 1 0
    outer loop
      vertex 15.0417 12 -0.326315
      vertex 4 12 0
      vertex 15.0115 12 0
    endloop
  endfacet
  facet normal 0 1 0
    outer loop
      vertex 15.0417 12 -0.326315
      vertex 3.96578 12 -0.522104
      vertex 4 12 0
    endloop
  endfacet
  facet normal 0 1 0
    outer loop
      vertex 3.8637 12 -1.03528
      vertex 15.0417 12 -0.326315
      vertex 15.1319 12 -0.647047
    endloop
  endfacet
  facet normal 0 1 0
    outer loop
      vertex 3.69552 12 -1.53073
      vertex 15.1319 12 -0.647047
      vertex 15.2806 12 -0.956708
    endloop
  endfacet
  facet normal 0 1 0
    outer loop
      vertex 15.0417 12 -0.326315
      vertex 3.8637 12 -1.03528
      vertex 3.96578 12 -0.522104
    endloop
  endfacet
  facet normal 0 1 0
    outer loop
      vertex 3.4641 12 -2
      vertex 15.2806 12 -0.956708
      vertex 15.4851 12 -1.25
    endloop
  endfacet
  facet normal 0 1 0
    outer loop
      vertex 3.17341 12 -2.43505
      vertex 15.4851 12 -1.25
      vertex 15.7421 12 -1.5219
    endloop
  endfacet
  facet normal 0 1 0
    outer loop
      vertex 15.1319 12 -0.647047
      vertex 3.69552 12 -1.53073
      vertex 3.8637 12 -1.03528
    endloop
  endfacet
  facet normal 0 1 0
    outer loop
      vertex 2.82843 12 -2.82843
      vertex 15.7421 12 -1.5219
      vertex 16.047 12 -1.76777
    endloop
  endfacet
  facet normal 0 1 0
    outer loop
      vertex 2.82843 12 -2.82843
      vertex 16.047 12 -1.76777
      vertex 16.3947 12 -1.98338
    endloop
  endfacet
  facet normal 0 1 0
    outer loop
      vertex 15.2806 12 -0.956708
      vertex 3.4641 12 -2
      vertex 3.69552 12 -1.53073
    endloop
  endfacet
  facet normal 0 1 0
    outer loop
      vertex 2.82843 12 -2.82843
      vertex 16.3947 12 -1.98338
      vertex 16.7792 12 -2.16506
    endloop
  endfacet
  facet normal 0 1 0
    outer loop
      vertex 2.82843 12 -2.82843
      vertex 16.7792 12 -2.16506
      vertex 17.194 12 -2.3097
    endloop
  endfacet
  facet normal 0 1 0
    outer loop
      vertex 2.82843 12 -2.82843
      vertex 17.194 12 -2.3097
      vertex 17.6319 12 -2.41481
    endloop
  endfacet
  facet normal 0 1 0
    outer loop
      vertex 15.4851 12 -1.25
      vertex 3.17341 12 -2.43505
      vertex 3.4641 12 -2
    endloop
  endfacet
  facet normal 0 1 0
    outer loop
      vertex 2.82843 12 -2.82843
      vertex 17.6319 12 -2.41481
      vertex 18.0855 12 -2.47861
    endloop
  endfacet
  facet normal 0 1 0
    outer loop
      vertex 2.82843 12 -2.82843
      vertex 18.0855 12 -2.47861
      vertex 18.547 12 -2.5
    endloop
  endfacet
  facet normal 0 1 0
    outer loop
      vertex 15.7421 12 -1.5219
      vertex 2.82843 12 -2.82843
      vertex 3.17341 12 -2.43505
    endloop
  endfacet
  facet normal 0 1 0
    outer loop
      vertex 20.35 12 -2.16506
      vertex 20.3148 12 -2.16506
      vertex 20.3354 12 -2.15532
    endloop
  endfacet
  facet normal 0 1 0
    outer loop
      vertex 20.6433 12 -2.3097
      vertex 20.3148 12 -2.16506
      vertex 20.35 12 -2.16506
    endloop
  endfacet
  facet normal 0 1 0
    outer loop
      vertex 20.6433 12 -2.3097
      vertex 19.9 12 -2.3097
      vertex 20.3148 12 -2.16506
    endloop
  endfacet
  facet normal 0 1 0
    outer loop
      vertex 20.953 12 -2.41481
      vertex 19.9 12 -2.3097
      vertex 20.6433 12 -2.3097
    endloop
  endfacet
  facet normal 0 1 0
    outer loop
      vertex 20.953 12 -2.41481
      vertex 19.4621 12 -2.41481
      vertex 19.9 12 -2.3097
    endloop
  endfacet
  facet normal 0 1 0
    outer loop
      vertex 21.2737 12 -2.47861
      vertex 19.4621 12 -2.41481
      vertex 20.953 12 -2.41481
    endloop
  endfacet
  facet normal 0 1 0
    outer loop
      vertex 21.2737 12 -2.47861
      vertex 19.0085 12 -2.47861
      vertex 19.4621 12 -2.41481
    endloop
  endfacet
  facet normal 0 1 0
    outer loop
      vertex 28.5607 12 -21.9154
      vertex 21.2737 12 -2.47861
      vertex 21.6 12 -2.5
    endloop
  endfacet
  facet normal 0 1 0
    outer loop
      vertex 21.2737 12 -2.47861
      vertex 28.5607 12 -21.9154
      vertex 19.0085 12 -2.47861
    endloop
  endfacet
  facet normal 0 1 0
    outer loop
      vertex -20.3148 12 -2.16506
      vertex -20.35 12 -2.16506
      vertex -20.3354 12 -2.15532
    endloop
  endfacet
  facet normal 0 1 0
    outer loop
      vertex -20.6433 12 -2.3097
      vertex -20.3148 12 -2.16506
      vertex -19.9 12 -2.3097
    endloop
  endfacet
  facet normal 0 1 0
    outer loop
      vertex -20.3148 12 -2.16506
      vertex -20.6433 12 -2.3097
      vertex -20.35 12 -2.16506
    endloop
  endfacet
  facet normal 0 1 0
    outer loop
      vertex -20.953 12 -2.41481
      vertex -19.9 12 -2.3097
      vertex -19.4621 12 -2.41481
    endloop
  endfacet
  facet normal 0 1 0
    outer loop
      vertex -19.9 12 -2.3097
      vertex -20.953 12 -2.41481
      vertex -20.6433 12 -2.3097
    endloop
  endfacet
  facet normal 0 1 0
    outer loop
      vertex -21.2737 12 -2.47861
      vertex -19.4621 12 -2.41481
      vertex -19.0085 12 -2.47861
    endloop
  endfacet
  facet normal 0 1 0
    outer loop
      vertex -19.4621 12 -2.41481
      vertex -21.2737 12 -2.47861
      vertex -20.953 12 -2.41481
    endloop
  endfacet
  facet normal 0 1 0
    outer loop
      vertex -21.6 12 -2.5
      vertex -19.0085 12 -2.47861
      vertex -18.547 12 -2.5
    endloop
  endfacet
  facet normal 0 1 0
    outer loop
      vertex -19.0085 12 -2.47861
      vertex -21.6 12 -2.5
      vertex -21.2737 12 -2.47861
    endloop
  endfacet
  facet normal -0.980785 0 -0.195093
    outer loop
      vertex -34.7733 -12 -9.31748
      vertex -35.692 12 -4.69894
      vertex -34.7733 12 -9.31748
    endloop
  endfacet
  facet normal -0.980785 -0 -0.195093
    outer loop
      vertex -35.692 12 -4.69894
      vertex -34.7733 -12 -9.31748
      vertex -35.692 -12 -4.69894
    endloop
  endfacet
  facet normal -0.831468 0 -0.555572
    outer loop
      vertex -28.5607 -12 -21.9154
      vertex -31.1769 12 -18
      vertex -28.5607 12 -21.9154
    endloop
  endfacet
  facet normal -0.831468 -0 -0.555572
    outer loop
      vertex -31.1769 12 -18
      vertex -28.5607 -12 -21.9154
      vertex -31.1769 -12 -18
    endloop
  endfacet
  facet normal 0 -1 0
    outer loop
      vertex 21.2737 -12 2.47861
      vertex 28.5607 -12 21.9154
      vertex 19.0085 -12 2.47861
    endloop
  endfacet
  facet normal 0 -1 0
    outer loop
      vertex 28.5607 -12 21.9154
      vertex 21.2737 -12 2.47861
      vertex 21.6 -12 2.5
    endloop
  endfacet
  facet normal 0 -1 0
    outer loop
      vertex 19.4621 -12 2.41481
      vertex 21.2737 -12 2.47861
      vertex 19.0085 -12 2.47861
    endloop
  endfacet
  facet normal 0 -1 0
    outer loop
      vertex 19.4621 -12 2.41481
      vertex 20.953 -12 2.41481
      vertex 21.2737 -12 2.47861
    endloop
  endfacet
  facet normal 0 -1 0
    outer loop
      vertex 19.9 -12 2.3097
      vertex 20.953 -12 2.41481
      vertex 19.4621 -12 2.41481
    endloop
  endfacet
  facet normal 0 -1 0
    outer loop
      vertex 19.9 -12 2.3097
      vertex 20.6433 -12 2.3097
      vertex 20.953 -12 2.41481
    endloop
  endfacet
  facet normal 0 -1 0
    outer loop
      vertex 20.3148 -12 2.16506
      vertex 20.6433 -12 2.3097
      vertex 19.9 -12 2.3097
    endloop
  endfacet
  facet normal 0 -1 0
    outer loop
      vertex 20.3148 -12 2.16506
      vertex 20.35 -12 2.16506
      vertex 20.6433 -12 2.3097
    endloop
  endfacet
  facet normal -0 -1 0
    outer loop
      vertex 20.35 -12 2.16506
      vertex 20.3148 -12 2.16506
      vertex 20.3354 -12 2.15532
    endloop
  endfacet
  facet normal 0 -1 0
    outer loop
      vertex 28.5607 -12 21.9154
      vertex 18.0855 -12 2.47861
      vertex 18.547 -12 2.5
    endloop
  endfacet
  facet normal 0 -1 0
    outer loop
      vertex 15.7421 -12 1.5219
      vertex 2.82843 -12 2.82843
      vertex 3.17341 -12 2.43505
    endloop
  endfacet
  facet normal 0 -1 0
    outer loop
      vertex 2.43505 -12 3.17341
      vertex 17.6319 -12 2.41481
      vertex 18.0855 -12 2.47861
    endloop
  endfacet
  facet normal 0 -1 0
    outer loop
      vertex 2.43505 -12 3.17341
      vertex 17.194 -12 2.3097
      vertex 17.6319 -12 2.41481
    endloop
  endfacet
  facet normal 0 -1 0
    outer loop
      vertex 2.43505 -12 3.17341
      vertex 16.7792 -12 2.16506
      vertex 17.194 -12 2.3097
    endloop
  endfacet
  facet normal 0 -1 0
    outer loop
      vertex 15.4851 -12 1.25
      vertex 3.17341 -12 2.43505
      vertex 3.4641 -12 2
    endloop
  endfacet
  facet normal 0 -1 0
    outer loop
      vertex 2.43505 -12 3.17341
      vertex 16.3947 -12 1.98338
      vertex 16.7792 -12 2.16506
    endloop
  endfacet
  facet normal 0 -1 0
    outer loop
      vertex 2.82843 -12 2.82843
      vertex 16.047 -12 1.76777
      vertex 16.3947 -12 1.98338
    endloop
  endfacet
  facet normal 0 -1 0
    outer loop
      vertex 15.2806 -12 0.956708
      vertex 3.4641 -12 2
      vertex 3.69552 -12 1.53073
    endloop
  endfacet
  facet normal 0 -1 0
    outer loop
      vertex 2.82843 -12 2.82843
      vertex 15.7421 -12 1.5219
      vertex 16.047 -12 1.76777
    endloop
  endfacet
  facet normal 0 -1 0
    outer loop
      vertex 3.17341 -12 2.43505
      vertex 15.4851 -12 1.25
      vertex 15.7421 -12 1.5219
    endloop
  endfacet
  facet normal 0 -1 0
    outer loop
      vertex 15.1319 -12 0.647047
      vertex 3.69552 -12 1.53073
      vertex 3.8637 -12 1.03528
    endloop
  endfacet
  facet normal 0 -1 0
    outer loop
      vertex 3.4641 -12 2
      vertex 15.2806 -12 0.956708
      vertex 15.4851 -12 1.25
    endloop
  endfacet
  facet normal 0 -1 0
    outer loop
      vertex 3.69552 -12 1.53073
      vertex 15.1319 -12 0.647047
      vertex 15.2806 -12 0.956708
    endloop
  endfacet
  facet normal 0 -1 0
    outer loop
      vertex 15.0417 -12 0.326315
      vertex 3.8637 -12 1.03528
      vertex 3.96578 -12 0.522104
    endloop
  endfacet
  facet normal 0 -1 0
    outer loop
      vertex 3.8637 -12 1.03528
      vertex 15.0417 -12 0.326315
      vertex 15.1319 -12 0.647047
    endloop
  endfacet
  facet normal 0 -1 0
    outer loop
      vertex 4 -12 0
      vertex 15.0417 -12 0.326315
      vertex 3.96578 -12 0.522104
    endloop
  endfacet
  facet normal 0 -1 0
    outer loop
      vertex 4 -12 0
      vertex 15.0115 -12 0
      vertex 15.0417 -12 0.326315
    endloop
  endfacet
  facet normal 0 -1 0
    outer loop
      vertex 4 -12 0
      vertex 15.0417 -12 -0.326315
      vertex 15.0115 -12 0
    endloop
  endfacet
  facet normal 0 -1 0
    outer loop
      vertex 3.96578 -12 -0.522104
      vertex 15.0417 -12 -0.326315
      vertex 4 -12 0
    endloop
  endfacet
  facet normal 0 -1 0
    outer loop
      vertex 3.8637 -12 -1.03528
      vertex 15.0417 -12 -0.326315
      vertex 3.96578 -12 -0.522104
    endloop
  endfacet
  facet normal 0 -1 -0
    outer loop
      vertex 15.0417 -12 -0.326315
      vertex 3.8637 -12 -1.03528
      vertex 15.1319 -12 -0.647047
    endloop
  endfacet
  facet normal 0 -1 0
    outer loop
      vertex 3.69552 -12 -1.53073
      vertex 15.1319 -12 -0.647047
      vertex 3.8637 -12 -1.03528
    endloop
  endfacet
  facet normal 0 -1 -0
    outer loop
      vertex 15.1319 -12 -0.647047
      vertex 3.69552 -12 -1.53073
      vertex 15.2806 -12 -0.956708
    endloop
  endfacet
  facet normal 0 -1 0
    outer loop
      vertex 3.4641 -12 -2
      vertex 15.2806 -12 -0.956708
      vertex 3.69552 -12 -1.53073
    endloop
  endfacet
  facet normal 0 -1 -0
    outer loop
      vertex 15.2806 -12 -0.956708
      vertex 3.4641 -12 -2
      vertex 15.4851 -12 -1.25
    endloop
  endfacet
  facet normal 0 -1 0
    outer loop
      vertex 3.17341 -12 -2.43505
      vertex 15.4851 -12 -1.25
      vertex 3.4641 -12 -2
    endloop
  endfacet
  facet normal 0 -1 -0
    outer loop
      vertex 15.4851 -12 -1.25
      vertex 3.17341 -12 -2.43505
      vertex 15.7421 -12 -1.5219
    endloop
  endfacet
  facet normal 0 -1 0
    outer loop
      vertex 2.82843 -12 -2.82843
      vertex 15.7421 -12 -1.5219
      vertex 3.17341 -12 -2.43505
    endloop
  endfacet
  facet normal 0 -1 -0
    outer loop
      vertex 15.7421 -12 -1.5219
      vertex 2.82843 -12 -2.82843
      vertex 16.047 -12 -1.76777
    endloop
  endfacet
  facet normal 0 -1 -0
    outer loop
      vertex 16.047 -12 -1.76777
      vertex 2.82843 -12 -2.82843
      vertex 16.3947 -12 -1.98338
    endloop
  endfacet
  facet normal 0 -1 0
    outer loop
      vertex 2.43505 -12 -3.17341
      vertex 16.3947 -12 -1.98338
      vertex 2.82843 -12 -2.82843
    endloop
  endfacet
  facet normal 0 -1 -0
    outer loop
      vertex 16.3947 -12 -1.98338
      vertex 2.43505 -12 -3.17341
      vertex 16.7792 -12 -2.16506
    endloop
  endfacet
  facet normal 0 -1 0
    outer loop
      vertex 2 -12 -3.4641
      vertex 16.7792 -12 -2.16506
      vertex 2.43505 -12 -3.17341
    endloop
  endfacet
  facet normal 0 -1 0
    outer loop
      vertex 18 -12 -31.1769
      vertex 16.7792 -12 -2.16506
      vertex 2 -12 -3.4641
    endloop
  endfacet
  facet normal 0 -1 0
    outer loop
      vertex 16.7792 -12 -2.16506
      vertex 21.9154 -12 -28.5607
      vertex 17.194 -12 -2.3097
    endloop
  endfacet
  facet normal -0 -1 0
    outer loop
      vertex 21.9154 -12 -28.5607
      vertex 16.7792 -12 -2.16506
      vertex 18 -12 -31.1769
    endloop
  endfacet
  facet normal 0 -1 0
    outer loop
      vertex -19.0085 -12 2.47861
      vertex -28.5607 -12 21.9154
      vertex -21.2737 -12 2.47861
    endloop
  endfacet
  facet normal 0 -1 0
    outer loop
      vertex -28.5607 -12 21.9154
      vertex -19.0085 -12 2.47861
      vertex -18.547 -12 2.5
    endloop
  endfacet
  facet normal 0 -1 0
    outer loop
      vertex -19.4621 -12 2.41481
      vertex -21.2737 -12 2.47861
      vertex -20.953 -12 2.41481
    endloop
  endfacet
  facet normal 0 -1 0
    outer loop
      vertex -21.2737 -12 2.47861
      vertex -19.4621 -12 2.41481
      vertex -19.0085 -12 2.47861
    endloop
  endfacet
  facet normal 0 -1 0
    outer loop
      vertex -19.9 -12 2.3097
      vertex -20.953 -12 2.41481
      vertex -20.6433 -12 2.3097
    endloop
  endfacet
  facet normal 0 -1 0
    outer loop
      vertex -20.953 -12 2.41481
      vertex -19.9 -12 2.3097
      vertex -19.4621 -12 2.41481
    endloop
  endfacet
  facet normal 0 -1 0
    outer loop
      vertex -20.3148 -12 2.16506
      vertex -20.6433 -12 2.3097
      vertex -20.35 -12 2.16506
    endloop
  endfacet
  facet normal 0 -1 0
    outer loop
      vertex -20.6433 -12 2.3097
      vertex -20.3148 -12 2.16506
      vertex -19.9 -12 2.3097
    endloop
  endfacet
  facet normal -0 -1 0
    outer loop
      vertex -20.3148 -12 2.16506
      vertex -20.35 -12 2.16506
      vertex -20.3354 -12 2.15532
    endloop
  endfacet
  facet normal 0 -1 0
    outer loop
      vertex 0 -12 4
      vertex 0 -12 36
      vertex -4.69894 -12 35.692
    endloop
  endfacet
  facet normal 0 -1 0
    outer loop
      vertex -0.522104 -12 3.96578
      vertex -4.69894 -12 35.692
      vertex -9.31748 -12 34.7733
    endloop
  endfacet
  facet normal 0 -1 0
    outer loop
      vertex 0 -12 36
      vertex 0 -12 4
      vertex 4.69894 -12 35.692
    endloop
  endfacet
  facet normal 0 -1 0
    outer loop
      vertex -1.03528 -12 3.8637
      vertex -9.31748 -12 34.7733
      vertex -13.7766 -12 33.2597
    endloop
  endfacet
  facet normal 0 -1 0
    outer loop
      vertex 0.522104 -12 3.96578
      vertex 4.69894 -12 35.692
      vertex 0 -12 4
    endloop
  endfacet
  facet normal 0 -1 0
    outer loop
      vertex -1.53073 -12 3.69552
      vertex -13.7766 -12 33.2597
      vertex -18 -12 31.1769
    endloop
  endfacet
  facet normal 0 -1 -0
    outer loop
      vertex 4.69894 -12 35.692
      vertex 0.522104 -12 3.96578
      vertex 9.31748 -12 34.7733
    endloop
  endfacet
  facet normal 0 -1 0
    outer loop
      vertex -16.7792 -12 2.16506
      vertex -18 -12 31.1769
      vertex -21.9154 -12 28.5607
    endloop
  endfacet
  facet normal 0 -1 0
    outer loop
      vertex 1.03528 -12 3.8637
      vertex 9.31748 -12 34.7733
      vertex 0.522104 -12 3.96578
    endloop
  endfacet
  facet normal 0 -1 0
    outer loop
      vertex -17.6319 -12 2.41481
      vertex -21.9154 -12 28.5607
      vertex -25.4558 -12 25.4558
    endloop
  endfacet
  facet normal 0 -1 -0
    outer loop
      vertex 9.31748 -12 34.7733
      vertex 1.03528 -12 3.8637
      vertex 13.7766 -12 33.2597
    endloop
  endfacet
  facet normal 0 -1 0
    outer loop
      vertex -18.0855 -12 2.47861
      vertex -25.4558 -12 25.4558
      vertex -28.5607 -12 21.9154
    endloop
  endfacet
  facet normal 0 -1 0
    outer loop
      vertex 1.53073 -12 3.69552
      vertex 13.7766 -12 33.2597
      vertex 1.03528 -12 3.8637
    endloop
  endfacet
  facet normal 0 -1 0
    outer loop
      vertex -21.6 -12 2.5
      vertex -28.5607 -12 21.9154
      vertex -31.1769 -12 18
    endloop
  endfacet
  facet normal 0 -1 -0
    outer loop
      vertex 13.7766 -12 33.2597
      vertex 1.53073 -12 3.69552
      vertex 18 -12 31.1769
    endloop
  endfacet
  facet normal 0 -1 0
    outer loop
      vertex -21.9263 -12 2.47861
      vertex -31.1769 -12 18
      vertex -33.2597 -12 13.7766
    endloop
  endfacet
  facet normal 0 -1 0
    outer loop
      vertex 2 -12 3.4641
      vertex 18 -12 31.1769
      vertex 1.53073 -12 3.69552
    endloop
  endfacet
  facet normal 0 -1 0
    outer loop
      vertex -22.85 -12 2.16506
      vertex -33.2597 -12 13.7766
      vertex -34.7733 -12 9.31748
    endloop
  endfacet
  facet normal 0 -1 0
    outer loop
      vertex 18.0855 -12 2.47861
      vertex 18 -12 31.1769
      vertex 2 -12 3.4641
    endloop
  endfacet
  facet normal 0 -1 0
    outer loop
      vertex -23.5834 -12 1.5219
      vertex -34.7733 -12 9.31748
      vertex -35.692 -12 4.69894
    endloop
  endfacet
  facet normal 0 -1 0
    outer loop
      vertex 18 -12 31.1769
      vertex 18.0855 -12 2.47861
      vertex 21.9154 -12 28.5607
    endloop
  endfacet
  facet normal 0 -1 0
    outer loop
      vertex 18.0855 -12 2.47861
      vertex 25.4558 -12 25.4558
      vertex 21.9154 -12 28.5607
    endloop
  endfacet
  facet normal 0 -1 0
    outer loop
      vertex -4.69894 -12 35.692
      vertex -0.522104 -12 3.96578
      vertex 0 -12 4
    endloop
  endfacet
  facet normal 0 -1 0
    outer loop
      vertex -28.5607 -12 21.9154
      vertex -18.547 -12 2.5
      vertex -18.0855 -12 2.47861
    endloop
  endfacet
  facet normal 0 -1 0
    outer loop
      vertex -9.31748 -12 34.7733
      vertex -1.03528 -12 3.8637
      vertex -0.522104 -12 3.96578
    endloop
  endfacet
  facet normal 0 -1 0
    outer loop
      vertex -25.4558 -12 25.4558
      vertex -18.0855 -12 2.47861
      vertex -17.6319 -12 2.41481
    endloop
  endfacet
  facet normal 0 -1 0
    outer loop
      vertex -21.9154 -12 28.5607
      vertex -17.6319 -12 2.41481
      vertex -17.194 -12 2.3097
    endloop
  endfacet
  facet normal 0 -1 0
    outer loop
      vertex -13.7766 -12 33.2597
      vertex -1.53073 -12 3.69552
      vertex -1.03528 -12 3.8637
    endloop
  endfacet
  facet normal 0 -1 0
    outer loop
      vertex -21.2737 -12 2.47861
      vertex -28.5607 -12 21.9154
      vertex -21.6 -12 2.5
    endloop
  endfacet
  facet normal 0 -1 0
    outer loop
      vertex -31.1769 -12 18
      vertex -21.9263 -12 2.47861
      vertex -21.6 -12 2.5
    endloop
  endfacet
  facet normal 0 -1 0
    outer loop
      vertex -33.2597 -12 13.7766
      vertex -22.247 -12 2.41481
      vertex -21.9263 -12 2.47861
    endloop
  endfacet
  facet normal 0 -1 0
    outer loop
      vertex -33.2597 -12 13.7766
      vertex -22.5567 -12 2.3097
      vertex -22.247 -12 2.41481
    endloop
  endfacet
  facet normal 0 -1 0
    outer loop
      vertex -33.2597 -12 13.7766
      vertex -22.85 -12 2.16506
      vertex -22.5567 -12 2.3097
    endloop
  endfacet
  facet normal 0 -1 0
    outer loop
      vertex -34.7733 -12 9.31748
      vertex -23.1219 -12 1.98338
      vertex -22.85 -12 2.16506
    endloop
  endfacet
  facet normal 0 -1 0
    outer loop
      vertex -34.7733 -12 9.31748
      vertex -23.3678 -12 1.76777
      vertex -23.1219 -12 1.98338
    endloop
  endfacet
  facet normal 0 -1 0
    outer loop
      vertex -34.7733 -12 9.31748
      vertex -23.5834 -12 1.5219
      vertex -23.3678 -12 1.76777
    endloop
  endfacet
  facet normal 0 -1 0
    outer loop
      vertex -35.692 -12 4.69894
      vertex -23.7651 -12 1.25
      vertex -23.5834 -12 1.5219
    endloop
  endfacet
  facet normal 0 -1 0
    outer loop
      vertex -35.692 -12 4.69894
      vertex -23.9097 -12 0.956708
      vertex -23.7651 -12 1.25
    endloop
  endfacet
  facet normal 0 -1 0
    outer loop
      vertex -35.692 -12 4.69894
      vertex -24.0148 -12 0.647047
      vertex -23.9097 -12 0.956708
    endloop
  endfacet
  facet normal 0 -1 0
    outer loop
      vertex -36 -12 0
      vertex -24.0148 -12 0.647047
      vertex -35.692 -12 4.69894
    endloop
  endfacet
  facet normal 0 -1 0
    outer loop
      vertex -24.0148 -12 0.647047
      vertex -36 -12 0
      vertex -24.0786 -12 0.326315
    endloop
  endfacet
  facet normal 0 -1 0
    outer loop
      vertex -36 -12 0
      vertex -24.1 -12 0
      vertex -24.0786 -12 0.326315
    endloop
  endfacet
  facet normal 0 -1 0
    outer loop
      vertex -36 -12 0
      vertex -24.0786 -12 -0.326315
      vertex -24.1 -12 0
    endloop
  endfacet
  facet normal 0 -1 0
    outer loop
      vertex -36 -12 0
      vertex -24.0148 -12 -0.647047
      vertex -24.0786 -12 -0.326315
    endloop
  endfacet
  facet normal 0 -1 0
    outer loop
      vertex -35.692 -12 -4.69894
      vertex -24.0148 -12 -0.647047
      vertex -36 -12 0
    endloop
  endfacet
  facet normal 0 -1 -0
    outer loop
      vertex -24.0148 -12 -0.647047
      vertex -35.692 -12 -4.69894
      vertex -23.9097 -12 -0.956708
    endloop
  endfacet
  facet normal 0 -1 -0
    outer loop
      vertex -23.9097 -12 -0.956708
      vertex -35.692 -12 -4.69894
      vertex -23.7651 -12 -1.25
    endloop
  endfacet
  facet normal 0 -1 -0
    outer loop
      vertex -23.7651 -12 -1.25
      vertex -35.692 -12 -4.69894
      vertex -23.5834 -12 -1.5219
    endloop
  endfacet
  facet normal 0 -1 0
    outer loop
      vertex -34.7733 -12 -9.31748
      vertex -23.5834 -12 -1.5219
      vertex -35.692 -12 -4.69894
    endloop
  endfacet
  facet normal 0 -1 -0
    outer loop
      vertex -23.5834 -12 -1.5219
      vertex -34.7733 -12 -9.31748
      vertex -23.3678 -12 -1.76777
    endloop
  endfacet
  facet normal 0 -1 -0
    outer loop
      vertex -23.3678 -12 -1.76777
      vertex -34.7733 -12 -9.31748
      vertex -23.1219 -12 -1.98338
    endloop
  endfacet
  facet normal 0 -1 -0
    outer loop
      vertex -23.1219 -12 -1.98338
      vertex -34.7733 -12 -9.31748
      vertex -22.85 -12 -2.16506
    endloop
  endfacet
  facet normal 0 -1 0
    outer loop
      vertex -33.2597 -12 -13.7766
      vertex -22.85 -12 -2.16506
      vertex -34.7733 -12 -9.31748
    endloop
  endfacet
  facet normal 0 -1 -0
    outer loop
      vertex -19.0085 -12 -2.47861
      vertex -28.5607 -12 -21.9154
      vertex -18.547 -12 -2.5
    endloop
  endfacet
  facet normal 0 -1 0
    outer loop
      vertex -18.547 -12 -2.5
      vertex -2.43505 -12 -3.17341
      vertex -2.82843 -12 -2.82843
    endloop
  endfacet
  facet normal 0 -1 -0
    outer loop
      vertex -18.547 -12 -2.5
      vertex -21.9154 -12 -28.5607
      vertex -2.43505 -12 -3.17341
    endloop
  endfacet
  facet normal 0 -1 -0
    outer loop
      vertex -2.43505 -12 -3.17341
      vertex -21.9154 -12 -28.5607
      vertex -2 -12 -3.4641
    endloop
  endfacet
  facet normal 0 -1 0
    outer loop
      vertex -18 -12 -31.1769
      vertex -2 -12 -3.4641
      vertex -21.9154 -12 -28.5607
    endloop
  endfacet
  facet normal 0 -1 0
    outer loop
      vertex -31.1769 -12 -18
      vertex -21.6 -12 -2.5
      vertex -21.9263 -12 -2.47861
    endloop
  endfacet
  facet normal 0 -1 -0
    outer loop
      vertex -2 -12 -3.4641
      vertex -18 -12 -31.1769
      vertex -1.53073 -12 -3.69552
    endloop
  endfacet
  facet normal 0 -1 -0
    outer loop
      vertex -22.247 -12 -2.41481
      vertex -33.2597 -12 -13.7766
      vertex -21.9263 -12 -2.47861
    endloop
  endfacet
  facet normal 0 -1 -0
    outer loop
      vertex -22.5567 -12 -2.3097
      vertex -33.2597 -12 -13.7766
      vertex -22.247 -12 -2.41481
    endloop
  endfacet
  facet normal 0 -1 -0
    outer loop
      vertex -22.85 -12 -2.16506
      vertex -33.2597 -12 -13.7766
      vertex -22.5567 -12 -2.3097
    endloop
  endfacet
  facet normal 0 -1 0
    outer loop
      vertex 18.0855 -12 2.47861
      vertex 28.5607 -12 21.9154
      vertex 25.4558 -12 25.4558
    endloop
  endfacet
  facet normal 0 -1 0
    outer loop
      vertex 21.9263 -12 2.47861
      vertex 31.1769 -12 18
      vertex 21.6 -12 2.5
    endloop
  endfacet
  facet normal 0 -1 -0
    outer loop
      vertex 28.5607 -12 21.9154
      vertex 21.6 -12 2.5
      vertex 31.1769 -12 18
    endloop
  endfacet
  facet normal 0 -1 0
    outer loop
      vertex 19.0085 -12 2.47861
      vertex 28.5607 -12 21.9154
      vertex 18.547 -12 2.5
    endloop
  endfacet
  facet normal 0 -1 0
    outer loop
      vertex 18.0855 -12 2.47861
      vertex 2 -12 3.4641
      vertex 2.43505 -12 3.17341
    endloop
  endfacet
  facet normal 0 -1 0
    outer loop
      vertex 16.3947 -12 1.98338
      vertex 2.43505 -12 3.17341
      vertex 2.82843 -12 2.82843
    endloop
  endfacet
  facet normal 0 -1 -0
    outer loop
      vertex 31.1769 -12 18
      vertex 21.9263 -12 2.47861
      vertex 33.2597 -12 13.7766
    endloop
  endfacet
  facet normal 0 -1 0
    outer loop
      vertex 22.247 -12 2.41481
      vertex 33.2597 -12 13.7766
      vertex 21.9263 -12 2.47861
    endloop
  endfacet
  facet normal 0 -1 0
    outer loop
      vertex 22.5567 -12 2.3097
      vertex 33.2597 -12 13.7766
      vertex 22.247 -12 2.41481
    endloop
  endfacet
  facet normal 0 -1 0
    outer loop
      vertex 22.85 -12 2.16506
      vertex 33.2597 -12 13.7766
      vertex 22.5567 -12 2.3097
    endloop
  endfacet
  facet normal 0 -1 -0
    outer loop
      vertex 33.2597 -12 13.7766
      vertex 22.85 -12 2.16506
      vertex 34.7733 -12 9.31748
    endloop
  endfacet
  facet normal 0 -1 0
    outer loop
      vertex 23.1219 -12 1.98338
      vertex 34.7733 -12 9.31748
      vertex 22.85 -12 2.16506
    endloop
  endfacet
  facet normal 0 -1 0
    outer loop
      vertex 23.3678 -12 1.76777
      vertex 34.7733 -12 9.31748
      vertex 23.1219 -12 1.98338
    endloop
  endfacet
  facet normal 0 -1 0
    outer loop
      vertex 23.5834 -12 1.5219
      vertex 34.7733 -12 9.31748
      vertex 23.3678 -12 1.76777
    endloop
  endfacet
  facet normal 0 -1 -0
    outer loop
      vertex 34.7733 -12 9.31748
      vertex 23.5834 -12 1.5219
      vertex 35.692 -12 4.69894
    endloop
  endfacet
  facet normal 0 -1 0
    outer loop
      vertex 23.7651 -12 1.25
      vertex 35.692 -12 4.69894
      vertex 23.5834 -12 1.5219
    endloop
  endfacet
  facet normal 0 -1 0
    outer loop
      vertex 23.9097 -12 0.956708
      vertex 35.692 -12 4.69894
      vertex 23.7651 -12 1.25
    endloop
  endfacet
  facet normal 0 -1 0
    outer loop
      vertex 24.0148 -12 0.647047
      vertex 35.692 -12 4.69894
      vertex 23.9097 -12 0.956708
    endloop
  endfacet
  facet normal 0 -1 0
    outer loop
      vertex 36 -12 0
      vertex 24.0148 -12 0.647047
      vertex 24.0786 -12 0.326315
    endloop
  endfacet
  facet normal 0 -1 0
    outer loop
      vertex 36 -12 0
      vertex 24.0786 -12 0.326315
      vertex 24.1 -12 0
    endloop
  endfacet
  facet normal 0 -1 0
    outer loop
      vertex 24.0148 -12 0.647047
      vertex 36 -12 0
      vertex 35.692 -12 4.69894
    endloop
  endfacet
  facet normal 0 -1 0
    outer loop
      vertex 24.0786 -12 -0.326315
      vertex 36 -12 0
      vertex 24.1 -12 0
    endloop
  endfacet
  facet normal 0 -1 0
    outer loop
      vertex 24.0148 -12 -0.647047
      vertex 36 -12 0
      vertex 24.0786 -12 -0.326315
    endloop
  endfacet
  facet normal 0 -1 0
    outer loop
      vertex 35.692 -12 -4.69894
      vertex 24.0148 -12 -0.647047
      vertex 23.9097 -12 -0.956708
    endloop
  endfacet
  facet normal 0 -1 0
    outer loop
      vertex 35.692 -12 -4.69894
      vertex 23.9097 -12 -0.956708
      vertex 23.7651 -12 -1.25
    endloop
  endfacet
  facet normal 0 -1 0
    outer loop
      vertex 35.692 -12 -4.69894
      vertex 23.7651 -12 -1.25
      vertex 23.5834 -12 -1.5219
    endloop
  endfacet
  facet normal 0 -1 0
    outer loop
      vertex 34.7733 -12 -9.31748
      vertex 23.5834 -12 -1.5219
      vertex 23.3678 -12 -1.76777
    endloop
  endfacet
  facet normal 0 -1 0
    outer loop
      vertex 34.7733 -12 -9.31748
      vertex 23.3678 -12 -1.76777
      vertex 23.1219 -12 -1.98338
    endloop
  endfacet
  facet normal 0 -1 0
    outer loop
      vertex 34.7733 -12 -9.31748
      vertex 23.1219 -12 -1.98338
      vertex 22.85 -12 -2.16506
    endloop
  endfacet
  facet normal 0 -1 0
    outer loop
      vertex 33.2597 -12 -13.7766
      vertex 22.85 -12 -2.16506
      vertex 22.5567 -12 -2.3097
    endloop
  endfacet
  facet normal 0 -1 0
    outer loop
      vertex 33.2597 -12 -13.7766
      vertex 22.5567 -12 -2.3097
      vertex 22.247 -12 -2.41481
    endloop
  endfacet
  facet normal 0 -1 0
    outer loop
      vertex 33.2597 -12 -13.7766
      vertex 22.247 -12 -2.41481
      vertex 21.9263 -12 -2.47861
    endloop
  endfacet
  facet normal 0 -1 0
    outer loop
      vertex 17.6319 -12 -2.41481
      vertex 25.4558 -12 -25.4558
      vertex 18.0855 -12 -2.47861
    endloop
  endfacet
  facet normal 0 -1 0
    outer loop
      vertex 17.194 -12 -2.3097
      vertex 21.9154 -12 -28.5607
      vertex 17.6319 -12 -2.41481
    endloop
  endfacet
  facet normal 0 -1 0
    outer loop
      vertex 18 -12 -31.1769
      vertex 2 -12 -3.4641
      vertex 1.53073 -12 -3.69552
    endloop
  endfacet
  facet normal 0 -1 0
    outer loop
      vertex 13.7766 -12 -33.2597
      vertex 1.53073 -12 -3.69552
      vertex 1.03528 -12 -3.8637
    endloop
  endfacet
  facet normal -0 -1 0
    outer loop
      vertex 28.5607 -12 -21.9154
      vertex 18.0855 -12 -2.47861
      vertex 25.4558 -12 -25.4558
    endloop
  endfacet
  facet normal 0 -1 0
    outer loop
      vertex 9.31748 -12 -34.7733
      vertex 1.03528 -12 -3.8637
      vertex 0.522104 -12 -3.96578
    endloop
  endfacet
  facet normal 0 -1 0
    outer loop
      vertex 24.0148 -12 -0.647047
      vertex 35.692 -12 -4.69894
      vertex 36 -12 0
    endloop
  endfacet
  facet normal 0 -1 0
    outer loop
      vertex 18.0855 -12 -2.47861
      vertex 28.5607 -12 -21.9154
      vertex 18.547 -12 -2.5
    endloop
  endfacet
  facet normal 0 -1 0
    outer loop
      vertex 4.69894 -12 -35.692
      vertex 0.522104 -12 -3.96578
      vertex 0 -12 -4
    endloop
  endfacet
  facet normal 0 -1 0
    outer loop
      vertex -31.1769 -12 -18
      vertex -21.9263 -12 -2.47861
      vertex -33.2597 -12 -13.7766
    endloop
  endfacet
  facet normal 0 -1 0
    outer loop
      vertex -21.6 -12 -2.5
      vertex -31.1769 -12 -18
      vertex -28.5607 -12 -21.9154
    endloop
  endfacet
  facet normal 0 -1 0
    outer loop
      vertex 23.5834 -12 -1.5219
      vertex 34.7733 -12 -9.31748
      vertex 35.692 -12 -4.69894
    endloop
  endfacet
  facet normal 0 -1 0
    outer loop
      vertex -18.547 -12 -2.5
      vertex -28.5607 -12 -21.9154
      vertex -25.4558 -12 -25.4558
    endloop
  endfacet
  facet normal 0 -1 0
    outer loop
      vertex 22.85 -12 -2.16506
      vertex 33.2597 -12 -13.7766
      vertex 34.7733 -12 -9.31748
    endloop
  endfacet
  facet normal 0 -1 0
    outer loop
      vertex -18.547 -12 -2.5
      vertex -25.4558 -12 -25.4558
      vertex -21.9154 -12 -28.5607
    endloop
  endfacet
  facet normal 0 -1 0
    outer loop
      vertex 21.9263 -12 -2.47861
      vertex 31.1769 -12 -18
      vertex 33.2597 -12 -13.7766
    endloop
  endfacet
  facet normal 0 -1 0
    outer loop
      vertex -13.7766 -12 -33.2597
      vertex -1.53073 -12 -3.69552
      vertex -18 -12 -31.1769
    endloop
  endfacet
  facet normal 0 -1 0
    outer loop
      vertex 21.6 -12 -2.5
      vertex 31.1769 -12 -18
      vertex 21.9263 -12 -2.47861
    endloop
  endfacet
  facet normal 0 -1 -0
    outer loop
      vertex -1.53073 -12 -3.69552
      vertex -13.7766 -12 -33.2597
      vertex -1.03528 -12 -3.8637
    endloop
  endfacet
  facet normal -0 -1 0
    outer loop
      vertex 31.1769 -12 -18
      vertex 21.6 -12 -2.5
      vertex 28.5607 -12 -21.9154
    endloop
  endfacet
  facet normal 0 -1 0
    outer loop
      vertex -9.31748 -12 -34.7733
      vertex -1.03528 -12 -3.8637
      vertex -13.7766 -12 -33.2597
    endloop
  endfacet
  facet normal 0 -1 0
    outer loop
      vertex 18.547 -12 -2.5
      vertex 28.5607 -12 -21.9154
      vertex 21.6 -12 -2.5
    endloop
  endfacet
  facet normal 0 -1 -0
    outer loop
      vertex -1.03528 -12 -3.8637
      vertex -9.31748 -12 -34.7733
      vertex -0.522104 -12 -3.96578
    endloop
  endfacet
  facet normal -0 -1 0
    outer loop
      vertex 25.4558 -12 -25.4558
      vertex 17.6319 -12 -2.41481
      vertex 21.9154 -12 -28.5607
    endloop
  endfacet
  facet normal 0 -1 0
    outer loop
      vertex -4.69894 -12 -35.692
      vertex -0.522104 -12 -3.96578
      vertex -9.31748 -12 -34.7733
    endloop
  endfacet
  facet normal 0 -1 0
    outer loop
      vertex 1.53073 -12 -3.69552
      vertex 13.7766 -12 -33.2597
      vertex 18 -12 -31.1769
    endloop
  endfacet
  facet normal 0 -1 -0
    outer loop
      vertex -0.522104 -12 -3.96578
      vertex -4.69894 -12 -35.692
      vertex 0 -12 -4
    endloop
  endfacet
  facet normal 0 -1 0
    outer loop
      vertex 1.03528 -12 -3.8637
      vertex 9.31748 -12 -34.7733
      vertex 13.7766 -12 -33.2597
    endloop
  endfacet
  facet normal 0 -1 0
    outer loop
      vertex 0 -12 -36
      vertex 0 -12 -4
      vertex -4.69894 -12 -35.692
    endloop
  endfacet
  facet normal 0 -1 0
    outer loop
      vertex 0.522104 -12 -3.96578
      vertex 4.69894 -12 -35.692
      vertex 9.31748 -12 -34.7733
    endloop
  endfacet
  facet normal 0 -1 0
    outer loop
      vertex 0 -12 -4
      vertex 0 -12 -36
      vertex 4.69894 -12 -35.692
    endloop
  endfacet
  facet normal 0 -1 0
    outer loop
      vertex -21.9154 -12 28.5607
      vertex -17.194 -12 2.3097
      vertex -16.7792 -12 2.16506
    endloop
  endfacet
  facet normal 0 -1 0
    outer loop
      vertex -18 -12 31.1769
      vertex -2 -12 3.4641
      vertex -1.53073 -12 3.69552
    endloop
  endfacet
  facet normal 0 -1 0
    outer loop
      vertex -18 -12 31.1769
      vertex -16.7792 -12 2.16506
      vertex -2 -12 3.4641
    endloop
  endfacet
  facet normal 0 -1 0
    outer loop
      vertex -2 -12 3.4641
      vertex -16.7792 -12 2.16506
      vertex -2.43505 -12 3.17341
    endloop
  endfacet
  facet normal 0 -1 0
    outer loop
      vertex -16.3947 -12 1.98338
      vertex -2.43505 -12 3.17341
      vertex -16.7792 -12 2.16506
    endloop
  endfacet
  facet normal 0 -1 0
    outer loop
      vertex -2.43505 -12 3.17341
      vertex -16.3947 -12 1.98338
      vertex -2.82843 -12 2.82843
    endloop
  endfacet
  facet normal 0 -1 0
    outer loop
      vertex -16.047 -12 1.76777
      vertex -2.82843 -12 2.82843
      vertex -16.3947 -12 1.98338
    endloop
  endfacet
  facet normal 0 -1 0
    outer loop
      vertex -15.7421 -12 1.5219
      vertex -2.82843 -12 2.82843
      vertex -16.047 -12 1.76777
    endloop
  endfacet
  facet normal 0 -1 0
    outer loop
      vertex -2.82843 -12 2.82843
      vertex -15.7421 -12 1.5219
      vertex -3.17341 -12 2.43505
    endloop
  endfacet
  facet normal 0 -1 0
    outer loop
      vertex -15.4851 -12 1.25
      vertex -3.17341 -12 2.43505
      vertex -15.7421 -12 1.5219
    endloop
  endfacet
  facet normal 0 -1 0
    outer loop
      vertex -3.17341 -12 2.43505
      vertex -15.4851 -12 1.25
      vertex -3.4641 -12 2
    endloop
  endfacet
  facet normal 0 -1 0
    outer loop
      vertex -15.2806 -12 0.956708
      vertex -3.4641 -12 2
      vertex -15.4851 -12 1.25
    endloop
  endfacet
  facet normal 0 -1 0
    outer loop
      vertex -3.4641 -12 2
      vertex -15.2806 -12 0.956708
      vertex -3.69552 -12 1.53073
    endloop
  endfacet
  facet normal 0 -1 0
    outer loop
      vertex -15.1319 -12 0.647047
      vertex -3.69552 -12 1.53073
      vertex -15.2806 -12 0.956708
    endloop
  endfacet
  facet normal 0 -1 0
    outer loop
      vertex -3.69552 -12 1.53073
      vertex -15.1319 -12 0.647047
      vertex -3.8637 -12 1.03528
    endloop
  endfacet
  facet normal 0 -1 0
    outer loop
      vertex -15.0417 -12 0.326315
      vertex -3.8637 -12 1.03528
      vertex -15.1319 -12 0.647047
    endloop
  endfacet
  facet normal 0 -1 0
    outer loop
      vertex -3.8637 -12 1.03528
      vertex -15.0417 -12 0.326315
      vertex -3.96578 -12 0.522104
    endloop
  endfacet
  facet normal 0 -1 0
    outer loop
      vertex -15.0115 -12 0
      vertex -3.96578 -12 0.522104
      vertex -15.0417 -12 0.326315
    endloop
  endfacet
  facet normal 0 -1 0
    outer loop
      vertex -15.0115 -12 0
      vertex -4 -12 0
      vertex -3.96578 -12 0.522104
    endloop
  endfacet
  facet normal 0 -1 0
    outer loop
      vertex -15.0417 -12 -0.326315
      vertex -4 -12 0
      vertex -15.0115 -12 0
    endloop
  endfacet
  facet normal 0 -1 0
    outer loop
      vertex -15.0417 -12 -0.326315
      vertex -3.96578 -12 -0.522104
      vertex -4 -12 0
    endloop
  endfacet
  facet normal 0 -1 0
    outer loop
      vertex -3.8637 -12 -1.03528
      vertex -15.0417 -12 -0.326315
      vertex -15.1319 -12 -0.647047
    endloop
  endfacet
  facet normal 0 -1 0
    outer loop
      vertex -3.69552 -12 -1.53073
      vertex -15.1319 -12 -0.647047
      vertex -15.2806 -12 -0.956708
    endloop
  endfacet
  facet normal 0 -1 0
    outer loop
      vertex -15.0417 -12 -0.326315
      vertex -3.8637 -12 -1.03528
      vertex -3.96578 -12 -0.522104
    endloop
  endfacet
  facet normal 0 -1 0
    outer loop
      vertex -3.4641 -12 -2
      vertex -15.2806 -12 -0.956708
      vertex -15.4851 -12 -1.25
    endloop
  endfacet
  facet normal 0 -1 0
    outer loop
      vertex -3.17341 -12 -2.43505
      vertex -15.4851 -12 -1.25
      vertex -15.7421 -12 -1.5219
    endloop
  endfacet
  facet normal 0 -1 0
    outer loop
      vertex -15.1319 -12 -0.647047
      vertex -3.69552 -12 -1.53073
      vertex -3.8637 -12 -1.03528
    endloop
  endfacet
  facet normal 0 -1 0
    outer loop
      vertex -2.82843 -12 -2.82843
      vertex -15.7421 -12 -1.5219
      vertex -16.047 -12 -1.76777
    endloop
  endfacet
  facet normal 0 -1 0
    outer loop
      vertex -2.82843 -12 -2.82843
      vertex -16.047 -12 -1.76777
      vertex -16.3947 -12 -1.98338
    endloop
  endfacet
  facet normal 0 -1 0
    outer loop
      vertex -15.2806 -12 -0.956708
      vertex -3.4641 -12 -2
      vertex -3.69552 -12 -1.53073
    endloop
  endfacet
  facet normal 0 -1 0
    outer loop
      vertex -2.82843 -12 -2.82843
      vertex -16.3947 -12 -1.98338
      vertex -16.7792 -12 -2.16506
    endloop
  endfacet
  facet normal 0 -1 0
    outer loop
      vertex -2.82843 -12 -2.82843
      vertex -16.7792 -12 -2.16506
      vertex -17.194 -12 -2.3097
    endloop
  endfacet
  facet normal 0 -1 0
    outer loop
      vertex -2.82843 -12 -2.82843
      vertex -17.194 -12 -2.3097
      vertex -17.6319 -12 -2.41481
    endloop
  endfacet
  facet normal 0 -1 0
    outer loop
      vertex -15.4851 -12 -1.25
      vertex -3.17341 -12 -2.43505
      vertex -3.4641 -12 -2
    endloop
  endfacet
  facet normal 0 -1 0
    outer loop
      vertex -2.82843 -12 -2.82843
      vertex -17.6319 -12 -2.41481
      vertex -18.0855 -12 -2.47861
    endloop
  endfacet
  facet normal 0 -1 0
    outer loop
      vertex -2.82843 -12 -2.82843
      vertex -18.0855 -12 -2.47861
      vertex -18.547 -12 -2.5
    endloop
  endfacet
  facet normal 0 -1 0
    outer loop
      vertex -15.7421 -12 -1.5219
      vertex -2.82843 -12 -2.82843
      vertex -3.17341 -12 -2.43505
    endloop
  endfacet
  facet normal 0 -1 0
    outer loop
      vertex -20.35 -12 -2.16506
      vertex -20.3148 -12 -2.16506
      vertex -20.3354 -12 -2.15532
    endloop
  endfacet
  facet normal 0 -1 0
    outer loop
      vertex -20.6433 -12 -2.3097
      vertex -20.3148 -12 -2.16506
      vertex -20.35 -12 -2.16506
    endloop
  endfacet
  facet normal 0 -1 0
    outer loop
      vertex -20.6433 -12 -2.3097
      vertex -19.9 -12 -2.3097
      vertex -20.3148 -12 -2.16506
    endloop
  endfacet
  facet normal 0 -1 0
    outer loop
      vertex -20.953 -12 -2.41481
      vertex -19.9 -12 -2.3097
      vertex -20.6433 -12 -2.3097
    endloop
  endfacet
  facet normal 0 -1 0
    outer loop
      vertex -20.953 -12 -2.41481
      vertex -19.4621 -12 -2.41481
      vertex -19.9 -12 -2.3097
    endloop
  endfacet
  facet normal 0 -1 0
    outer loop
      vertex -21.2737 -12 -2.47861
      vertex -19.4621 -12 -2.41481
      vertex -20.953 -12 -2.41481
    endloop
  endfacet
  facet normal 0 -1 0
    outer loop
      vertex -21.2737 -12 -2.47861
      vertex -19.0085 -12 -2.47861
      vertex -19.4621 -12 -2.41481
    endloop
  endfacet
  facet normal 0 -1 0
    outer loop
      vertex -28.5607 -12 -21.9154
      vertex -21.2737 -12 -2.47861
      vertex -21.6 -12 -2.5
    endloop
  endfacet
  facet normal 0 -1 -0
    outer loop
      vertex -21.2737 -12 -2.47861
      vertex -28.5607 -12 -21.9154
      vertex -19.0085 -12 -2.47861
    endloop
  endfacet
  facet normal 0 -1 0
    outer loop
      vertex 20.3148 -12 -2.16506
      vertex 20.35 -12 -2.16506
      vertex 20.3354 -12 -2.15532
    endloop
  endfacet
  facet normal 0 -1 0
    outer loop
      vertex 20.6433 -12 -2.3097
      vertex 20.3148 -12 -2.16506
      vertex 19.9 -12 -2.3097
    endloop
  endfacet
  facet normal 0 -1 0
    outer loop
      vertex 20.3148 -12 -2.16506
      vertex 20.6433 -12 -2.3097
      vertex 20.35 -12 -2.16506
    endloop
  endfacet
  facet normal 0 -1 0
    outer loop
      vertex 20.953 -12 -2.41481
      vertex 19.9 -12 -2.3097
      vertex 19.4621 -12 -2.41481
    endloop
  endfacet
  facet normal 0 -1 0
    outer loop
      vertex 19.9 -12 -2.3097
      vertex 20.953 -12 -2.41481
      vertex 20.6433 -12 -2.3097
    endloop
  endfacet
  facet normal 0 -1 0
    outer loop
      vertex 21.2737 -12 -2.47861
      vertex 19.4621 -12 -2.41481
      vertex 19.0085 -12 -2.47861
    endloop
  endfacet
  facet normal 0 -1 0
    outer loop
      vertex 19.4621 -12 -2.41481
      vertex 21.2737 -12 -2.47861
      vertex 20.953 -12 -2.41481
    endloop
  endfacet
  facet normal 0 -1 0
    outer loop
      vertex 21.6 -12 -2.5
      vertex 19.0085 -12 -2.47861
      vertex 18.547 -12 -2.5
    endloop
  endfacet
  facet normal 0 -1 0
    outer loop
      vertex 19.0085 -12 -2.47861
      vertex 21.6 -12 -2.5
      vertex 21.2737 -12 -2.47861
    endloop
  endfacet
  facet normal -0.195093 0 -0.980785
    outer loop
      vertex -9.31748 -12 -34.7733
      vertex -4.69894 12 -35.692
      vertex -4.69894 -12 -35.692
    endloop
  endfacet
  facet normal -0.195093 0 -0.980785
    outer loop
      vertex -4.69894 12 -35.692
      vertex -9.31748 -12 -34.7733
      vertex -9.31748 12 -34.7733
    endloop
  endfacet
  facet normal -0.0654063 0 -0.997859
    outer loop
      vertex -4.69894 -12 -35.692
      vertex 0 12 -36
      vertex 0 -12 -36
    endloop
  endfacet
  facet normal -0.0654063 0 -0.997859
    outer loop
      vertex 0 12 -36
      vertex -4.69894 -12 -35.692
      vertex -4.69894 12 -35.692
    endloop
  endfacet
  facet normal 0.659352 0 -0.751834
    outer loop
      vertex 21.9154 -12 -28.5607
      vertex 25.4558 12 -25.4558
      vertex 25.4558 -12 -25.4558
    endloop
  endfacet
  facet normal 0.659352 0 -0.751834
    outer loop
      vertex 25.4558 12 -25.4558
      vertex 21.9154 -12 -28.5607
      vertex 21.9154 12 -28.5607
    endloop
  endfacet
  facet normal -0.831468 0 0.555572
    outer loop
      vertex -31.1769 -12 18
      vertex -28.5607 12 21.9154
      vertex -31.1769 12 18
    endloop
  endfacet
  facet normal -0.831468 0 0.555572
    outer loop
      vertex -28.5607 12 21.9154
      vertex -31.1769 -12 18
      vertex -28.5607 -12 21.9154
    endloop
  endfacet
  facet normal -0.751834 0 0.659352
    outer loop
      vertex -28.5607 -12 21.9154
      vertex -25.4558 12 25.4558
      vertex -28.5607 12 21.9154
    endloop
  endfacet
  facet normal -0.751834 0 0.659352
    outer loop
      vertex -25.4558 12 25.4558
      vertex -28.5607 -12 21.9154
      vertex -25.4558 -12 25.4558
    endloop
  endfacet
  facet normal -0.980784 0 -0.195096
    outer loop
      vertex 3.96578 -12 0.522104
      vertex 3.8637 12 1.03528
      vertex 3.96578 12 0.522104
    endloop
  endfacet
  facet normal -0.980784 -0 -0.195096
    outer loop
      vertex 3.8637 12 1.03528
      vertex 3.96578 -12 0.522104
      vertex 3.8637 -12 1.03528
    endloop
  endfacet
  facet normal -0.997859 0 -0.0654022
    outer loop
      vertex 4 -12 0
      vertex 3.96578 12 0.522104
      vertex 4 12 0
    endloop
  endfacet
  facet normal -0.997859 -0 -0.0654022
    outer loop
      vertex 3.96578 12 0.522104
      vertex 4 -12 0
      vertex 3.96578 -12 0.522104
    endloop
  endfacet
  facet normal 0.896871 0 -0.442291
    outer loop
      vertex -3.4641 -12 2
      vertex -3.69552 12 1.53073
      vertex -3.4641 12 2
    endloop
  endfacet
  facet normal 0.896871 0 -0.442291
    outer loop
      vertex -3.69552 12 1.53073
      vertex -3.4641 -12 2
      vertex -3.69552 -12 1.53073
    endloop
  endfacet
  facet normal -0.442291 0 -0.896871
    outer loop
      vertex 1.53073 -12 3.69552
      vertex 2 12 3.4641
      vertex 2 -12 3.4641
    endloop
  endfacet
  facet normal -0.442291 0 -0.896871
    outer loop
      vertex 2 12 3.4641
      vertex 1.53073 -12 3.69552
      vertex 1.53073 12 3.69552
    endloop
  endfacet
  facet normal 0.0654022 0 -0.997859
    outer loop
      vertex -0.522104 -12 3.96578
      vertex 0 12 4
      vertex 0 -12 4
    endloop
  endfacet
  facet normal 0.0654022 0 -0.997859
    outer loop
      vertex 0 12 4
      vertex -0.522104 -12 3.96578
      vertex -0.522104 12 3.96578
    endloop
  endfacet
  facet normal -0.831471 0 -0.555569
    outer loop
      vertex 3.4641 -12 2
      vertex 3.17341 12 2.43505
      vertex 3.4641 12 2
    endloop
  endfacet
  facet normal -0.831471 -0 -0.555569
    outer loop
      vertex 3.17341 12 2.43505
      vertex 3.4641 -12 2
      vertex 3.17341 -12 2.43505
    endloop
  endfacet
  facet normal 0.65934 0 -0.751845
    outer loop
      vertex -2.82843 -12 2.82843
      vertex -2.43505 12 3.17341
      vertex -2.43505 -12 3.17341
    endloop
  endfacet
  facet normal 0.65934 0 -0.751845
    outer loop
      vertex -2.43505 12 3.17341
      vertex -2.82843 -12 2.82843
      vertex -2.82843 12 2.82843
    endloop
  endfacet
  facet normal -0.751845 0 -0.65934
    outer loop
      vertex 3.17341 -12 2.43505
      vertex 2.82843 12 2.82843
      vertex 3.17341 12 2.43505
    endloop
  endfacet
  facet normal -0.751845 -0 -0.65934
    outer loop
      vertex 2.82843 12 2.82843
      vertex 3.17341 -12 2.43505
      vertex 2.82843 -12 2.82843
    endloop
  endfacet
  facet normal 0.442291 0 0.896871
    outer loop
      vertex -2 12 -3.4641
      vertex -1.53073 -12 -3.69552
      vertex -1.53073 12 -3.69552
    endloop
  endfacet
  facet normal 0.442291 0 0.896871
    outer loop
      vertex -1.53073 -12 -3.69552
      vertex -2 12 -3.4641
      vertex -2 -12 -3.4641
    endloop
  endfacet
  facet normal -0.946932 0 -0.321435
    outer loop
      vertex 3.8637 -12 1.03528
      vertex 3.69552 12 1.53073
      vertex 3.8637 12 1.03528
    endloop
  endfacet
  facet normal -0.946932 -0 -0.321435
    outer loop
      vertex 3.69552 12 1.53073
      vertex 3.8637 -12 1.03528
      vertex 3.69552 -12 1.53073
    endloop
  endfacet
  facet normal 0.0654022 0 0.997859
    outer loop
      vertex -0.522104 12 -3.96578
      vertex 0 -12 -4
      vertex 0 12 -4
    endloop
  endfacet
  facet normal 0.0654022 0 0.997859
    outer loop
      vertex 0 -12 -4
      vertex -0.522104 12 -3.96578
      vertex -0.522104 -12 -3.96578
    endloop
  endfacet
  facet normal 0.555569 0 0.831471
    outer loop
      vertex -2.43505 12 -3.17341
      vertex -2 -12 -3.4641
      vertex -2 12 -3.4641
    endloop
  endfacet
  facet normal 0.555569 0 0.831471
    outer loop
      vertex -2 -12 -3.4641
      vertex -2.43505 12 -3.17341
      vertex -2.43505 -12 -3.17341
    endloop
  endfacet
  facet normal 0.751845 -0 0.65934
    outer loop
      vertex -3.17341 -12 -2.43505
      vertex -2.82843 12 -2.82843
      vertex -3.17341 12 -2.43505
    endloop
  endfacet
  facet normal 0.751845 0 0.65934
    outer loop
      vertex -2.82843 12 -2.82843
      vertex -3.17341 -12 -2.43505
      vertex -2.82843 -12 -2.82843
    endloop
  endfacet
  facet normal 0.442291 0 -0.896871
    outer loop
      vertex -2 -12 3.4641
      vertex -1.53073 12 3.69552
      vertex -1.53073 -12 3.69552
    endloop
  endfacet
  facet normal 0.442291 0 -0.896871
    outer loop
      vertex -1.53073 12 3.69552
      vertex -2 -12 3.4641
      vertex -2 12 3.4641
    endloop
  endfacet
  facet normal -0.896871 0 -0.442291
    outer loop
      vertex 3.69552 -12 1.53073
      vertex 3.4641 12 2
      vertex 3.69552 12 1.53073
    endloop
  endfacet
  facet normal -0.896871 -0 -0.442291
    outer loop
      vertex 3.4641 12 2
      vertex 3.69552 -12 1.53073
      vertex 3.4641 -12 2
    endloop
  endfacet
  facet normal 0.321435 0 0.946932
    outer loop
      vertex -1.53073 12 -3.69552
      vertex -1.03528 -12 -3.8637
      vertex -1.03528 12 -3.8637
    endloop
  endfacet
  facet normal 0.321435 0 0.946932
    outer loop
      vertex -1.03528 -12 -3.8637
      vertex -1.53073 12 -3.69552
      vertex -1.53073 -12 -3.69552
    endloop
  endfacet
  facet normal -0.980784 0 0.195096
    outer loop
      vertex 3.8637 -12 -1.03528
      vertex 3.96578 12 -0.522104
      vertex 3.8637 12 -1.03528
    endloop
  endfacet
  facet normal -0.980784 0 0.195096
    outer loop
      vertex 3.96578 12 -0.522104
      vertex 3.8637 -12 -1.03528
      vertex 3.96578 -12 -0.522104
    endloop
  endfacet
  facet normal -0.555569 0 0.831471
    outer loop
      vertex 2 12 -3.4641
      vertex 2.43505 -12 -3.17341
      vertex 2.43505 12 -3.17341
    endloop
  endfacet
  facet normal -0.555569 0 0.831471
    outer loop
      vertex 2.43505 -12 -3.17341
      vertex 2 12 -3.4641
      vertex 2 -12 -3.4641
    endloop
  endfacet
  facet normal 0.980784 -0 0.195096
    outer loop
      vertex -3.96578 -12 -0.522104
      vertex -3.8637 12 -1.03528
      vertex -3.96578 12 -0.522104
    endloop
  endfacet
  facet normal 0.980784 0 0.195096
    outer loop
      vertex -3.8637 12 -1.03528
      vertex -3.96578 -12 -0.522104
      vertex -3.8637 -12 -1.03528
    endloop
  endfacet
  facet normal 0.321435 0 -0.946932
    outer loop
      vertex -1.53073 -12 3.69552
      vertex -1.03528 12 3.8637
      vertex -1.03528 -12 3.8637
    endloop
  endfacet
  facet normal 0.321435 0 -0.946932
    outer loop
      vertex -1.03528 12 3.8637
      vertex -1.53073 -12 3.69552
      vertex -1.53073 12 3.69552
    endloop
  endfacet
  facet normal 0.997859 -0 0.0654022
    outer loop
      vertex -4 -12 0
      vertex -3.96578 12 -0.522104
      vertex -4 12 0
    endloop
  endfacet
  facet normal 0.997859 0 0.0654022
    outer loop
      vertex -3.96578 12 -0.522104
      vertex -4 -12 0
      vertex -3.96578 -12 -0.522104
    endloop
  endfacet
  facet normal -0.195096 0 -0.980784
    outer loop
      vertex 0.522104 -12 3.96578
      vertex 1.03528 12 3.8637
      vertex 1.03528 -12 3.8637
    endloop
  endfacet
  facet normal -0.195096 0 -0.980784
    outer loop
      vertex 1.03528 12 3.8637
      vertex 0.522104 -12 3.96578
      vertex 0.522104 12 3.96578
    endloop
  endfacet
  facet normal 0.980784 0 -0.195096
    outer loop
      vertex -3.8637 -12 1.03528
      vertex -3.96578 12 0.522104
      vertex -3.8637 12 1.03528
    endloop
  endfacet
  facet normal 0.980784 0 -0.195096
    outer loop
      vertex -3.96578 12 0.522104
      vertex -3.8637 -12 1.03528
      vertex -3.96578 -12 0.522104
    endloop
  endfacet
  facet normal -0.195096 0 0.980784
    outer loop
      vertex 0.522104 12 -3.96578
      vertex 1.03528 -12 -3.8637
      vertex 1.03528 12 -3.8637
    endloop
  endfacet
  facet normal -0.195096 0 0.980784
    outer loop
      vertex 1.03528 -12 -3.8637
      vertex 0.522104 12 -3.96578
      vertex 0.522104 -12 -3.96578
    endloop
  endfacet
  facet normal -0.555569 0 -0.831471
    outer loop
      vertex 2 -12 3.4641
      vertex 2.43505 12 3.17341
      vertex 2.43505 -12 3.17341
    endloop
  endfacet
  facet normal -0.555569 0 -0.831471
    outer loop
      vertex 2.43505 12 3.17341
      vertex 2 -12 3.4641
      vertex 2 12 3.4641
    endloop
  endfacet
  facet normal 0.195096 0 0.980784
    outer loop
      vertex -1.03528 12 -3.8637
      vertex -0.522104 -12 -3.96578
      vertex -0.522104 12 -3.96578
    endloop
  endfacet
  facet normal 0.195096 0 0.980784
    outer loop
      vertex -0.522104 -12 -3.96578
      vertex -1.03528 12 -3.8637
      vertex -1.03528 -12 -3.8637
    endloop
  endfacet
  facet normal -0.946932 0 0.321435
    outer loop
      vertex 3.69552 -12 -1.53073
      vertex 3.8637 12 -1.03528
      vertex 3.69552 12 -1.53073
    endloop
  endfacet
  facet normal -0.946932 0 0.321435
    outer loop
      vertex 3.8637 12 -1.03528
      vertex 3.69552 -12 -1.53073
      vertex 3.8637 -12 -1.03528
    endloop
  endfacet
  facet normal -0.0654022 0 0.997859
    outer loop
      vertex 0 12 -4
      vertex 0.522104 -12 -3.96578
      vertex 0.522104 12 -3.96578
    endloop
  endfacet
  facet normal -0.0654022 0 0.997859
    outer loop
      vertex 0.522104 -12 -3.96578
      vertex 0 12 -4
      vertex 0 -12 -4
    endloop
  endfacet
  facet normal -0.321435 0 -0.946932
    outer loop
      vertex 1.03528 -12 3.8637
      vertex 1.53073 12 3.69552
      vertex 1.53073 -12 3.69552
    endloop
  endfacet
  facet normal -0.321435 0 -0.946932
    outer loop
      vertex 1.53073 12 3.69552
      vertex 1.03528 -12 3.8637
      vertex 1.03528 12 3.8637
    endloop
  endfacet
  facet normal 0.997859 0 -0.0654022
    outer loop
      vertex -3.96578 -12 0.522104
      vertex -4 12 0
      vertex -3.96578 12 0.522104
    endloop
  endfacet
  facet normal 0.997859 0 -0.0654022
    outer loop
      vertex -4 12 0
      vertex -3.96578 -12 0.522104
      vertex -4 -12 0
    endloop
  endfacet
  facet normal -0.0654022 0 -0.997859
    outer loop
      vertex 0 -12 4
      vertex 0.522104 12 3.96578
      vertex 0.522104 -12 3.96578
    endloop
  endfacet
  facet normal -0.0654022 0 -0.997859
    outer loop
      vertex 0.522104 12 3.96578
      vertex 0 -12 4
      vertex 0 12 4
    endloop
  endfacet
  facet normal -0.831471 0 0.555569
    outer loop
      vertex 3.17341 -12 -2.43505
      vertex 3.4641 12 -2
      vertex 3.17341 12 -2.43505
    endloop
  endfacet
  facet normal -0.831471 0 0.555569
    outer loop
      vertex 3.4641 12 -2
      vertex 3.17341 -12 -2.43505
      vertex 3.4641 -12 -2
    endloop
  endfacet
  facet normal -0.65934 0 -0.751845
    outer loop
      vertex 2.43505 -12 3.17341
      vertex 2.82843 12 2.82843
      vertex 2.82843 -12 2.82843
    endloop
  endfacet
  facet normal -0.65934 0 -0.751845
    outer loop
      vertex 2.82843 12 2.82843
      vertex 2.43505 -12 3.17341
      vertex 2.43505 12 3.17341
    endloop
  endfacet
  facet normal 0.65934 0 0.751845
    outer loop
      vertex -2.82843 12 -2.82843
      vertex -2.43505 -12 -3.17341
      vertex -2.43505 12 -3.17341
    endloop
  endfacet
  facet normal 0.65934 0 0.751845
    outer loop
      vertex -2.43505 -12 -3.17341
      vertex -2.82843 12 -2.82843
      vertex -2.82843 -12 -2.82843
    endloop
  endfacet
  facet normal 0.555569 0 -0.831471
    outer loop
      vertex -2.43505 -12 3.17341
      vertex -2 12 3.4641
      vertex -2 -12 3.4641
    endloop
  endfacet
  facet normal 0.555569 0 -0.831471
    outer loop
      vertex -2 12 3.4641
      vertex -2.43505 -12 3.17341
      vertex -2.43505 12 3.17341
    endloop
  endfacet
  facet normal -0.751845 0 0.65934
    outer loop
      vertex 2.82843 -12 -2.82843
      vertex 3.17341 12 -2.43505
      vertex 2.82843 12 -2.82843
    endloop
  endfacet
  facet normal -0.751845 0 0.65934
    outer loop
      vertex 3.17341 12 -2.43505
      vertex 2.82843 -12 -2.82843
      vertex 3.17341 -12 -2.43505
    endloop
  endfacet
  facet normal 0.195096 0 -0.980784
    outer loop
      vertex -1.03528 -12 3.8637
      vertex -0.522104 12 3.96578
      vertex -0.522104 -12 3.96578
    endloop
  endfacet
  facet normal 0.195096 0 -0.980784
    outer loop
      vertex -0.522104 12 3.96578
      vertex -1.03528 -12 3.8637
      vertex -1.03528 12 3.8637
    endloop
  endfacet
  facet normal -0.896871 0 0.442291
    outer loop
      vertex 3.4641 -12 -2
      vertex 3.69552 12 -1.53073
      vertex 3.4641 12 -2
    endloop
  endfacet
  facet normal -0.896871 0 0.442291
    outer loop
      vertex 3.69552 12 -1.53073
      vertex 3.4641 -12 -2
      vertex 3.69552 -12 -1.53073
    endloop
  endfacet
  facet normal 0.946932 0 -0.321435
    outer loop
      vertex -3.69552 -12 1.53073
      vertex -3.8637 12 1.03528
      vertex -3.69552 12 1.53073
    endloop
  endfacet
  facet normal 0.946932 0 -0.321435
    outer loop
      vertex -3.8637 12 1.03528
      vertex -3.69552 -12 1.53073
      vertex -3.8637 -12 1.03528
    endloop
  endfacet
  facet normal 0.946932 -0 0.321435
    outer loop
      vertex -3.8637 -12 -1.03528
      vertex -3.69552 12 -1.53073
      vertex -3.8637 12 -1.03528
    endloop
  endfacet
  facet normal 0.946932 0 0.321435
    outer loop
      vertex -3.69552 12 -1.53073
      vertex -3.8637 -12 -1.03528
      vertex -3.69552 -12 -1.53073
    endloop
  endfacet
  facet normal 0.831471 0 -0.555569
    outer loop
      vertex -3.17341 -12 2.43505
      vertex -3.4641 12 2
      vertex -3.17341 12 2.43505
    endloop
  endfacet
  facet normal 0.831471 0 -0.555569
    outer loop
      vertex -3.4641 12 2
      vertex -3.17341 -12 2.43505
      vertex -3.4641 -12 2
    endloop
  endfacet
  facet normal -0.442291 0 0.896871
    outer loop
      vertex 1.53073 12 -3.69552
      vertex 2 -12 -3.4641
      vertex 2 12 -3.4641
    endloop
  endfacet
  facet normal -0.442291 0 0.896871
    outer loop
      vertex 2 -12 -3.4641
      vertex 1.53073 12 -3.69552
      vertex 1.53073 -12 -3.69552
    endloop
  endfacet
  facet normal -0.321435 0 0.946932
    outer loop
      vertex 1.03528 12 -3.8637
      vertex 1.53073 -12 -3.69552
      vertex 1.53073 12 -3.69552
    endloop
  endfacet
  facet normal -0.321435 0 0.946932
    outer loop
      vertex 1.53073 -12 -3.69552
      vertex 1.03528 12 -3.8637
      vertex 1.03528 -12 -3.8637
    endloop
  endfacet
  facet normal 0.896871 -0 0.442291
    outer loop
      vertex -3.69552 -12 -1.53073
      vertex -3.4641 12 -2
      vertex -3.69552 12 -1.53073
    endloop
  endfacet
  facet normal 0.896871 0 0.442291
    outer loop
      vertex -3.4641 12 -2
      vertex -3.69552 -12 -1.53073
      vertex -3.4641 -12 -2
    endloop
  endfacet
  facet normal 0.751845 0 -0.65934
    outer loop
      vertex -2.82843 -12 2.82843
      vertex -3.17341 12 2.43505
      vertex -2.82843 12 2.82843
    endloop
  endfacet
  facet normal 0.751845 0 -0.65934
    outer loop
      vertex -3.17341 12 2.43505
      vertex -2.82843 -12 2.82843
      vertex -3.17341 -12 2.43505
    endloop
  endfacet
  facet normal -0.997859 0 0.0654022
    outer loop
      vertex 3.96578 -12 -0.522104
      vertex 4 12 0
      vertex 3.96578 12 -0.522104
    endloop
  endfacet
  facet normal -0.997859 0 0.0654022
    outer loop
      vertex 4 12 0
      vertex 3.96578 -12 -0.522104
      vertex 4 -12 0
    endloop
  endfacet
  facet normal -0.65934 0 0.751845
    outer loop
      vertex 2.43505 12 -3.17341
      vertex 2.82843 -12 -2.82843
      vertex 2.82843 12 -2.82843
    endloop
  endfacet
  facet normal -0.65934 0 0.751845
    outer loop
      vertex 2.82843 -12 -2.82843
      vertex 2.43505 12 -3.17341
      vertex 2.43505 -12 -3.17341
    endloop
  endfacet
  facet normal 0.831471 -0 0.555569
    outer loop
      vertex -3.4641 -12 -2
      vertex -3.17341 12 -2.43505
      vertex -3.4641 12 -2
    endloop
  endfacet
  facet normal 0.831471 0 0.555569
    outer loop
      vertex -3.17341 12 -2.43505
      vertex -3.4641 -12 -2
      vertex -3.17341 -12 -2.43505
    endloop
  endfacet
endsolid OpenSCAD_Model
