solid OpenSCAD_Model
  facet normal -0.980784 0 -0.195097
    outer loop
      vertex 21.0786 8.73105 0.326315
      vertex 21.0148 10 0.647047
      vertex 21.0786 10 0.326315
    endloop
  endfacet
  facet normal -0.980784 -0 -0.195097
    outer loop
      vertex 21.0148 10 0.647047
      vertex 21.0786 8.73105 0.326315
      vertex 21.0148 8.70462 0.647047
    endloop
  endfacet
  facet normal -0.980784 0 -0.195097
    outer loop
      vertex 21.0148 -10 0.647047
      vertex 21.0786 -8.73105 0.326315
      vertex 21.0786 -10 0.326315
    endloop
  endfacet
  facet normal -0.980784 0 -0.195097
    outer loop
      vertex 21.0786 -8.73105 0.326315
      vertex 21.0148 -10 0.647047
      vertex 21.0148 -8.70462 0.647047
    endloop
  endfacet
  facet normal -0.980784 0 -0.195097
    outer loop
      vertex 21.0786 4.10805 0.326315
      vertex 21.0148 -4.04425 0.647047
      vertex 21.0148 4.04425 0.647047
    endloop
  endfacet
  facet normal -0.980784 0 -0.195097
    outer loop
      vertex 21.0148 -4.04425 0.647047
      vertex 21.0786 4.10805 0.326315
      vertex 21.0786 -4.10805 0.326315
    endloop
  endfacet
  facet normal -0.997856 0 -0.0654402
    outer loop
      vertex 21.1 8.73991 0
      vertex 21.0786 10 0.326315
      vertex 21.1 10 0
    endloop
  endfacet
  facet normal -0.997856 -0 -0.0654402
    outer loop
      vertex 21.0786 10 0.326315
      vertex 21.1 8.73991 0
      vertex 21.0786 8.73105 0.326315
    endloop
  endfacet
  facet normal -0.997856 0 -0.0654402
    outer loop
      vertex 21.0786 -10 0.326315
      vertex 21.1 -8.73991 0
      vertex 21.1 -10 0
    endloop
  endfacet
  facet normal -0.997856 0 -0.0654402
    outer loop
      vertex 21.1 -8.73991 0
      vertex 21.0786 -10 0.326315
      vertex 21.0786 -8.73105 0.326315
    endloop
  endfacet
  facet normal -0.997856 0 -0.0654402
    outer loop
      vertex 21.1 4.12944 0
      vertex 21.0786 -4.10805 0.326315
      vertex 21.0786 4.10805 0.326315
    endloop
  endfacet
  facet normal -0.997856 0 -0.0654402
    outer loop
      vertex 21.0786 -4.10805 0.326315
      vertex 21.1 4.12944 0
      vertex 21.1 -4.12944 0
    endloop
  endfacet
  facet normal 0.831438 -0 0.555617
    outer loop
      vertex 16.4349 -6.80757 -1.25
      vertex 16.6166 6.88283 -1.5219
      vertex 16.4349 6.80757 -1.25
    endloop
  endfacet
  facet normal 0.831438 0 0.555617
    outer loop
      vertex 16.6166 6.88283 -1.5219
      vertex 16.4349 -6.80757 -1.25
      vertex 16.6166 -6.88283 -1.5219
    endloop
  endfacet
  facet normal 0.997856 -0 0.0654402
    outer loop
      vertex 16.1 -6.66884 0
      vertex 16.1214 6.6777 -0.326315
      vertex 16.1 6.66884 0
    endloop
  endfacet
  facet normal 0.997856 0 0.0654402
    outer loop
      vertex 16.1214 6.6777 -0.326315
      vertex 16.1 -6.66884 0
      vertex 16.1214 -6.6777 -0.326315
    endloop
  endfacet
  facet normal -0.659279 0 -0.751898
    outer loop
      vertex 20.1219 -4.03017 1.98338
      vertex 20.3678 3.43661 1.76777
      vertex 20.3678 -3.43661 1.76777
    endloop
  endfacet
  facet normal -0.659279 0 -0.751898
    outer loop
      vertex 20.3678 3.43661 1.76777
      vertex 20.1219 -4.03017 1.98338
      vertex 20.1219 4.03017 1.98338
    endloop
  endfacet
  facet normal -0.659279 -0 -0.751898
    outer loop
      vertex 20.1219 10 1.98338
      vertex 20.3678 8.43661 1.76777
      vertex 20.1219 8.33476 1.98338
    endloop
  endfacet
  facet normal -0.659279 0 -0.751898
    outer loop
      vertex 20.3678 8.43661 1.76777
      vertex 20.1219 10 1.98338
      vertex 20.3678 10 1.76777
    endloop
  endfacet
  facet normal -0.659279 0 -0.751898
    outer loop
      vertex 20.1219 -10 1.98338
      vertex 20.3678 -8.43661 1.76777
      vertex 20.3678 -10 1.76777
    endloop
  endfacet
  facet normal -0.659279 0 -0.751898
    outer loop
      vertex 20.3678 -8.43661 1.76777
      vertex 20.1219 -10 1.98338
      vertex 20.1219 -8.33476 1.98338
    endloop
  endfacet
  facet normal -0.831438 0 0.555617
    outer loop
      vertex 20.5834 10 -1.5219
      vertex 20.7651 8.60117 -1.25
      vertex 20.7651 10 -1.25
    endloop
  endfacet
  facet normal -0.831438 0 0.555617
    outer loop
      vertex 20.7651 8.60117 -1.25
      vertex 20.5834 10 -1.5219
      vertex 20.5834 8.52592 -1.5219
    endloop
  endfacet
  facet normal -0.831438 0 0.555617
    outer loop
      vertex 20.5834 -10 -1.5219
      vertex 20.7651 -8.60117 -1.25
      vertex 20.5834 -8.52592 -1.5219
    endloop
  endfacet
  facet normal -0.831438 0 0.555617
    outer loop
      vertex 20.7651 -8.60117 -1.25
      vertex 20.5834 -10 -1.5219
      vertex 20.7651 -10 -1.25
    endloop
  endfacet
  facet normal -0.831438 0 0.555617
    outer loop
      vertex 20.5834 -3.61282 -1.5219
      vertex 20.7651 3.7945 -1.25
      vertex 20.5834 3.61282 -1.5219
    endloop
  endfacet
  facet normal -0.831438 0 0.555617
    outer loop
      vertex 20.7651 3.7945 -1.25
      vertex 20.5834 -3.61282 -1.5219
      vertex 20.7651 -3.7945 -1.25
    endloop
  endfacet
  facet normal 0.896916 0 -0.442201
    outer loop
      vertex 16.4349 6.80757 1.25
      vertex 16.2903 -6.74766 0.956708
      vertex 16.2903 6.74766 0.956708
    endloop
  endfacet
  facet normal 0.896916 0 -0.442201
    outer loop
      vertex 16.2903 -6.74766 0.956708
      vertex 16.4349 6.80757 1.25
      vertex 16.4349 -6.80757 1.25
    endloop
  endfacet
  facet normal -0.946945 0 -0.321396
    outer loop
      vertex 21.0148 8.70462 0.647047
      vertex 20.9097 10 0.956708
      vertex 21.0148 10 0.647047
    endloop
  endfacet
  facet normal -0.946945 -0 -0.321396
    outer loop
      vertex 20.9097 10 0.956708
      vertex 21.0148 8.70462 0.647047
      vertex 20.9097 8.66108 0.956708
    endloop
  endfacet
  facet normal -0.946945 0 -0.321396
    outer loop
      vertex 20.9097 -10 0.956708
      vertex 21.0148 -8.70462 0.647047
      vertex 21.0148 -10 0.647047
    endloop
  endfacet
  facet normal -0.946945 0 -0.321396
    outer loop
      vertex 21.0148 -8.70462 0.647047
      vertex 20.9097 -10 0.956708
      vertex 20.9097 -8.66108 0.956708
    endloop
  endfacet
  facet normal -0.946945 0 -0.321396
    outer loop
      vertex 21.0148 4.04425 0.647047
      vertex 20.9097 -3.93914 0.956708
      vertex 20.9097 3.93914 0.956708
    endloop
  endfacet
  facet normal -0.946945 0 -0.321396
    outer loop
      vertex 20.9097 -3.93914 0.956708
      vertex 21.0148 4.04425 0.647047
      vertex 21.0148 -4.04425 0.647047
    endloop
  endfacet
  facet normal -0.946945 0 0.321396
    outer loop
      vertex 20.9097 10 -0.956708
      vertex 21.0148 8.70462 -0.647047
      vertex 21.0148 10 -0.647047
    endloop
  endfacet
  facet normal -0.946945 0 0.321396
    outer loop
      vertex 21.0148 8.70462 -0.647047
      vertex 20.9097 10 -0.956708
      vertex 20.9097 8.66108 -0.956708
    endloop
  endfacet
  facet normal -0.946945 0 0.321396
    outer loop
      vertex 20.9097 -10 -0.956708
      vertex 21.0148 -8.70462 -0.647047
      vertex 20.9097 -8.66108 -0.956708
    endloop
  endfacet
  facet normal -0.946945 0 0.321396
    outer loop
      vertex 21.0148 -8.70462 -0.647047
      vertex 20.9097 -10 -0.956708
      vertex 21.0148 -10 -0.647047
    endloop
  endfacet
  facet normal -0.946945 0 0.321396
    outer loop
      vertex 20.9097 -3.93914 -0.956708
      vertex 21.0148 4.04425 -0.647047
      vertex 20.9097 3.93914 -0.956708
    endloop
  endfacet
  facet normal -0.946945 0 0.321396
    outer loop
      vertex 21.0148 4.04425 -0.647047
      vertex 20.9097 -3.93914 -0.956708
      vertex 21.0148 -4.04425 -0.647047
    endloop
  endfacet
  facet normal -0.321387 0 0.946948
    outer loop
      vertex 19.247 6.14226 -2.41481
      vertex 19.5567 -5.39467 -2.3097
      vertex 19.5567 5.39467 -2.3097
    endloop
  endfacet
  facet normal -0.321387 0 0.946948
    outer loop
      vertex 19.5567 -5.39467 -2.3097
      vertex 19.247 6.14226 -2.41481
      vertex 19.247 -6.14226 -2.41481
    endloop
  endfacet
  facet normal -0.321387 0 0.946948
    outer loop
      vertex 19.247 10 -2.41481
      vertex 19.5567 8.10065 -2.3097
      vertex 19.5567 10 -2.3097
    endloop
  endfacet
  facet normal -0.321387 0 0.946948
    outer loop
      vertex 19.5567 8.10065 -2.3097
      vertex 19.247 10 -2.41481
      vertex 19.247 7.97239 -2.41481
    endloop
  endfacet
  facet normal -0.321387 0 0.946948
    outer loop
      vertex 19.247 -10 -2.41481
      vertex 19.5567 -8.10065 -2.3097
      vertex 19.247 -7.97239 -2.41481
    endloop
  endfacet
  facet normal -0.321387 0 0.946948
    outer loop
      vertex 19.5567 -8.10065 -2.3097
      vertex 19.247 -10 -2.41481
      vertex 19.5567 -10 -2.3097
    endloop
  endfacet
  facet normal 0.555575 0 -0.831466
    outer loop
      vertex 17.0781 -7.07398 1.98338
      vertex 17.35 7.18661 2.16506
      vertex 17.35 -7.18661 2.16506
    endloop
  endfacet
  facet normal 0.555575 0 -0.831466
    outer loop
      vertex 17.35 7.18661 2.16506
      vertex 17.0781 -7.07398 1.98338
      vertex 17.0781 7.07398 1.98338
    endloop
  endfacet
  facet normal -0.0654128 0 0.997858
    outer loop
      vertex 18.6 7.70437 -2.5
      vertex 18.9263 -6.91658 -2.47861
      vertex 18.9263 6.91658 -2.47861
    endloop
  endfacet
  facet normal -0.0654128 0 0.997858
    outer loop
      vertex 18.9263 -6.91658 -2.47861
      vertex 18.6 7.70437 -2.5
      vertex 18.6 -7.70437 -2.5
    endloop
  endfacet
  facet normal -0.0654128 0 0.997858
    outer loop
      vertex 18.6 10 -2.5
      vertex 18.9263 7.83954 -2.47861
      vertex 18.9263 10 -2.47861
    endloop
  endfacet
  facet normal -0.0654128 0 0.997858
    outer loop
      vertex 18.9263 7.83954 -2.47861
      vertex 18.6 10 -2.5
      vertex 18.6 7.70437 -2.5
    endloop
  endfacet
  facet normal -0.0654128 0 0.997858
    outer loop
      vertex 18.6 -10 -2.5
      vertex 18.9263 -7.83954 -2.47861
      vertex 18.6 -7.70437 -2.5
    endloop
  endfacet
  facet normal -0.0654128 0 0.997858
    outer loop
      vertex 18.9263 -7.83954 -2.47861
      vertex 18.6 -10 -2.5
      vertex 18.9263 -10 -2.47861
    endloop
  endfacet
  facet normal 0.896916 -0 0.442201
    outer loop
      vertex 16.2903 -6.74766 -0.956708
      vertex 16.4349 6.80757 -1.25
      vertex 16.2903 6.74766 -0.956708
    endloop
  endfacet
  facet normal 0.896916 0 0.442201
    outer loop
      vertex 16.4349 6.80757 -1.25
      vertex 16.2903 -6.74766 -0.956708
      vertex 16.4349 -6.80757 -1.25
    endloop
  endfacet
  facet normal 0.321387 0 -0.946948
    outer loop
      vertex 17.6433 -7.30809 2.3097
      vertex 17.953 7.43636 2.41481
      vertex 17.953 -7.43636 2.41481
    endloop
  endfacet
  facet normal 0.321387 0 -0.946948
    outer loop
      vertex 17.953 7.43636 2.41481
      vertex 17.6433 -7.30809 2.3097
      vertex 17.6433 7.30809 2.3097
    endloop
  endfacet
  facet normal 0.321355 0 -0.946959
    outer loop
      vertex 17.953 10 2.41481
      vertex 17.953 9.26648 2.41481
      vertex 17.6491 10 2.31168
    endloop
  endfacet
  facet normal 0.321355 0 -0.946959
    outer loop
      vertex 17.953 -9.26648 2.41481
      vertex 17.953 -10 2.41481
      vertex 17.6491 -10 2.31168
    endloop
  endfacet
  facet normal 0.980784 0 -0.195097
    outer loop
      vertex 16.1852 6.70412 0.647047
      vertex 16.1214 -6.6777 0.326315
      vertex 16.1214 6.6777 0.326315
    endloop
  endfacet
  facet normal 0.980784 0 -0.195097
    outer loop
      vertex 16.1214 -6.6777 0.326315
      vertex 16.1852 6.70412 0.647047
      vertex 16.1852 -6.70412 0.647047
    endloop
  endfacet
  facet normal -0.555575 0 -0.831466
    outer loop
      vertex 19.85 -4.68661 2.16506
      vertex 20.1219 4.03017 1.98338
      vertex 20.1219 -4.03017 1.98338
    endloop
  endfacet
  facet normal -0.555575 0 -0.831466
    outer loop
      vertex 20.1219 4.03017 1.98338
      vertex 19.85 -4.68661 2.16506
      vertex 19.85 4.68661 2.16506
    endloop
  endfacet
  facet normal -0.555575 -0 -0.831466
    outer loop
      vertex 19.85 10 2.16506
      vertex 20.1219 8.33476 1.98338
      vertex 19.85 8.22214 2.16506
    endloop
  endfacet
  facet normal -0.555575 0 -0.831466
    outer loop
      vertex 20.1219 8.33476 1.98338
      vertex 19.85 10 2.16506
      vertex 20.1219 10 1.98338
    endloop
  endfacet
  facet normal -0.555575 0 -0.831466
    outer loop
      vertex 19.85 -10 2.16506
      vertex 20.1219 -8.33476 1.98338
      vertex 20.1219 -10 1.98338
    endloop
  endfacet
  facet normal -0.555575 0 -0.831466
    outer loop
      vertex 20.1219 -8.33476 1.98338
      vertex 19.85 -10 2.16506
      vertex 19.85 -8.22214 2.16506
    endloop
  endfacet
  facet normal -0.195116 0 -0.98078
    outer loop
      vertex 18.9263 -6.91658 2.47861
      vertex 19.247 6.14226 2.41481
      vertex 19.247 -6.14226 2.41481
    endloop
  endfacet
  facet normal -0.195116 0 -0.98078
    outer loop
      vertex 19.247 6.14226 2.41481
      vertex 18.9263 -6.91658 2.47861
      vertex 18.9263 6.91658 2.47861
    endloop
  endfacet
  facet normal -0.195116 -0 -0.98078
    outer loop
      vertex 18.9263 10 2.47861
      vertex 19.247 7.97239 2.41481
      vertex 18.9263 7.83954 2.47861
    endloop
  endfacet
  facet normal -0.195116 0 -0.98078
    outer loop
      vertex 19.247 7.97239 2.41481
      vertex 18.9263 10 2.47861
      vertex 19.247 10 2.41481
    endloop
  endfacet
  facet normal -0.195116 0 -0.98078
    outer loop
      vertex 18.9263 -10 2.47861
      vertex 19.247 -7.97239 2.41481
      vertex 19.247 -10 2.41481
    endloop
  endfacet
  facet normal -0.195116 0 -0.98078
    outer loop
      vertex 19.247 -7.97239 2.41481
      vertex 18.9263 -10 2.47861
      vertex 18.9263 -7.83954 2.47861
    endloop
  endfacet
  facet normal -0.753002 0 0.658018
    outer loop
      vertex 20.3678 3.43661 -1.76777
      vertex 20.3793 -3.40874 -1.75461
      vertex 20.3793 3.40874 -1.75461
    endloop
  endfacet
  facet normal -0.753002 0 0.658018
    outer loop
      vertex 20.3793 -3.40874 -1.75461
      vertex 20.3678 3.43661 -1.76777
      vertex 20.3678 -3.43661 -1.76777
    endloop
  endfacet
  facet normal -0.75181 0 0.65938
    outer loop
      vertex 20.3793 -3.40874 -1.75461
      vertex 20.5834 3.61282 -1.5219
      vertex 20.3793 3.40874 -1.75461
    endloop
  endfacet
  facet normal -0.75181 0 0.65938
    outer loop
      vertex 20.5834 3.61282 -1.5219
      vertex 20.3793 -3.40874 -1.75461
      vertex 20.5834 -3.61282 -1.5219
    endloop
  endfacet
  facet normal -0.751873 0 0.659307
    outer loop
      vertex 20.3678 10 -1.76777
      vertex 20.5834 8.52592 -1.5219
      vertex 20.5834 10 -1.5219
    endloop
  endfacet
  facet normal -0.751873 0 0.659307
    outer loop
      vertex 20.5834 8.52592 -1.5219
      vertex 20.3678 10 -1.76777
      vertex 20.3678 8.43661 -1.76777
    endloop
  endfacet
  facet normal -0.751873 0 0.659307
    outer loop
      vertex 20.3678 -10 -1.76777
      vertex 20.5834 -8.52592 -1.5219
      vertex 20.3678 -8.43661 -1.76777
    endloop
  endfacet
  facet normal -0.751873 0 0.659307
    outer loop
      vertex 20.5834 -8.52592 -1.5219
      vertex 20.3678 -10 -1.76777
      vertex 20.5834 -10 -1.5219
    endloop
  endfacet
  facet normal -0.659279 0 0.751898
    outer loop
      vertex 20.1219 4.03017 -1.98338
      vertex 20.3678 -3.43661 -1.76777
      vertex 20.3678 3.43661 -1.76777
    endloop
  endfacet
  facet normal -0.659279 0 0.751898
    outer loop
      vertex 20.3678 -3.43661 -1.76777
      vertex 20.1219 4.03017 -1.98338
      vertex 20.1219 -4.03017 -1.98338
    endloop
  endfacet
  facet normal -0.659279 0 0.751898
    outer loop
      vertex 20.1219 10 -1.98338
      vertex 20.3678 8.43661 -1.76777
      vertex 20.3678 10 -1.76777
    endloop
  endfacet
  facet normal -0.659279 0 0.751898
    outer loop
      vertex 20.3678 8.43661 -1.76777
      vertex 20.1219 10 -1.98338
      vertex 20.1219 8.33476 -1.98338
    endloop
  endfacet
  facet normal -0.659279 0 0.751898
    outer loop
      vertex 20.1219 -10 -1.98338
      vertex 20.3678 -8.43661 -1.76777
      vertex 20.1219 -8.33476 -1.98338
    endloop
  endfacet
  facet normal -0.659279 0 0.751898
    outer loop
      vertex 20.3678 -8.43661 -1.76777
      vertex 20.1219 -10 -1.98338
      vertex 20.3678 -10 -1.76777
    endloop
  endfacet
  facet normal 0.44229 0 -0.896872
    outer loop
      vertex 17.35 -7.18661 2.16506
      vertex 17.6433 7.30809 2.3097
      vertex 17.6433 -7.30809 2.3097
    endloop
  endfacet
  facet normal 0.44229 0 -0.896872
    outer loop
      vertex 17.6433 7.30809 2.3097
      vertex 17.35 -7.18661 2.16506
      vertex 17.35 7.18661 2.16506
    endloop
  endfacet
  facet normal 0.659279 0 -0.751898
    outer loop
      vertex 16.8322 -6.97214 1.76777
      vertex 17.0781 7.07398 1.98338
      vertex 17.0781 -7.07398 1.98338
    endloop
  endfacet
  facet normal 0.659279 0 -0.751898
    outer loop
      vertex 17.0781 7.07398 1.98338
      vertex 16.8322 -6.97214 1.76777
      vertex 16.8322 6.97214 1.76777
    endloop
  endfacet
  facet normal -0.321387 0 -0.946948
    outer loop
      vertex 19.247 -6.14226 2.41481
      vertex 19.5567 5.39467 2.3097
      vertex 19.5567 -5.39467 2.3097
    endloop
  endfacet
  facet normal -0.321387 0 -0.946948
    outer loop
      vertex 19.5567 5.39467 2.3097
      vertex 19.247 -6.14226 2.41481
      vertex 19.247 6.14226 2.41481
    endloop
  endfacet
  facet normal -0.321387 -0 -0.946948
    outer loop
      vertex 19.247 10 2.41481
      vertex 19.5567 8.10065 2.3097
      vertex 19.247 7.97239 2.41481
    endloop
  endfacet
  facet normal -0.321387 0 -0.946948
    outer loop
      vertex 19.5567 8.10065 2.3097
      vertex 19.247 10 2.41481
      vertex 19.5567 10 2.3097
    endloop
  endfacet
  facet normal -0.321387 0 -0.946948
    outer loop
      vertex 19.247 -10 2.41481
      vertex 19.5567 -8.10065 2.3097
      vertex 19.5567 -10 2.3097
    endloop
  endfacet
  facet normal -0.321387 0 -0.946948
    outer loop
      vertex 19.5567 -8.10065 2.3097
      vertex 19.247 -10 2.41481
      vertex 19.247 -7.97239 2.41481
    endloop
  endfacet
  facet normal -0.831438 0 -0.555617
    outer loop
      vertex 20.7651 8.60117 1.25
      vertex 20.5834 10 1.5219
      vertex 20.7651 10 1.25
    endloop
  endfacet
  facet normal -0.831438 -0 -0.555617
    outer loop
      vertex 20.5834 10 1.5219
      vertex 20.7651 8.60117 1.25
      vertex 20.5834 8.52592 1.5219
    endloop
  endfacet
  facet normal -0.831438 0 -0.555617
    outer loop
      vertex 20.5834 -10 1.5219
      vertex 20.7651 -8.60117 1.25
      vertex 20.7651 -10 1.25
    endloop
  endfacet
  facet normal -0.831438 0 -0.555617
    outer loop
      vertex 20.7651 -8.60117 1.25
      vertex 20.5834 -10 1.5219
      vertex 20.5834 -8.52592 1.5219
    endloop
  endfacet
  facet normal -0.831438 0 -0.555617
    outer loop
      vertex 20.7651 3.7945 1.25
      vertex 20.5834 -3.61282 1.5219
      vertex 20.5834 3.61282 1.5219
    endloop
  endfacet
  facet normal -0.831438 0 -0.555617
    outer loop
      vertex 20.5834 -3.61282 1.5219
      vertex 20.7651 3.7945 1.25
      vertex 20.7651 -3.7945 1.25
    endloop
  endfacet
  facet normal -0.896916 0 0.442201
    outer loop
      vertex 20.7651 10 -1.25
      vertex 20.9097 8.66108 -0.956708
      vertex 20.9097 10 -0.956708
    endloop
  endfacet
  facet normal -0.896916 0 0.442201
    outer loop
      vertex 20.9097 8.66108 -0.956708
      vertex 20.7651 10 -1.25
      vertex 20.7651 8.60117 -1.25
    endloop
  endfacet
  facet normal -0.896916 0 0.442201
    outer loop
      vertex 20.7651 -10 -1.25
      vertex 20.9097 -8.66108 -0.956708
      vertex 20.7651 -8.60117 -1.25
    endloop
  endfacet
  facet normal -0.896916 0 0.442201
    outer loop
      vertex 20.9097 -8.66108 -0.956708
      vertex 20.7651 -10 -1.25
      vertex 20.9097 -10 -0.956708
    endloop
  endfacet
  facet normal -0.896916 0 0.442201
    outer loop
      vertex 20.7651 -3.7945 -1.25
      vertex 20.9097 3.93914 -0.956708
      vertex 20.7651 3.7945 -1.25
    endloop
  endfacet
  facet normal -0.896916 0 0.442201
    outer loop
      vertex 20.9097 3.93914 -0.956708
      vertex 20.7651 -3.7945 -1.25
      vertex 20.9097 -3.93914 -0.956708
    endloop
  endfacet
  facet normal 0.195116 0 -0.98078
    outer loop
      vertex 17.953 -7.43636 2.41481
      vertex 18.2737 7.56921 2.47861
      vertex 18.2737 -7.56921 2.47861
    endloop
  endfacet
  facet normal 0.195116 0 -0.98078
    outer loop
      vertex 18.2737 7.56921 2.47861
      vertex 17.953 -7.43636 2.41481
      vertex 17.953 7.43636 2.41481
    endloop
  endfacet
  facet normal 0.195116 0 -0.98078
    outer loop
      vertex 17.953 9.26648 2.41481
      vertex 18.2737 10 2.47861
      vertex 18.2737 8.49217 2.47861
    endloop
  endfacet
  facet normal 0.195116 0 -0.98078
    outer loop
      vertex 18.2737 10 2.47861
      vertex 17.953 9.26648 2.41481
      vertex 17.953 10 2.41481
    endloop
  endfacet
  facet normal 0.195116 0 -0.98078
    outer loop
      vertex 17.953 -9.26648 2.41481
      vertex 18.2737 -10 2.47861
      vertex 17.953 -10 2.41481
    endloop
  endfacet
  facet normal 0.195116 0 -0.98078
    outer loop
      vertex 18.2737 -10 2.47861
      vertex 17.953 -9.26648 2.41481
      vertex 18.2737 -8.49217 2.47861
    endloop
  endfacet
  facet normal 0.195116 0 0.98078
    outer loop
      vertex 17.953 7.43636 -2.41481
      vertex 18.2737 -7.56921 -2.47861
      vertex 18.2737 7.56921 -2.47861
    endloop
  endfacet
  facet normal 0.195116 0 0.98078
    outer loop
      vertex 18.2737 -7.56921 -2.47861
      vertex 17.953 7.43636 -2.41481
      vertex 17.953 -7.43636 -2.41481
    endloop
  endfacet
  facet normal 0.195116 -0 0.98078
    outer loop
      vertex 17.953 9.26648 -2.41481
      vertex 18.2737 10 -2.47861
      vertex 17.953 10 -2.41481
    endloop
  endfacet
  facet normal 0.195116 0 0.98078
    outer loop
      vertex 18.2737 10 -2.47861
      vertex 17.953 9.26648 -2.41481
      vertex 18.2737 8.49217 -2.47861
    endloop
  endfacet
  facet normal 0.195116 0 0.98078
    outer loop
      vertex 17.953 -9.26648 -2.41481
      vertex 18.2737 -10 -2.47861
      vertex 18.2737 -8.49217 -2.47861
    endloop
  endfacet
  facet normal 0.195116 0 0.98078
    outer loop
      vertex 18.2737 -10 -2.47861
      vertex 17.953 -9.26648 -2.41481
      vertex 17.953 -10 -2.41481
    endloop
  endfacet
  facet normal 0.321387 0 0.946948
    outer loop
      vertex 17.6433 7.30809 -2.3097
      vertex 17.953 -7.43636 -2.41481
      vertex 17.953 7.43636 -2.41481
    endloop
  endfacet
  facet normal 0.321387 0 0.946948
    outer loop
      vertex 17.953 -7.43636 -2.41481
      vertex 17.6433 7.30809 -2.3097
      vertex 17.6433 -7.30809 -2.3097
    endloop
  endfacet
  facet normal 0.321355 -0 0.946959
    outer loop
      vertex 17.953 9.26648 -2.41481
      vertex 17.953 10 -2.41481
      vertex 17.6491 10 -2.31168
    endloop
  endfacet
  facet normal 0.321355 -0 0.946959
    outer loop
      vertex 17.953 -10 -2.41481
      vertex 17.953 -9.26648 -2.41481
      vertex 17.6491 -10 -2.31168
    endloop
  endfacet
  facet normal -0.195116 0 0.98078
    outer loop
      vertex 18.9263 6.91658 -2.47861
      vertex 19.247 -6.14226 -2.41481
      vertex 19.247 6.14226 -2.41481
    endloop
  endfacet
  facet normal -0.195116 0 0.98078
    outer loop
      vertex 19.247 -6.14226 -2.41481
      vertex 18.9263 6.91658 -2.47861
      vertex 18.9263 -6.91658 -2.47861
    endloop
  endfacet
  facet normal -0.195116 0 0.98078
    outer loop
      vertex 18.9263 10 -2.47861
      vertex 19.247 7.97239 -2.41481
      vertex 19.247 10 -2.41481
    endloop
  endfacet
  facet normal -0.195116 0 0.98078
    outer loop
      vertex 19.247 7.97239 -2.41481
      vertex 18.9263 10 -2.47861
      vertex 18.9263 7.83954 -2.47861
    endloop
  endfacet
  facet normal -0.195116 0 0.98078
    outer loop
      vertex 18.9263 -10 -2.47861
      vertex 19.247 -7.97239 -2.41481
      vertex 18.9263 -7.83954 -2.47861
    endloop
  endfacet
  facet normal -0.195116 0 0.98078
    outer loop
      vertex 19.247 -7.97239 -2.41481
      vertex 18.9263 -10 -2.47861
      vertex 19.247 -10 -2.41481
    endloop
  endfacet
  facet normal 0.0654128 0 -0.997858
    outer loop
      vertex 18.2737 -7.56921 2.47861
      vertex 18.6 7.70437 2.5
      vertex 18.6 -7.70437 2.5
    endloop
  endfacet
  facet normal 0.0654128 0 -0.997858
    outer loop
      vertex 18.6 7.70437 2.5
      vertex 18.2737 -7.56921 2.47861
      vertex 18.2737 7.56921 2.47861
    endloop
  endfacet
  facet normal 0.0654128 0 -0.997858
    outer loop
      vertex 18.2737 8.49217 2.47861
      vertex 18.6 10 2.5
      vertex 18.6 7.70437 2.5
    endloop
  endfacet
  facet normal 0.0654128 0 -0.997858
    outer loop
      vertex 18.6 10 2.5
      vertex 18.2737 8.49217 2.47861
      vertex 18.2737 10 2.47861
    endloop
  endfacet
  facet normal 0.0654128 0 -0.997858
    outer loop
      vertex 18.2737 -8.49217 2.47861
      vertex 18.6 -10 2.5
      vertex 18.2737 -10 2.47861
    endloop
  endfacet
  facet normal 0.0654128 0 -0.997858
    outer loop
      vertex 18.6 -10 2.5
      vertex 18.2737 -8.49217 2.47861
      vertex 18.6 -7.70437 2.5
    endloop
  endfacet
  facet normal -0.0654128 0 -0.997858
    outer loop
      vertex 18.6 -7.70437 2.5
      vertex 18.9263 6.91658 2.47861
      vertex 18.9263 -6.91658 2.47861
    endloop
  endfacet
  facet normal -0.0654128 0 -0.997858
    outer loop
      vertex 18.9263 6.91658 2.47861
      vertex 18.6 -7.70437 2.5
      vertex 18.6 7.70437 2.5
    endloop
  endfacet
  facet normal -0.0654128 -0 -0.997858
    outer loop
      vertex 18.6 10 2.5
      vertex 18.9263 7.83954 2.47861
      vertex 18.6 7.70437 2.5
    endloop
  endfacet
  facet normal -0.0654128 0 -0.997858
    outer loop
      vertex 18.9263 7.83954 2.47861
      vertex 18.6 10 2.5
      vertex 18.9263 10 2.47861
    endloop
  endfacet
  facet normal -0.0654128 0 -0.997858
    outer loop
      vertex 18.6 -10 2.5
      vertex 18.9263 -7.83954 2.47861
      vertex 18.9263 -10 2.47861
    endloop
  endfacet
  facet normal -0.0654128 0 -0.997858
    outer loop
      vertex 18.9263 -7.83954 2.47861
      vertex 18.6 -10 2.5
      vertex 18.6 -7.70437 2.5
    endloop
  endfacet
  facet normal 0.831438 0 -0.555617
    outer loop
      vertex 16.6166 6.88283 1.5219
      vertex 16.4349 -6.80757 1.25
      vertex 16.4349 6.80757 1.25
    endloop
  endfacet
  facet normal 0.831438 0 -0.555617
    outer loop
      vertex 16.4349 -6.80757 1.25
      vertex 16.6166 6.88283 1.5219
      vertex 16.6166 -6.88283 1.5219
    endloop
  endfacet
  facet normal -0.555575 0 0.831466
    outer loop
      vertex 19.85 4.68661 -2.16506
      vertex 20.1219 -4.03017 -1.98338
      vertex 20.1219 4.03017 -1.98338
    endloop
  endfacet
  facet normal -0.555575 0 0.831466
    outer loop
      vertex 20.1219 -4.03017 -1.98338
      vertex 19.85 4.68661 -2.16506
      vertex 19.85 -4.68661 -2.16506
    endloop
  endfacet
  facet normal -0.555575 0 0.831466
    outer loop
      vertex 19.85 10 -2.16506
      vertex 20.1219 8.33476 -1.98338
      vertex 20.1219 10 -1.98338
    endloop
  endfacet
  facet normal -0.555575 0 0.831466
    outer loop
      vertex 20.1219 8.33476 -1.98338
      vertex 19.85 10 -2.16506
      vertex 19.85 8.22214 -2.16506
    endloop
  endfacet
  facet normal -0.555575 0 0.831466
    outer loop
      vertex 19.85 -10 -2.16506
      vertex 20.1219 -8.33476 -1.98338
      vertex 19.85 -8.22214 -2.16506
    endloop
  endfacet
  facet normal -0.555575 0 0.831466
    outer loop
      vertex 20.1219 -8.33476 -1.98338
      vertex 19.85 -10 -2.16506
      vertex 20.1219 -10 -1.98338
    endloop
  endfacet
  facet normal -0.44229 0 0.896872
    outer loop
      vertex 19.5567 5.39467 -2.3097
      vertex 19.85 -4.68661 -2.16506
      vertex 19.85 4.68661 -2.16506
    endloop
  endfacet
  facet normal -0.44229 0 0.896872
    outer loop
      vertex 19.85 -4.68661 -2.16506
      vertex 19.5567 5.39467 -2.3097
      vertex 19.5567 -5.39467 -2.3097
    endloop
  endfacet
  facet normal -0.44229 0 0.896872
    outer loop
      vertex 19.5567 10 -2.3097
      vertex 19.85 8.22214 -2.16506
      vertex 19.85 10 -2.16506
    endloop
  endfacet
  facet normal -0.44229 0 0.896872
    outer loop
      vertex 19.85 8.22214 -2.16506
      vertex 19.5567 10 -2.3097
      vertex 19.5567 8.10065 -2.3097
    endloop
  endfacet
  facet normal -0.44229 0 0.896872
    outer loop
      vertex 19.5567 -10 -2.3097
      vertex 19.85 -8.22214 -2.16506
      vertex 19.5567 -8.10065 -2.3097
    endloop
  endfacet
  facet normal -0.44229 0 0.896872
    outer loop
      vertex 19.85 -8.22214 -2.16506
      vertex 19.5567 -10 -2.3097
      vertex 19.85 -10 -2.16506
    endloop
  endfacet
  facet normal -0.44229 0 -0.896872
    outer loop
      vertex 19.5567 -5.39467 2.3097
      vertex 19.85 4.68661 2.16506
      vertex 19.85 -4.68661 2.16506
    endloop
  endfacet
  facet normal -0.44229 0 -0.896872
    outer loop
      vertex 19.85 4.68661 2.16506
      vertex 19.5567 -5.39467 2.3097
      vertex 19.5567 5.39467 2.3097
    endloop
  endfacet
  facet normal -0.44229 -0 -0.896872
    outer loop
      vertex 19.5567 10 2.3097
      vertex 19.85 8.22214 2.16506
      vertex 19.5567 8.10065 2.3097
    endloop
  endfacet
  facet normal -0.44229 0 -0.896872
    outer loop
      vertex 19.85 8.22214 2.16506
      vertex 19.5567 10 2.3097
      vertex 19.85 10 2.16506
    endloop
  endfacet
  facet normal -0.44229 0 -0.896872
    outer loop
      vertex 19.5567 -10 2.3097
      vertex 19.85 -8.22214 2.16506
      vertex 19.85 -10 2.16506
    endloop
  endfacet
  facet normal -0.44229 0 -0.896872
    outer loop
      vertex 19.85 -8.22214 2.16506
      vertex 19.5567 -10 2.3097
      vertex 19.5567 -8.10065 2.3097
    endloop
  endfacet
  facet normal 0.659279 0 0.751898
    outer loop
      vertex 16.8322 6.97214 -1.76777
      vertex 17.0781 -7.07398 -1.98338
      vertex 17.0781 7.07398 -1.98338
    endloop
  endfacet
  facet normal 0.659279 0 0.751898
    outer loop
      vertex 17.0781 -7.07398 -1.98338
      vertex 16.8322 6.97214 -1.76777
      vertex 16.8322 -6.97214 -1.76777
    endloop
  endfacet
  facet normal 0.44229 0 0.896872
    outer loop
      vertex 17.35 7.18661 -2.16506
      vertex 17.6433 -7.30809 -2.3097
      vertex 17.6433 7.30809 -2.3097
    endloop
  endfacet
  facet normal 0.44229 0 0.896872
    outer loop
      vertex 17.6433 -7.30809 -2.3097
      vertex 17.35 7.18661 -2.16506
      vertex 17.35 -7.18661 -2.16506
    endloop
  endfacet
  facet normal -0.980784 0 0.195097
    outer loop
      vertex 21.0148 10 -0.647047
      vertex 21.0786 8.73105 -0.326315
      vertex 21.0786 10 -0.326315
    endloop
  endfacet
  facet normal -0.980784 0 0.195097
    outer loop
      vertex 21.0786 8.73105 -0.326315
      vertex 21.0148 10 -0.647047
      vertex 21.0148 8.70462 -0.647047
    endloop
  endfacet
  facet normal -0.980784 0 0.195097
    outer loop
      vertex 21.0148 -10 -0.647047
      vertex 21.0786 -8.73105 -0.326315
      vertex 21.0148 -8.70462 -0.647047
    endloop
  endfacet
  facet normal -0.980784 0 0.195097
    outer loop
      vertex 21.0786 -8.73105 -0.326315
      vertex 21.0148 -10 -0.647047
      vertex 21.0786 -10 -0.326315
    endloop
  endfacet
  facet normal -0.980784 0 0.195097
    outer loop
      vertex 21.0148 -4.04425 -0.647047
      vertex 21.0786 4.10805 -0.326315
      vertex 21.0148 4.04425 -0.647047
    endloop
  endfacet
  facet normal -0.980784 0 0.195097
    outer loop
      vertex 21.0786 4.10805 -0.326315
      vertex 21.0148 -4.04425 -0.647047
      vertex 21.0786 -4.10805 -0.326315
    endloop
  endfacet
  facet normal -0.896916 0 -0.442201
    outer loop
      vertex 20.9097 8.66108 0.956708
      vertex 20.7651 10 1.25
      vertex 20.9097 10 0.956708
    endloop
  endfacet
  facet normal -0.896916 -0 -0.442201
    outer loop
      vertex 20.7651 10 1.25
      vertex 20.9097 8.66108 0.956708
      vertex 20.7651 8.60117 1.25
    endloop
  endfacet
  facet normal -0.896916 0 -0.442201
    outer loop
      vertex 20.7651 -10 1.25
      vertex 20.9097 -8.66108 0.956708
      vertex 20.9097 -10 0.956708
    endloop
  endfacet
  facet normal -0.896916 0 -0.442201
    outer loop
      vertex 20.9097 -8.66108 0.956708
      vertex 20.7651 -10 1.25
      vertex 20.7651 -8.60117 1.25
    endloop
  endfacet
  facet normal -0.896916 0 -0.442201
    outer loop
      vertex 20.9097 3.93914 0.956708
      vertex 20.7651 -3.7945 1.25
      vertex 20.7651 3.7945 1.25
    endloop
  endfacet
  facet normal -0.896916 0 -0.442201
    outer loop
      vertex 20.7651 -3.7945 1.25
      vertex 20.9097 3.93914 0.956708
      vertex 20.9097 -3.93914 0.956708
    endloop
  endfacet
  facet normal 0.0654128 0 0.997858
    outer loop
      vertex 18.2737 7.56921 -2.47861
      vertex 18.6 -7.70437 -2.5
      vertex 18.6 7.70437 -2.5
    endloop
  endfacet
  facet normal 0.0654128 0 0.997858
    outer loop
      vertex 18.6 -7.70437 -2.5
      vertex 18.2737 7.56921 -2.47861
      vertex 18.2737 -7.56921 -2.47861
    endloop
  endfacet
  facet normal 0.0654128 -0 0.997858
    outer loop
      vertex 18.2737 8.49217 -2.47861
      vertex 18.6 10 -2.5
      vertex 18.2737 10 -2.47861
    endloop
  endfacet
  facet normal 0.0654128 0 0.997858
    outer loop
      vertex 18.6 10 -2.5
      vertex 18.2737 8.49217 -2.47861
      vertex 18.6 7.70437 -2.5
    endloop
  endfacet
  facet normal 0.0654128 0 0.997858
    outer loop
      vertex 18.2737 -8.49217 -2.47861
      vertex 18.6 -10 -2.5
      vertex 18.6 -7.70437 -2.5
    endloop
  endfacet
  facet normal 0.0654128 0 0.997858
    outer loop
      vertex 18.6 -10 -2.5
      vertex 18.2737 -8.49217 -2.47861
      vertex 18.2737 -10 -2.47861
    endloop
  endfacet
  facet normal -0.751873 0 -0.659307
    outer loop
      vertex 20.5834 8.52592 1.5219
      vertex 20.3678 10 1.76777
      vertex 20.5834 10 1.5219
    endloop
  endfacet
  facet normal -0.751873 -0 -0.659307
    outer loop
      vertex 20.3678 10 1.76777
      vertex 20.5834 8.52592 1.5219
      vertex 20.3678 8.43661 1.76777
    endloop
  endfacet
  facet normal -0.751873 0 -0.659307
    outer loop
      vertex 20.3678 -10 1.76777
      vertex 20.5834 -8.52592 1.5219
      vertex 20.5834 -10 1.5219
    endloop
  endfacet
  facet normal -0.751873 0 -0.659307
    outer loop
      vertex 20.5834 -8.52592 1.5219
      vertex 20.3678 -10 1.76777
      vertex 20.3678 -8.43661 1.76777
    endloop
  endfacet
  facet normal -0.75181 0 -0.65938
    outer loop
      vertex 20.5834 3.61282 1.5219
      vertex 20.3793 -3.40874 1.75461
      vertex 20.3793 3.40874 1.75461
    endloop
  endfacet
  facet normal -0.75181 0 -0.65938
    outer loop
      vertex 20.3793 -3.40874 1.75461
      vertex 20.5834 3.61282 1.5219
      vertex 20.5834 -3.61282 1.5219
    endloop
  endfacet
  facet normal -0.753002 0 -0.658018
    outer loop
      vertex 20.3793 -3.40874 1.75461
      vertex 20.3678 3.43661 1.76777
      vertex 20.3793 3.40874 1.75461
    endloop
  endfacet
  facet normal -0.753002 -0 -0.658018
    outer loop
      vertex 20.3678 3.43661 1.76777
      vertex 20.3793 -3.40874 1.75461
      vertex 20.3678 -3.43661 1.76777
    endloop
  endfacet
  facet normal -0.997856 0 0.0654402
    outer loop
      vertex 21.0786 10 -0.326315
      vertex 21.1 8.73991 0
      vertex 21.1 10 0
    endloop
  endfacet
  facet normal -0.997856 0 0.0654402
    outer loop
      vertex 21.1 8.73991 0
      vertex 21.0786 10 -0.326315
      vertex 21.0786 8.73105 -0.326315
    endloop
  endfacet
  facet normal -0.997856 0 0.0654402
    outer loop
      vertex 21.0786 -10 -0.326315
      vertex 21.1 -8.73991 0
      vertex 21.0786 -8.73105 -0.326315
    endloop
  endfacet
  facet normal -0.997856 0 0.0654402
    outer loop
      vertex 21.1 -8.73991 0
      vertex 21.0786 -10 -0.326315
      vertex 21.1 -10 0
    endloop
  endfacet
  facet normal -0.997856 0 0.0654402
    outer loop
      vertex 21.0786 -4.10805 -0.326315
      vertex 21.1 4.12944 0
      vertex 21.0786 4.10805 -0.326315
    endloop
  endfacet
  facet normal -0.997856 0 0.0654402
    outer loop
      vertex 21.1 4.12944 0
      vertex 21.0786 -4.10805 -0.326315
      vertex 21.1 -4.12944 0
    endloop
  endfacet
  facet normal 0.997856 0 -0.0654402
    outer loop
      vertex 16.1214 6.6777 0.326315
      vertex 16.1 -6.66884 0
      vertex 16.1 6.66884 0
    endloop
  endfacet
  facet normal 0.997856 0 -0.0654402
    outer loop
      vertex 16.1 -6.66884 0
      vertex 16.1214 6.6777 0.326315
      vertex 16.1214 -6.6777 0.326315
    endloop
  endfacet
  facet normal 0.946945 -0 0.321396
    outer loop
      vertex 16.1852 -6.70412 -0.647047
      vertex 16.2903 6.74766 -0.956708
      vertex 16.1852 6.70412 -0.647047
    endloop
  endfacet
  facet normal 0.946945 0 0.321396
    outer loop
      vertex 16.2903 6.74766 -0.956708
      vertex 16.1852 -6.70412 -0.647047
      vertex 16.2903 -6.74766 -0.956708
    endloop
  endfacet
  facet normal 0.980784 -0 0.195097
    outer loop
      vertex 16.1214 -6.6777 -0.326315
      vertex 16.1852 6.70412 -0.647047
      vertex 16.1214 6.6777 -0.326315
    endloop
  endfacet
  facet normal 0.980784 0 0.195097
    outer loop
      vertex 16.1852 6.70412 -0.647047
      vertex 16.1214 -6.6777 -0.326315
      vertex 16.1852 -6.70412 -0.647047
    endloop
  endfacet
  facet normal 0.751873 -0 0.659307
    outer loop
      vertex 16.6166 -6.88283 -1.5219
      vertex 16.8322 6.97214 -1.76777
      vertex 16.6166 6.88283 -1.5219
    endloop
  endfacet
  facet normal 0.751873 0 0.659307
    outer loop
      vertex 16.8322 6.97214 -1.76777
      vertex 16.6166 -6.88283 -1.5219
      vertex 16.8322 -6.97214 -1.76777
    endloop
  endfacet
  facet normal 0.555575 0 0.831466
    outer loop
      vertex 17.0781 7.07398 -1.98338
      vertex 17.35 -7.18661 -2.16506
      vertex 17.35 7.18661 -2.16506
    endloop
  endfacet
  facet normal 0.555575 0 0.831466
    outer loop
      vertex 17.35 -7.18661 -2.16506
      vertex 17.0781 7.07398 -1.98338
      vertex 17.0781 -7.07398 -1.98338
    endloop
  endfacet
  facet normal 0.946945 0 -0.321396
    outer loop
      vertex 16.2903 6.74766 0.956708
      vertex 16.1852 -6.70412 0.647047
      vertex 16.1852 6.70412 0.647047
    endloop
  endfacet
  facet normal 0.946945 0 -0.321396
    outer loop
      vertex 16.1852 -6.70412 0.647047
      vertex 16.2903 6.74766 0.956708
      vertex 16.2903 -6.74766 0.956708
    endloop
  endfacet
  facet normal 0.751873 0 -0.659307
    outer loop
      vertex 16.8322 6.97214 1.76777
      vertex 16.6166 -6.88283 1.5219
      vertex 16.6166 6.88283 1.5219
    endloop
  endfacet
  facet normal 0.751873 0 -0.659307
    outer loop
      vertex 16.6166 -6.88283 1.5219
      vertex 16.8322 6.97214 1.76777
      vertex 16.8322 -6.97214 1.76777
    endloop
  endfacet
  facet normal -0.705598 -0.705585 -0.0654315
    outer loop
      vertex 23.4052 6.43467 0
      vertex 21.0786 8.73105 0.326315
      vertex 21.1 8.73991 0
    endloop
  endfacet
  facet normal -0.705595 -0.705595 -0.0653451
    outer loop
      vertex 21.0786 8.73105 0.326315
      vertex 23.4052 6.43467 0
      vertex 23.3901 6.41955 0.326315
    endloop
  endfacet
  facet normal -0.0462556 -0.0462556 0.997858
    outer loop
      vertex 18.9263 7.83954 -2.47861
      vertex 21.6375 4.6669 -2.5
      vertex 21.8682 4.89764 -2.47861
    endloop
  endfacet
  facet normal -0.0462525 -0.0462529 0.997858
    outer loop
      vertex 21.6375 4.6669 -2.5
      vertex 18.9263 7.83954 -2.47861
      vertex 18.6 7.70437 -2.5
    endloop
  endfacet
  facet normal -0.0462496 -0.0462487 0.997859
    outer loop
      vertex 16.3044 10 -2.5
      vertex 18.2737 8.49217 -2.47861
      vertex 16.7659 10 -2.47861
    endloop
  endfacet
  facet normal -0.0462506 -0.04625 0.997859
    outer loop
      vertex 18.2737 8.49217 -2.47861
      vertex 16.3044 10 -2.5
      vertex 18.6 7.70437 -2.5
    endloop
  endfacet
  facet normal -0.669584 -0.669593 0.321407
    outer loop
      vertex 23.2707 6.30011 -0.956708
      vertex 21.0148 8.70462 -0.647047
      vertex 20.9097 8.66108 -0.956708
    endloop
  endfacet
  facet normal -0.66959 -0.669596 0.321389
    outer loop
      vertex 21.0148 8.70462 -0.647047
      vertex 23.2707 6.30011 -0.956708
      vertex 23.345 6.37444 -0.647047
    endloop
  endfacet
  facet normal -0.312742 -0.312748 -0.896873
    outer loop
      vertex 22.314 5.3434 2.3097
      vertex 19.85 8.22214 2.16506
      vertex 22.5214 5.55079 2.16506
    endloop
  endfacet
  facet normal -0.312744 -0.312749 -0.896872
    outer loop
      vertex 19.85 8.22214 2.16506
      vertex 22.314 5.3434 2.3097
      vertex 19.5567 8.10065 2.3097
    endloop
  endfacet
  facet normal 0.466371 0.466135 0.751809
    outer loop
      vertex 20.5613 3.59076 -1.98338
      vertex 20.3678 3.43661 -1.76777
      vertex 20.3875 3.4169 -1.76777
    endloop
  endfacet
  facet normal 0.466265 0.466255 0.7518
    outer loop
      vertex 20.3678 3.43661 -1.76777
      vertex 20.5613 3.59076 -1.98338
      vertex 20.1219 4.03017 -1.98338
    endloop
  endfacet
  facet normal 0.466194 0.46619 0.751884
    outer loop
      vertex 14.1521 10 -1.98338
      vertex 16.8322 6.97214 -1.76777
      vertex 17.0781 7.07398 -1.98338
    endloop
  endfacet
  facet normal 0.466225 0.466215 0.75185
    outer loop
      vertex 16.8322 6.97214 -1.76777
      vertex 14.1521 10 -1.98338
      vertex 13.8044 10 -1.76777
    endloop
  endfacet
  facet normal -0.531686 -0.531676 0.659265
    outer loop
      vertex 20.5834 8.52592 -1.5219
      vertex 22.8875 5.9169 -1.76777
      vertex 23.0399 6.06937 -1.5219
    endloop
  endfacet
  facet normal -0.531651 -0.531649 0.659315
    outer loop
      vertex 22.8875 5.9169 -1.76777
      vertex 20.5834 8.52592 -1.5219
      vertex 20.3678 8.43661 -1.76777
    endloop
  endfacet
  facet normal 0.53122 0.53095 -0.660225
    outer loop
      vertex 20.3875 3.4169 1.76777
      vertex 20.3793 3.40874 1.75461
      vertex 20.3678 3.43661 1.76777
    endloop
  endfacet
  facet normal 0.531655 0.531644 -0.659316
    outer loop
      vertex 16.6166 6.88283 1.5219
      vertex 13.8044 10 1.76777
      vertex 16.8322 6.97214 1.76777
    endloop
  endfacet
  facet normal 0.531581 0.531586 -0.659422
    outer loop
      vertex 13.8044 10 1.76777
      vertex 16.6166 6.88283 1.5219
      vertex 13.4994 10 1.5219
    endloop
  endfacet
  facet normal -0.706977 0.707236 -0.000809392
    outer loop
      vertex 21.4067 4.43616 2.47861
      vertex 21.6375 4.6669 2.5
      vertex 21.1799 4.20937 2.41481
    endloop
  endfacet
  facet normal -0.707228 0.706985 1.01602e-05
    outer loop
      vertex 23.345 6.37444 0.647047
      vertex 23.4052 6.43467 0
      vertex 23.2707 6.30011 0.956708
    endloop
  endfacet
  facet normal 0.634215 0.634209 -0.442211
    outer loop
      vertex 16.4349 6.80757 1.25
      vertex 13.038 10 0.956708
      vertex 13.2425 10 1.25
    endloop
  endfacet
  facet normal 0.63421 0.634202 -0.442228
    outer loop
      vertex 13.038 10 0.956708
      vertex 16.4349 6.80757 1.25
      vertex 16.2903 6.74766 0.956708
    endloop
  endfacet
  facet normal -0.707228 0.706985 -1.01602e-05
    outer loop
      vertex 23.4052 6.43467 0
      vertex 23.345 6.37444 -0.647047
      vertex 23.2707 6.30011 -0.956708
    endloop
  endfacet
  facet normal -0.531686 -0.531676 -0.659265
    outer loop
      vertex 22.8875 5.9169 1.76777
      vertex 20.5834 8.52592 1.5219
      vertex 23.0399 6.06937 1.5219
    endloop
  endfacet
  facet normal -0.531651 -0.531649 -0.659315
    outer loop
      vertex 20.5834 8.52592 1.5219
      vertex 22.8875 5.9169 1.76777
      vertex 20.3678 8.43661 1.76777
    endloop
  endfacet
  facet normal -0.392897 -0.392896 -0.831423
    outer loop
      vertex 22.5214 5.55079 2.16506
      vertex 20.1219 8.33476 1.98338
      vertex 22.7136 5.74305 1.98338
    endloop
  endfacet
  facet normal -0.392851 -0.392859 -0.831462
    outer loop
      vertex 20.1219 8.33476 1.98338
      vertex 22.5214 5.55079 2.16506
      vertex 19.85 8.22214 2.16506
    endloop
  endfacet
  facet normal 0.669564 0.669556 -0.321526
    outer loop
      vertex 16.2903 6.74766 0.956708
      vertex 12.8893 10 0.647047
      vertex 13.038 10 0.956708
    endloop
  endfacet
  facet normal 0.669586 0.66959 -0.321408
    outer loop
      vertex 12.8893 10 0.647047
      vertex 16.2903 6.74766 0.956708
      vertex 16.1852 6.70412 0.647047
    endloop
  endfacet
  facet normal -0.392897 -0.392896 0.831423
    outer loop
      vertex 20.1219 8.33476 -1.98338
      vertex 22.5214 5.55079 -2.16506
      vertex 22.7136 5.74305 -1.98338
    endloop
  endfacet
  facet normal -0.392851 -0.392859 0.831462
    outer loop
      vertex 22.5214 5.55079 -2.16506
      vertex 20.1219 8.33476 -1.98338
      vertex 19.85 8.22214 -2.16506
    endloop
  endfacet
  facet normal 0.0462458 0.0462454 -0.997859
    outer loop
      vertex 18.9263 6.91658 2.47861
      vertex 21.6375 4.6669 2.5
      vertex 21.4067 4.43616 2.47861
    endloop
  endfacet
  facet normal 0.0462498 0.0462503 -0.997859
    outer loop
      vertex 21.6375 4.6669 2.5
      vertex 18.9263 6.91658 2.47861
      vertex 18.6 7.70437 2.5
    endloop
  endfacet
  facet normal 0.0462538 0.0462532 -0.997858
    outer loop
      vertex 18.2737 7.56921 2.47861
      vertex 16.3044 10 2.5
      vertex 18.6 7.70437 2.5
    endloop
  endfacet
  facet normal 0.0462496 0.0462498 -0.997859
    outer loop
      vertex 16.3044 10 2.5
      vertex 18.2737 7.56921 2.47861
      vertex 15.8429 10 2.47861
    endloop
  endfacet
  facet normal -0.312742 -0.312748 0.896873
    outer loop
      vertex 19.85 8.22214 -2.16506
      vertex 22.314 5.3434 -2.3097
      vertex 22.5214 5.55079 -2.16506
    endloop
  endfacet
  facet normal -0.312744 -0.312749 0.896872
    outer loop
      vertex 22.314 5.3434 -2.3097
      vertex 19.85 8.22214 -2.16506
      vertex 19.5567 8.10065 -2.3097
    endloop
  endfacet
  facet normal -0.706994 0.70722 5.37913e-05
    outer loop
      vertex 23.3901 6.41955 0.326315
      vertex 23.4052 6.43467 0
      vertex 23.345 6.37444 0.647047
    endloop
  endfacet
  facet normal -0.227263 -0.227267 0.946943
    outer loop
      vertex 19.5567 8.10065 -2.3097
      vertex 22.095 5.12444 -2.41481
      vertex 22.314 5.3434 -2.3097
    endloop
  endfacet
  facet normal -0.227264 -0.227268 0.946943
    outer loop
      vertex 22.095 5.12444 -2.41481
      vertex 19.5567 8.10065 -2.3097
      vertex 19.247 7.97239 -2.41481
    endloop
  endfacet
  facet normal -0.227269 -0.227294 0.946935
    outer loop
      vertex 17.953 9.26648 -2.41481
      vertex 17.6491 10 -2.31168
      vertex 17.2194 10 -2.41481
    endloop
  endfacet
  facet normal -0.0462556 -0.0462556 -0.997858
    outer loop
      vertex 21.6375 4.6669 2.5
      vertex 18.9263 7.83954 2.47861
      vertex 21.8682 4.89764 2.47861
    endloop
  endfacet
  facet normal -0.0462525 -0.0462529 -0.997858
    outer loop
      vertex 18.9263 7.83954 2.47861
      vertex 21.6375 4.6669 2.5
      vertex 18.6 7.70437 2.5
    endloop
  endfacet
  facet normal -0.0462506 -0.04625 -0.997859
    outer loop
      vertex 16.3044 10 2.5
      vertex 18.2737 8.49217 2.47861
      vertex 18.6 7.70437 2.5
    endloop
  endfacet
  facet normal -0.0462496 -0.0462487 -0.997859
    outer loop
      vertex 18.2737 8.49217 2.47861
      vertex 16.3044 10 2.5
      vertex 16.7659 10 2.47861
    endloop
  endfacet
  facet normal -0.466186 -0.466184 0.751893
    outer loop
      vertex 20.3678 8.43661 -1.76777
      vertex 22.7136 5.74305 -1.98338
      vertex 22.8875 5.9169 -1.76777
    endloop
  endfacet
  facet normal -0.466185 -0.466184 0.751894
    outer loop
      vertex 22.7136 5.74305 -1.98338
      vertex 20.3678 8.43661 -1.76777
      vertex 20.1219 8.33476 -1.98338
    endloop
  endfacet
  facet normal -0.707198 0.707015 0.000650066
    outer loop
      vertex 22.314 5.3434 -2.3097
      vertex 22.095 5.12444 -2.41481
      vertex 21.8682 4.89764 -2.47861
    endloop
  endfacet
  facet normal -0.693518 -0.693518 0.195104
    outer loop
      vertex 21.0148 8.70462 -0.647047
      vertex 23.3901 6.41955 -0.326315
      vertex 21.0786 8.73105 -0.326315
    endloop
  endfacet
  facet normal -0.693521 -0.693527 0.195062
    outer loop
      vertex 23.3901 6.41955 -0.326315
      vertex 21.0148 8.70462 -0.647047
      vertex 23.345 6.37444 -0.647047
    endloop
  endfacet
  facet normal -0.706994 0.70722 -5.37913e-05
    outer loop
      vertex 23.4052 6.43467 0
      vertex 23.3901 6.41955 -0.326315
      vertex 23.345 6.37444 -0.647047
    endloop
  endfacet
  facet normal 0.312744 0.312747 -0.896873
    outer loop
      vertex 19.85 4.68661 2.16506
      vertex 20.961 3.99041 2.3097
      vertex 20.7536 3.78302 2.16506
    endloop
  endfacet
  facet normal 0.31275 0.312759 -0.896866
    outer loop
      vertex 20.961 3.99041 2.3097
      vertex 19.85 4.68661 2.16506
      vertex 19.5567 5.39467 2.3097
    endloop
  endfacet
  facet normal 0.312752 0.312751 -0.896869
    outer loop
      vertex 17.35 7.18661 2.16506
      vertex 14.9514 10 2.3097
      vertex 17.6433 7.30809 2.3097
    endloop
  endfacet
  facet normal 0.312739 0.31274 -0.896877
    outer loop
      vertex 14.9514 10 2.3097
      vertex 17.35 7.18661 2.16506
      vertex 14.5366 10 2.16506
    endloop
  endfacet
  facet normal 0.137953 0.137953 0.980784
    outer loop
      vertex 21.4067 4.43616 -2.47861
      vertex 19.247 6.14226 -2.41481
      vertex 21.1799 4.20937 -2.41481
    endloop
  endfacet
  facet normal 0.137946 0.137945 0.980786
    outer loop
      vertex 19.247 6.14226 -2.41481
      vertex 21.4067 4.43616 -2.47861
      vertex 18.9263 6.91658 -2.47861
    endloop
  endfacet
  facet normal 0.137964 0.137965 0.980781
    outer loop
      vertex 15.8429 10 -2.47861
      vertex 17.953 7.43636 -2.41481
      vertex 18.2737 7.56921 -2.47861
    endloop
  endfacet
  facet normal 0.13795 0.137953 0.980785
    outer loop
      vertex 17.953 7.43636 -2.41481
      vertex 15.8429 10 -2.47861
      vertex 15.3893 10 -2.41481
    endloop
  endfacet
  facet normal 0.693525 0.693529 -0.195041
    outer loop
      vertex 16.1852 6.70412 0.647047
      vertex 12.7991 10 0.326315
      vertex 12.8893 10 0.647047
    endloop
  endfacet
  facet normal 0.693521 0.693521 -0.195083
    outer loop
      vertex 12.7991 10 0.326315
      vertex 16.1852 6.70412 0.647047
      vertex 16.1214 6.6777 0.326315
    endloop
  endfacet
  facet normal -0.137949 -0.137951 -0.980785
    outer loop
      vertex 21.8682 4.89764 2.47861
      vertex 19.247 7.97239 2.41481
      vertex 22.095 5.12444 2.41481
    endloop
  endfacet
  facet normal -0.137965 -0.137965 -0.980781
    outer loop
      vertex 19.247 7.97239 2.41481
      vertex 21.8682 4.89764 2.47861
      vertex 18.9263 7.83954 2.47861
    endloop
  endfacet
  facet normal -0.137952 -0.137949 -0.980785
    outer loop
      vertex 16.7659 10 2.47861
      vertex 17.953 9.26648 2.41481
      vertex 18.2737 8.49217 2.47861
    endloop
  endfacet
  facet normal -0.137979 -0.137994 -0.980775
    outer loop
      vertex 17.953 9.26648 2.41481
      vertex 16.7659 10 2.47861
      vertex 17.2194 10 2.41481
    endloop
  endfacet
  facet normal 0.39283 0.392821 -0.83149
    outer loop
      vertex 20.1219 4.03017 1.98338
      vertex 20.7536 3.78302 2.16506
      vertex 20.5613 3.59076 1.98338
    endloop
  endfacet
  facet normal 0.392834 0.392839 -0.83148
    outer loop
      vertex 20.7536 3.78302 2.16506
      vertex 20.1219 4.03017 1.98338
      vertex 19.85 4.68661 2.16506
    endloop
  endfacet
  facet normal 0.392847 0.392848 -0.83147
    outer loop
      vertex 17.0781 7.07398 1.98338
      vertex 14.5366 10 2.16506
      vertex 17.35 7.18661 2.16506
    endloop
  endfacet
  facet normal 0.392869 0.392866 -0.831451
    outer loop
      vertex 14.5366 10 2.16506
      vertex 17.0781 7.07398 1.98338
      vertex 14.1521 10 1.98338
    endloop
  endfacet
  facet normal -0.466186 -0.466184 -0.751893
    outer loop
      vertex 22.7136 5.74305 1.98338
      vertex 20.3678 8.43661 1.76777
      vertex 22.8875 5.9169 1.76777
    endloop
  endfacet
  facet normal -0.466185 -0.466184 -0.751894
    outer loop
      vertex 20.3678 8.43661 1.76777
      vertex 22.7136 5.74305 1.98338
      vertex 20.1219 8.33476 1.98338
    endloop
  endfacet
  facet normal -0.669584 -0.669593 -0.321407
    outer loop
      vertex 21.0148 8.70462 0.647047
      vertex 23.2707 6.30011 0.956708
      vertex 20.9097 8.66108 0.956708
    endloop
  endfacet
  facet normal -0.66959 -0.669596 -0.321389
    outer loop
      vertex 23.2707 6.30011 0.956708
      vertex 21.0148 8.70462 0.647047
      vertex 23.345 6.37444 0.647047
    endloop
  endfacet
  facet normal -0.634203 -0.634211 0.442226
    outer loop
      vertex 20.7651 8.60117 -1.25
      vertex 23.2707 6.30011 -0.956708
      vertex 20.9097 8.66108 -0.956708
    endloop
  endfacet
  facet normal -0.634169 -0.634159 0.442348
    outer loop
      vertex 23.2707 6.30011 -0.956708
      vertex 20.7651 8.60117 -1.25
      vertex 23.1684 6.19783 -1.25
    endloop
  endfacet
  facet normal -0.705598 -0.705585 0.0654315
    outer loop
      vertex 21.0786 8.73105 -0.326315
      vertex 23.4052 6.43467 0
      vertex 21.1 8.73991 0
    endloop
  endfacet
  facet normal -0.705595 -0.705595 0.0653451
    outer loop
      vertex 23.4052 6.43467 0
      vertex 21.0786 8.73105 -0.326315
      vertex 23.3901 6.41955 -0.326315
    endloop
  endfacet
  facet normal -0.706977 0.707236 0.000809392
    outer loop
      vertex 21.6375 4.6669 -2.5
      vertex 21.4067 4.43616 -2.47861
      vertex 21.1799 4.20937 -2.41481
    endloop
  endfacet
  facet normal -0.137949 -0.137951 0.980785
    outer loop
      vertex 19.247 7.97239 -2.41481
      vertex 21.8682 4.89764 -2.47861
      vertex 22.095 5.12444 -2.41481
    endloop
  endfacet
  facet normal -0.137965 -0.137965 0.980781
    outer loop
      vertex 21.8682 4.89764 -2.47861
      vertex 19.247 7.97239 -2.41481
      vertex 18.9263 7.83954 -2.47861
    endloop
  endfacet
  facet normal -0.137979 -0.137994 0.980775
    outer loop
      vertex 16.7659 10 -2.47861
      vertex 17.953 9.26648 -2.41481
      vertex 17.2194 10 -2.41481
    endloop
  endfacet
  facet normal -0.137952 -0.137949 0.980785
    outer loop
      vertex 17.953 9.26648 -2.41481
      vertex 16.7659 10 -2.47861
      vertex 18.2737 8.49217 -2.47861
    endloop
  endfacet
  facet normal 0.227309 0.227315 -0.946921
    outer loop
      vertex 19.5567 5.39467 2.3097
      vertex 21.1799 4.20937 2.41481
      vertex 20.961 3.99041 2.3097
    endloop
  endfacet
  facet normal 0.227296 0.227297 -0.946928
    outer loop
      vertex 21.1799 4.20937 2.41481
      vertex 19.5567 5.39467 2.3097
      vertex 19.247 6.14226 2.41481
    endloop
  endfacet
  facet normal 0.227259 0.227264 -0.946945
    outer loop
      vertex 17.6433 7.30809 2.3097
      vertex 15.3893 10 2.41481
      vertex 17.953 7.43636 2.41481
    endloop
  endfacet
  facet normal 0.227293 0.227293 -0.94693
    outer loop
      vertex 15.3893 10 2.41481
      vertex 17.6433 7.30809 2.3097
      vertex 14.9514 10 2.3097
    endloop
  endfacet
  facet normal 0.466371 0.466135 -0.751809
    outer loop
      vertex 20.3678 3.43661 1.76777
      vertex 20.5613 3.59076 1.98338
      vertex 20.3875 3.4169 1.76777
    endloop
  endfacet
  facet normal 0.466265 0.466255 -0.7518
    outer loop
      vertex 20.5613 3.59076 1.98338
      vertex 20.3678 3.43661 1.76777
      vertex 20.1219 4.03017 1.98338
    endloop
  endfacet
  facet normal 0.466194 0.46619 -0.751884
    outer loop
      vertex 16.8322 6.97214 1.76777
      vertex 14.1521 10 1.98338
      vertex 17.0781 7.07398 1.98338
    endloop
  endfacet
  facet normal 0.466225 0.466215 -0.75185
    outer loop
      vertex 14.1521 10 1.98338
      vertex 16.8322 6.97214 1.76777
      vertex 13.8044 10 1.76777
    endloop
  endfacet
  facet normal -0.58793 -0.587918 0.5556
    outer loop
      vertex 23.0399 6.06937 -1.5219
      vertex 20.7651 8.60117 -1.25
      vertex 20.5834 8.52592 -1.5219
    endloop
  endfacet
  facet normal -0.587922 -0.587913 0.555613
    outer loop
      vertex 20.7651 8.60117 -1.25
      vertex 23.0399 6.06937 -1.5219
      vertex 23.1684 6.19783 -1.25
    endloop
  endfacet
  facet normal -0.227263 -0.227267 -0.946943
    outer loop
      vertex 22.095 5.12444 2.41481
      vertex 19.5567 8.10065 2.3097
      vertex 22.314 5.3434 2.3097
    endloop
  endfacet
  facet normal -0.227264 -0.227268 -0.946943
    outer loop
      vertex 19.5567 8.10065 2.3097
      vertex 22.095 5.12444 2.41481
      vertex 19.247 7.97239 2.41481
    endloop
  endfacet
  facet normal -0.227269 -0.227294 -0.946935
    outer loop
      vertex 17.6491 10 2.31168
      vertex 17.953 9.26648 2.41481
      vertex 17.2194 10 2.41481
    endloop
  endfacet
  facet normal -0.693518 -0.693518 -0.195104
    outer loop
      vertex 23.3901 6.41955 0.326315
      vertex 21.0148 8.70462 0.647047
      vertex 21.0786 8.73105 0.326315
    endloop
  endfacet
  facet normal -0.693521 -0.693527 -0.195062
    outer loop
      vertex 21.0148 8.70462 0.647047
      vertex 23.3901 6.41955 0.326315
      vertex 23.345 6.37444 0.647047
    endloop
  endfacet
  facet normal 0.587915 0.587921 -0.555613
    outer loop
      vertex 16.4349 6.80757 1.25
      vertex 13.4994 10 1.5219
      vertex 16.6166 6.88283 1.5219
    endloop
  endfacet
  facet normal 0.587962 0.587956 -0.555525
    outer loop
      vertex 13.4994 10 1.5219
      vertex 16.4349 6.80757 1.25
      vertex 13.2425 10 1.25
    endloop
  endfacet
  facet normal 0.39283 0.392821 0.83149
    outer loop
      vertex 20.7536 3.78302 -2.16506
      vertex 20.1219 4.03017 -1.98338
      vertex 20.5613 3.59076 -1.98338
    endloop
  endfacet
  facet normal 0.392834 0.392839 0.83148
    outer loop
      vertex 20.1219 4.03017 -1.98338
      vertex 20.7536 3.78302 -2.16506
      vertex 19.85 4.68661 -2.16506
    endloop
  endfacet
  facet normal 0.392847 0.392848 0.83147
    outer loop
      vertex 14.5366 10 -2.16506
      vertex 17.0781 7.07398 -1.98338
      vertex 17.35 7.18661 -2.16506
    endloop
  endfacet
  facet normal 0.392869 0.392866 0.831451
    outer loop
      vertex 17.0781 7.07398 -1.98338
      vertex 14.5366 10 -2.16506
      vertex 14.1521 10 -1.98338
    endloop
  endfacet
  facet normal 0.705588 0.705588 0.0655174
    outer loop
      vertex 12.7688 10 0
      vertex 16.1214 6.6777 -0.326315
      vertex 12.7991 10 -0.326315
    endloop
  endfacet
  facet normal 0.705587 0.705596 0.0654311
    outer loop
      vertex 16.1214 6.6777 -0.326315
      vertex 12.7688 10 0
      vertex 16.1 6.66884 0
    endloop
  endfacet
  facet normal -0.58793 -0.587918 -0.5556
    outer loop
      vertex 20.7651 8.60117 1.25
      vertex 23.0399 6.06937 1.5219
      vertex 20.5834 8.52592 1.5219
    endloop
  endfacet
  facet normal -0.587922 -0.587913 -0.555613
    outer loop
      vertex 23.0399 6.06937 1.5219
      vertex 20.7651 8.60117 1.25
      vertex 23.1684 6.19783 1.25
    endloop
  endfacet
  facet normal 0.705588 0.705588 -0.0655174
    outer loop
      vertex 16.1214 6.6777 0.326315
      vertex 12.7688 10 0
      vertex 12.7991 10 0.326315
    endloop
  endfacet
  facet normal 0.705587 0.705596 -0.0654311
    outer loop
      vertex 12.7688 10 0
      vertex 16.1214 6.6777 0.326315
      vertex 16.1 6.66884 0
    endloop
  endfacet
  facet normal -0.706407 0.707805 0.00132385
    outer loop
      vertex 20.7536 3.78302 -2.16506
      vertex 20.5613 3.59076 -1.98338
      vertex 20.3875 3.4169 -1.76777
    endloop
  endfacet
  facet normal -0.706407 0.707805 -0.00132385
    outer loop
      vertex 20.5613 3.59076 1.98338
      vertex 20.7536 3.78302 2.16506
      vertex 20.3875 3.4169 1.76777
    endloop
  endfacet
  facet normal -0.634203 -0.634211 -0.442226
    outer loop
      vertex 23.2707 6.30011 0.956708
      vertex 20.7651 8.60117 1.25
      vertex 20.9097 8.66108 0.956708
    endloop
  endfacet
  facet normal -0.634169 -0.634159 -0.442348
    outer loop
      vertex 20.7651 8.60117 1.25
      vertex 23.2707 6.30011 0.956708
      vertex 23.1684 6.19783 1.25
    endloop
  endfacet
  facet normal 0.0462458 0.0462454 0.997859
    outer loop
      vertex 21.6375 4.6669 -2.5
      vertex 18.9263 6.91658 -2.47861
      vertex 21.4067 4.43616 -2.47861
    endloop
  endfacet
  facet normal 0.0462498 0.0462503 0.997859
    outer loop
      vertex 18.9263 6.91658 -2.47861
      vertex 21.6375 4.6669 -2.5
      vertex 18.6 7.70437 -2.5
    endloop
  endfacet
  facet normal 0.0462538 0.0462532 0.997858
    outer loop
      vertex 16.3044 10 -2.5
      vertex 18.2737 7.56921 -2.47861
      vertex 18.6 7.70437 -2.5
    endloop
  endfacet
  facet normal 0.0462496 0.0462498 0.997859
    outer loop
      vertex 18.2737 7.56921 -2.47861
      vertex 16.3044 10 -2.5
      vertex 15.8429 10 -2.47861
    endloop
  endfacet
  facet normal -0.707198 0.707015 -0.000650066
    outer loop
      vertex 22.095 5.12444 2.41481
      vertex 22.314 5.3434 2.3097
      vertex 21.8682 4.89764 2.47861
    endloop
  endfacet
  facet normal 0.53122 0.53095 0.660225
    outer loop
      vertex 20.3793 3.40874 -1.75461
      vertex 20.3875 3.4169 -1.76777
      vertex 20.3678 3.43661 -1.76777
    endloop
  endfacet
  facet normal 0.531655 0.531644 0.659316
    outer loop
      vertex 13.8044 10 -1.76777
      vertex 16.6166 6.88283 -1.5219
      vertex 16.8322 6.97214 -1.76777
    endloop
  endfacet
  facet normal 0.531581 0.531586 0.659422
    outer loop
      vertex 16.6166 6.88283 -1.5219
      vertex 13.8044 10 -1.76777
      vertex 13.4994 10 -1.5219
    endloop
  endfacet
  facet normal 0.587915 0.587921 0.555613
    outer loop
      vertex 13.4994 10 -1.5219
      vertex 16.4349 6.80757 -1.25
      vertex 16.6166 6.88283 -1.5219
    endloop
  endfacet
  facet normal 0.587962 0.587956 0.555525
    outer loop
      vertex 16.4349 6.80757 -1.25
      vertex 13.4994 10 -1.5219
      vertex 13.2425 10 -1.25
    endloop
  endfacet
  facet normal 0.312744 0.312747 0.896873
    outer loop
      vertex 20.961 3.99041 -2.3097
      vertex 19.85 4.68661 -2.16506
      vertex 20.7536 3.78302 -2.16506
    endloop
  endfacet
  facet normal 0.31275 0.312759 0.896866
    outer loop
      vertex 19.85 4.68661 -2.16506
      vertex 20.961 3.99041 -2.3097
      vertex 19.5567 5.39467 -2.3097
    endloop
  endfacet
  facet normal 0.312752 0.312751 0.896869
    outer loop
      vertex 14.9514 10 -2.3097
      vertex 17.35 7.18661 -2.16506
      vertex 17.6433 7.30809 -2.3097
    endloop
  endfacet
  facet normal 0.312739 0.31274 0.896877
    outer loop
      vertex 17.35 7.18661 -2.16506
      vertex 14.9514 10 -2.3097
      vertex 14.5366 10 -2.16506
    endloop
  endfacet
  facet normal 0.137953 0.137953 -0.980784
    outer loop
      vertex 19.247 6.14226 2.41481
      vertex 21.4067 4.43616 2.47861
      vertex 21.1799 4.20937 2.41481
    endloop
  endfacet
  facet normal 0.137946 0.137945 -0.980786
    outer loop
      vertex 21.4067 4.43616 2.47861
      vertex 19.247 6.14226 2.41481
      vertex 18.9263 6.91658 2.47861
    endloop
  endfacet
  facet normal 0.137964 0.137965 -0.980781
    outer loop
      vertex 17.953 7.43636 2.41481
      vertex 15.8429 10 2.47861
      vertex 18.2737 7.56921 2.47861
    endloop
  endfacet
  facet normal 0.13795 0.137953 -0.980785
    outer loop
      vertex 15.8429 10 2.47861
      vertex 17.953 7.43636 2.41481
      vertex 15.3893 10 2.41481
    endloop
  endfacet
  facet normal -0.707164 0.707049 8.03594e-05
    outer loop
      vertex 20.7651 3.7945 1.25
      vertex 21.6375 4.6669 2.5
      vertex 21.8682 4.89764 2.47861
    endloop
  endfacet
  facet normal -0.707081 0.707132 -3.22616e-05
    outer loop
      vertex 20.9097 3.93914 0.956708
      vertex 21.8682 4.89764 2.47861
      vertex 22.314 5.3434 2.3097
    endloop
  endfacet
  facet normal -0.707045 0.707169 -8.67734e-05
    outer loop
      vertex 21.6375 4.6669 2.5
      vertex 20.7651 3.7945 1.25
      vertex 21.1799 4.20937 2.41481
    endloop
  endfacet
  facet normal -0.707093 0.707121 -8.40104e-06
    outer loop
      vertex 20.9097 3.93914 0.956708
      vertex 22.314 5.3434 2.3097
      vertex 22.5214 5.55079 2.16506
    endloop
  endfacet
  facet normal -0.707211 0.707002 3.19924e-05
    outer loop
      vertex 21.1799 4.20937 2.41481
      vertex 20.7651 3.7945 1.25
      vertex 20.961 3.99041 2.3097
    endloop
  endfacet
  facet normal -0.707149 0.707064 0.000143164
    outer loop
      vertex 20.9097 3.93914 0.956708
      vertex 22.5214 5.55079 2.16506
      vertex 22.7136 5.74305 1.98338
    endloop
  endfacet
  facet normal -0.707076 0.707137 -0.00011456
    outer loop
      vertex 20.9097 3.93914 0.956708
      vertex 22.7136 5.74305 1.98338
      vertex 22.8875 5.9169 1.76777
    endloop
  endfacet
  facet normal -0.707085 0.707129 -1.48963e-05
    outer loop
      vertex 20.961 3.99041 2.3097
      vertex 20.7651 3.7945 1.25
      vertex 20.7536 3.78302 2.16506
    endloop
  endfacet
  facet normal -0.707134 0.70708 1.43403e-05
    outer loop
      vertex 20.7536 3.78302 2.16506
      vertex 20.5834 3.61282 1.5219
      vertex 20.3875 3.4169 1.76777
    endloop
  endfacet
  facet normal -0.707144 0.70707 0.000155372
    outer loop
      vertex 21.0148 4.04425 0.647047
      vertex 22.8875 5.9169 1.76777
      vertex 23.0399 6.06937 1.5219
    endloop
  endfacet
  facet normal -0.706368 0.707843 0.00123259
    outer loop
      vertex 20.3875 3.4169 1.76777
      vertex 20.5834 3.61282 1.5219
      vertex 20.3793 3.40874 1.75461
    endloop
  endfacet
  facet normal -0.707091 0.707123 -8.913e-05
    outer loop
      vertex 21.0148 4.04425 0.647047
      vertex 23.0399 6.06937 1.5219
      vertex 23.1684 6.19783 1.25
    endloop
  endfacet
  facet normal -0.707079 0.707135 -1.47548e-05
    outer loop
      vertex 20.7536 3.78302 2.16506
      vertex 20.7651 3.7945 1.25
      vertex 20.5834 3.61282 1.5219
    endloop
  endfacet
  facet normal -0.707098 0.707116 -4.18426e-05
    outer loop
      vertex 21.0148 4.04425 0.647047
      vertex 23.1684 6.19783 1.25
      vertex 23.2707 6.30011 0.956708
    endloop
  endfacet
  facet normal -0.70715 0.707064 5.40892e-05
    outer loop
      vertex 21.8682 4.89764 2.47861
      vertex 20.9097 3.93914 0.956708
      vertex 20.7651 3.7945 1.25
    endloop
  endfacet
  facet normal -0.707105 0.707109 2.43058e-05
    outer loop
      vertex 22.8875 5.9169 1.76777
      vertex 21.0148 4.04425 0.647047
      vertex 20.9097 3.93914 0.956708
    endloop
  endfacet
  facet normal -0.707101 0.707113 2.42777e-06
    outer loop
      vertex 23.2707 6.30011 0.956708
      vertex 21.0786 4.10805 0.326315
      vertex 21.0148 4.04425 0.647047
    endloop
  endfacet
  facet normal -0.707107 0.707107 4.43665e-05
    outer loop
      vertex 23.4052 6.43467 0
      vertex 21.0786 4.10805 0.326315
      vertex 23.2707 6.30011 0.956708
    endloop
  endfacet
  facet normal -0.707111 0.707102 -2.22728e-05
    outer loop
      vertex 23.4052 6.43467 0
      vertex 21.1 4.12944 0
      vertex 21.0786 4.10805 0.326315
    endloop
  endfacet
  facet normal -0.707111 0.707102 2.22728e-05
    outer loop
      vertex 23.4052 6.43467 0
      vertex 21.0786 4.10805 -0.326315
      vertex 21.1 4.12944 0
    endloop
  endfacet
  facet normal -0.707107 0.707107 -4.43665e-05
    outer loop
      vertex 23.2707 6.30011 -0.956708
      vertex 21.0786 4.10805 -0.326315
      vertex 23.4052 6.43467 0
    endloop
  endfacet
  facet normal -0.707101 0.707113 -2.42777e-06
    outer loop
      vertex 21.0786 4.10805 -0.326315
      vertex 23.2707 6.30011 -0.956708
      vertex 21.0148 4.04425 -0.647047
    endloop
  endfacet
  facet normal -0.707098 0.707116 4.18426e-05
    outer loop
      vertex 23.1684 6.19783 -1.25
      vertex 21.0148 4.04425 -0.647047
      vertex 23.2707 6.30011 -0.956708
    endloop
  endfacet
  facet normal -0.707091 0.707123 8.913e-05
    outer loop
      vertex 23.0399 6.06937 -1.5219
      vertex 21.0148 4.04425 -0.647047
      vertex 23.1684 6.19783 -1.25
    endloop
  endfacet
  facet normal -0.707144 0.70707 -0.000155372
    outer loop
      vertex 22.8875 5.9169 -1.76777
      vertex 21.0148 4.04425 -0.647047
      vertex 23.0399 6.06937 -1.5219
    endloop
  endfacet
  facet normal -0.707105 0.707109 -2.43058e-05
    outer loop
      vertex 21.0148 4.04425 -0.647047
      vertex 22.8875 5.9169 -1.76777
      vertex 20.9097 3.93914 -0.956708
    endloop
  endfacet
  facet normal -0.707076 0.707137 0.00011456
    outer loop
      vertex 22.7136 5.74305 -1.98338
      vertex 20.9097 3.93914 -0.956708
      vertex 22.8875 5.9169 -1.76777
    endloop
  endfacet
  facet normal -0.707149 0.707064 -0.000143164
    outer loop
      vertex 22.5214 5.55079 -2.16506
      vertex 20.9097 3.93914 -0.956708
      vertex 22.7136 5.74305 -1.98338
    endloop
  endfacet
  facet normal -0.707093 0.707121 8.40104e-06
    outer loop
      vertex 22.314 5.3434 -2.3097
      vertex 20.9097 3.93914 -0.956708
      vertex 22.5214 5.55079 -2.16506
    endloop
  endfacet
  facet normal -0.707081 0.707132 3.22616e-05
    outer loop
      vertex 21.8682 4.89764 -2.47861
      vertex 20.9097 3.93914 -0.956708
      vertex 22.314 5.3434 -2.3097
    endloop
  endfacet
  facet normal -0.706368 0.707843 -0.00123259
    outer loop
      vertex 20.5834 3.61282 -1.5219
      vertex 20.3875 3.4169 -1.76777
      vertex 20.3793 3.40874 -1.75461
    endloop
  endfacet
  facet normal -0.70715 0.707064 -5.40892e-05
    outer loop
      vertex 20.9097 3.93914 -0.956708
      vertex 21.8682 4.89764 -2.47861
      vertex 20.7651 3.7945 -1.25
    endloop
  endfacet
  facet normal -0.707134 0.70708 -1.43403e-05
    outer loop
      vertex 20.5834 3.61282 -1.5219
      vertex 20.7536 3.78302 -2.16506
      vertex 20.3875 3.4169 -1.76777
    endloop
  endfacet
  facet normal -0.707164 0.707049 -8.03594e-05
    outer loop
      vertex 21.6375 4.6669 -2.5
      vertex 20.7651 3.7945 -1.25
      vertex 21.8682 4.89764 -2.47861
    endloop
  endfacet
  facet normal -0.707079 0.707135 1.47548e-05
    outer loop
      vertex 20.7651 3.7945 -1.25
      vertex 20.7536 3.78302 -2.16506
      vertex 20.5834 3.61282 -1.5219
    endloop
  endfacet
  facet normal -0.707085 0.707129 1.48963e-05
    outer loop
      vertex 20.7536 3.78302 -2.16506
      vertex 20.7651 3.7945 -1.25
      vertex 20.961 3.99041 -2.3097
    endloop
  endfacet
  facet normal -0.707045 0.707169 8.67734e-05
    outer loop
      vertex 21.1799 4.20937 -2.41481
      vertex 20.7651 3.7945 -1.25
      vertex 21.6375 4.6669 -2.5
    endloop
  endfacet
  facet normal -0.707211 0.707002 -3.19924e-05
    outer loop
      vertex 20.961 3.99041 -2.3097
      vertex 20.7651 3.7945 -1.25
      vertex 21.1799 4.20937 -2.41481
    endloop
  endfacet
  facet normal 0.669564 0.669556 0.321526
    outer loop
      vertex 12.8893 10 -0.647047
      vertex 16.2903 6.74766 -0.956708
      vertex 13.038 10 -0.956708
    endloop
  endfacet
  facet normal 0.669586 0.66959 0.321408
    outer loop
      vertex 16.2903 6.74766 -0.956708
      vertex 12.8893 10 -0.647047
      vertex 16.1852 6.70412 -0.647047
    endloop
  endfacet
  facet normal 0.227309 0.227315 0.946921
    outer loop
      vertex 21.1799 4.20937 -2.41481
      vertex 19.5567 5.39467 -2.3097
      vertex 20.961 3.99041 -2.3097
    endloop
  endfacet
  facet normal 0.227296 0.227297 0.946928
    outer loop
      vertex 19.5567 5.39467 -2.3097
      vertex 21.1799 4.20937 -2.41481
      vertex 19.247 6.14226 -2.41481
    endloop
  endfacet
  facet normal 0.227259 0.227264 0.946945
    outer loop
      vertex 15.3893 10 -2.41481
      vertex 17.6433 7.30809 -2.3097
      vertex 17.953 7.43636 -2.41481
    endloop
  endfacet
  facet normal 0.227293 0.227293 0.94693
    outer loop
      vertex 17.6433 7.30809 -2.3097
      vertex 15.3893 10 -2.41481
      vertex 14.9514 10 -2.3097
    endloop
  endfacet
  facet normal 0.693525 0.693529 0.195041
    outer loop
      vertex 12.7991 10 -0.326315
      vertex 16.1852 6.70412 -0.647047
      vertex 12.8893 10 -0.647047
    endloop
  endfacet
  facet normal 0.693521 0.693521 0.195083
    outer loop
      vertex 16.1852 6.70412 -0.647047
      vertex 12.7991 10 -0.326315
      vertex 16.1214 6.6777 -0.326315
    endloop
  endfacet
  facet normal 0.634215 0.634209 0.442211
    outer loop
      vertex 13.038 10 -0.956708
      vertex 16.4349 6.80757 -1.25
      vertex 13.2425 10 -1.25
    endloop
  endfacet
  facet normal 0.63421 0.634202 0.442228
    outer loop
      vertex 16.4349 6.80757 -1.25
      vertex 13.038 10 -0.956708
      vertex 16.2903 6.74766 -0.956708
    endloop
  endfacet
  facet normal 0.66959 -0.669596 0.321389
    outer loop
      vertex -23.2707 6.30011 -0.956708
      vertex -21.0148 8.70462 -0.647047
      vertex -23.345 6.37444 -0.647047
    endloop
  endfacet
  facet normal 0.669584 -0.669593 0.321407
    outer loop
      vertex -21.0148 8.70462 -0.647047
      vertex -23.2707 6.30011 -0.956708
      vertex -20.9097 8.66108 -0.956708
    endloop
  endfacet
  facet normal 0.707198 0.707015 0.000650066
    outer loop
      vertex -21.8682 4.89764 -2.47861
      vertex -22.095 5.12444 -2.41481
      vertex -22.314 5.3434 -2.3097
    endloop
  endfacet
  facet normal -0.0462458 0.0462454 -0.997859
    outer loop
      vertex -21.6375 4.6669 2.5
      vertex -18.9263 6.91658 2.47861
      vertex -21.4067 4.43616 2.47861
    endloop
  endfacet
  facet normal -0.0462498 0.0462503 -0.997859
    outer loop
      vertex -18.9263 6.91658 2.47861
      vertex -21.6375 4.6669 2.5
      vertex -18.6 7.70437 2.5
    endloop
  endfacet
  facet normal -0.0462496 0.0462498 -0.997859
    outer loop
      vertex -18.2737 7.56921 2.47861
      vertex -16.3044 10 2.5
      vertex -15.8429 10 2.47861
    endloop
  endfacet
  facet normal -0.0462538 0.0462532 -0.997858
    outer loop
      vertex -16.3044 10 2.5
      vertex -18.2737 7.56921 2.47861
      vertex -18.6 7.70437 2.5
    endloop
  endfacet
  facet normal -0.587962 0.587956 0.555525
    outer loop
      vertex -13.4994 10 -1.5219
      vertex -16.4349 6.80757 -1.25
      vertex -13.2425 10 -1.25
    endloop
  endfacet
  facet normal -0.587915 0.587921 0.555613
    outer loop
      vertex -16.4349 6.80757 -1.25
      vertex -13.4994 10 -1.5219
      vertex -16.6166 6.88283 -1.5219
    endloop
  endfacet
  facet normal -0.39283 0.392821 -0.83149
    outer loop
      vertex -20.7536 3.78302 2.16506
      vertex -20.1219 4.03017 1.98338
      vertex -20.5613 3.59076 1.98338
    endloop
  endfacet
  facet normal -0.392834 0.392839 -0.83148
    outer loop
      vertex -20.1219 4.03017 1.98338
      vertex -20.7536 3.78302 2.16506
      vertex -19.85 4.68661 2.16506
    endloop
  endfacet
  facet normal -0.392869 0.392866 -0.831451
    outer loop
      vertex -17.0781 7.07398 1.98338
      vertex -14.5366 10 2.16506
      vertex -14.1521 10 1.98338
    endloop
  endfacet
  facet normal -0.392847 0.392848 -0.83147
    outer loop
      vertex -14.5366 10 2.16506
      vertex -17.0781 7.07398 1.98338
      vertex -17.35 7.18661 2.16506
    endloop
  endfacet
  facet normal -0.669564 0.669556 -0.321526
    outer loop
      vertex -12.8893 10 0.647047
      vertex -16.2903 6.74766 0.956708
      vertex -13.038 10 0.956708
    endloop
  endfacet
  facet normal -0.669586 0.66959 -0.321408
    outer loop
      vertex -16.2903 6.74766 0.956708
      vertex -12.8893 10 0.647047
      vertex -16.1852 6.70412 0.647047
    endloop
  endfacet
  facet normal 0.707228 0.706985 -1.01602e-05
    outer loop
      vertex -23.2707 6.30011 -0.956708
      vertex -23.345 6.37444 -0.647047
      vertex -23.4052 6.43467 0
    endloop
  endfacet
  facet normal 0.312744 -0.312749 -0.896872
    outer loop
      vertex -22.314 5.3434 2.3097
      vertex -19.85 8.22214 2.16506
      vertex -19.5567 8.10065 2.3097
    endloop
  endfacet
  facet normal 0.312742 -0.312748 -0.896873
    outer loop
      vertex -19.85 8.22214 2.16506
      vertex -22.314 5.3434 2.3097
      vertex -22.5214 5.55079 2.16506
    endloop
  endfacet
  facet normal 0.705598 -0.705585 -0.0654315
    outer loop
      vertex -21.0786 8.73105 0.326315
      vertex -23.4052 6.43467 0
      vertex -21.1 8.73991 0
    endloop
  endfacet
  facet normal 0.705595 -0.705595 -0.0653451
    outer loop
      vertex -23.4052 6.43467 0
      vertex -21.0786 8.73105 0.326315
      vertex -23.3901 6.41955 0.326315
    endloop
  endfacet
  facet normal -0.53122 0.53095 -0.660225
    outer loop
      vertex -20.3678 3.43661 1.76777
      vertex -20.3793 3.40874 1.75461
      vertex -20.3875 3.4169 1.76777
    endloop
  endfacet
  facet normal -0.531581 0.531586 -0.659422
    outer loop
      vertex -16.6166 6.88283 1.5219
      vertex -13.8044 10 1.76777
      vertex -13.4994 10 1.5219
    endloop
  endfacet
  facet normal -0.531655 0.531644 -0.659316
    outer loop
      vertex -13.8044 10 1.76777
      vertex -16.6166 6.88283 1.5219
      vertex -16.8322 6.97214 1.76777
    endloop
  endfacet
  facet normal 0.137965 -0.137965 -0.980781
    outer loop
      vertex -21.8682 4.89764 2.47861
      vertex -19.247 7.97239 2.41481
      vertex -18.9263 7.83954 2.47861
    endloop
  endfacet
  facet normal 0.137949 -0.137951 -0.980785
    outer loop
      vertex -19.247 7.97239 2.41481
      vertex -21.8682 4.89764 2.47861
      vertex -22.095 5.12444 2.41481
    endloop
  endfacet
  facet normal 0.137979 -0.137994 -0.980775
    outer loop
      vertex -16.7659 10 2.47861
      vertex -17.953 9.26648 2.41481
      vertex -17.2194 10 2.41481
    endloop
  endfacet
  facet normal 0.137952 -0.137949 -0.980785
    outer loop
      vertex -17.953 9.26648 2.41481
      vertex -16.7659 10 2.47861
      vertex -18.2737 8.49217 2.47861
    endloop
  endfacet
  facet normal 0.706994 0.70722 5.37913e-05
    outer loop
      vertex -23.3901 6.41955 0.326315
      vertex -23.345 6.37444 0.647047
      vertex -23.4052 6.43467 0
    endloop
  endfacet
  facet normal -0.466265 0.466255 0.7518
    outer loop
      vertex -20.5613 3.59076 -1.98338
      vertex -20.3678 3.43661 -1.76777
      vertex -20.1219 4.03017 -1.98338
    endloop
  endfacet
  facet normal -0.466371 0.466135 0.751809
    outer loop
      vertex -20.3678 3.43661 -1.76777
      vertex -20.5613 3.59076 -1.98338
      vertex -20.3875 3.4169 -1.76777
    endloop
  endfacet
  facet normal -0.466225 0.466215 0.75185
    outer loop
      vertex -14.1521 10 -1.98338
      vertex -16.8322 6.97214 -1.76777
      vertex -13.8044 10 -1.76777
    endloop
  endfacet
  facet normal -0.466194 0.46619 0.751884
    outer loop
      vertex -16.8322 6.97214 -1.76777
      vertex -14.1521 10 -1.98338
      vertex -17.0781 7.07398 -1.98338
    endloop
  endfacet
  facet normal -0.634215 0.634209 -0.442211
    outer loop
      vertex -13.038 10 0.956708
      vertex -16.4349 6.80757 1.25
      vertex -13.2425 10 1.25
    endloop
  endfacet
  facet normal -0.63421 0.634202 -0.442228
    outer loop
      vertex -16.4349 6.80757 1.25
      vertex -13.038 10 0.956708
      vertex -16.2903 6.74766 0.956708
    endloop
  endfacet
  facet normal 0.392851 -0.392859 0.831462
    outer loop
      vertex -20.1219 8.33476 -1.98338
      vertex -22.5214 5.55079 -2.16506
      vertex -19.85 8.22214 -2.16506
    endloop
  endfacet
  facet normal 0.392897 -0.392896 0.831423
    outer loop
      vertex -22.5214 5.55079 -2.16506
      vertex -20.1219 8.33476 -1.98338
      vertex -22.7136 5.74305 -1.98338
    endloop
  endfacet
  facet normal 0.312744 -0.312749 0.896872
    outer loop
      vertex -19.85 8.22214 -2.16506
      vertex -22.314 5.3434 -2.3097
      vertex -19.5567 8.10065 -2.3097
    endloop
  endfacet
  facet normal 0.312742 -0.312748 0.896873
    outer loop
      vertex -22.314 5.3434 -2.3097
      vertex -19.85 8.22214 -2.16506
      vertex -22.5214 5.55079 -2.16506
    endloop
  endfacet
  facet normal -0.227296 0.227297 0.946928
    outer loop
      vertex -21.1799 4.20937 -2.41481
      vertex -19.5567 5.39467 -2.3097
      vertex -19.247 6.14226 -2.41481
    endloop
  endfacet
  facet normal -0.227309 0.227315 0.946921
    outer loop
      vertex -19.5567 5.39467 -2.3097
      vertex -21.1799 4.20937 -2.41481
      vertex -20.961 3.99041 -2.3097
    endloop
  endfacet
  facet normal -0.227293 0.227293 0.94693
    outer loop
      vertex -15.3893 10 -2.41481
      vertex -17.6433 7.30809 -2.3097
      vertex -14.9514 10 -2.3097
    endloop
  endfacet
  facet normal -0.227259 0.227264 0.946945
    outer loop
      vertex -17.6433 7.30809 -2.3097
      vertex -15.3893 10 -2.41481
      vertex -17.953 7.43636 -2.41481
    endloop
  endfacet
  facet normal 0.227264 -0.227268 -0.946943
    outer loop
      vertex -22.095 5.12444 2.41481
      vertex -19.5567 8.10065 2.3097
      vertex -19.247 7.97239 2.41481
    endloop
  endfacet
  facet normal 0.227263 -0.227267 -0.946943
    outer loop
      vertex -19.5567 8.10065 2.3097
      vertex -22.095 5.12444 2.41481
      vertex -22.314 5.3434 2.3097
    endloop
  endfacet
  facet normal 0.227269 -0.227294 -0.946935
    outer loop
      vertex -17.6491 10 2.31168
      vertex -17.2194 10 2.41481
      vertex -17.953 9.26648 2.41481
    endloop
  endfacet
  facet normal 0.66959 -0.669596 -0.321389
    outer loop
      vertex -21.0148 8.70462 0.647047
      vertex -23.2707 6.30011 0.956708
      vertex -23.345 6.37444 0.647047
    endloop
  endfacet
  facet normal 0.669584 -0.669593 -0.321407
    outer loop
      vertex -23.2707 6.30011 0.956708
      vertex -21.0148 8.70462 0.647047
      vertex -20.9097 8.66108 0.956708
    endloop
  endfacet
  facet normal 0.0462525 -0.0462529 -0.997858
    outer loop
      vertex -21.6375 4.6669 2.5
      vertex -18.9263 7.83954 2.47861
      vertex -18.6 7.70437 2.5
    endloop
  endfacet
  facet normal 0.0462556 -0.0462556 -0.997858
    outer loop
      vertex -18.9263 7.83954 2.47861
      vertex -21.6375 4.6669 2.5
      vertex -21.8682 4.89764 2.47861
    endloop
  endfacet
  facet normal 0.0462496 -0.0462487 -0.997859
    outer loop
      vertex -16.3044 10 2.5
      vertex -18.2737 8.49217 2.47861
      vertex -16.7659 10 2.47861
    endloop
  endfacet
  facet normal 0.0462506 -0.04625 -0.997859
    outer loop
      vertex -18.2737 8.49217 2.47861
      vertex -16.3044 10 2.5
      vertex -18.6 7.70437 2.5
    endloop
  endfacet
  facet normal 0.706994 0.70722 -5.37913e-05
    outer loop
      vertex -23.345 6.37444 -0.647047
      vertex -23.3901 6.41955 -0.326315
      vertex -23.4052 6.43467 0
    endloop
  endfacet
  facet normal 0.693518 -0.693518 0.195104
    outer loop
      vertex -23.3901 6.41955 -0.326315
      vertex -21.0148 8.70462 -0.647047
      vertex -21.0786 8.73105 -0.326315
    endloop
  endfacet
  facet normal 0.693521 -0.693527 0.195062
    outer loop
      vertex -21.0148 8.70462 -0.647047
      vertex -23.3901 6.41955 -0.326315
      vertex -23.345 6.37444 -0.647047
    endloop
  endfacet
  facet normal 0.706977 0.707236 0.000809392
    outer loop
      vertex -21.1799 4.20937 -2.41481
      vertex -21.4067 4.43616 -2.47861
      vertex -21.6375 4.6669 -2.5
    endloop
  endfacet
  facet normal -0.227309 0.227315 -0.946921
    outer loop
      vertex -21.1799 4.20937 2.41481
      vertex -19.5567 5.39467 2.3097
      vertex -20.961 3.99041 2.3097
    endloop
  endfacet
  facet normal -0.227296 0.227297 -0.946928
    outer loop
      vertex -19.5567 5.39467 2.3097
      vertex -21.1799 4.20937 2.41481
      vertex -19.247 6.14226 2.41481
    endloop
  endfacet
  facet normal -0.227293 0.227293 -0.94693
    outer loop
      vertex -17.6433 7.30809 2.3097
      vertex -15.3893 10 2.41481
      vertex -14.9514 10 2.3097
    endloop
  endfacet
  facet normal -0.227259 0.227264 -0.946945
    outer loop
      vertex -15.3893 10 2.41481
      vertex -17.6433 7.30809 2.3097
      vertex -17.953 7.43636 2.41481
    endloop
  endfacet
  facet normal -0.312744 0.312747 -0.896873
    outer loop
      vertex -20.961 3.99041 2.3097
      vertex -19.85 4.68661 2.16506
      vertex -20.7536 3.78302 2.16506
    endloop
  endfacet
  facet normal -0.31275 0.312759 -0.896866
    outer loop
      vertex -19.85 4.68661 2.16506
      vertex -20.961 3.99041 2.3097
      vertex -19.5567 5.39467 2.3097
    endloop
  endfacet
  facet normal -0.312739 0.31274 -0.896877
    outer loop
      vertex -17.35 7.18661 2.16506
      vertex -14.9514 10 2.3097
      vertex -14.5366 10 2.16506
    endloop
  endfacet
  facet normal -0.312752 0.312751 -0.896869
    outer loop
      vertex -14.9514 10 2.3097
      vertex -17.35 7.18661 2.16506
      vertex -17.6433 7.30809 2.3097
    endloop
  endfacet
  facet normal 0.531651 -0.531649 0.659315
    outer loop
      vertex -20.5834 8.52592 -1.5219
      vertex -22.8875 5.9169 -1.76777
      vertex -20.3678 8.43661 -1.76777
    endloop
  endfacet
  facet normal 0.531686 -0.531676 0.659265
    outer loop
      vertex -22.8875 5.9169 -1.76777
      vertex -20.5834 8.52592 -1.5219
      vertex -23.0399 6.06937 -1.5219
    endloop
  endfacet
  facet normal 0.634203 -0.634211 0.442226
    outer loop
      vertex -23.2707 6.30011 -0.956708
      vertex -20.7651 8.60117 -1.25
      vertex -20.9097 8.66108 -0.956708
    endloop
  endfacet
  facet normal 0.634169 -0.634159 0.442348
    outer loop
      vertex -20.7651 8.60117 -1.25
      vertex -23.2707 6.30011 -0.956708
      vertex -23.1684 6.19783 -1.25
    endloop
  endfacet
  facet normal 0.392851 -0.392859 -0.831462
    outer loop
      vertex -22.5214 5.55079 2.16506
      vertex -20.1219 8.33476 1.98338
      vertex -19.85 8.22214 2.16506
    endloop
  endfacet
  facet normal 0.392897 -0.392896 -0.831423
    outer loop
      vertex -20.1219 8.33476 1.98338
      vertex -22.5214 5.55079 2.16506
      vertex -22.7136 5.74305 1.98338
    endloop
  endfacet
  facet normal -0.693525 0.693529 -0.195041
    outer loop
      vertex -12.7991 10 0.326315
      vertex -16.1852 6.70412 0.647047
      vertex -12.8893 10 0.647047
    endloop
  endfacet
  facet normal -0.693521 0.693521 -0.195083
    outer loop
      vertex -16.1852 6.70412 0.647047
      vertex -12.7991 10 0.326315
      vertex -16.1214 6.6777 0.326315
    endloop
  endfacet
  facet normal 0.466185 -0.466184 0.751894
    outer loop
      vertex -20.3678 8.43661 -1.76777
      vertex -22.7136 5.74305 -1.98338
      vertex -20.1219 8.33476 -1.98338
    endloop
  endfacet
  facet normal 0.466186 -0.466184 0.751893
    outer loop
      vertex -22.7136 5.74305 -1.98338
      vertex -20.3678 8.43661 -1.76777
      vertex -22.8875 5.9169 -1.76777
    endloop
  endfacet
  facet normal 0.466185 -0.466184 -0.751894
    outer loop
      vertex -22.7136 5.74305 1.98338
      vertex -20.3678 8.43661 1.76777
      vertex -20.1219 8.33476 1.98338
    endloop
  endfacet
  facet normal 0.466186 -0.466184 -0.751893
    outer loop
      vertex -20.3678 8.43661 1.76777
      vertex -22.7136 5.74305 1.98338
      vertex -22.8875 5.9169 1.76777
    endloop
  endfacet
  facet normal 0.707228 0.706985 1.01602e-05
    outer loop
      vertex -23.345 6.37444 0.647047
      vertex -23.2707 6.30011 0.956708
      vertex -23.4052 6.43467 0
    endloop
  endfacet
  facet normal 0.706407 0.707805 -0.00132385
    outer loop
      vertex -20.5613 3.59076 1.98338
      vertex -20.3875 3.4169 1.76777
      vertex -20.7536 3.78302 2.16506
    endloop
  endfacet
  facet normal 0.227264 -0.227268 0.946943
    outer loop
      vertex -19.5567 8.10065 -2.3097
      vertex -22.095 5.12444 -2.41481
      vertex -19.247 7.97239 -2.41481
    endloop
  endfacet
  facet normal 0.227263 -0.227267 0.946943
    outer loop
      vertex -22.095 5.12444 -2.41481
      vertex -19.5567 8.10065 -2.3097
      vertex -22.314 5.3434 -2.3097
    endloop
  endfacet
  facet normal 0.227269 -0.227294 0.946935
    outer loop
      vertex -17.2194 10 -2.41481
      vertex -17.6491 10 -2.31168
      vertex -17.953 9.26648 -2.41481
    endloop
  endfacet
  facet normal 0.0462525 -0.0462529 0.997858
    outer loop
      vertex -18.9263 7.83954 -2.47861
      vertex -21.6375 4.6669 -2.5
      vertex -18.6 7.70437 -2.5
    endloop
  endfacet
  facet normal 0.0462556 -0.0462556 0.997858
    outer loop
      vertex -21.6375 4.6669 -2.5
      vertex -18.9263 7.83954 -2.47861
      vertex -21.8682 4.89764 -2.47861
    endloop
  endfacet
  facet normal 0.0462496 -0.0462487 0.997859
    outer loop
      vertex -18.2737 8.49217 -2.47861
      vertex -16.3044 10 -2.5
      vertex -16.7659 10 -2.47861
    endloop
  endfacet
  facet normal 0.0462506 -0.04625 0.997859
    outer loop
      vertex -16.3044 10 -2.5
      vertex -18.2737 8.49217 -2.47861
      vertex -18.6 7.70437 -2.5
    endloop
  endfacet
  facet normal -0.137946 0.137945 0.980786
    outer loop
      vertex -21.4067 4.43616 -2.47861
      vertex -19.247 6.14226 -2.41481
      vertex -18.9263 6.91658 -2.47861
    endloop
  endfacet
  facet normal -0.137953 0.137953 0.980784
    outer loop
      vertex -19.247 6.14226 -2.41481
      vertex -21.4067 4.43616 -2.47861
      vertex -21.1799 4.20937 -2.41481
    endloop
  endfacet
  facet normal -0.13795 0.137953 0.980785
    outer loop
      vertex -15.8429 10 -2.47861
      vertex -17.953 7.43636 -2.41481
      vertex -15.3893 10 -2.41481
    endloop
  endfacet
  facet normal -0.137964 0.137965 0.980781
    outer loop
      vertex -17.953 7.43636 -2.41481
      vertex -15.8429 10 -2.47861
      vertex -18.2737 7.56921 -2.47861
    endloop
  endfacet
  facet normal 0.705598 -0.705585 0.0654315
    outer loop
      vertex -23.4052 6.43467 0
      vertex -21.0786 8.73105 -0.326315
      vertex -21.1 8.73991 0
    endloop
  endfacet
  facet normal 0.705595 -0.705595 0.0653451
    outer loop
      vertex -21.0786 8.73105 -0.326315
      vertex -23.4052 6.43467 0
      vertex -23.3901 6.41955 -0.326315
    endloop
  endfacet
  facet normal 0.707198 0.707015 -0.000650066
    outer loop
      vertex -22.095 5.12444 2.41481
      vertex -21.8682 4.89764 2.47861
      vertex -22.314 5.3434 2.3097
    endloop
  endfacet
  facet normal 0.531651 -0.531649 -0.659315
    outer loop
      vertex -22.8875 5.9169 1.76777
      vertex -20.5834 8.52592 1.5219
      vertex -20.3678 8.43661 1.76777
    endloop
  endfacet
  facet normal 0.531686 -0.531676 -0.659265
    outer loop
      vertex -20.5834 8.52592 1.5219
      vertex -22.8875 5.9169 1.76777
      vertex -23.0399 6.06937 1.5219
    endloop
  endfacet
  facet normal 0.706977 0.707236 -0.000809392
    outer loop
      vertex -21.4067 4.43616 2.47861
      vertex -21.1799 4.20937 2.41481
      vertex -21.6375 4.6669 2.5
    endloop
  endfacet
  facet normal 0.137965 -0.137965 0.980781
    outer loop
      vertex -19.247 7.97239 -2.41481
      vertex -21.8682 4.89764 -2.47861
      vertex -18.9263 7.83954 -2.47861
    endloop
  endfacet
  facet normal 0.137949 -0.137951 0.980785
    outer loop
      vertex -21.8682 4.89764 -2.47861
      vertex -19.247 7.97239 -2.41481
      vertex -22.095 5.12444 -2.41481
    endloop
  endfacet
  facet normal 0.137979 -0.137994 0.980775
    outer loop
      vertex -17.953 9.26648 -2.41481
      vertex -16.7659 10 -2.47861
      vertex -17.2194 10 -2.41481
    endloop
  endfacet
  facet normal 0.137952 -0.137949 0.980785
    outer loop
      vertex -16.7659 10 -2.47861
      vertex -17.953 9.26648 -2.41481
      vertex -18.2737 8.49217 -2.47861
    endloop
  endfacet
  facet normal 0.587922 -0.587913 0.555613
    outer loop
      vertex -23.0399 6.06937 -1.5219
      vertex -20.7651 8.60117 -1.25
      vertex -23.1684 6.19783 -1.25
    endloop
  endfacet
  facet normal 0.58793 -0.587918 0.5556
    outer loop
      vertex -20.7651 8.60117 -1.25
      vertex -23.0399 6.06937 -1.5219
      vertex -20.5834 8.52592 -1.5219
    endloop
  endfacet
  facet normal 0.634203 -0.634211 -0.442226
    outer loop
      vertex -20.7651 8.60117 1.25
      vertex -23.2707 6.30011 0.956708
      vertex -20.9097 8.66108 0.956708
    endloop
  endfacet
  facet normal 0.634169 -0.634159 -0.442348
    outer loop
      vertex -23.2707 6.30011 0.956708
      vertex -20.7651 8.60117 1.25
      vertex -23.1684 6.19783 1.25
    endloop
  endfacet
  facet normal 0.693518 -0.693518 -0.195104
    outer loop
      vertex -21.0148 8.70462 0.647047
      vertex -23.3901 6.41955 0.326315
      vertex -21.0786 8.73105 0.326315
    endloop
  endfacet
  facet normal 0.693521 -0.693527 -0.195062
    outer loop
      vertex -23.3901 6.41955 0.326315
      vertex -21.0148 8.70462 0.647047
      vertex -23.345 6.37444 0.647047
    endloop
  endfacet
  facet normal -0.587962 0.587956 -0.555525
    outer loop
      vertex -16.4349 6.80757 1.25
      vertex -13.4994 10 1.5219
      vertex -13.2425 10 1.25
    endloop
  endfacet
  facet normal -0.587915 0.587921 -0.555613
    outer loop
      vertex -13.4994 10 1.5219
      vertex -16.4349 6.80757 1.25
      vertex -16.6166 6.88283 1.5219
    endloop
  endfacet
  facet normal -0.392834 0.392839 0.83148
    outer loop
      vertex -20.7536 3.78302 -2.16506
      vertex -20.1219 4.03017 -1.98338
      vertex -19.85 4.68661 -2.16506
    endloop
  endfacet
  facet normal -0.39283 0.392821 0.83149
    outer loop
      vertex -20.1219 4.03017 -1.98338
      vertex -20.7536 3.78302 -2.16506
      vertex -20.5613 3.59076 -1.98338
    endloop
  endfacet
  facet normal -0.392869 0.392866 0.831451
    outer loop
      vertex -14.5366 10 -2.16506
      vertex -17.0781 7.07398 -1.98338
      vertex -14.1521 10 -1.98338
    endloop
  endfacet
  facet normal -0.392847 0.392848 0.83147
    outer loop
      vertex -17.0781 7.07398 -1.98338
      vertex -14.5366 10 -2.16506
      vertex -17.35 7.18661 -2.16506
    endloop
  endfacet
  facet normal -0.705588 0.705588 0.0655174
    outer loop
      vertex -16.1214 6.6777 -0.326315
      vertex -12.7688 10 0
      vertex -12.7991 10 -0.326315
    endloop
  endfacet
  facet normal -0.705587 0.705596 0.0654311
    outer loop
      vertex -12.7688 10 0
      vertex -16.1214 6.6777 -0.326315
      vertex -16.1 6.66884 0
    endloop
  endfacet
  facet normal 0.587922 -0.587913 -0.555613
    outer loop
      vertex -20.7651 8.60117 1.25
      vertex -23.0399 6.06937 1.5219
      vertex -23.1684 6.19783 1.25
    endloop
  endfacet
  facet normal 0.58793 -0.587918 -0.5556
    outer loop
      vertex -23.0399 6.06937 1.5219
      vertex -20.7651 8.60117 1.25
      vertex -20.5834 8.52592 1.5219
    endloop
  endfacet
  facet normal -0.705588 0.705588 -0.0655174
    outer loop
      vertex -12.7688 10 0
      vertex -16.1214 6.6777 0.326315
      vertex -12.7991 10 0.326315
    endloop
  endfacet
  facet normal -0.705587 0.705596 -0.0654311
    outer loop
      vertex -16.1214 6.6777 0.326315
      vertex -12.7688 10 0
      vertex -16.1 6.66884 0
    endloop
  endfacet
  facet normal -0.466371 0.466135 -0.751809
    outer loop
      vertex -20.5613 3.59076 1.98338
      vertex -20.3678 3.43661 1.76777
      vertex -20.3875 3.4169 1.76777
    endloop
  endfacet
  facet normal -0.466265 0.466255 -0.7518
    outer loop
      vertex -20.3678 3.43661 1.76777
      vertex -20.5613 3.59076 1.98338
      vertex -20.1219 4.03017 1.98338
    endloop
  endfacet
  facet normal -0.466225 0.466215 -0.75185
    outer loop
      vertex -16.8322 6.97214 1.76777
      vertex -14.1521 10 1.98338
      vertex -13.8044 10 1.76777
    endloop
  endfacet
  facet normal -0.466194 0.46619 -0.751884
    outer loop
      vertex -14.1521 10 1.98338
      vertex -16.8322 6.97214 1.76777
      vertex -17.0781 7.07398 1.98338
    endloop
  endfacet
  facet normal -0.0462498 0.0462503 0.997859
    outer loop
      vertex -21.6375 4.6669 -2.5
      vertex -18.9263 6.91658 -2.47861
      vertex -18.6 7.70437 -2.5
    endloop
  endfacet
  facet normal -0.0462458 0.0462454 0.997859
    outer loop
      vertex -18.9263 6.91658 -2.47861
      vertex -21.6375 4.6669 -2.5
      vertex -21.4067 4.43616 -2.47861
    endloop
  endfacet
  facet normal -0.0462496 0.0462498 0.997859
    outer loop
      vertex -16.3044 10 -2.5
      vertex -18.2737 7.56921 -2.47861
      vertex -15.8429 10 -2.47861
    endloop
  endfacet
  facet normal -0.0462538 0.0462532 0.997858
    outer loop
      vertex -18.2737 7.56921 -2.47861
      vertex -16.3044 10 -2.5
      vertex -18.6 7.70437 -2.5
    endloop
  endfacet
  facet normal -0.53122 0.53095 0.660225
    outer loop
      vertex -20.3793 3.40874 -1.75461
      vertex -20.3678 3.43661 -1.76777
      vertex -20.3875 3.4169 -1.76777
    endloop
  endfacet
  facet normal -0.531581 0.531586 0.659422
    outer loop
      vertex -13.8044 10 -1.76777
      vertex -16.6166 6.88283 -1.5219
      vertex -13.4994 10 -1.5219
    endloop
  endfacet
  facet normal -0.531655 0.531644 0.659316
    outer loop
      vertex -16.6166 6.88283 -1.5219
      vertex -13.8044 10 -1.76777
      vertex -16.8322 6.97214 -1.76777
    endloop
  endfacet
  facet normal -0.31275 0.312759 0.896866
    outer loop
      vertex -20.961 3.99041 -2.3097
      vertex -19.85 4.68661 -2.16506
      vertex -19.5567 5.39467 -2.3097
    endloop
  endfacet
  facet normal -0.312744 0.312747 0.896873
    outer loop
      vertex -19.85 4.68661 -2.16506
      vertex -20.961 3.99041 -2.3097
      vertex -20.7536 3.78302 -2.16506
    endloop
  endfacet
  facet normal -0.312739 0.31274 0.896877
    outer loop
      vertex -14.9514 10 -2.3097
      vertex -17.35 7.18661 -2.16506
      vertex -14.5366 10 -2.16506
    endloop
  endfacet
  facet normal -0.312752 0.312751 0.896869
    outer loop
      vertex -17.35 7.18661 -2.16506
      vertex -14.9514 10 -2.3097
      vertex -17.6433 7.30809 -2.3097
    endloop
  endfacet
  facet normal 0.706407 0.707805 0.00132385
    outer loop
      vertex -20.3875 3.4169 -1.76777
      vertex -20.5613 3.59076 -1.98338
      vertex -20.7536 3.78302 -2.16506
    endloop
  endfacet
  facet normal -0.137953 0.137953 -0.980784
    outer loop
      vertex -21.4067 4.43616 2.47861
      vertex -19.247 6.14226 2.41481
      vertex -21.1799 4.20937 2.41481
    endloop
  endfacet
  facet normal -0.137946 0.137945 -0.980786
    outer loop
      vertex -19.247 6.14226 2.41481
      vertex -21.4067 4.43616 2.47861
      vertex -18.9263 6.91658 2.47861
    endloop
  endfacet
  facet normal -0.13795 0.137953 -0.980785
    outer loop
      vertex -17.953 7.43636 2.41481
      vertex -15.8429 10 2.47861
      vertex -15.3893 10 2.41481
    endloop
  endfacet
  facet normal -0.137964 0.137965 -0.980781
    outer loop
      vertex -15.8429 10 2.47861
      vertex -17.953 7.43636 2.41481
      vertex -18.2737 7.56921 2.47861
    endloop
  endfacet
  facet normal 0.707045 0.707169 -8.67734e-05
    outer loop
      vertex -20.7651 3.7945 1.25
      vertex -21.6375 4.6669 2.5
      vertex -21.1799 4.20937 2.41481
    endloop
  endfacet
  facet normal 0.707211 0.707002 3.19924e-05
    outer loop
      vertex -20.7651 3.7945 1.25
      vertex -21.1799 4.20937 2.41481
      vertex -20.961 3.99041 2.3097
    endloop
  endfacet
  facet normal 0.707164 0.707049 8.03594e-05
    outer loop
      vertex -21.6375 4.6669 2.5
      vertex -20.7651 3.7945 1.25
      vertex -21.8682 4.89764 2.47861
    endloop
  endfacet
  facet normal 0.707085 0.707129 -1.48963e-05
    outer loop
      vertex -20.7651 3.7945 1.25
      vertex -20.961 3.99041 2.3097
      vertex -20.7536 3.78302 2.16506
    endloop
  endfacet
  facet normal 0.70715 0.707064 5.40892e-05
    outer loop
      vertex -20.9097 3.93914 0.956708
      vertex -21.8682 4.89764 2.47861
      vertex -20.7651 3.7945 1.25
    endloop
  endfacet
  facet normal 0.707081 0.707132 -3.22616e-05
    outer loop
      vertex -21.8682 4.89764 2.47861
      vertex -20.9097 3.93914 0.956708
      vertex -22.314 5.3434 2.3097
    endloop
  endfacet
  facet normal 0.707134 0.70708 1.43403e-05
    outer loop
      vertex -20.5834 3.61282 1.5219
      vertex -20.7536 3.78302 2.16506
      vertex -20.3875 3.4169 1.76777
    endloop
  endfacet
  facet normal 0.707079 0.707135 -1.47548e-05
    outer loop
      vertex -20.7651 3.7945 1.25
      vertex -20.7536 3.78302 2.16506
      vertex -20.5834 3.61282 1.5219
    endloop
  endfacet
  facet normal 0.706368 0.707843 0.00123259
    outer loop
      vertex -20.5834 3.61282 1.5219
      vertex -20.3875 3.4169 1.76777
      vertex -20.3793 3.40874 1.75461
    endloop
  endfacet
  facet normal 0.707093 0.707121 -8.40104e-06
    outer loop
      vertex -22.314 5.3434 2.3097
      vertex -20.9097 3.93914 0.956708
      vertex -22.5214 5.55079 2.16506
    endloop
  endfacet
  facet normal 0.707149 0.707064 0.000143164
    outer loop
      vertex -22.5214 5.55079 2.16506
      vertex -20.9097 3.93914 0.956708
      vertex -22.7136 5.74305 1.98338
    endloop
  endfacet
  facet normal 0.707076 0.707137 -0.00011456
    outer loop
      vertex -22.7136 5.74305 1.98338
      vertex -20.9097 3.93914 0.956708
      vertex -22.8875 5.9169 1.76777
    endloop
  endfacet
  facet normal 0.707105 0.707109 2.43058e-05
    outer loop
      vertex -21.0148 4.04425 0.647047
      vertex -22.8875 5.9169 1.76777
      vertex -20.9097 3.93914 0.956708
    endloop
  endfacet
  facet normal 0.707144 0.70707 0.000155372
    outer loop
      vertex -22.8875 5.9169 1.76777
      vertex -21.0148 4.04425 0.647047
      vertex -23.0399 6.06937 1.5219
    endloop
  endfacet
  facet normal 0.707091 0.707123 -8.913e-05
    outer loop
      vertex -23.0399 6.06937 1.5219
      vertex -21.0148 4.04425 0.647047
      vertex -23.1684 6.19783 1.25
    endloop
  endfacet
  facet normal 0.707098 0.707116 -4.18426e-05
    outer loop
      vertex -23.1684 6.19783 1.25
      vertex -21.0148 4.04425 0.647047
      vertex -23.2707 6.30011 0.956708
    endloop
  endfacet
  facet normal 0.707101 0.707113 2.42777e-06
    outer loop
      vertex -21.0786 4.10805 0.326315
      vertex -23.2707 6.30011 0.956708
      vertex -21.0148 4.04425 0.647047
    endloop
  endfacet
  facet normal 0.707111 0.707102 -2.22728e-05
    outer loop
      vertex -23.4052 6.43467 0
      vertex -21.0786 4.10805 0.326315
      vertex -21.1 4.12944 0
    endloop
  endfacet
  facet normal 0.707107 0.707107 4.43665e-05
    outer loop
      vertex -21.0786 4.10805 0.326315
      vertex -23.4052 6.43467 0
      vertex -23.2707 6.30011 0.956708
    endloop
  endfacet
  facet normal 0.707111 0.707102 2.22728e-05
    outer loop
      vertex -21.0786 4.10805 -0.326315
      vertex -23.4052 6.43467 0
      vertex -21.1 4.12944 0
    endloop
  endfacet
  facet normal 0.707101 0.707113 -2.42777e-06
    outer loop
      vertex -23.2707 6.30011 -0.956708
      vertex -21.0786 4.10805 -0.326315
      vertex -21.0148 4.04425 -0.647047
    endloop
  endfacet
  facet normal 0.707105 0.707109 -2.43058e-05
    outer loop
      vertex -22.8875 5.9169 -1.76777
      vertex -21.0148 4.04425 -0.647047
      vertex -20.9097 3.93914 -0.956708
    endloop
  endfacet
  facet normal 0.707107 0.707107 -4.43665e-05
    outer loop
      vertex -21.0786 4.10805 -0.326315
      vertex -23.2707 6.30011 -0.956708
      vertex -23.4052 6.43467 0
    endloop
  endfacet
  facet normal 0.70715 0.707064 -5.40892e-05
    outer loop
      vertex -21.8682 4.89764 -2.47861
      vertex -20.9097 3.93914 -0.956708
      vertex -20.7651 3.7945 -1.25
    endloop
  endfacet
  facet normal 0.707098 0.707116 4.18426e-05
    outer loop
      vertex -21.0148 4.04425 -0.647047
      vertex -23.1684 6.19783 -1.25
      vertex -23.2707 6.30011 -0.956708
    endloop
  endfacet
  facet normal 0.707079 0.707135 1.47548e-05
    outer loop
      vertex -20.7536 3.78302 -2.16506
      vertex -20.7651 3.7945 -1.25
      vertex -20.5834 3.61282 -1.5219
    endloop
  endfacet
  facet normal 0.707091 0.707123 8.913e-05
    outer loop
      vertex -21.0148 4.04425 -0.647047
      vertex -23.0399 6.06937 -1.5219
      vertex -23.1684 6.19783 -1.25
    endloop
  endfacet
  facet normal 0.706368 0.707843 -0.00123259
    outer loop
      vertex -20.3875 3.4169 -1.76777
      vertex -20.5834 3.61282 -1.5219
      vertex -20.3793 3.40874 -1.75461
    endloop
  endfacet
  facet normal 0.707134 0.70708 -1.43403e-05
    outer loop
      vertex -20.7536 3.78302 -2.16506
      vertex -20.5834 3.61282 -1.5219
      vertex -20.3875 3.4169 -1.76777
    endloop
  endfacet
  facet normal 0.707144 0.70707 -0.000155372
    outer loop
      vertex -21.0148 4.04425 -0.647047
      vertex -22.8875 5.9169 -1.76777
      vertex -23.0399 6.06937 -1.5219
    endloop
  endfacet
  facet normal 0.707076 0.707137 0.00011456
    outer loop
      vertex -20.9097 3.93914 -0.956708
      vertex -22.7136 5.74305 -1.98338
      vertex -22.8875 5.9169 -1.76777
    endloop
  endfacet
  facet normal 0.707085 0.707129 1.48963e-05
    outer loop
      vertex -20.7651 3.7945 -1.25
      vertex -20.7536 3.78302 -2.16506
      vertex -20.961 3.99041 -2.3097
    endloop
  endfacet
  facet normal 0.707149 0.707064 -0.000143164
    outer loop
      vertex -20.9097 3.93914 -0.956708
      vertex -22.5214 5.55079 -2.16506
      vertex -22.7136 5.74305 -1.98338
    endloop
  endfacet
  facet normal 0.707211 0.707002 -3.19924e-05
    outer loop
      vertex -20.7651 3.7945 -1.25
      vertex -20.961 3.99041 -2.3097
      vertex -21.1799 4.20937 -2.41481
    endloop
  endfacet
  facet normal 0.707093 0.707121 8.40104e-06
    outer loop
      vertex -20.9097 3.93914 -0.956708
      vertex -22.314 5.3434 -2.3097
      vertex -22.5214 5.55079 -2.16506
    endloop
  endfacet
  facet normal 0.707045 0.707169 8.67734e-05
    outer loop
      vertex -20.7651 3.7945 -1.25
      vertex -21.1799 4.20937 -2.41481
      vertex -21.6375 4.6669 -2.5
    endloop
  endfacet
  facet normal 0.707081 0.707132 3.22616e-05
    outer loop
      vertex -20.9097 3.93914 -0.956708
      vertex -21.8682 4.89764 -2.47861
      vertex -22.314 5.3434 -2.3097
    endloop
  endfacet
  facet normal 0.707164 0.707049 -8.03594e-05
    outer loop
      vertex -20.7651 3.7945 -1.25
      vertex -21.6375 4.6669 -2.5
      vertex -21.8682 4.89764 -2.47861
    endloop
  endfacet
  facet normal -0.693525 0.693529 0.195041
    outer loop
      vertex -16.1852 6.70412 -0.647047
      vertex -12.7991 10 -0.326315
      vertex -12.8893 10 -0.647047
    endloop
  endfacet
  facet normal -0.693521 0.693521 0.195083
    outer loop
      vertex -12.7991 10 -0.326315
      vertex -16.1852 6.70412 -0.647047
      vertex -16.1214 6.6777 -0.326315
    endloop
  endfacet
  facet normal -0.669564 0.669556 0.321526
    outer loop
      vertex -16.2903 6.74766 -0.956708
      vertex -12.8893 10 -0.647047
      vertex -13.038 10 -0.956708
    endloop
  endfacet
  facet normal -0.669586 0.66959 0.321408
    outer loop
      vertex -12.8893 10 -0.647047
      vertex -16.2903 6.74766 -0.956708
      vertex -16.1852 6.70412 -0.647047
    endloop
  endfacet
  facet normal -0.634215 0.634209 0.442211
    outer loop
      vertex -16.4349 6.80757 -1.25
      vertex -13.038 10 -0.956708
      vertex -13.2425 10 -1.25
    endloop
  endfacet
  facet normal -0.63421 0.634202 0.442228
    outer loop
      vertex -13.038 10 -0.956708
      vertex -16.4349 6.80757 -1.25
      vertex -16.2903 6.74766 -0.956708
    endloop
  endfacet
  facet normal 0.195116 -0 0.98078
    outer loop
      vertex -19.247 7.97239 -2.41481
      vertex -18.9263 10 -2.47861
      vertex -19.247 10 -2.41481
    endloop
  endfacet
  facet normal 0.195116 0 0.98078
    outer loop
      vertex -18.9263 10 -2.47861
      vertex -19.247 7.97239 -2.41481
      vertex -18.9263 7.83954 -2.47861
    endloop
  endfacet
  facet normal 0.195116 0 0.98078
    outer loop
      vertex -19.247 -7.97239 -2.41481
      vertex -18.9263 -10 -2.47861
      vertex -18.9263 -7.83954 -2.47861
    endloop
  endfacet
  facet normal 0.195116 0 0.98078
    outer loop
      vertex -18.9263 -10 -2.47861
      vertex -19.247 -7.97239 -2.41481
      vertex -19.247 -10 -2.41481
    endloop
  endfacet
  facet normal 0.195116 0 0.98078
    outer loop
      vertex -19.247 6.14226 -2.41481
      vertex -18.9263 -6.91658 -2.47861
      vertex -18.9263 6.91658 -2.47861
    endloop
  endfacet
  facet normal 0.195116 0 0.98078
    outer loop
      vertex -18.9263 -6.91658 -2.47861
      vertex -19.247 6.14226 -2.41481
      vertex -19.247 -6.14226 -2.41481
    endloop
  endfacet
  facet normal 0.896916 0 -0.442201
    outer loop
      vertex -20.7651 10 1.25
      vertex -20.9097 8.66108 0.956708
      vertex -20.9097 10 0.956708
    endloop
  endfacet
  facet normal 0.896916 0 -0.442201
    outer loop
      vertex -20.9097 8.66108 0.956708
      vertex -20.7651 10 1.25
      vertex -20.7651 8.60117 1.25
    endloop
  endfacet
  facet normal 0.896916 0 -0.442201
    outer loop
      vertex -20.7651 -10 1.25
      vertex -20.9097 -8.66108 0.956708
      vertex -20.7651 -8.60117 1.25
    endloop
  endfacet
  facet normal 0.896916 0 -0.442201
    outer loop
      vertex -20.9097 -8.66108 0.956708
      vertex -20.7651 -10 1.25
      vertex -20.9097 -10 0.956708
    endloop
  endfacet
  facet normal 0.896916 0 -0.442201
    outer loop
      vertex -20.7651 -3.7945 1.25
      vertex -20.9097 3.93914 0.956708
      vertex -20.7651 3.7945 1.25
    endloop
  endfacet
  facet normal 0.896916 0 -0.442201
    outer loop
      vertex -20.9097 3.93914 0.956708
      vertex -20.7651 -3.7945 1.25
      vertex -20.9097 -3.93914 0.956708
    endloop
  endfacet
  facet normal 0.980784 -0 0.195097
    outer loop
      vertex -21.0786 8.73105 -0.326315
      vertex -21.0148 10 -0.647047
      vertex -21.0786 10 -0.326315
    endloop
  endfacet
  facet normal 0.980784 0 0.195097
    outer loop
      vertex -21.0148 10 -0.647047
      vertex -21.0786 8.73105 -0.326315
      vertex -21.0148 8.70462 -0.647047
    endloop
  endfacet
  facet normal 0.980784 0 0.195097
    outer loop
      vertex -21.0148 -10 -0.647047
      vertex -21.0786 -8.73105 -0.326315
      vertex -21.0786 -10 -0.326315
    endloop
  endfacet
  facet normal 0.980784 0 0.195097
    outer loop
      vertex -21.0786 -8.73105 -0.326315
      vertex -21.0148 -10 -0.647047
      vertex -21.0148 -8.70462 -0.647047
    endloop
  endfacet
  facet normal 0.980784 0 0.195097
    outer loop
      vertex -21.0786 4.10805 -0.326315
      vertex -21.0148 -4.04425 -0.647047
      vertex -21.0148 4.04425 -0.647047
    endloop
  endfacet
  facet normal 0.980784 0 0.195097
    outer loop
      vertex -21.0148 -4.04425 -0.647047
      vertex -21.0786 4.10805 -0.326315
      vertex -21.0786 -4.10805 -0.326315
    endloop
  endfacet
  facet normal 0.321387 -0 0.946948
    outer loop
      vertex -19.5567 8.10065 -2.3097
      vertex -19.247 10 -2.41481
      vertex -19.5567 10 -2.3097
    endloop
  endfacet
  facet normal 0.321387 0 0.946948
    outer loop
      vertex -19.247 10 -2.41481
      vertex -19.5567 8.10065 -2.3097
      vertex -19.247 7.97239 -2.41481
    endloop
  endfacet
  facet normal 0.321387 0 0.946948
    outer loop
      vertex -19.5567 -8.10065 -2.3097
      vertex -19.247 -10 -2.41481
      vertex -19.247 -7.97239 -2.41481
    endloop
  endfacet
  facet normal 0.321387 0 0.946948
    outer loop
      vertex -19.247 -10 -2.41481
      vertex -19.5567 -8.10065 -2.3097
      vertex -19.5567 -10 -2.3097
    endloop
  endfacet
  facet normal 0.321387 0 0.946948
    outer loop
      vertex -19.5567 5.39467 -2.3097
      vertex -19.247 -6.14226 -2.41481
      vertex -19.247 6.14226 -2.41481
    endloop
  endfacet
  facet normal 0.321387 0 0.946948
    outer loop
      vertex -19.247 -6.14226 -2.41481
      vertex -19.5567 5.39467 -2.3097
      vertex -19.5567 -5.39467 -2.3097
    endloop
  endfacet
  facet normal 0.831438 0 -0.555617
    outer loop
      vertex -20.5834 10 1.5219
      vertex -20.7651 8.60117 1.25
      vertex -20.7651 10 1.25
    endloop
  endfacet
  facet normal 0.831438 0 -0.555617
    outer loop
      vertex -20.7651 8.60117 1.25
      vertex -20.5834 10 1.5219
      vertex -20.5834 8.52592 1.5219
    endloop
  endfacet
  facet normal 0.831438 0 -0.555617
    outer loop
      vertex -20.5834 -10 1.5219
      vertex -20.7651 -8.60117 1.25
      vertex -20.5834 -8.52592 1.5219
    endloop
  endfacet
  facet normal 0.831438 0 -0.555617
    outer loop
      vertex -20.7651 -8.60117 1.25
      vertex -20.5834 -10 1.5219
      vertex -20.7651 -10 1.25
    endloop
  endfacet
  facet normal 0.831438 0 -0.555617
    outer loop
      vertex -20.5834 -3.61282 1.5219
      vertex -20.7651 3.7945 1.25
      vertex -20.5834 3.61282 1.5219
    endloop
  endfacet
  facet normal 0.831438 0 -0.555617
    outer loop
      vertex -20.7651 3.7945 1.25
      vertex -20.5834 -3.61282 1.5219
      vertex -20.7651 -3.7945 1.25
    endloop
  endfacet
  facet normal 0.751873 0 -0.659307
    outer loop
      vertex -20.3678 10 1.76777
      vertex -20.5834 8.52592 1.5219
      vertex -20.5834 10 1.5219
    endloop
  endfacet
  facet normal 0.751873 0 -0.659307
    outer loop
      vertex -20.5834 8.52592 1.5219
      vertex -20.3678 10 1.76777
      vertex -20.3678 8.43661 1.76777
    endloop
  endfacet
  facet normal 0.751873 0 -0.659307
    outer loop
      vertex -20.3678 -10 1.76777
      vertex -20.5834 -8.52592 1.5219
      vertex -20.3678 -8.43661 1.76777
    endloop
  endfacet
  facet normal 0.751873 0 -0.659307
    outer loop
      vertex -20.5834 -8.52592 1.5219
      vertex -20.3678 -10 1.76777
      vertex -20.5834 -10 1.5219
    endloop
  endfacet
  facet normal 0.753002 0 -0.658018
    outer loop
      vertex -20.3678 3.43661 1.76777
      vertex -20.3793 -3.40874 1.75461
      vertex -20.3793 3.40874 1.75461
    endloop
  endfacet
  facet normal 0.753002 0 -0.658018
    outer loop
      vertex -20.3793 -3.40874 1.75461
      vertex -20.3678 3.43661 1.76777
      vertex -20.3678 -3.43661 1.76777
    endloop
  endfacet
  facet normal 0.75181 0 -0.65938
    outer loop
      vertex -20.3793 -3.40874 1.75461
      vertex -20.5834 3.61282 1.5219
      vertex -20.3793 3.40874 1.75461
    endloop
  endfacet
  facet normal 0.75181 0 -0.65938
    outer loop
      vertex -20.5834 3.61282 1.5219
      vertex -20.3793 -3.40874 1.75461
      vertex -20.5834 -3.61282 1.5219
    endloop
  endfacet
  facet normal -0.980784 0 0.195097
    outer loop
      vertex -16.1852 6.70412 -0.647047
      vertex -16.1214 -6.6777 -0.326315
      vertex -16.1214 6.6777 -0.326315
    endloop
  endfacet
  facet normal -0.980784 0 0.195097
    outer loop
      vertex -16.1214 -6.6777 -0.326315
      vertex -16.1852 6.70412 -0.647047
      vertex -16.1852 -6.70412 -0.647047
    endloop
  endfacet
  facet normal 0.997856 0 -0.0654402
    outer loop
      vertex -21.0786 10 0.326315
      vertex -21.1 8.73991 0
      vertex -21.1 10 0
    endloop
  endfacet
  facet normal 0.997856 0 -0.0654402
    outer loop
      vertex -21.1 8.73991 0
      vertex -21.0786 10 0.326315
      vertex -21.0786 8.73105 0.326315
    endloop
  endfacet
  facet normal 0.997856 0 -0.0654402
    outer loop
      vertex -21.0786 -10 0.326315
      vertex -21.1 -8.73991 0
      vertex -21.0786 -8.73105 0.326315
    endloop
  endfacet
  facet normal 0.997856 0 -0.0654402
    outer loop
      vertex -21.1 -8.73991 0
      vertex -21.0786 -10 0.326315
      vertex -21.1 -10 0
    endloop
  endfacet
  facet normal 0.997856 0 -0.0654402
    outer loop
      vertex -21.0786 -4.10805 0.326315
      vertex -21.1 4.12944 0
      vertex -21.0786 4.10805 0.326315
    endloop
  endfacet
  facet normal 0.997856 0 -0.0654402
    outer loop
      vertex -21.1 4.12944 0
      vertex -21.0786 -4.10805 0.326315
      vertex -21.1 -4.12944 0
    endloop
  endfacet
  facet normal 0.0654128 -0 0.997858
    outer loop
      vertex -18.9263 7.83954 -2.47861
      vertex -18.6 10 -2.5
      vertex -18.9263 10 -2.47861
    endloop
  endfacet
  facet normal 0.0654128 0 0.997858
    outer loop
      vertex -18.6 10 -2.5
      vertex -18.9263 7.83954 -2.47861
      vertex -18.6 7.70437 -2.5
    endloop
  endfacet
  facet normal 0.0654128 0 0.997858
    outer loop
      vertex -18.9263 -7.83954 -2.47861
      vertex -18.6 -10 -2.5
      vertex -18.6 -7.70437 -2.5
    endloop
  endfacet
  facet normal 0.0654128 0 0.997858
    outer loop
      vertex -18.6 -10 -2.5
      vertex -18.9263 -7.83954 -2.47861
      vertex -18.9263 -10 -2.47861
    endloop
  endfacet
  facet normal 0.0654128 0 0.997858
    outer loop
      vertex -18.9263 6.91658 -2.47861
      vertex -18.6 -7.70437 -2.5
      vertex -18.6 7.70437 -2.5
    endloop
  endfacet
  facet normal 0.0654128 0 0.997858
    outer loop
      vertex -18.6 -7.70437 -2.5
      vertex -18.9263 6.91658 -2.47861
      vertex -18.9263 -6.91658 -2.47861
    endloop
  endfacet
  facet normal 0.321387 0 -0.946948
    outer loop
      vertex -19.5567 8.10065 2.3097
      vertex -19.247 10 2.41481
      vertex -19.247 7.97239 2.41481
    endloop
  endfacet
  facet normal 0.321387 0 -0.946948
    outer loop
      vertex -19.247 10 2.41481
      vertex -19.5567 8.10065 2.3097
      vertex -19.5567 10 2.3097
    endloop
  endfacet
  facet normal 0.321387 0 -0.946948
    outer loop
      vertex -19.5567 -8.10065 2.3097
      vertex -19.247 -10 2.41481
      vertex -19.5567 -10 2.3097
    endloop
  endfacet
  facet normal 0.321387 0 -0.946948
    outer loop
      vertex -19.247 -10 2.41481
      vertex -19.5567 -8.10065 2.3097
      vertex -19.247 -7.97239 2.41481
    endloop
  endfacet
  facet normal 0.321387 0 -0.946948
    outer loop
      vertex -19.5567 -5.39467 2.3097
      vertex -19.247 6.14226 2.41481
      vertex -19.247 -6.14226 2.41481
    endloop
  endfacet
  facet normal 0.321387 0 -0.946948
    outer loop
      vertex -19.247 6.14226 2.41481
      vertex -19.5567 -5.39467 2.3097
      vertex -19.5567 5.39467 2.3097
    endloop
  endfacet
  facet normal 0.44229 -0 0.896872
    outer loop
      vertex -19.85 8.22214 -2.16506
      vertex -19.5567 10 -2.3097
      vertex -19.85 10 -2.16506
    endloop
  endfacet
  facet normal 0.44229 0 0.896872
    outer loop
      vertex -19.5567 10 -2.3097
      vertex -19.85 8.22214 -2.16506
      vertex -19.5567 8.10065 -2.3097
    endloop
  endfacet
  facet normal 0.44229 0 0.896872
    outer loop
      vertex -19.85 -8.22214 -2.16506
      vertex -19.5567 -10 -2.3097
      vertex -19.5567 -8.10065 -2.3097
    endloop
  endfacet
  facet normal 0.44229 0 0.896872
    outer loop
      vertex -19.5567 -10 -2.3097
      vertex -19.85 -8.22214 -2.16506
      vertex -19.85 -10 -2.16506
    endloop
  endfacet
  facet normal 0.44229 0 0.896872
    outer loop
      vertex -19.85 4.68661 -2.16506
      vertex -19.5567 -5.39467 -2.3097
      vertex -19.5567 5.39467 -2.3097
    endloop
  endfacet
  facet normal 0.44229 0 0.896872
    outer loop
      vertex -19.5567 -5.39467 -2.3097
      vertex -19.85 4.68661 -2.16506
      vertex -19.85 -4.68661 -2.16506
    endloop
  endfacet
  facet normal -0.659279 0 -0.751898
    outer loop
      vertex -17.0781 -7.07398 1.98338
      vertex -16.8322 6.97214 1.76777
      vertex -16.8322 -6.97214 1.76777
    endloop
  endfacet
  facet normal -0.659279 0 -0.751898
    outer loop
      vertex -16.8322 6.97214 1.76777
      vertex -17.0781 -7.07398 1.98338
      vertex -17.0781 7.07398 1.98338
    endloop
  endfacet
  facet normal 0.980784 0 -0.195097
    outer loop
      vertex -21.0148 10 0.647047
      vertex -21.0786 8.73105 0.326315
      vertex -21.0786 10 0.326315
    endloop
  endfacet
  facet normal 0.980784 0 -0.195097
    outer loop
      vertex -21.0786 8.73105 0.326315
      vertex -21.0148 10 0.647047
      vertex -21.0148 8.70462 0.647047
    endloop
  endfacet
  facet normal 0.980784 0 -0.195097
    outer loop
      vertex -21.0148 -10 0.647047
      vertex -21.0786 -8.73105 0.326315
      vertex -21.0148 -8.70462 0.647047
    endloop
  endfacet
  facet normal 0.980784 0 -0.195097
    outer loop
      vertex -21.0786 -8.73105 0.326315
      vertex -21.0148 -10 0.647047
      vertex -21.0786 -10 0.326315
    endloop
  endfacet
  facet normal 0.980784 0 -0.195097
    outer loop
      vertex -21.0148 -4.04425 0.647047
      vertex -21.0786 4.10805 0.326315
      vertex -21.0148 4.04425 0.647047
    endloop
  endfacet
  facet normal 0.980784 0 -0.195097
    outer loop
      vertex -21.0786 4.10805 0.326315
      vertex -21.0148 -4.04425 0.647047
      vertex -21.0786 -4.10805 0.326315
    endloop
  endfacet
  facet normal 0.946945 -0 0.321396
    outer loop
      vertex -21.0148 8.70462 -0.647047
      vertex -20.9097 10 -0.956708
      vertex -21.0148 10 -0.647047
    endloop
  endfacet
  facet normal 0.946945 0 0.321396
    outer loop
      vertex -20.9097 10 -0.956708
      vertex -21.0148 8.70462 -0.647047
      vertex -20.9097 8.66108 -0.956708
    endloop
  endfacet
  facet normal 0.946945 0 0.321396
    outer loop
      vertex -20.9097 -10 -0.956708
      vertex -21.0148 -8.70462 -0.647047
      vertex -21.0148 -10 -0.647047
    endloop
  endfacet
  facet normal 0.946945 0 0.321396
    outer loop
      vertex -21.0148 -8.70462 -0.647047
      vertex -20.9097 -10 -0.956708
      vertex -20.9097 -8.66108 -0.956708
    endloop
  endfacet
  facet normal 0.946945 0 0.321396
    outer loop
      vertex -21.0148 4.04425 -0.647047
      vertex -20.9097 -3.93914 -0.956708
      vertex -20.9097 3.93914 -0.956708
    endloop
  endfacet
  facet normal 0.946945 0 0.321396
    outer loop
      vertex -20.9097 -3.93914 -0.956708
      vertex -21.0148 4.04425 -0.647047
      vertex -21.0148 -4.04425 -0.647047
    endloop
  endfacet
  facet normal 0.0654128 0 -0.997858
    outer loop
      vertex -18.9263 7.83954 2.47861
      vertex -18.6 10 2.5
      vertex -18.6 7.70437 2.5
    endloop
  endfacet
  facet normal 0.0654128 0 -0.997858
    outer loop
      vertex -18.6 10 2.5
      vertex -18.9263 7.83954 2.47861
      vertex -18.9263 10 2.47861
    endloop
  endfacet
  facet normal 0.0654128 0 -0.997858
    outer loop
      vertex -18.9263 -7.83954 2.47861
      vertex -18.6 -10 2.5
      vertex -18.9263 -10 2.47861
    endloop
  endfacet
  facet normal 0.0654128 0 -0.997858
    outer loop
      vertex -18.6 -10 2.5
      vertex -18.9263 -7.83954 2.47861
      vertex -18.6 -7.70437 2.5
    endloop
  endfacet
  facet normal 0.0654128 0 -0.997858
    outer loop
      vertex -18.9263 -6.91658 2.47861
      vertex -18.6 7.70437 2.5
      vertex -18.6 -7.70437 2.5
    endloop
  endfacet
  facet normal 0.0654128 0 -0.997858
    outer loop
      vertex -18.6 7.70437 2.5
      vertex -18.9263 -6.91658 2.47861
      vertex -18.9263 6.91658 2.47861
    endloop
  endfacet
  facet normal 0.751873 -0 0.659307
    outer loop
      vertex -20.5834 8.52592 -1.5219
      vertex -20.3678 10 -1.76777
      vertex -20.5834 10 -1.5219
    endloop
  endfacet
  facet normal 0.751873 0 0.659307
    outer loop
      vertex -20.3678 10 -1.76777
      vertex -20.5834 8.52592 -1.5219
      vertex -20.3678 8.43661 -1.76777
    endloop
  endfacet
  facet normal 0.751873 0 0.659307
    outer loop
      vertex -20.3678 -10 -1.76777
      vertex -20.5834 -8.52592 -1.5219
      vertex -20.5834 -10 -1.5219
    endloop
  endfacet
  facet normal 0.751873 0 0.659307
    outer loop
      vertex -20.5834 -8.52592 -1.5219
      vertex -20.3678 -10 -1.76777
      vertex -20.3678 -8.43661 -1.76777
    endloop
  endfacet
  facet normal 0.75181 0 0.65938
    outer loop
      vertex -20.5834 3.61282 -1.5219
      vertex -20.3793 -3.40874 -1.75461
      vertex -20.3793 3.40874 -1.75461
    endloop
  endfacet
  facet normal 0.75181 0 0.65938
    outer loop
      vertex -20.3793 -3.40874 -1.75461
      vertex -20.5834 3.61282 -1.5219
      vertex -20.5834 -3.61282 -1.5219
    endloop
  endfacet
  facet normal 0.753002 -0 0.658018
    outer loop
      vertex -20.3793 -3.40874 -1.75461
      vertex -20.3678 3.43661 -1.76777
      vertex -20.3793 3.40874 -1.75461
    endloop
  endfacet
  facet normal 0.753002 0 0.658018
    outer loop
      vertex -20.3678 3.43661 -1.76777
      vertex -20.3793 -3.40874 -1.75461
      vertex -20.3678 -3.43661 -1.76777
    endloop
  endfacet
  facet normal -0.751873 0 -0.659307
    outer loop
      vertex -16.6166 -6.88283 1.5219
      vertex -16.8322 6.97214 1.76777
      vertex -16.6166 6.88283 1.5219
    endloop
  endfacet
  facet normal -0.751873 -0 -0.659307
    outer loop
      vertex -16.8322 6.97214 1.76777
      vertex -16.6166 -6.88283 1.5219
      vertex -16.8322 -6.97214 1.76777
    endloop
  endfacet
  facet normal 0.659279 -0 0.751898
    outer loop
      vertex -20.3678 8.43661 -1.76777
      vertex -20.1219 10 -1.98338
      vertex -20.3678 10 -1.76777
    endloop
  endfacet
  facet normal 0.659279 0 0.751898
    outer loop
      vertex -20.1219 10 -1.98338
      vertex -20.3678 8.43661 -1.76777
      vertex -20.1219 8.33476 -1.98338
    endloop
  endfacet
  facet normal 0.659279 0 0.751898
    outer loop
      vertex -20.3678 -8.43661 -1.76777
      vertex -20.1219 -10 -1.98338
      vertex -20.1219 -8.33476 -1.98338
    endloop
  endfacet
  facet normal 0.659279 0 0.751898
    outer loop
      vertex -20.1219 -10 -1.98338
      vertex -20.3678 -8.43661 -1.76777
      vertex -20.3678 -10 -1.76777
    endloop
  endfacet
  facet normal 0.659279 0 0.751898
    outer loop
      vertex -20.3678 3.43661 -1.76777
      vertex -20.1219 -4.03017 -1.98338
      vertex -20.1219 4.03017 -1.98338
    endloop
  endfacet
  facet normal 0.659279 0 0.751898
    outer loop
      vertex -20.1219 -4.03017 -1.98338
      vertex -20.3678 3.43661 -1.76777
      vertex -20.3678 -3.43661 -1.76777
    endloop
  endfacet
  facet normal 0.659279 0 -0.751898
    outer loop
      vertex -20.3678 8.43661 1.76777
      vertex -20.1219 10 1.98338
      vertex -20.1219 8.33476 1.98338
    endloop
  endfacet
  facet normal 0.659279 0 -0.751898
    outer loop
      vertex -20.1219 10 1.98338
      vertex -20.3678 8.43661 1.76777
      vertex -20.3678 10 1.76777
    endloop
  endfacet
  facet normal 0.659279 0 -0.751898
    outer loop
      vertex -20.3678 -8.43661 1.76777
      vertex -20.1219 -10 1.98338
      vertex -20.3678 -10 1.76777
    endloop
  endfacet
  facet normal 0.659279 0 -0.751898
    outer loop
      vertex -20.1219 -10 1.98338
      vertex -20.3678 -8.43661 1.76777
      vertex -20.1219 -8.33476 1.98338
    endloop
  endfacet
  facet normal 0.659279 0 -0.751898
    outer loop
      vertex -20.3678 -3.43661 1.76777
      vertex -20.1219 4.03017 1.98338
      vertex -20.1219 -4.03017 1.98338
    endloop
  endfacet
  facet normal 0.659279 0 -0.751898
    outer loop
      vertex -20.1219 4.03017 1.98338
      vertex -20.3678 -3.43661 1.76777
      vertex -20.3678 3.43661 1.76777
    endloop
  endfacet
  facet normal -0.44229 0 -0.896872
    outer loop
      vertex -17.6433 -7.30809 2.3097
      vertex -17.35 7.18661 2.16506
      vertex -17.35 -7.18661 2.16506
    endloop
  endfacet
  facet normal -0.44229 0 -0.896872
    outer loop
      vertex -17.35 7.18661 2.16506
      vertex -17.6433 -7.30809 2.3097
      vertex -17.6433 7.30809 2.3097
    endloop
  endfacet
  facet normal -0.946945 0 0.321396
    outer loop
      vertex -16.2903 6.74766 -0.956708
      vertex -16.1852 -6.70412 -0.647047
      vertex -16.1852 6.70412 -0.647047
    endloop
  endfacet
  facet normal -0.946945 0 0.321396
    outer loop
      vertex -16.1852 -6.70412 -0.647047
      vertex -16.2903 6.74766 -0.956708
      vertex -16.2903 -6.74766 -0.956708
    endloop
  endfacet
  facet normal -0.555575 0 -0.831466
    outer loop
      vertex -17.35 -7.18661 2.16506
      vertex -17.0781 7.07398 1.98338
      vertex -17.0781 -7.07398 1.98338
    endloop
  endfacet
  facet normal -0.555575 0 -0.831466
    outer loop
      vertex -17.0781 7.07398 1.98338
      vertex -17.35 -7.18661 2.16506
      vertex -17.35 7.18661 2.16506
    endloop
  endfacet
  facet normal 0.195116 0 -0.98078
    outer loop
      vertex -19.247 7.97239 2.41481
      vertex -18.9263 10 2.47861
      vertex -18.9263 7.83954 2.47861
    endloop
  endfacet
  facet normal 0.195116 0 -0.98078
    outer loop
      vertex -18.9263 10 2.47861
      vertex -19.247 7.97239 2.41481
      vertex -19.247 10 2.41481
    endloop
  endfacet
  facet normal 0.195116 0 -0.98078
    outer loop
      vertex -19.247 -7.97239 2.41481
      vertex -18.9263 -10 2.47861
      vertex -19.247 -10 2.41481
    endloop
  endfacet
  facet normal 0.195116 0 -0.98078
    outer loop
      vertex -18.9263 -10 2.47861
      vertex -19.247 -7.97239 2.41481
      vertex -18.9263 -7.83954 2.47861
    endloop
  endfacet
  facet normal 0.195116 0 -0.98078
    outer loop
      vertex -19.247 -6.14226 2.41481
      vertex -18.9263 6.91658 2.47861
      vertex -18.9263 -6.91658 2.47861
    endloop
  endfacet
  facet normal 0.195116 0 -0.98078
    outer loop
      vertex -18.9263 6.91658 2.47861
      vertex -19.247 -6.14226 2.41481
      vertex -19.247 6.14226 2.41481
    endloop
  endfacet
  facet normal 0.44229 0 -0.896872
    outer loop
      vertex -19.85 8.22214 2.16506
      vertex -19.5567 10 2.3097
      vertex -19.5567 8.10065 2.3097
    endloop
  endfacet
  facet normal 0.44229 0 -0.896872
    outer loop
      vertex -19.5567 10 2.3097
      vertex -19.85 8.22214 2.16506
      vertex -19.85 10 2.16506
    endloop
  endfacet
  facet normal 0.44229 0 -0.896872
    outer loop
      vertex -19.85 -8.22214 2.16506
      vertex -19.5567 -10 2.3097
      vertex -19.85 -10 2.16506
    endloop
  endfacet
  facet normal 0.44229 0 -0.896872
    outer loop
      vertex -19.5567 -10 2.3097
      vertex -19.85 -8.22214 2.16506
      vertex -19.5567 -8.10065 2.3097
    endloop
  endfacet
  facet normal 0.44229 0 -0.896872
    outer loop
      vertex -19.85 -4.68661 2.16506
      vertex -19.5567 5.39467 2.3097
      vertex -19.5567 -5.39467 2.3097
    endloop
  endfacet
  facet normal 0.44229 0 -0.896872
    outer loop
      vertex -19.5567 5.39467 2.3097
      vertex -19.85 -4.68661 2.16506
      vertex -19.85 4.68661 2.16506
    endloop
  endfacet
  facet normal -0.980784 0 -0.195097
    outer loop
      vertex -16.1214 -6.6777 0.326315
      vertex -16.1852 6.70412 0.647047
      vertex -16.1214 6.6777 0.326315
    endloop
  endfacet
  facet normal -0.980784 -0 -0.195097
    outer loop
      vertex -16.1852 6.70412 0.647047
      vertex -16.1214 -6.6777 0.326315
      vertex -16.1852 -6.70412 0.647047
    endloop
  endfacet
  facet normal -0.831438 0 0.555617
    outer loop
      vertex -16.6166 6.88283 -1.5219
      vertex -16.4349 -6.80757 -1.25
      vertex -16.4349 6.80757 -1.25
    endloop
  endfacet
  facet normal -0.831438 0 0.555617
    outer loop
      vertex -16.4349 -6.80757 -1.25
      vertex -16.6166 6.88283 -1.5219
      vertex -16.6166 -6.88283 -1.5219
    endloop
  endfacet
  facet normal 0.896916 -0 0.442201
    outer loop
      vertex -20.9097 8.66108 -0.956708
      vertex -20.7651 10 -1.25
      vertex -20.9097 10 -0.956708
    endloop
  endfacet
  facet normal 0.896916 0 0.442201
    outer loop
      vertex -20.7651 10 -1.25
      vertex -20.9097 8.66108 -0.956708
      vertex -20.7651 8.60117 -1.25
    endloop
  endfacet
  facet normal 0.896916 0 0.442201
    outer loop
      vertex -20.7651 -10 -1.25
      vertex -20.9097 -8.66108 -0.956708
      vertex -20.9097 -10 -0.956708
    endloop
  endfacet
  facet normal 0.896916 0 0.442201
    outer loop
      vertex -20.9097 -8.66108 -0.956708
      vertex -20.7651 -10 -1.25
      vertex -20.7651 -8.60117 -1.25
    endloop
  endfacet
  facet normal 0.896916 0 0.442201
    outer loop
      vertex -20.9097 3.93914 -0.956708
      vertex -20.7651 -3.7945 -1.25
      vertex -20.7651 3.7945 -1.25
    endloop
  endfacet
  facet normal 0.896916 0 0.442201
    outer loop
      vertex -20.7651 -3.7945 -1.25
      vertex -20.9097 3.93914 -0.956708
      vertex -20.9097 -3.93914 -0.956708
    endloop
  endfacet
  facet normal -0.0654128 -0 -0.997858
    outer loop
      vertex -18.6 10 2.5
      vertex -18.2737 8.49217 2.47861
      vertex -18.6 7.70437 2.5
    endloop
  endfacet
  facet normal -0.0654128 0 -0.997858
    outer loop
      vertex -18.2737 8.49217 2.47861
      vertex -18.6 10 2.5
      vertex -18.2737 10 2.47861
    endloop
  endfacet
  facet normal -0.0654128 0 -0.997858
    outer loop
      vertex -18.6 -10 2.5
      vertex -18.2737 -8.49217 2.47861
      vertex -18.2737 -10 2.47861
    endloop
  endfacet
  facet normal -0.0654128 0 -0.997858
    outer loop
      vertex -18.2737 -8.49217 2.47861
      vertex -18.6 -10 2.5
      vertex -18.6 -7.70437 2.5
    endloop
  endfacet
  facet normal -0.0654128 0 -0.997858
    outer loop
      vertex -18.6 -7.70437 2.5
      vertex -18.2737 7.56921 2.47861
      vertex -18.2737 -7.56921 2.47861
    endloop
  endfacet
  facet normal -0.0654128 0 -0.997858
    outer loop
      vertex -18.2737 7.56921 2.47861
      vertex -18.6 -7.70437 2.5
      vertex -18.6 7.70437 2.5
    endloop
  endfacet
  facet normal -0.896916 0 0.442201
    outer loop
      vertex -16.4349 6.80757 -1.25
      vertex -16.2903 -6.74766 -0.956708
      vertex -16.2903 6.74766 -0.956708
    endloop
  endfacet
  facet normal -0.896916 0 0.442201
    outer loop
      vertex -16.2903 -6.74766 -0.956708
      vertex -16.4349 6.80757 -1.25
      vertex -16.4349 -6.80757 -1.25
    endloop
  endfacet
  facet normal -0.321387 0 -0.946948
    outer loop
      vertex -17.953 -7.43636 2.41481
      vertex -17.6433 7.30809 2.3097
      vertex -17.6433 -7.30809 2.3097
    endloop
  endfacet
  facet normal -0.321387 0 -0.946948
    outer loop
      vertex -17.6433 7.30809 2.3097
      vertex -17.953 -7.43636 2.41481
      vertex -17.953 7.43636 2.41481
    endloop
  endfacet
  facet normal -0.321355 -0 -0.946959
    outer loop
      vertex -17.953 10 2.41481
      vertex -17.6491 10 2.31168
      vertex -17.953 9.26648 2.41481
    endloop
  endfacet
  facet normal -0.321355 -0 -0.946959
    outer loop
      vertex -17.953 -9.26648 2.41481
      vertex -17.6491 -10 2.31168
      vertex -17.953 -10 2.41481
    endloop
  endfacet
  facet normal -0.831438 0 -0.555617
    outer loop
      vertex -16.4349 -6.80757 1.25
      vertex -16.6166 6.88283 1.5219
      vertex -16.4349 6.80757 1.25
    endloop
  endfacet
  facet normal -0.831438 -0 -0.555617
    outer loop
      vertex -16.6166 6.88283 1.5219
      vertex -16.4349 -6.80757 1.25
      vertex -16.6166 -6.88283 1.5219
    endloop
  endfacet
  facet normal -0.195116 0 0.98078
    outer loop
      vertex -18.2737 10 -2.47861
      vertex -17.953 9.26648 -2.41481
      vertex -17.953 10 -2.41481
    endloop
  endfacet
  facet normal -0.195116 0 0.98078
    outer loop
      vertex -17.953 9.26648 -2.41481
      vertex -18.2737 10 -2.47861
      vertex -18.2737 8.49217 -2.47861
    endloop
  endfacet
  facet normal -0.195116 0 0.98078
    outer loop
      vertex -18.2737 -10 -2.47861
      vertex -17.953 -9.26648 -2.41481
      vertex -18.2737 -8.49217 -2.47861
    endloop
  endfacet
  facet normal -0.195116 0 0.98078
    outer loop
      vertex -17.953 -9.26648 -2.41481
      vertex -18.2737 -10 -2.47861
      vertex -17.953 -10 -2.41481
    endloop
  endfacet
  facet normal -0.195116 0 0.98078
    outer loop
      vertex -18.2737 7.56921 -2.47861
      vertex -17.953 -7.43636 -2.41481
      vertex -17.953 7.43636 -2.41481
    endloop
  endfacet
  facet normal -0.195116 0 0.98078
    outer loop
      vertex -17.953 -7.43636 -2.41481
      vertex -18.2737 7.56921 -2.47861
      vertex -18.2737 -7.56921 -2.47861
    endloop
  endfacet
  facet normal -0.321355 0 0.946959
    outer loop
      vertex -17.6491 10 -2.31168
      vertex -17.953 10 -2.41481
      vertex -17.953 9.26648 -2.41481
    endloop
  endfacet
  facet normal -0.321355 0 0.946959
    outer loop
      vertex -17.6491 -10 -2.31168
      vertex -17.953 -9.26648 -2.41481
      vertex -17.953 -10 -2.41481
    endloop
  endfacet
  facet normal -0.321387 0 0.946948
    outer loop
      vertex -17.953 7.43636 -2.41481
      vertex -17.6433 -7.30809 -2.3097
      vertex -17.6433 7.30809 -2.3097
    endloop
  endfacet
  facet normal -0.321387 0 0.946948
    outer loop
      vertex -17.6433 -7.30809 -2.3097
      vertex -17.953 7.43636 -2.41481
      vertex -17.953 -7.43636 -2.41481
    endloop
  endfacet
  facet normal -0.997856 0 0.0654402
    outer loop
      vertex -16.1214 6.6777 -0.326315
      vertex -16.1 -6.66884 0
      vertex -16.1 6.66884 0
    endloop
  endfacet
  facet normal -0.997856 0 0.0654402
    outer loop
      vertex -16.1 -6.66884 0
      vertex -16.1214 6.6777 -0.326315
      vertex -16.1214 -6.6777 -0.326315
    endloop
  endfacet
  facet normal -0.896916 0 -0.442201
    outer loop
      vertex -16.2903 -6.74766 0.956708
      vertex -16.4349 6.80757 1.25
      vertex -16.2903 6.74766 0.956708
    endloop
  endfacet
  facet normal -0.896916 -0 -0.442201
    outer loop
      vertex -16.4349 6.80757 1.25
      vertex -16.2903 -6.74766 0.956708
      vertex -16.4349 -6.80757 1.25
    endloop
  endfacet
  facet normal 0.555575 0 -0.831466
    outer loop
      vertex -20.1219 8.33476 1.98338
      vertex -19.85 10 2.16506
      vertex -19.85 8.22214 2.16506
    endloop
  endfacet
  facet normal 0.555575 0 -0.831466
    outer loop
      vertex -19.85 10 2.16506
      vertex -20.1219 8.33476 1.98338
      vertex -20.1219 10 1.98338
    endloop
  endfacet
  facet normal 0.555575 0 -0.831466
    outer loop
      vertex -20.1219 -8.33476 1.98338
      vertex -19.85 -10 2.16506
      vertex -20.1219 -10 1.98338
    endloop
  endfacet
  facet normal 0.555575 0 -0.831466
    outer loop
      vertex -19.85 -10 2.16506
      vertex -20.1219 -8.33476 1.98338
      vertex -19.85 -8.22214 2.16506
    endloop
  endfacet
  facet normal 0.555575 0 -0.831466
    outer loop
      vertex -20.1219 -4.03017 1.98338
      vertex -19.85 4.68661 2.16506
      vertex -19.85 -4.68661 2.16506
    endloop
  endfacet
  facet normal 0.555575 0 -0.831466
    outer loop
      vertex -19.85 4.68661 2.16506
      vertex -20.1219 -4.03017 1.98338
      vertex -20.1219 4.03017 1.98338
    endloop
  endfacet
  facet normal 0.831438 -0 0.555617
    outer loop
      vertex -20.7651 8.60117 -1.25
      vertex -20.5834 10 -1.5219
      vertex -20.7651 10 -1.25
    endloop
  endfacet
  facet normal 0.831438 0 0.555617
    outer loop
      vertex -20.5834 10 -1.5219
      vertex -20.7651 8.60117 -1.25
      vertex -20.5834 8.52592 -1.5219
    endloop
  endfacet
  facet normal 0.831438 0 0.555617
    outer loop
      vertex -20.5834 -10 -1.5219
      vertex -20.7651 -8.60117 -1.25
      vertex -20.7651 -10 -1.25
    endloop
  endfacet
  facet normal 0.831438 0 0.555617
    outer loop
      vertex -20.7651 -8.60117 -1.25
      vertex -20.5834 -10 -1.5219
      vertex -20.5834 -8.52592 -1.5219
    endloop
  endfacet
  facet normal 0.831438 0 0.555617
    outer loop
      vertex -20.7651 3.7945 -1.25
      vertex -20.5834 -3.61282 -1.5219
      vertex -20.5834 3.61282 -1.5219
    endloop
  endfacet
  facet normal 0.831438 0 0.555617
    outer loop
      vertex -20.5834 -3.61282 -1.5219
      vertex -20.7651 3.7945 -1.25
      vertex -20.7651 -3.7945 -1.25
    endloop
  endfacet
  facet normal -0.0654128 0 0.997858
    outer loop
      vertex -18.6 10 -2.5
      vertex -18.2737 8.49217 -2.47861
      vertex -18.2737 10 -2.47861
    endloop
  endfacet
  facet normal -0.0654128 0 0.997858
    outer loop
      vertex -18.2737 8.49217 -2.47861
      vertex -18.6 10 -2.5
      vertex -18.6 7.70437 -2.5
    endloop
  endfacet
  facet normal -0.0654128 0 0.997858
    outer loop
      vertex -18.6 -10 -2.5
      vertex -18.2737 -8.49217 -2.47861
      vertex -18.6 -7.70437 -2.5
    endloop
  endfacet
  facet normal -0.0654128 0 0.997858
    outer loop
      vertex -18.2737 -8.49217 -2.47861
      vertex -18.6 -10 -2.5
      vertex -18.2737 -10 -2.47861
    endloop
  endfacet
  facet normal -0.0654128 0 0.997858
    outer loop
      vertex -18.6 7.70437 -2.5
      vertex -18.2737 -7.56921 -2.47861
      vertex -18.2737 7.56921 -2.47861
    endloop
  endfacet
  facet normal -0.0654128 0 0.997858
    outer loop
      vertex -18.2737 -7.56921 -2.47861
      vertex -18.6 7.70437 -2.5
      vertex -18.6 -7.70437 -2.5
    endloop
  endfacet
  facet normal 0.946945 0 -0.321396
    outer loop
      vertex -20.9097 10 0.956708
      vertex -21.0148 8.70462 0.647047
      vertex -21.0148 10 0.647047
    endloop
  endfacet
  facet normal 0.946945 0 -0.321396
    outer loop
      vertex -21.0148 8.70462 0.647047
      vertex -20.9097 10 0.956708
      vertex -20.9097 8.66108 0.956708
    endloop
  endfacet
  facet normal 0.946945 0 -0.321396
    outer loop
      vertex -20.9097 -10 0.956708
      vertex -21.0148 -8.70462 0.647047
      vertex -20.9097 -8.66108 0.956708
    endloop
  endfacet
  facet normal 0.946945 0 -0.321396
    outer loop
      vertex -21.0148 -8.70462 0.647047
      vertex -20.9097 -10 0.956708
      vertex -21.0148 -10 0.647047
    endloop
  endfacet
  facet normal 0.946945 0 -0.321396
    outer loop
      vertex -20.9097 -3.93914 0.956708
      vertex -21.0148 4.04425 0.647047
      vertex -20.9097 3.93914 0.956708
    endloop
  endfacet
  facet normal 0.946945 0 -0.321396
    outer loop
      vertex -21.0148 4.04425 0.647047
      vertex -20.9097 -3.93914 0.956708
      vertex -21.0148 -4.04425 0.647047
    endloop
  endfacet
  facet normal 0.555575 -0 0.831466
    outer loop
      vertex -20.1219 8.33476 -1.98338
      vertex -19.85 10 -2.16506
      vertex -20.1219 10 -1.98338
    endloop
  endfacet
  facet normal 0.555575 0 0.831466
    outer loop
      vertex -19.85 10 -2.16506
      vertex -20.1219 8.33476 -1.98338
      vertex -19.85 8.22214 -2.16506
    endloop
  endfacet
  facet normal 0.555575 0 0.831466
    outer loop
      vertex -20.1219 -8.33476 -1.98338
      vertex -19.85 -10 -2.16506
      vertex -19.85 -8.22214 -2.16506
    endloop
  endfacet
  facet normal 0.555575 0 0.831466
    outer loop
      vertex -19.85 -10 -2.16506
      vertex -20.1219 -8.33476 -1.98338
      vertex -20.1219 -10 -1.98338
    endloop
  endfacet
  facet normal 0.555575 0 0.831466
    outer loop
      vertex -20.1219 4.03017 -1.98338
      vertex -19.85 -4.68661 -2.16506
      vertex -19.85 4.68661 -2.16506
    endloop
  endfacet
  facet normal 0.555575 0 0.831466
    outer loop
      vertex -19.85 -4.68661 -2.16506
      vertex -20.1219 4.03017 -1.98338
      vertex -20.1219 -4.03017 -1.98338
    endloop
  endfacet
  facet normal -0.555575 0 0.831466
    outer loop
      vertex -17.35 7.18661 -2.16506
      vertex -17.0781 -7.07398 -1.98338
      vertex -17.0781 7.07398 -1.98338
    endloop
  endfacet
  facet normal -0.555575 0 0.831466
    outer loop
      vertex -17.0781 -7.07398 -1.98338
      vertex -17.35 7.18661 -2.16506
      vertex -17.35 -7.18661 -2.16506
    endloop
  endfacet
  facet normal -0.195116 -0 -0.98078
    outer loop
      vertex -18.2737 10 2.47861
      vertex -17.953 9.26648 2.41481
      vertex -18.2737 8.49217 2.47861
    endloop
  endfacet
  facet normal -0.195116 0 -0.98078
    outer loop
      vertex -17.953 9.26648 2.41481
      vertex -18.2737 10 2.47861
      vertex -17.953 10 2.41481
    endloop
  endfacet
  facet normal -0.195116 0 -0.98078
    outer loop
      vertex -18.2737 -10 2.47861
      vertex -17.953 -9.26648 2.41481
      vertex -17.953 -10 2.41481
    endloop
  endfacet
  facet normal -0.195116 0 -0.98078
    outer loop
      vertex -17.953 -9.26648 2.41481
      vertex -18.2737 -10 2.47861
      vertex -18.2737 -8.49217 2.47861
    endloop
  endfacet
  facet normal -0.195116 0 -0.98078
    outer loop
      vertex -18.2737 -7.56921 2.47861
      vertex -17.953 7.43636 2.41481
      vertex -17.953 -7.43636 2.41481
    endloop
  endfacet
  facet normal -0.195116 0 -0.98078
    outer loop
      vertex -17.953 7.43636 2.41481
      vertex -18.2737 -7.56921 2.47861
      vertex -18.2737 7.56921 2.47861
    endloop
  endfacet
  facet normal -0.997856 0 -0.0654402
    outer loop
      vertex -16.1 -6.66884 0
      vertex -16.1214 6.6777 0.326315
      vertex -16.1 6.66884 0
    endloop
  endfacet
  facet normal -0.997856 -0 -0.0654402
    outer loop
      vertex -16.1214 6.6777 0.326315
      vertex -16.1 -6.66884 0
      vertex -16.1214 -6.6777 0.326315
    endloop
  endfacet
  facet normal -0.659279 0 0.751898
    outer loop
      vertex -17.0781 7.07398 -1.98338
      vertex -16.8322 -6.97214 -1.76777
      vertex -16.8322 6.97214 -1.76777
    endloop
  endfacet
  facet normal -0.659279 0 0.751898
    outer loop
      vertex -16.8322 -6.97214 -1.76777
      vertex -17.0781 7.07398 -1.98338
      vertex -17.0781 -7.07398 -1.98338
    endloop
  endfacet
  facet normal -0.751873 0 0.659307
    outer loop
      vertex -16.8322 6.97214 -1.76777
      vertex -16.6166 -6.88283 -1.5219
      vertex -16.6166 6.88283 -1.5219
    endloop
  endfacet
  facet normal -0.751873 0 0.659307
    outer loop
      vertex -16.6166 -6.88283 -1.5219
      vertex -16.8322 6.97214 -1.76777
      vertex -16.8322 -6.97214 -1.76777
    endloop
  endfacet
  facet normal -0.946945 0 -0.321396
    outer loop
      vertex -16.1852 -6.70412 0.647047
      vertex -16.2903 6.74766 0.956708
      vertex -16.1852 6.70412 0.647047
    endloop
  endfacet
  facet normal -0.946945 -0 -0.321396
    outer loop
      vertex -16.2903 6.74766 0.956708
      vertex -16.1852 -6.70412 0.647047
      vertex -16.2903 -6.74766 0.956708
    endloop
  endfacet
  facet normal -0.44229 0 0.896872
    outer loop
      vertex -17.6433 7.30809 -2.3097
      vertex -17.35 -7.18661 -2.16506
      vertex -17.35 7.18661 -2.16506
    endloop
  endfacet
  facet normal -0.44229 0 0.896872
    outer loop
      vertex -17.35 -7.18661 -2.16506
      vertex -17.6433 7.30809 -2.3097
      vertex -17.6433 -7.30809 -2.3097
    endloop
  endfacet
  facet normal 0.997856 -0 0.0654402
    outer loop
      vertex -21.1 8.73991 0
      vertex -21.0786 10 -0.326315
      vertex -21.1 10 0
    endloop
  endfacet
  facet normal 0.997856 0 0.0654402
    outer loop
      vertex -21.0786 10 -0.326315
      vertex -21.1 8.73991 0
      vertex -21.0786 8.73105 -0.326315
    endloop
  endfacet
  facet normal 0.997856 0 0.0654402
    outer loop
      vertex -21.0786 -10 -0.326315
      vertex -21.1 -8.73991 0
      vertex -21.1 -10 0
    endloop
  endfacet
  facet normal 0.997856 0 0.0654402
    outer loop
      vertex -21.1 -8.73991 0
      vertex -21.0786 -10 -0.326315
      vertex -21.0786 -8.73105 -0.326315
    endloop
  endfacet
  facet normal 0.997856 0 0.0654402
    outer loop
      vertex -21.1 4.12944 0
      vertex -21.0786 -4.10805 -0.326315
      vertex -21.0786 4.10805 -0.326315
    endloop
  endfacet
  facet normal 0.997856 0 0.0654402
    outer loop
      vertex -21.0786 -4.10805 -0.326315
      vertex -21.1 4.12944 0
      vertex -21.1 -4.12944 0
    endloop
  endfacet
  facet normal 0.669584 0.669593 0.321407
    outer loop
      vertex -23.2707 -6.30011 -0.956708
      vertex -21.0148 -8.70462 -0.647047
      vertex -20.9097 -8.66108 -0.956708
    endloop
  endfacet
  facet normal 0.66959 0.669596 0.321389
    outer loop
      vertex -21.0148 -8.70462 -0.647047
      vertex -23.2707 -6.30011 -0.956708
      vertex -23.345 -6.37444 -0.647047
    endloop
  endfacet
  facet normal -0.39283 -0.392821 0.83149
    outer loop
      vertex -20.7536 -3.78302 -2.16506
      vertex -20.1219 -4.03017 -1.98338
      vertex -20.5613 -3.59076 -1.98338
    endloop
  endfacet
  facet normal -0.392834 -0.392839 0.83148
    outer loop
      vertex -20.1219 -4.03017 -1.98338
      vertex -20.7536 -3.78302 -2.16506
      vertex -19.85 -4.68661 -2.16506
    endloop
  endfacet
  facet normal -0.392869 -0.392866 0.831451
    outer loop
      vertex -17.0781 -7.07398 -1.98338
      vertex -14.5366 -10 -2.16506
      vertex -14.1521 -10 -1.98338
    endloop
  endfacet
  facet normal -0.392847 -0.392848 0.83147
    outer loop
      vertex -14.5366 -10 -2.16506
      vertex -17.0781 -7.07398 -1.98338
      vertex -17.35 -7.18661 -2.16506
    endloop
  endfacet
  facet normal -0.0462498 -0.0462503 -0.997859
    outer loop
      vertex -21.6375 -4.6669 2.5
      vertex -18.9263 -6.91658 2.47861
      vertex -18.6 -7.70437 2.5
    endloop
  endfacet
  facet normal -0.0462458 -0.0462454 -0.997859
    outer loop
      vertex -18.9263 -6.91658 2.47861
      vertex -21.6375 -4.6669 2.5
      vertex -21.4067 -4.43616 2.47861
    endloop
  endfacet
  facet normal -0.0462496 -0.0462498 -0.997859
    outer loop
      vertex -16.3044 -10 2.5
      vertex -18.2737 -7.56921 2.47861
      vertex -15.8429 -10 2.47861
    endloop
  endfacet
  facet normal -0.0462538 -0.0462532 -0.997858
    outer loop
      vertex -18.2737 -7.56921 2.47861
      vertex -16.3044 -10 2.5
      vertex -18.6 -7.70437 2.5
    endloop
  endfacet
  facet normal -0.587915 -0.587921 0.555613
    outer loop
      vertex -13.4994 -10 -1.5219
      vertex -16.4349 -6.80757 -1.25
      vertex -16.6166 -6.88283 -1.5219
    endloop
  endfacet
  facet normal -0.587962 -0.587956 0.555525
    outer loop
      vertex -16.4349 -6.80757 -1.25
      vertex -13.4994 -10 -1.5219
      vertex -13.2425 -10 -1.25
    endloop
  endfacet
  facet normal -0.392834 -0.392839 -0.83148
    outer loop
      vertex -20.7536 -3.78302 2.16506
      vertex -20.1219 -4.03017 1.98338
      vertex -19.85 -4.68661 2.16506
    endloop
  endfacet
  facet normal -0.39283 -0.392821 -0.83149
    outer loop
      vertex -20.1219 -4.03017 1.98338
      vertex -20.7536 -3.78302 2.16506
      vertex -20.5613 -3.59076 1.98338
    endloop
  endfacet
  facet normal -0.392869 -0.392866 -0.831451
    outer loop
      vertex -14.5366 -10 2.16506
      vertex -17.0781 -7.07398 1.98338
      vertex -14.1521 -10 1.98338
    endloop
  endfacet
  facet normal -0.392847 -0.392848 -0.83147
    outer loop
      vertex -17.0781 -7.07398 1.98338
      vertex -14.5366 -10 2.16506
      vertex -17.35 -7.18661 2.16506
    endloop
  endfacet
  facet normal -0.669586 -0.66959 -0.321408
    outer loop
      vertex -12.8893 -10 0.647047
      vertex -16.2903 -6.74766 0.956708
      vertex -16.1852 -6.70412 0.647047
    endloop
  endfacet
  facet normal -0.669564 -0.669556 -0.321526
    outer loop
      vertex -16.2903 -6.74766 0.956708
      vertex -12.8893 -10 0.647047
      vertex -13.038 -10 0.956708
    endloop
  endfacet
  facet normal 0.312744 0.312749 -0.896872
    outer loop
      vertex -19.85 -8.22214 2.16506
      vertex -22.314 -5.3434 2.3097
      vertex -19.5567 -8.10065 2.3097
    endloop
  endfacet
  facet normal 0.312742 0.312748 -0.896873
    outer loop
      vertex -22.314 -5.3434 2.3097
      vertex -19.85 -8.22214 2.16506
      vertex -22.5214 -5.55079 2.16506
    endloop
  endfacet
  facet normal 0.392851 0.392859 0.831462
    outer loop
      vertex -22.5214 -5.55079 -2.16506
      vertex -20.1219 -8.33476 -1.98338
      vertex -19.85 -8.22214 -2.16506
    endloop
  endfacet
  facet normal 0.392897 0.392896 0.831423
    outer loop
      vertex -20.1219 -8.33476 -1.98338
      vertex -22.5214 -5.55079 -2.16506
      vertex -22.7136 -5.74305 -1.98338
    endloop
  endfacet
  facet normal 0.705595 0.705595 -0.0653451
    outer loop
      vertex -21.0786 -8.73105 0.326315
      vertex -23.4052 -6.43467 0
      vertex -23.3901 -6.41955 0.326315
    endloop
  endfacet
  facet normal 0.705598 0.705585 -0.0654315
    outer loop
      vertex -23.4052 -6.43467 0
      vertex -21.0786 -8.73105 0.326315
      vertex -21.1 -8.73991 0
    endloop
  endfacet
  facet normal -0.693521 -0.693521 -0.195083
    outer loop
      vertex -12.7991 -10 0.326315
      vertex -16.1852 -6.70412 0.647047
      vertex -16.1214 -6.6777 0.326315
    endloop
  endfacet
  facet normal -0.693525 -0.693529 -0.195041
    outer loop
      vertex -16.1852 -6.70412 0.647047
      vertex -12.7991 -10 0.326315
      vertex -12.8893 -10 0.647047
    endloop
  endfacet
  facet normal 0.137965 0.137965 -0.980781
    outer loop
      vertex -19.247 -7.97239 2.41481
      vertex -21.8682 -4.89764 2.47861
      vertex -18.9263 -7.83954 2.47861
    endloop
  endfacet
  facet normal 0.137949 0.137951 -0.980785
    outer loop
      vertex -21.8682 -4.89764 2.47861
      vertex -19.247 -7.97239 2.41481
      vertex -22.095 -5.12444 2.41481
    endloop
  endfacet
  facet normal 0.137979 0.137994 -0.980775
    outer loop
      vertex -17.953 -9.26648 2.41481
      vertex -16.7659 -10 2.47861
      vertex -17.2194 -10 2.41481
    endloop
  endfacet
  facet normal 0.137952 0.137949 -0.980785
    outer loop
      vertex -16.7659 -10 2.47861
      vertex -17.953 -9.26648 2.41481
      vertex -18.2737 -8.49217 2.47861
    endloop
  endfacet
  facet normal 0.706977 -0.707236 -0.000809392
    outer loop
      vertex -21.1799 -4.20937 2.41481
      vertex -21.4067 -4.43616 2.47861
      vertex -21.6375 -4.6669 2.5
    endloop
  endfacet
  facet normal 0.707228 -0.706985 1.01602e-05
    outer loop
      vertex -23.2707 -6.30011 0.956708
      vertex -23.345 -6.37444 0.647047
      vertex -23.4052 -6.43467 0
    endloop
  endfacet
  facet normal -0.53122 -0.53095 0.660225
    outer loop
      vertex -20.3678 -3.43661 -1.76777
      vertex -20.3793 -3.40874 -1.75461
      vertex -20.3875 -3.4169 -1.76777
    endloop
  endfacet
  facet normal -0.531581 -0.531586 0.659422
    outer loop
      vertex -16.6166 -6.88283 -1.5219
      vertex -13.8044 -10 -1.76777
      vertex -13.4994 -10 -1.5219
    endloop
  endfacet
  facet normal -0.531655 -0.531644 0.659316
    outer loop
      vertex -13.8044 -10 -1.76777
      vertex -16.6166 -6.88283 -1.5219
      vertex -16.8322 -6.97214 -1.76777
    endloop
  endfacet
  facet normal 0.707228 -0.706985 -1.01602e-05
    outer loop
      vertex -23.345 -6.37444 -0.647047
      vertex -23.2707 -6.30011 -0.956708
      vertex -23.4052 -6.43467 0
    endloop
  endfacet
  facet normal 0.0462525 0.0462529 -0.997858
    outer loop
      vertex -18.9263 -7.83954 2.47861
      vertex -21.6375 -4.6669 2.5
      vertex -18.6 -7.70437 2.5
    endloop
  endfacet
  facet normal 0.0462556 0.0462556 -0.997858
    outer loop
      vertex -21.6375 -4.6669 2.5
      vertex -18.9263 -7.83954 2.47861
      vertex -21.8682 -4.89764 2.47861
    endloop
  endfacet
  facet normal 0.0462496 0.0462487 -0.997859
    outer loop
      vertex -18.2737 -8.49217 2.47861
      vertex -16.3044 -10 2.5
      vertex -16.7659 -10 2.47861
    endloop
  endfacet
  facet normal 0.0462506 0.04625 -0.997859
    outer loop
      vertex -16.3044 -10 2.5
      vertex -18.2737 -8.49217 2.47861
      vertex -18.6 -7.70437 2.5
    endloop
  endfacet
  facet normal -0.466371 -0.466135 0.751809
    outer loop
      vertex -20.5613 -3.59076 -1.98338
      vertex -20.3678 -3.43661 -1.76777
      vertex -20.3875 -3.4169 -1.76777
    endloop
  endfacet
  facet normal -0.466265 -0.466255 0.7518
    outer loop
      vertex -20.3678 -3.43661 -1.76777
      vertex -20.5613 -3.59076 -1.98338
      vertex -20.1219 -4.03017 -1.98338
    endloop
  endfacet
  facet normal -0.466225 -0.466215 0.75185
    outer loop
      vertex -16.8322 -6.97214 -1.76777
      vertex -14.1521 -10 -1.98338
      vertex -13.8044 -10 -1.76777
    endloop
  endfacet
  facet normal -0.466194 -0.46619 0.751884
    outer loop
      vertex -14.1521 -10 -1.98338
      vertex -16.8322 -6.97214 -1.76777
      vertex -17.0781 -7.07398 -1.98338
    endloop
  endfacet
  facet normal -0.63421 -0.634202 -0.442228
    outer loop
      vertex -13.038 -10 0.956708
      vertex -16.4349 -6.80757 1.25
      vertex -16.2903 -6.74766 0.956708
    endloop
  endfacet
  facet normal -0.634215 -0.634209 -0.442211
    outer loop
      vertex -16.4349 -6.80757 1.25
      vertex -13.038 -10 0.956708
      vertex -13.2425 -10 1.25
    endloop
  endfacet
  facet normal 0.58793 0.587918 0.5556
    outer loop
      vertex -23.0399 -6.06937 -1.5219
      vertex -20.7651 -8.60117 -1.25
      vertex -20.5834 -8.52592 -1.5219
    endloop
  endfacet
  facet normal 0.587922 0.587913 0.555613
    outer loop
      vertex -20.7651 -8.60117 -1.25
      vertex -23.0399 -6.06937 -1.5219
      vertex -23.1684 -6.19783 -1.25
    endloop
  endfacet
  facet normal 0.227264 0.227268 -0.946943
    outer loop
      vertex -19.5567 -8.10065 2.3097
      vertex -22.095 -5.12444 2.41481
      vertex -19.247 -7.97239 2.41481
    endloop
  endfacet
  facet normal 0.227263 0.227267 -0.946943
    outer loop
      vertex -22.095 -5.12444 2.41481
      vertex -19.5567 -8.10065 2.3097
      vertex -22.314 -5.3434 2.3097
    endloop
  endfacet
  facet normal 0.227269 0.227294 -0.946935
    outer loop
      vertex -17.2194 -10 2.41481
      vertex -17.6491 -10 2.31168
      vertex -17.953 -9.26648 2.41481
    endloop
  endfacet
  facet normal 0.706994 -0.70722 5.37913e-05
    outer loop
      vertex -23.345 -6.37444 0.647047
      vertex -23.3901 -6.41955 0.326315
      vertex -23.4052 -6.43467 0
    endloop
  endfacet
  facet normal 0.669584 0.669593 -0.321407
    outer loop
      vertex -21.0148 -8.70462 0.647047
      vertex -23.2707 -6.30011 0.956708
      vertex -20.9097 -8.66108 0.956708
    endloop
  endfacet
  facet normal 0.66959 0.669596 -0.321389
    outer loop
      vertex -23.2707 -6.30011 0.956708
      vertex -21.0148 -8.70462 0.647047
      vertex -23.345 -6.37444 0.647047
    endloop
  endfacet
  facet normal 0.693521 0.693527 0.195062
    outer loop
      vertex -23.3901 -6.41955 -0.326315
      vertex -21.0148 -8.70462 -0.647047
      vertex -23.345 -6.37444 -0.647047
    endloop
  endfacet
  facet normal 0.693518 0.693518 0.195104
    outer loop
      vertex -21.0148 -8.70462 -0.647047
      vertex -23.3901 -6.41955 -0.326315
      vertex -21.0786 -8.73105 -0.326315
    endloop
  endfacet
  facet normal 0.466185 0.466184 0.751894
    outer loop
      vertex -22.7136 -5.74305 -1.98338
      vertex -20.3678 -8.43661 -1.76777
      vertex -20.1219 -8.33476 -1.98338
    endloop
  endfacet
  facet normal 0.466186 0.466184 0.751893
    outer loop
      vertex -20.3678 -8.43661 -1.76777
      vertex -22.7136 -5.74305 -1.98338
      vertex -22.8875 -5.9169 -1.76777
    endloop
  endfacet
  facet normal 0.312744 0.312749 0.896872
    outer loop
      vertex -22.314 -5.3434 -2.3097
      vertex -19.85 -8.22214 -2.16506
      vertex -19.5567 -8.10065 -2.3097
    endloop
  endfacet
  facet normal 0.312742 0.312748 0.896873
    outer loop
      vertex -19.85 -8.22214 -2.16506
      vertex -22.314 -5.3434 -2.3097
      vertex -22.5214 -5.55079 -2.16506
    endloop
  endfacet
  facet normal 0.707198 -0.707015 0.000650066
    outer loop
      vertex -22.095 -5.12444 -2.41481
      vertex -21.8682 -4.89764 -2.47861
      vertex -22.314 -5.3434 -2.3097
    endloop
  endfacet
  facet normal -0.227296 -0.227297 -0.946928
    outer loop
      vertex -21.1799 -4.20937 2.41481
      vertex -19.5567 -5.39467 2.3097
      vertex -19.247 -6.14226 2.41481
    endloop
  endfacet
  facet normal -0.227309 -0.227315 -0.946921
    outer loop
      vertex -19.5567 -5.39467 2.3097
      vertex -21.1799 -4.20937 2.41481
      vertex -20.961 -3.99041 2.3097
    endloop
  endfacet
  facet normal -0.227293 -0.227293 -0.94693
    outer loop
      vertex -15.3893 -10 2.41481
      vertex -17.6433 -7.30809 2.3097
      vertex -14.9514 -10 2.3097
    endloop
  endfacet
  facet normal -0.227259 -0.227264 -0.946945
    outer loop
      vertex -17.6433 -7.30809 2.3097
      vertex -15.3893 -10 2.41481
      vertex -17.953 -7.43636 2.41481
    endloop
  endfacet
  facet normal 0.706994 -0.70722 -5.37913e-05
    outer loop
      vertex -23.3901 -6.41955 -0.326315
      vertex -23.345 -6.37444 -0.647047
      vertex -23.4052 -6.43467 0
    endloop
  endfacet
  facet normal -0.31275 -0.312759 -0.896866
    outer loop
      vertex -20.961 -3.99041 2.3097
      vertex -19.85 -4.68661 2.16506
      vertex -19.5567 -5.39467 2.3097
    endloop
  endfacet
  facet normal -0.312744 -0.312747 -0.896873
    outer loop
      vertex -19.85 -4.68661 2.16506
      vertex -20.961 -3.99041 2.3097
      vertex -20.7536 -3.78302 2.16506
    endloop
  endfacet
  facet normal -0.312739 -0.31274 -0.896877
    outer loop
      vertex -14.9514 -10 2.3097
      vertex -17.35 -7.18661 2.16506
      vertex -14.5366 -10 2.16506
    endloop
  endfacet
  facet normal -0.312752 -0.312751 -0.896869
    outer loop
      vertex -17.35 -7.18661 2.16506
      vertex -14.9514 -10 2.3097
      vertex -17.6433 -7.30809 2.3097
    endloop
  endfacet
  facet normal 0.58793 0.587918 -0.5556
    outer loop
      vertex -20.7651 -8.60117 1.25
      vertex -23.0399 -6.06937 1.5219
      vertex -20.5834 -8.52592 1.5219
    endloop
  endfacet
  facet normal 0.587922 0.587913 -0.555613
    outer loop
      vertex -23.0399 -6.06937 1.5219
      vertex -20.7651 -8.60117 1.25
      vertex -23.1684 -6.19783 1.25
    endloop
  endfacet
  facet normal 0.531651 0.531649 0.659315
    outer loop
      vertex -22.8875 -5.9169 -1.76777
      vertex -20.5834 -8.52592 -1.5219
      vertex -20.3678 -8.43661 -1.76777
    endloop
  endfacet
  facet normal 0.531686 0.531676 0.659265
    outer loop
      vertex -20.5834 -8.52592 -1.5219
      vertex -22.8875 -5.9169 -1.76777
      vertex -23.0399 -6.06937 -1.5219
    endloop
  endfacet
  facet normal 0.634169 0.634159 0.442348
    outer loop
      vertex -23.2707 -6.30011 -0.956708
      vertex -20.7651 -8.60117 -1.25
      vertex -23.1684 -6.19783 -1.25
    endloop
  endfacet
  facet normal 0.634203 0.634211 0.442226
    outer loop
      vertex -20.7651 -8.60117 -1.25
      vertex -23.2707 -6.30011 -0.956708
      vertex -20.9097 -8.66108 -0.956708
    endloop
  endfacet
  facet normal 0.392851 0.392859 -0.831462
    outer loop
      vertex -20.1219 -8.33476 1.98338
      vertex -22.5214 -5.55079 2.16506
      vertex -19.85 -8.22214 2.16506
    endloop
  endfacet
  facet normal 0.392897 0.392896 -0.831423
    outer loop
      vertex -22.5214 -5.55079 2.16506
      vertex -20.1219 -8.33476 1.98338
      vertex -22.7136 -5.74305 1.98338
    endloop
  endfacet
  facet normal 0.466185 0.466184 -0.751894
    outer loop
      vertex -20.3678 -8.43661 1.76777
      vertex -22.7136 -5.74305 1.98338
      vertex -20.1219 -8.33476 1.98338
    endloop
  endfacet
  facet normal 0.466186 0.466184 -0.751893
    outer loop
      vertex -22.7136 -5.74305 1.98338
      vertex -20.3678 -8.43661 1.76777
      vertex -22.8875 -5.9169 1.76777
    endloop
  endfacet
  facet normal 0.227264 0.227268 0.946943
    outer loop
      vertex -22.095 -5.12444 -2.41481
      vertex -19.5567 -8.10065 -2.3097
      vertex -19.247 -7.97239 -2.41481
    endloop
  endfacet
  facet normal 0.227263 0.227267 0.946943
    outer loop
      vertex -19.5567 -8.10065 -2.3097
      vertex -22.095 -5.12444 -2.41481
      vertex -22.314 -5.3434 -2.3097
    endloop
  endfacet
  facet normal 0.227269 0.227294 0.946935
    outer loop
      vertex -17.6491 -10 -2.31168
      vertex -17.2194 -10 -2.41481
      vertex -17.953 -9.26648 -2.41481
    endloop
  endfacet
  facet normal 0.0462525 0.0462529 0.997858
    outer loop
      vertex -21.6375 -4.6669 -2.5
      vertex -18.9263 -7.83954 -2.47861
      vertex -18.6 -7.70437 -2.5
    endloop
  endfacet
  facet normal 0.0462556 0.0462556 0.997858
    outer loop
      vertex -18.9263 -7.83954 -2.47861
      vertex -21.6375 -4.6669 -2.5
      vertex -21.8682 -4.89764 -2.47861
    endloop
  endfacet
  facet normal 0.0462496 0.0462487 0.997859
    outer loop
      vertex -16.3044 -10 -2.5
      vertex -18.2737 -8.49217 -2.47861
      vertex -16.7659 -10 -2.47861
    endloop
  endfacet
  facet normal 0.0462506 0.04625 0.997859
    outer loop
      vertex -18.2737 -8.49217 -2.47861
      vertex -16.3044 -10 -2.5
      vertex -18.6 -7.70437 -2.5
    endloop
  endfacet
  facet normal -0.137953 -0.137953 0.980784
    outer loop
      vertex -21.4067 -4.43616 -2.47861
      vertex -19.247 -6.14226 -2.41481
      vertex -21.1799 -4.20937 -2.41481
    endloop
  endfacet
  facet normal -0.137946 -0.137945 0.980786
    outer loop
      vertex -19.247 -6.14226 -2.41481
      vertex -21.4067 -4.43616 -2.47861
      vertex -18.9263 -6.91658 -2.47861
    endloop
  endfacet
  facet normal -0.13795 -0.137953 0.980785
    outer loop
      vertex -17.953 -7.43636 -2.41481
      vertex -15.8429 -10 -2.47861
      vertex -15.3893 -10 -2.41481
    endloop
  endfacet
  facet normal -0.137964 -0.137965 0.980781
    outer loop
      vertex -15.8429 -10 -2.47861
      vertex -17.953 -7.43636 -2.41481
      vertex -18.2737 -7.56921 -2.47861
    endloop
  endfacet
  facet normal 0.705595 0.705595 0.0653451
    outer loop
      vertex -23.4052 -6.43467 0
      vertex -21.0786 -8.73105 -0.326315
      vertex -23.3901 -6.41955 -0.326315
    endloop
  endfacet
  facet normal 0.705598 0.705585 0.0654315
    outer loop
      vertex -21.0786 -8.73105 -0.326315
      vertex -23.4052 -6.43467 0
      vertex -21.1 -8.73991 0
    endloop
  endfacet
  facet normal 0.706977 -0.707236 0.000809392
    outer loop
      vertex -21.4067 -4.43616 -2.47861
      vertex -21.1799 -4.20937 -2.41481
      vertex -21.6375 -4.6669 -2.5
    endloop
  endfacet
  facet normal -0.53122 -0.53095 -0.660225
    outer loop
      vertex -20.3793 -3.40874 1.75461
      vertex -20.3678 -3.43661 1.76777
      vertex -20.3875 -3.4169 1.76777
    endloop
  endfacet
  facet normal -0.531581 -0.531586 -0.659422
    outer loop
      vertex -13.8044 -10 1.76777
      vertex -16.6166 -6.88283 1.5219
      vertex -13.4994 -10 1.5219
    endloop
  endfacet
  facet normal -0.531655 -0.531644 -0.659316
    outer loop
      vertex -16.6166 -6.88283 1.5219
      vertex -13.8044 -10 1.76777
      vertex -16.8322 -6.97214 1.76777
    endloop
  endfacet
  facet normal 0.531651 0.531649 -0.659315
    outer loop
      vertex -20.5834 -8.52592 1.5219
      vertex -22.8875 -5.9169 1.76777
      vertex -20.3678 -8.43661 1.76777
    endloop
  endfacet
  facet normal 0.531686 0.531676 -0.659265
    outer loop
      vertex -22.8875 -5.9169 1.76777
      vertex -20.5834 -8.52592 1.5219
      vertex -23.0399 -6.06937 1.5219
    endloop
  endfacet
  facet normal 0.137965 0.137965 0.980781
    outer loop
      vertex -21.8682 -4.89764 -2.47861
      vertex -19.247 -7.97239 -2.41481
      vertex -18.9263 -7.83954 -2.47861
    endloop
  endfacet
  facet normal 0.137949 0.137951 0.980785
    outer loop
      vertex -19.247 -7.97239 -2.41481
      vertex -21.8682 -4.89764 -2.47861
      vertex -22.095 -5.12444 -2.41481
    endloop
  endfacet
  facet normal 0.137979 0.137994 0.980775
    outer loop
      vertex -16.7659 -10 -2.47861
      vertex -17.953 -9.26648 -2.41481
      vertex -17.2194 -10 -2.41481
    endloop
  endfacet
  facet normal 0.137952 0.137949 0.980785
    outer loop
      vertex -17.953 -9.26648 -2.41481
      vertex -16.7659 -10 -2.47861
      vertex -18.2737 -8.49217 -2.47861
    endloop
  endfacet
  facet normal 0.634169 0.634159 -0.442348
    outer loop
      vertex -20.7651 -8.60117 1.25
      vertex -23.2707 -6.30011 0.956708
      vertex -23.1684 -6.19783 1.25
    endloop
  endfacet
  facet normal 0.634203 0.634211 -0.442226
    outer loop
      vertex -23.2707 -6.30011 0.956708
      vertex -20.7651 -8.60117 1.25
      vertex -20.9097 -8.66108 0.956708
    endloop
  endfacet
  facet normal 0.693521 0.693527 -0.195062
    outer loop
      vertex -21.0148 -8.70462 0.647047
      vertex -23.3901 -6.41955 0.326315
      vertex -23.345 -6.37444 0.647047
    endloop
  endfacet
  facet normal 0.693518 0.693518 -0.195104
    outer loop
      vertex -23.3901 -6.41955 0.326315
      vertex -21.0148 -8.70462 0.647047
      vertex -21.0786 -8.73105 0.326315
    endloop
  endfacet
  facet normal -0.587915 -0.587921 -0.555613
    outer loop
      vertex -16.4349 -6.80757 1.25
      vertex -13.4994 -10 1.5219
      vertex -16.6166 -6.88283 1.5219
    endloop
  endfacet
  facet normal -0.587962 -0.587956 -0.555525
    outer loop
      vertex -13.4994 -10 1.5219
      vertex -16.4349 -6.80757 1.25
      vertex -13.2425 -10 1.25
    endloop
  endfacet
  facet normal -0.705587 -0.705596 -0.0654311
    outer loop
      vertex -12.7688 -10 0
      vertex -16.1214 -6.6777 0.326315
      vertex -16.1 -6.66884 0
    endloop
  endfacet
  facet normal -0.705588 -0.705588 -0.0655174
    outer loop
      vertex -16.1214 -6.6777 0.326315
      vertex -12.7688 -10 0
      vertex -12.7991 -10 0.326315
    endloop
  endfacet
  facet normal -0.137946 -0.137945 -0.980786
    outer loop
      vertex -21.4067 -4.43616 2.47861
      vertex -19.247 -6.14226 2.41481
      vertex -18.9263 -6.91658 2.47861
    endloop
  endfacet
  facet normal -0.137953 -0.137953 -0.980784
    outer loop
      vertex -19.247 -6.14226 2.41481
      vertex -21.4067 -4.43616 2.47861
      vertex -21.1799 -4.20937 2.41481
    endloop
  endfacet
  facet normal -0.13795 -0.137953 -0.980785
    outer loop
      vertex -15.8429 -10 2.47861
      vertex -17.953 -7.43636 2.41481
      vertex -15.3893 -10 2.41481
    endloop
  endfacet
  facet normal -0.137964 -0.137965 -0.980781
    outer loop
      vertex -17.953 -7.43636 2.41481
      vertex -15.8429 -10 2.47861
      vertex -18.2737 -7.56921 2.47861
    endloop
  endfacet
  facet normal 0.706407 -0.707805 0.00132385
    outer loop
      vertex -20.5613 -3.59076 -1.98338
      vertex -20.3875 -3.4169 -1.76777
      vertex -20.7536 -3.78302 -2.16506
    endloop
  endfacet
  facet normal -0.705588 -0.705588 0.0655174
    outer loop
      vertex -12.7688 -10 0
      vertex -16.1214 -6.6777 -0.326315
      vertex -12.7991 -10 -0.326315
    endloop
  endfacet
  facet normal -0.705587 -0.705596 0.0654311
    outer loop
      vertex -16.1214 -6.6777 -0.326315
      vertex -12.7688 -10 0
      vertex -16.1 -6.66884 0
    endloop
  endfacet
  facet normal -0.466265 -0.466255 -0.7518
    outer loop
      vertex -20.5613 -3.59076 1.98338
      vertex -20.3678 -3.43661 1.76777
      vertex -20.1219 -4.03017 1.98338
    endloop
  endfacet
  facet normal -0.466371 -0.466135 -0.751809
    outer loop
      vertex -20.3678 -3.43661 1.76777
      vertex -20.5613 -3.59076 1.98338
      vertex -20.3875 -3.4169 1.76777
    endloop
  endfacet
  facet normal -0.466225 -0.466215 -0.75185
    outer loop
      vertex -14.1521 -10 1.98338
      vertex -16.8322 -6.97214 1.76777
      vertex -13.8044 -10 1.76777
    endloop
  endfacet
  facet normal -0.466194 -0.46619 -0.751884
    outer loop
      vertex -16.8322 -6.97214 1.76777
      vertex -14.1521 -10 1.98338
      vertex -17.0781 -7.07398 1.98338
    endloop
  endfacet
  facet normal 0.706407 -0.707805 -0.00132385
    outer loop
      vertex -20.3875 -3.4169 1.76777
      vertex -20.5613 -3.59076 1.98338
      vertex -20.7536 -3.78302 2.16506
    endloop
  endfacet
  facet normal -0.0462458 -0.0462454 0.997859
    outer loop
      vertex -21.6375 -4.6669 -2.5
      vertex -18.9263 -6.91658 -2.47861
      vertex -21.4067 -4.43616 -2.47861
    endloop
  endfacet
  facet normal -0.0462498 -0.0462503 0.997859
    outer loop
      vertex -18.9263 -6.91658 -2.47861
      vertex -21.6375 -4.6669 -2.5
      vertex -18.6 -7.70437 -2.5
    endloop
  endfacet
  facet normal -0.0462496 -0.0462498 0.997859
    outer loop
      vertex -18.2737 -7.56921 -2.47861
      vertex -16.3044 -10 -2.5
      vertex -15.8429 -10 -2.47861
    endloop
  endfacet
  facet normal -0.0462538 -0.0462532 0.997858
    outer loop
      vertex -16.3044 -10 -2.5
      vertex -18.2737 -7.56921 -2.47861
      vertex -18.6 -7.70437 -2.5
    endloop
  endfacet
  facet normal 0.707198 -0.707015 -0.000650066
    outer loop
      vertex -21.8682 -4.89764 2.47861
      vertex -22.095 -5.12444 2.41481
      vertex -22.314 -5.3434 2.3097
    endloop
  endfacet
  facet normal -0.312744 -0.312747 0.896873
    outer loop
      vertex -20.961 -3.99041 -2.3097
      vertex -19.85 -4.68661 -2.16506
      vertex -20.7536 -3.78302 -2.16506
    endloop
  endfacet
  facet normal -0.31275 -0.312759 0.896866
    outer loop
      vertex -19.85 -4.68661 -2.16506
      vertex -20.961 -3.99041 -2.3097
      vertex -19.5567 -5.39467 -2.3097
    endloop
  endfacet
  facet normal -0.312739 -0.31274 0.896877
    outer loop
      vertex -17.35 -7.18661 -2.16506
      vertex -14.9514 -10 -2.3097
      vertex -14.5366 -10 -2.16506
    endloop
  endfacet
  facet normal -0.312752 -0.312751 0.896869
    outer loop
      vertex -14.9514 -10 -2.3097
      vertex -17.35 -7.18661 -2.16506
      vertex -17.6433 -7.30809 -2.3097
    endloop
  endfacet
  facet normal -0.634215 -0.634209 0.442211
    outer loop
      vertex -13.038 -10 -0.956708
      vertex -16.4349 -6.80757 -1.25
      vertex -13.2425 -10 -1.25
    endloop
  endfacet
  facet normal -0.63421 -0.634202 0.442228
    outer loop
      vertex -16.4349 -6.80757 -1.25
      vertex -13.038 -10 -0.956708
      vertex -16.2903 -6.74766 -0.956708
    endloop
  endfacet
  facet normal 0.707164 -0.707049 8.03594e-05
    outer loop
      vertex -20.7651 -3.7945 1.25
      vertex -21.6375 -4.6669 2.5
      vertex -21.8682 -4.89764 2.47861
    endloop
  endfacet
  facet normal 0.707081 -0.707132 -3.22616e-05
    outer loop
      vertex -20.9097 -3.93914 0.956708
      vertex -21.8682 -4.89764 2.47861
      vertex -22.314 -5.3434 2.3097
    endloop
  endfacet
  facet normal 0.707045 -0.707169 -8.67734e-05
    outer loop
      vertex -21.6375 -4.6669 2.5
      vertex -20.7651 -3.7945 1.25
      vertex -21.1799 -4.20937 2.41481
    endloop
  endfacet
  facet normal 0.707093 -0.707121 -8.40104e-06
    outer loop
      vertex -20.9097 -3.93914 0.956708
      vertex -22.314 -5.3434 2.3097
      vertex -22.5214 -5.55079 2.16506
    endloop
  endfacet
  facet normal 0.707211 -0.707002 3.19924e-05
    outer loop
      vertex -21.1799 -4.20937 2.41481
      vertex -20.7651 -3.7945 1.25
      vertex -20.961 -3.99041 2.3097
    endloop
  endfacet
  facet normal 0.707149 -0.707064 0.000143164
    outer loop
      vertex -20.9097 -3.93914 0.956708
      vertex -22.5214 -5.55079 2.16506
      vertex -22.7136 -5.74305 1.98338
    endloop
  endfacet
  facet normal 0.707076 -0.707137 -0.00011456
    outer loop
      vertex -20.9097 -3.93914 0.956708
      vertex -22.7136 -5.74305 1.98338
      vertex -22.8875 -5.9169 1.76777
    endloop
  endfacet
  facet normal 0.707085 -0.707129 -1.48963e-05
    outer loop
      vertex -20.961 -3.99041 2.3097
      vertex -20.7651 -3.7945 1.25
      vertex -20.7536 -3.78302 2.16506
    endloop
  endfacet
  facet normal 0.707134 -0.70708 1.43403e-05
    outer loop
      vertex -20.7536 -3.78302 2.16506
      vertex -20.5834 -3.61282 1.5219
      vertex -20.3875 -3.4169 1.76777
    endloop
  endfacet
  facet normal 0.707144 -0.70707 0.000155372
    outer loop
      vertex -21.0148 -4.04425 0.647047
      vertex -22.8875 -5.9169 1.76777
      vertex -23.0399 -6.06937 1.5219
    endloop
  endfacet
  facet normal 0.706368 -0.707843 0.00123259
    outer loop
      vertex -20.3875 -3.4169 1.76777
      vertex -20.5834 -3.61282 1.5219
      vertex -20.3793 -3.40874 1.75461
    endloop
  endfacet
  facet normal 0.707091 -0.707123 -8.913e-05
    outer loop
      vertex -21.0148 -4.04425 0.647047
      vertex -23.0399 -6.06937 1.5219
      vertex -23.1684 -6.19783 1.25
    endloop
  endfacet
  facet normal 0.707079 -0.707135 -1.47548e-05
    outer loop
      vertex -20.7536 -3.78302 2.16506
      vertex -20.7651 -3.7945 1.25
      vertex -20.5834 -3.61282 1.5219
    endloop
  endfacet
  facet normal 0.707098 -0.707116 -4.18426e-05
    outer loop
      vertex -21.0148 -4.04425 0.647047
      vertex -23.1684 -6.19783 1.25
      vertex -23.2707 -6.30011 0.956708
    endloop
  endfacet
  facet normal 0.70715 -0.707064 5.40892e-05
    outer loop
      vertex -21.8682 -4.89764 2.47861
      vertex -20.9097 -3.93914 0.956708
      vertex -20.7651 -3.7945 1.25
    endloop
  endfacet
  facet normal 0.707105 -0.707109 2.43058e-05
    outer loop
      vertex -22.8875 -5.9169 1.76777
      vertex -21.0148 -4.04425 0.647047
      vertex -20.9097 -3.93914 0.956708
    endloop
  endfacet
  facet normal 0.707101 -0.707113 2.42777e-06
    outer loop
      vertex -23.2707 -6.30011 0.956708
      vertex -21.0786 -4.10805 0.326315
      vertex -21.0148 -4.04425 0.647047
    endloop
  endfacet
  facet normal 0.707107 -0.707107 4.43665e-05
    outer loop
      vertex -23.4052 -6.43467 0
      vertex -21.0786 -4.10805 0.326315
      vertex -23.2707 -6.30011 0.956708
    endloop
  endfacet
  facet normal 0.707111 -0.707102 -2.22728e-05
    outer loop
      vertex -23.4052 -6.43467 0
      vertex -21.1 -4.12944 0
      vertex -21.0786 -4.10805 0.326315
    endloop
  endfacet
  facet normal 0.707111 -0.707102 2.22728e-05
    outer loop
      vertex -23.4052 -6.43467 0
      vertex -21.0786 -4.10805 -0.326315
      vertex -21.1 -4.12944 0
    endloop
  endfacet
  facet normal 0.707107 -0.707107 -4.43665e-05
    outer loop
      vertex -23.2707 -6.30011 -0.956708
      vertex -21.0786 -4.10805 -0.326315
      vertex -23.4052 -6.43467 0
    endloop
  endfacet
  facet normal 0.707101 -0.707113 -2.42777e-06
    outer loop
      vertex -21.0786 -4.10805 -0.326315
      vertex -23.2707 -6.30011 -0.956708
      vertex -21.0148 -4.04425 -0.647047
    endloop
  endfacet
  facet normal 0.707098 -0.707116 4.18426e-05
    outer loop
      vertex -23.1684 -6.19783 -1.25
      vertex -21.0148 -4.04425 -0.647047
      vertex -23.2707 -6.30011 -0.956708
    endloop
  endfacet
  facet normal 0.707091 -0.707123 8.913e-05
    outer loop
      vertex -23.0399 -6.06937 -1.5219
      vertex -21.0148 -4.04425 -0.647047
      vertex -23.1684 -6.19783 -1.25
    endloop
  endfacet
  facet normal 0.707144 -0.70707 -0.000155372
    outer loop
      vertex -22.8875 -5.9169 -1.76777
      vertex -21.0148 -4.04425 -0.647047
      vertex -23.0399 -6.06937 -1.5219
    endloop
  endfacet
  facet normal 0.707105 -0.707109 -2.43058e-05
    outer loop
      vertex -21.0148 -4.04425 -0.647047
      vertex -22.8875 -5.9169 -1.76777
      vertex -20.9097 -3.93914 -0.956708
    endloop
  endfacet
  facet normal 0.707076 -0.707137 0.00011456
    outer loop
      vertex -22.7136 -5.74305 -1.98338
      vertex -20.9097 -3.93914 -0.956708
      vertex -22.8875 -5.9169 -1.76777
    endloop
  endfacet
  facet normal 0.707149 -0.707064 -0.000143164
    outer loop
      vertex -22.5214 -5.55079 -2.16506
      vertex -20.9097 -3.93914 -0.956708
      vertex -22.7136 -5.74305 -1.98338
    endloop
  endfacet
  facet normal 0.707093 -0.707121 8.40104e-06
    outer loop
      vertex -22.314 -5.3434 -2.3097
      vertex -20.9097 -3.93914 -0.956708
      vertex -22.5214 -5.55079 -2.16506
    endloop
  endfacet
  facet normal 0.707081 -0.707132 3.22616e-05
    outer loop
      vertex -21.8682 -4.89764 -2.47861
      vertex -20.9097 -3.93914 -0.956708
      vertex -22.314 -5.3434 -2.3097
    endloop
  endfacet
  facet normal 0.706368 -0.707843 -0.00123259
    outer loop
      vertex -20.5834 -3.61282 -1.5219
      vertex -20.3875 -3.4169 -1.76777
      vertex -20.3793 -3.40874 -1.75461
    endloop
  endfacet
  facet normal 0.70715 -0.707064 -5.40892e-05
    outer loop
      vertex -20.9097 -3.93914 -0.956708
      vertex -21.8682 -4.89764 -2.47861
      vertex -20.7651 -3.7945 -1.25
    endloop
  endfacet
  facet normal 0.707134 -0.70708 -1.43403e-05
    outer loop
      vertex -20.5834 -3.61282 -1.5219
      vertex -20.7536 -3.78302 -2.16506
      vertex -20.3875 -3.4169 -1.76777
    endloop
  endfacet
  facet normal 0.707164 -0.707049 -8.03594e-05
    outer loop
      vertex -21.6375 -4.6669 -2.5
      vertex -20.7651 -3.7945 -1.25
      vertex -21.8682 -4.89764 -2.47861
    endloop
  endfacet
  facet normal 0.707079 -0.707135 1.47548e-05
    outer loop
      vertex -20.7651 -3.7945 -1.25
      vertex -20.7536 -3.78302 -2.16506
      vertex -20.5834 -3.61282 -1.5219
    endloop
  endfacet
  facet normal 0.707085 -0.707129 1.48963e-05
    outer loop
      vertex -20.7536 -3.78302 -2.16506
      vertex -20.7651 -3.7945 -1.25
      vertex -20.961 -3.99041 -2.3097
    endloop
  endfacet
  facet normal 0.707045 -0.707169 8.67734e-05
    outer loop
      vertex -21.1799 -4.20937 -2.41481
      vertex -20.7651 -3.7945 -1.25
      vertex -21.6375 -4.6669 -2.5
    endloop
  endfacet
  facet normal 0.707211 -0.707002 -3.19924e-05
    outer loop
      vertex -20.961 -3.99041 -2.3097
      vertex -20.7651 -3.7945 -1.25
      vertex -21.1799 -4.20937 -2.41481
    endloop
  endfacet
  facet normal -0.227309 -0.227315 0.946921
    outer loop
      vertex -21.1799 -4.20937 -2.41481
      vertex -19.5567 -5.39467 -2.3097
      vertex -20.961 -3.99041 -2.3097
    endloop
  endfacet
  facet normal -0.227296 -0.227297 0.946928
    outer loop
      vertex -19.5567 -5.39467 -2.3097
      vertex -21.1799 -4.20937 -2.41481
      vertex -19.247 -6.14226 -2.41481
    endloop
  endfacet
  facet normal -0.227293 -0.227293 0.94693
    outer loop
      vertex -17.6433 -7.30809 -2.3097
      vertex -15.3893 -10 -2.41481
      vertex -14.9514 -10 -2.3097
    endloop
  endfacet
  facet normal -0.227259 -0.227264 0.946945
    outer loop
      vertex -15.3893 -10 -2.41481
      vertex -17.6433 -7.30809 -2.3097
      vertex -17.953 -7.43636 -2.41481
    endloop
  endfacet
  facet normal -0.693525 -0.693529 0.195041
    outer loop
      vertex -12.7991 -10 -0.326315
      vertex -16.1852 -6.70412 -0.647047
      vertex -12.8893 -10 -0.647047
    endloop
  endfacet
  facet normal -0.693521 -0.693521 0.195083
    outer loop
      vertex -16.1852 -6.70412 -0.647047
      vertex -12.7991 -10 -0.326315
      vertex -16.1214 -6.6777 -0.326315
    endloop
  endfacet
  facet normal -0.669564 -0.669556 0.321526
    outer loop
      vertex -12.8893 -10 -0.647047
      vertex -16.2903 -6.74766 -0.956708
      vertex -13.038 -10 -0.956708
    endloop
  endfacet
  facet normal -0.669586 -0.66959 0.321408
    outer loop
      vertex -16.2903 -6.74766 -0.956708
      vertex -12.8893 -10 -0.647047
      vertex -16.1852 -6.70412 -0.647047
    endloop
  endfacet
  facet normal -0.707198 -0.707015 0.000650066
    outer loop
      vertex 22.095 -5.12444 -2.41481
      vertex 22.314 -5.3434 -2.3097
      vertex 21.8682 -4.89764 -2.47861
    endloop
  endfacet
  facet normal 0.39283 -0.392821 0.83149
    outer loop
      vertex 20.1219 -4.03017 -1.98338
      vertex 20.7536 -3.78302 -2.16506
      vertex 20.5613 -3.59076 -1.98338
    endloop
  endfacet
  facet normal 0.392834 -0.392839 0.83148
    outer loop
      vertex 20.7536 -3.78302 -2.16506
      vertex 20.1219 -4.03017 -1.98338
      vertex 19.85 -4.68661 -2.16506
    endloop
  endfacet
  facet normal 0.392847 -0.392848 0.83147
    outer loop
      vertex 17.0781 -7.07398 -1.98338
      vertex 14.5366 -10 -2.16506
      vertex 17.35 -7.18661 -2.16506
    endloop
  endfacet
  facet normal 0.392869 -0.392866 0.831451
    outer loop
      vertex 14.5366 -10 -2.16506
      vertex 17.0781 -7.07398 -1.98338
      vertex 14.1521 -10 -1.98338
    endloop
  endfacet
  facet normal -0.705595 0.705595 -0.0653451
    outer loop
      vertex 23.4052 -6.43467 0
      vertex 21.0786 -8.73105 0.326315
      vertex 23.3901 -6.41955 0.326315
    endloop
  endfacet
  facet normal -0.705598 0.705585 -0.0654315
    outer loop
      vertex 21.0786 -8.73105 0.326315
      vertex 23.4052 -6.43467 0
      vertex 21.1 -8.73991 0
    endloop
  endfacet
  facet normal -0.0462556 0.0462556 0.997858
    outer loop
      vertex 21.6375 -4.6669 -2.5
      vertex 18.9263 -7.83954 -2.47861
      vertex 21.8682 -4.89764 -2.47861
    endloop
  endfacet
  facet normal -0.0462525 0.0462529 0.997858
    outer loop
      vertex 18.9263 -7.83954 -2.47861
      vertex 21.6375 -4.6669 -2.5
      vertex 18.6 -7.70437 -2.5
    endloop
  endfacet
  facet normal -0.0462506 0.04625 0.997859
    outer loop
      vertex 16.3044 -10 -2.5
      vertex 18.2737 -8.49217 -2.47861
      vertex 18.6 -7.70437 -2.5
    endloop
  endfacet
  facet normal -0.0462496 0.0462487 0.997859
    outer loop
      vertex 18.2737 -8.49217 -2.47861
      vertex 16.3044 -10 -2.5
      vertex 16.7659 -10 -2.47861
    endloop
  endfacet
  facet normal -0.66959 0.669596 0.321389
    outer loop
      vertex 23.2707 -6.30011 -0.956708
      vertex 21.0148 -8.70462 -0.647047
      vertex 23.345 -6.37444 -0.647047
    endloop
  endfacet
  facet normal -0.669584 0.669593 0.321407
    outer loop
      vertex 21.0148 -8.70462 -0.647047
      vertex 23.2707 -6.30011 -0.956708
      vertex 20.9097 -8.66108 -0.956708
    endloop
  endfacet
  facet normal -0.707228 -0.706985 -1.01602e-05
    outer loop
      vertex 23.345 -6.37444 -0.647047
      vertex 23.4052 -6.43467 0
      vertex 23.2707 -6.30011 -0.956708
    endloop
  endfacet
  facet normal 0.466371 -0.466135 0.751809
    outer loop
      vertex 20.3678 -3.43661 -1.76777
      vertex 20.5613 -3.59076 -1.98338
      vertex 20.3875 -3.4169 -1.76777
    endloop
  endfacet
  facet normal 0.466265 -0.466255 0.7518
    outer loop
      vertex 20.5613 -3.59076 -1.98338
      vertex 20.3678 -3.43661 -1.76777
      vertex 20.1219 -4.03017 -1.98338
    endloop
  endfacet
  facet normal 0.466194 -0.46619 0.751884
    outer loop
      vertex 16.8322 -6.97214 -1.76777
      vertex 14.1521 -10 -1.98338
      vertex 17.0781 -7.07398 -1.98338
    endloop
  endfacet
  facet normal 0.466225 -0.466215 0.75185
    outer loop
      vertex 14.1521 -10 -1.98338
      vertex 16.8322 -6.97214 -1.76777
      vertex 13.8044 -10 -1.76777
    endloop
  endfacet
  facet normal -0.392897 0.392896 0.831423
    outer loop
      vertex 22.5214 -5.55079 -2.16506
      vertex 20.1219 -8.33476 -1.98338
      vertex 22.7136 -5.74305 -1.98338
    endloop
  endfacet
  facet normal -0.392851 0.392859 0.831462
    outer loop
      vertex 20.1219 -8.33476 -1.98338
      vertex 22.5214 -5.55079 -2.16506
      vertex 19.85 -8.22214 -2.16506
    endloop
  endfacet
  facet normal -0.531686 0.531676 0.659265
    outer loop
      vertex 22.8875 -5.9169 -1.76777
      vertex 20.5834 -8.52592 -1.5219
      vertex 23.0399 -6.06937 -1.5219
    endloop
  endfacet
  facet normal -0.531651 0.531649 0.659315
    outer loop
      vertex 20.5834 -8.52592 -1.5219
      vertex 22.8875 -5.9169 -1.76777
      vertex 20.3678 -8.43661 -1.76777
    endloop
  endfacet
  facet normal 0.693525 -0.693529 -0.195041
    outer loop
      vertex 12.7991 -10 0.326315
      vertex 16.1852 -6.70412 0.647047
      vertex 12.8893 -10 0.647047
    endloop
  endfacet
  facet normal 0.693521 -0.693521 -0.195083
    outer loop
      vertex 16.1852 -6.70412 0.647047
      vertex 12.7991 -10 0.326315
      vertex 16.1214 -6.6777 0.326315
    endloop
  endfacet
  facet normal 0.53122 -0.53095 0.660225
    outer loop
      vertex 20.3875 -3.4169 -1.76777
      vertex 20.3793 -3.40874 -1.75461
      vertex 20.3678 -3.43661 -1.76777
    endloop
  endfacet
  facet normal 0.531655 -0.531644 0.659316
    outer loop
      vertex 16.6166 -6.88283 -1.5219
      vertex 13.8044 -10 -1.76777
      vertex 16.8322 -6.97214 -1.76777
    endloop
  endfacet
  facet normal 0.531581 -0.531586 0.659422
    outer loop
      vertex 13.8044 -10 -1.76777
      vertex 16.6166 -6.88283 -1.5219
      vertex 13.4994 -10 -1.5219
    endloop
  endfacet
  facet normal 0.634215 -0.634209 -0.442211
    outer loop
      vertex 13.038 -10 0.956708
      vertex 16.4349 -6.80757 1.25
      vertex 13.2425 -10 1.25
    endloop
  endfacet
  facet normal 0.63421 -0.634202 -0.442228
    outer loop
      vertex 16.4349 -6.80757 1.25
      vertex 13.038 -10 0.956708
      vertex 16.2903 -6.74766 0.956708
    endloop
  endfacet
  facet normal -0.706994 -0.70722 5.37913e-05
    outer loop
      vertex 23.4052 -6.43467 0
      vertex 23.3901 -6.41955 0.326315
      vertex 23.345 -6.37444 0.647047
    endloop
  endfacet
  facet normal -0.0462556 0.0462556 -0.997858
    outer loop
      vertex 18.9263 -7.83954 2.47861
      vertex 21.6375 -4.6669 2.5
      vertex 21.8682 -4.89764 2.47861
    endloop
  endfacet
  facet normal -0.0462525 0.0462529 -0.997858
    outer loop
      vertex 21.6375 -4.6669 2.5
      vertex 18.9263 -7.83954 2.47861
      vertex 18.6 -7.70437 2.5
    endloop
  endfacet
  facet normal -0.0462496 0.0462487 -0.997859
    outer loop
      vertex 16.3044 -10 2.5
      vertex 18.2737 -8.49217 2.47861
      vertex 16.7659 -10 2.47861
    endloop
  endfacet
  facet normal -0.0462506 0.04625 -0.997859
    outer loop
      vertex 18.2737 -8.49217 2.47861
      vertex 16.3044 -10 2.5
      vertex 18.6 -7.70437 2.5
    endloop
  endfacet
  facet normal -0.531686 0.531676 -0.659265
    outer loop
      vertex 20.5834 -8.52592 1.5219
      vertex 22.8875 -5.9169 1.76777
      vertex 23.0399 -6.06937 1.5219
    endloop
  endfacet
  facet normal -0.531651 0.531649 -0.659315
    outer loop
      vertex 22.8875 -5.9169 1.76777
      vertex 20.5834 -8.52592 1.5219
      vertex 20.3678 -8.43661 1.76777
    endloop
  endfacet
  facet normal -0.392897 0.392896 -0.831423
    outer loop
      vertex 20.1219 -8.33476 1.98338
      vertex 22.5214 -5.55079 2.16506
      vertex 22.7136 -5.74305 1.98338
    endloop
  endfacet
  facet normal -0.392851 0.392859 -0.831462
    outer loop
      vertex 22.5214 -5.55079 2.16506
      vertex 20.1219 -8.33476 1.98338
      vertex 19.85 -8.22214 2.16506
    endloop
  endfacet
  facet normal 0.669564 -0.669556 -0.321526
    outer loop
      vertex 12.8893 -10 0.647047
      vertex 16.2903 -6.74766 0.956708
      vertex 13.038 -10 0.956708
    endloop
  endfacet
  facet normal 0.669586 -0.66959 -0.321408
    outer loop
      vertex 16.2903 -6.74766 0.956708
      vertex 12.8893 -10 0.647047
      vertex 16.1852 -6.70412 0.647047
    endloop
  endfacet
  facet normal -0.587922 0.587913 0.555613
    outer loop
      vertex 23.0399 -6.06937 -1.5219
      vertex 20.7651 -8.60117 -1.25
      vertex 23.1684 -6.19783 -1.25
    endloop
  endfacet
  facet normal -0.58793 0.587918 0.5556
    outer loop
      vertex 20.7651 -8.60117 -1.25
      vertex 23.0399 -6.06937 -1.5219
      vertex 20.5834 -8.52592 -1.5219
    endloop
  endfacet
  facet normal 0.0462458 -0.0462454 -0.997859
    outer loop
      vertex 21.6375 -4.6669 2.5
      vertex 18.9263 -6.91658 2.47861
      vertex 21.4067 -4.43616 2.47861
    endloop
  endfacet
  facet normal 0.0462498 -0.0462503 -0.997859
    outer loop
      vertex 18.9263 -6.91658 2.47861
      vertex 21.6375 -4.6669 2.5
      vertex 18.6 -7.70437 2.5
    endloop
  endfacet
  facet normal 0.0462538 -0.0462532 -0.997858
    outer loop
      vertex 16.3044 -10 2.5
      vertex 18.2737 -7.56921 2.47861
      vertex 18.6 -7.70437 2.5
    endloop
  endfacet
  facet normal 0.0462496 -0.0462498 -0.997859
    outer loop
      vertex 18.2737 -7.56921 2.47861
      vertex 16.3044 -10 2.5
      vertex 15.8429 -10 2.47861
    endloop
  endfacet
  facet normal -0.227263 0.227267 0.946943
    outer loop
      vertex 22.095 -5.12444 -2.41481
      vertex 19.5567 -8.10065 -2.3097
      vertex 22.314 -5.3434 -2.3097
    endloop
  endfacet
  facet normal -0.227264 0.227268 0.946943
    outer loop
      vertex 19.5567 -8.10065 -2.3097
      vertex 22.095 -5.12444 -2.41481
      vertex 19.247 -7.97239 -2.41481
    endloop
  endfacet
  facet normal -0.227269 0.227294 0.946935
    outer loop
      vertex 17.6491 -10 -2.31168
      vertex 17.953 -9.26648 -2.41481
      vertex 17.2194 -10 -2.41481
    endloop
  endfacet
  facet normal -0.706994 -0.70722 -5.37913e-05
    outer loop
      vertex 23.3901 -6.41955 -0.326315
      vertex 23.4052 -6.43467 0
      vertex 23.345 -6.37444 -0.647047
    endloop
  endfacet
  facet normal -0.466186 0.466184 0.751893
    outer loop
      vertex 22.7136 -5.74305 -1.98338
      vertex 20.3678 -8.43661 -1.76777
      vertex 22.8875 -5.9169 -1.76777
    endloop
  endfacet
  facet normal -0.466185 0.466184 0.751894
    outer loop
      vertex 20.3678 -8.43661 -1.76777
      vertex 22.7136 -5.74305 -1.98338
      vertex 20.1219 -8.33476 -1.98338
    endloop
  endfacet
  facet normal -0.312742 0.312748 0.896873
    outer loop
      vertex 22.314 -5.3434 -2.3097
      vertex 19.85 -8.22214 -2.16506
      vertex 22.5214 -5.55079 -2.16506
    endloop
  endfacet
  facet normal -0.312744 0.312749 0.896872
    outer loop
      vertex 19.85 -8.22214 -2.16506
      vertex 22.314 -5.3434 -2.3097
      vertex 19.5567 -8.10065 -2.3097
    endloop
  endfacet
  facet normal -0.706977 -0.707236 0.000809392
    outer loop
      vertex 21.4067 -4.43616 -2.47861
      vertex 21.6375 -4.6669 -2.5
      vertex 21.1799 -4.20937 -2.41481
    endloop
  endfacet
  facet normal -0.693521 0.693527 0.195062
    outer loop
      vertex 21.0148 -8.70462 -0.647047
      vertex 23.3901 -6.41955 -0.326315
      vertex 23.345 -6.37444 -0.647047
    endloop
  endfacet
  facet normal -0.693518 0.693518 0.195104
    outer loop
      vertex 23.3901 -6.41955 -0.326315
      vertex 21.0148 -8.70462 -0.647047
      vertex 21.0786 -8.73105 -0.326315
    endloop
  endfacet
  facet normal 0.312744 -0.312747 -0.896873
    outer loop
      vertex 20.961 -3.99041 2.3097
      vertex 19.85 -4.68661 2.16506
      vertex 20.7536 -3.78302 2.16506
    endloop
  endfacet
  facet normal 0.31275 -0.312759 -0.896866
    outer loop
      vertex 19.85 -4.68661 2.16506
      vertex 20.961 -3.99041 2.3097
      vertex 19.5567 -5.39467 2.3097
    endloop
  endfacet
  facet normal 0.312752 -0.312751 -0.896869
    outer loop
      vertex 14.9514 -10 2.3097
      vertex 17.35 -7.18661 2.16506
      vertex 17.6433 -7.30809 2.3097
    endloop
  endfacet
  facet normal 0.312739 -0.31274 -0.896877
    outer loop
      vertex 17.35 -7.18661 2.16506
      vertex 14.9514 -10 2.3097
      vertex 14.5366 -10 2.16506
    endloop
  endfacet
  facet normal -0.587922 0.587913 -0.555613
    outer loop
      vertex 20.7651 -8.60117 1.25
      vertex 23.0399 -6.06937 1.5219
      vertex 23.1684 -6.19783 1.25
    endloop
  endfacet
  facet normal -0.58793 0.587918 -0.5556
    outer loop
      vertex 23.0399 -6.06937 1.5219
      vertex 20.7651 -8.60117 1.25
      vertex 20.5834 -8.52592 1.5219
    endloop
  endfacet
  facet normal 0.137953 -0.137953 0.980784
    outer loop
      vertex 19.247 -6.14226 -2.41481
      vertex 21.4067 -4.43616 -2.47861
      vertex 21.1799 -4.20937 -2.41481
    endloop
  endfacet
  facet normal 0.137946 -0.137945 0.980786
    outer loop
      vertex 21.4067 -4.43616 -2.47861
      vertex 19.247 -6.14226 -2.41481
      vertex 18.9263 -6.91658 -2.47861
    endloop
  endfacet
  facet normal 0.137964 -0.137965 0.980781
    outer loop
      vertex 17.953 -7.43636 -2.41481
      vertex 15.8429 -10 -2.47861
      vertex 18.2737 -7.56921 -2.47861
    endloop
  endfacet
  facet normal 0.13795 -0.137953 0.980785
    outer loop
      vertex 15.8429 -10 -2.47861
      vertex 17.953 -7.43636 -2.41481
      vertex 15.3893 -10 -2.41481
    endloop
  endfacet
  facet normal -0.137949 0.137951 -0.980785
    outer loop
      vertex 19.247 -7.97239 2.41481
      vertex 21.8682 -4.89764 2.47861
      vertex 22.095 -5.12444 2.41481
    endloop
  endfacet
  facet normal -0.137965 0.137965 -0.980781
    outer loop
      vertex 21.8682 -4.89764 2.47861
      vertex 19.247 -7.97239 2.41481
      vertex 18.9263 -7.83954 2.47861
    endloop
  endfacet
  facet normal -0.137979 0.137994 -0.980775
    outer loop
      vertex 16.7659 -10 2.47861
      vertex 17.953 -9.26648 2.41481
      vertex 17.2194 -10 2.41481
    endloop
  endfacet
  facet normal -0.137952 0.137949 -0.980785
    outer loop
      vertex 17.953 -9.26648 2.41481
      vertex 16.7659 -10 2.47861
      vertex 18.2737 -8.49217 2.47861
    endloop
  endfacet
  facet normal 0.39283 -0.392821 -0.83149
    outer loop
      vertex 20.7536 -3.78302 2.16506
      vertex 20.1219 -4.03017 1.98338
      vertex 20.5613 -3.59076 1.98338
    endloop
  endfacet
  facet normal 0.392834 -0.392839 -0.83148
    outer loop
      vertex 20.1219 -4.03017 1.98338
      vertex 20.7536 -3.78302 2.16506
      vertex 19.85 -4.68661 2.16506
    endloop
  endfacet
  facet normal 0.392847 -0.392848 -0.83147
    outer loop
      vertex 14.5366 -10 2.16506
      vertex 17.0781 -7.07398 1.98338
      vertex 17.35 -7.18661 2.16506
    endloop
  endfacet
  facet normal 0.392869 -0.392866 -0.831451
    outer loop
      vertex 17.0781 -7.07398 1.98338
      vertex 14.5366 -10 2.16506
      vertex 14.1521 -10 1.98338
    endloop
  endfacet
  facet normal -0.466186 0.466184 -0.751893
    outer loop
      vertex 20.3678 -8.43661 1.76777
      vertex 22.7136 -5.74305 1.98338
      vertex 22.8875 -5.9169 1.76777
    endloop
  endfacet
  facet normal -0.466185 0.466184 -0.751894
    outer loop
      vertex 22.7136 -5.74305 1.98338
      vertex 20.3678 -8.43661 1.76777
      vertex 20.1219 -8.33476 1.98338
    endloop
  endfacet
  facet normal -0.66959 0.669596 -0.321389
    outer loop
      vertex 21.0148 -8.70462 0.647047
      vertex 23.2707 -6.30011 0.956708
      vertex 23.345 -6.37444 0.647047
    endloop
  endfacet
  facet normal -0.669584 0.669593 -0.321407
    outer loop
      vertex 23.2707 -6.30011 0.956708
      vertex 21.0148 -8.70462 0.647047
      vertex 20.9097 -8.66108 0.956708
    endloop
  endfacet
  facet normal -0.707228 -0.706985 1.01602e-05
    outer loop
      vertex 23.4052 -6.43467 0
      vertex 23.345 -6.37444 0.647047
      vertex 23.2707 -6.30011 0.956708
    endloop
  endfacet
  facet normal -0.634169 0.634159 0.442348
    outer loop
      vertex 20.7651 -8.60117 -1.25
      vertex 23.2707 -6.30011 -0.956708
      vertex 23.1684 -6.19783 -1.25
    endloop
  endfacet
  facet normal -0.634203 0.634211 0.442226
    outer loop
      vertex 23.2707 -6.30011 -0.956708
      vertex 20.7651 -8.60117 -1.25
      vertex 20.9097 -8.66108 -0.956708
    endloop
  endfacet
  facet normal -0.706407 -0.707805 -0.00132385
    outer loop
      vertex 20.7536 -3.78302 2.16506
      vertex 20.5613 -3.59076 1.98338
      vertex 20.3875 -3.4169 1.76777
    endloop
  endfacet
  facet normal -0.705595 0.705595 0.0653451
    outer loop
      vertex 21.0786 -8.73105 -0.326315
      vertex 23.4052 -6.43467 0
      vertex 23.3901 -6.41955 -0.326315
    endloop
  endfacet
  facet normal -0.705598 0.705585 0.0654315
    outer loop
      vertex 23.4052 -6.43467 0
      vertex 21.0786 -8.73105 -0.326315
      vertex 21.1 -8.73991 0
    endloop
  endfacet
  facet normal 0.53122 -0.53095 -0.660225
    outer loop
      vertex 20.3793 -3.40874 1.75461
      vertex 20.3875 -3.4169 1.76777
      vertex 20.3678 -3.43661 1.76777
    endloop
  endfacet
  facet normal 0.531655 -0.531644 -0.659316
    outer loop
      vertex 13.8044 -10 1.76777
      vertex 16.6166 -6.88283 1.5219
      vertex 16.8322 -6.97214 1.76777
    endloop
  endfacet
  facet normal 0.531581 -0.531586 -0.659422
    outer loop
      vertex 16.6166 -6.88283 1.5219
      vertex 13.8044 -10 1.76777
      vertex 13.4994 -10 1.5219
    endloop
  endfacet
  facet normal -0.707198 -0.707015 -0.000650066
    outer loop
      vertex 22.314 -5.3434 2.3097
      vertex 22.095 -5.12444 2.41481
      vertex 21.8682 -4.89764 2.47861
    endloop
  endfacet
  facet normal -0.706977 -0.707236 -0.000809392
    outer loop
      vertex 21.6375 -4.6669 2.5
      vertex 21.4067 -4.43616 2.47861
      vertex 21.1799 -4.20937 2.41481
    endloop
  endfacet
  facet normal 0.587962 -0.587956 -0.555525
    outer loop
      vertex 16.4349 -6.80757 1.25
      vertex 13.4994 -10 1.5219
      vertex 13.2425 -10 1.25
    endloop
  endfacet
  facet normal 0.587915 -0.587921 -0.555613
    outer loop
      vertex 13.4994 -10 1.5219
      vertex 16.4349 -6.80757 1.25
      vertex 16.6166 -6.88283 1.5219
    endloop
  endfacet
  facet normal -0.137949 0.137951 0.980785
    outer loop
      vertex 21.8682 -4.89764 -2.47861
      vertex 19.247 -7.97239 -2.41481
      vertex 22.095 -5.12444 -2.41481
    endloop
  endfacet
  facet normal -0.137965 0.137965 0.980781
    outer loop
      vertex 19.247 -7.97239 -2.41481
      vertex 21.8682 -4.89764 -2.47861
      vertex 18.9263 -7.83954 -2.47861
    endloop
  endfacet
  facet normal -0.137952 0.137949 0.980785
    outer loop
      vertex 16.7659 -10 -2.47861
      vertex 17.953 -9.26648 -2.41481
      vertex 18.2737 -8.49217 -2.47861
    endloop
  endfacet
  facet normal -0.137979 0.137994 0.980775
    outer loop
      vertex 17.953 -9.26648 -2.41481
      vertex 16.7659 -10 -2.47861
      vertex 17.2194 -10 -2.41481
    endloop
  endfacet
  facet normal 0.227309 -0.227315 -0.946921
    outer loop
      vertex 21.1799 -4.20937 2.41481
      vertex 19.5567 -5.39467 2.3097
      vertex 20.961 -3.99041 2.3097
    endloop
  endfacet
  facet normal 0.227296 -0.227297 -0.946928
    outer loop
      vertex 19.5567 -5.39467 2.3097
      vertex 21.1799 -4.20937 2.41481
      vertex 19.247 -6.14226 2.41481
    endloop
  endfacet
  facet normal 0.227259 -0.227264 -0.946945
    outer loop
      vertex 15.3893 -10 2.41481
      vertex 17.6433 -7.30809 2.3097
      vertex 17.953 -7.43636 2.41481
    endloop
  endfacet
  facet normal 0.227293 -0.227293 -0.94693
    outer loop
      vertex 17.6433 -7.30809 2.3097
      vertex 15.3893 -10 2.41481
      vertex 14.9514 -10 2.3097
    endloop
  endfacet
  facet normal 0.466371 -0.466135 -0.751809
    outer loop
      vertex 20.5613 -3.59076 1.98338
      vertex 20.3678 -3.43661 1.76777
      vertex 20.3875 -3.4169 1.76777
    endloop
  endfacet
  facet normal 0.466265 -0.466255 -0.7518
    outer loop
      vertex 20.3678 -3.43661 1.76777
      vertex 20.5613 -3.59076 1.98338
      vertex 20.1219 -4.03017 1.98338
    endloop
  endfacet
  facet normal 0.466194 -0.46619 -0.751884
    outer loop
      vertex 14.1521 -10 1.98338
      vertex 16.8322 -6.97214 1.76777
      vertex 17.0781 -7.07398 1.98338
    endloop
  endfacet
  facet normal 0.466225 -0.466215 -0.75185
    outer loop
      vertex 16.8322 -6.97214 1.76777
      vertex 14.1521 -10 1.98338
      vertex 13.8044 -10 1.76777
    endloop
  endfacet
  facet normal -0.227263 0.227267 -0.946943
    outer loop
      vertex 19.5567 -8.10065 2.3097
      vertex 22.095 -5.12444 2.41481
      vertex 22.314 -5.3434 2.3097
    endloop
  endfacet
  facet normal -0.227264 0.227268 -0.946943
    outer loop
      vertex 22.095 -5.12444 2.41481
      vertex 19.5567 -8.10065 2.3097
      vertex 19.247 -7.97239 2.41481
    endloop
  endfacet
  facet normal -0.227269 0.227294 -0.946935
    outer loop
      vertex 17.953 -9.26648 2.41481
      vertex 17.6491 -10 2.31168
      vertex 17.2194 -10 2.41481
    endloop
  endfacet
  facet normal -0.693521 0.693527 -0.195062
    outer loop
      vertex 23.3901 -6.41955 0.326315
      vertex 21.0148 -8.70462 0.647047
      vertex 23.345 -6.37444 0.647047
    endloop
  endfacet
  facet normal -0.693518 0.693518 -0.195104
    outer loop
      vertex 21.0148 -8.70462 0.647047
      vertex 23.3901 -6.41955 0.326315
      vertex 21.0786 -8.73105 0.326315
    endloop
  endfacet
  facet normal 0.705588 -0.705588 -0.0655174
    outer loop
      vertex 12.7688 -10 0
      vertex 16.1214 -6.6777 0.326315
      vertex 12.7991 -10 0.326315
    endloop
  endfacet
  facet normal 0.705587 -0.705596 -0.0654311
    outer loop
      vertex 16.1214 -6.6777 0.326315
      vertex 12.7688 -10 0
      vertex 16.1 -6.66884 0
    endloop
  endfacet
  facet normal 0.137953 -0.137953 -0.980784
    outer loop
      vertex 21.4067 -4.43616 2.47861
      vertex 19.247 -6.14226 2.41481
      vertex 21.1799 -4.20937 2.41481
    endloop
  endfacet
  facet normal 0.137946 -0.137945 -0.980786
    outer loop
      vertex 19.247 -6.14226 2.41481
      vertex 21.4067 -4.43616 2.47861
      vertex 18.9263 -6.91658 2.47861
    endloop
  endfacet
  facet normal 0.137964 -0.137965 -0.980781
    outer loop
      vertex 15.8429 -10 2.47861
      vertex 17.953 -7.43636 2.41481
      vertex 18.2737 -7.56921 2.47861
    endloop
  endfacet
  facet normal 0.13795 -0.137953 -0.980785
    outer loop
      vertex 17.953 -7.43636 2.41481
      vertex 15.8429 -10 2.47861
      vertex 15.3893 -10 2.41481
    endloop
  endfacet
  facet normal -0.312742 0.312748 -0.896873
    outer loop
      vertex 19.85 -8.22214 2.16506
      vertex 22.314 -5.3434 2.3097
      vertex 22.5214 -5.55079 2.16506
    endloop
  endfacet
  facet normal -0.312744 0.312749 -0.896872
    outer loop
      vertex 22.314 -5.3434 2.3097
      vertex 19.85 -8.22214 2.16506
      vertex 19.5567 -8.10065 2.3097
    endloop
  endfacet
  facet normal 0.705587 -0.705596 0.0654311
    outer loop
      vertex 12.7688 -10 0
      vertex 16.1214 -6.6777 -0.326315
      vertex 16.1 -6.66884 0
    endloop
  endfacet
  facet normal 0.705588 -0.705588 0.0655174
    outer loop
      vertex 16.1214 -6.6777 -0.326315
      vertex 12.7688 -10 0
      vertex 12.7991 -10 -0.326315
    endloop
  endfacet
  facet normal -0.634169 0.634159 -0.442348
    outer loop
      vertex 23.2707 -6.30011 0.956708
      vertex 20.7651 -8.60117 1.25
      vertex 23.1684 -6.19783 1.25
    endloop
  endfacet
  facet normal -0.634203 0.634211 -0.442226
    outer loop
      vertex 20.7651 -8.60117 1.25
      vertex 23.2707 -6.30011 0.956708
      vertex 20.9097 -8.66108 0.956708
    endloop
  endfacet
  facet normal 0.0462458 -0.0462454 0.997859
    outer loop
      vertex 18.9263 -6.91658 -2.47861
      vertex 21.6375 -4.6669 -2.5
      vertex 21.4067 -4.43616 -2.47861
    endloop
  endfacet
  facet normal 0.0462498 -0.0462503 0.997859
    outer loop
      vertex 21.6375 -4.6669 -2.5
      vertex 18.9263 -6.91658 -2.47861
      vertex 18.6 -7.70437 -2.5
    endloop
  endfacet
  facet normal 0.0462538 -0.0462532 0.997858
    outer loop
      vertex 18.2737 -7.56921 -2.47861
      vertex 16.3044 -10 -2.5
      vertex 18.6 -7.70437 -2.5
    endloop
  endfacet
  facet normal 0.0462496 -0.0462498 0.997859
    outer loop
      vertex 16.3044 -10 -2.5
      vertex 18.2737 -7.56921 -2.47861
      vertex 15.8429 -10 -2.47861
    endloop
  endfacet
  facet normal 0.587962 -0.587956 0.555525
    outer loop
      vertex 13.4994 -10 -1.5219
      vertex 16.4349 -6.80757 -1.25
      vertex 13.2425 -10 -1.25
    endloop
  endfacet
  facet normal 0.587915 -0.587921 0.555613
    outer loop
      vertex 16.4349 -6.80757 -1.25
      vertex 13.4994 -10 -1.5219
      vertex 16.6166 -6.88283 -1.5219
    endloop
  endfacet
  facet normal -0.706407 -0.707805 0.00132385
    outer loop
      vertex 20.5613 -3.59076 -1.98338
      vertex 20.7536 -3.78302 -2.16506
      vertex 20.3875 -3.4169 -1.76777
    endloop
  endfacet
  facet normal 0.312744 -0.312747 0.896873
    outer loop
      vertex 19.85 -4.68661 -2.16506
      vertex 20.961 -3.99041 -2.3097
      vertex 20.7536 -3.78302 -2.16506
    endloop
  endfacet
  facet normal 0.31275 -0.312759 0.896866
    outer loop
      vertex 20.961 -3.99041 -2.3097
      vertex 19.85 -4.68661 -2.16506
      vertex 19.5567 -5.39467 -2.3097
    endloop
  endfacet
  facet normal 0.312752 -0.312751 0.896869
    outer loop
      vertex 17.35 -7.18661 -2.16506
      vertex 14.9514 -10 -2.3097
      vertex 17.6433 -7.30809 -2.3097
    endloop
  endfacet
  facet normal 0.312739 -0.31274 0.896877
    outer loop
      vertex 14.9514 -10 -2.3097
      vertex 17.35 -7.18661 -2.16506
      vertex 14.5366 -10 -2.16506
    endloop
  endfacet
  facet normal 0.669586 -0.66959 0.321408
    outer loop
      vertex 12.8893 -10 -0.647047
      vertex 16.2903 -6.74766 -0.956708
      vertex 16.1852 -6.70412 -0.647047
    endloop
  endfacet
  facet normal 0.669564 -0.669556 0.321526
    outer loop
      vertex 16.2903 -6.74766 -0.956708
      vertex 12.8893 -10 -0.647047
      vertex 13.038 -10 -0.956708
    endloop
  endfacet
  facet normal 0.227309 -0.227315 0.946921
    outer loop
      vertex 19.5567 -5.39467 -2.3097
      vertex 21.1799 -4.20937 -2.41481
      vertex 20.961 -3.99041 -2.3097
    endloop
  endfacet
  facet normal 0.227296 -0.227297 0.946928
    outer loop
      vertex 21.1799 -4.20937 -2.41481
      vertex 19.5567 -5.39467 -2.3097
      vertex 19.247 -6.14226 -2.41481
    endloop
  endfacet
  facet normal 0.227259 -0.227264 0.946945
    outer loop
      vertex 17.6433 -7.30809 -2.3097
      vertex 15.3893 -10 -2.41481
      vertex 17.953 -7.43636 -2.41481
    endloop
  endfacet
  facet normal 0.227293 -0.227293 0.94693
    outer loop
      vertex 15.3893 -10 -2.41481
      vertex 17.6433 -7.30809 -2.3097
      vertex 14.9514 -10 -2.3097
    endloop
  endfacet
  facet normal -0.707045 -0.707169 -8.67734e-05
    outer loop
      vertex 20.7651 -3.7945 1.25
      vertex 21.6375 -4.6669 2.5
      vertex 21.1799 -4.20937 2.41481
    endloop
  endfacet
  facet normal -0.707211 -0.707002 3.19924e-05
    outer loop
      vertex 20.7651 -3.7945 1.25
      vertex 21.1799 -4.20937 2.41481
      vertex 20.961 -3.99041 2.3097
    endloop
  endfacet
  facet normal -0.707164 -0.707049 8.03594e-05
    outer loop
      vertex 21.6375 -4.6669 2.5
      vertex 20.7651 -3.7945 1.25
      vertex 21.8682 -4.89764 2.47861
    endloop
  endfacet
  facet normal -0.707085 -0.707129 -1.48963e-05
    outer loop
      vertex 20.7651 -3.7945 1.25
      vertex 20.961 -3.99041 2.3097
      vertex 20.7536 -3.78302 2.16506
    endloop
  endfacet
  facet normal -0.70715 -0.707064 5.40892e-05
    outer loop
      vertex 20.9097 -3.93914 0.956708
      vertex 21.8682 -4.89764 2.47861
      vertex 20.7651 -3.7945 1.25
    endloop
  endfacet
  facet normal -0.707081 -0.707132 -3.22616e-05
    outer loop
      vertex 21.8682 -4.89764 2.47861
      vertex 20.9097 -3.93914 0.956708
      vertex 22.314 -5.3434 2.3097
    endloop
  endfacet
  facet normal -0.707134 -0.70708 1.43403e-05
    outer loop
      vertex 20.5834 -3.61282 1.5219
      vertex 20.7536 -3.78302 2.16506
      vertex 20.3875 -3.4169 1.76777
    endloop
  endfacet
  facet normal -0.707079 -0.707135 -1.47548e-05
    outer loop
      vertex 20.7651 -3.7945 1.25
      vertex 20.7536 -3.78302 2.16506
      vertex 20.5834 -3.61282 1.5219
    endloop
  endfacet
  facet normal -0.706368 -0.707843 0.00123259
    outer loop
      vertex 20.5834 -3.61282 1.5219
      vertex 20.3875 -3.4169 1.76777
      vertex 20.3793 -3.40874 1.75461
    endloop
  endfacet
  facet normal -0.707093 -0.707121 -8.40104e-06
    outer loop
      vertex 22.314 -5.3434 2.3097
      vertex 20.9097 -3.93914 0.956708
      vertex 22.5214 -5.55079 2.16506
    endloop
  endfacet
  facet normal -0.707149 -0.707064 0.000143164
    outer loop
      vertex 22.5214 -5.55079 2.16506
      vertex 20.9097 -3.93914 0.956708
      vertex 22.7136 -5.74305 1.98338
    endloop
  endfacet
  facet normal -0.707076 -0.707137 -0.00011456
    outer loop
      vertex 22.7136 -5.74305 1.98338
      vertex 20.9097 -3.93914 0.956708
      vertex 22.8875 -5.9169 1.76777
    endloop
  endfacet
  facet normal -0.707105 -0.707109 2.43058e-05
    outer loop
      vertex 21.0148 -4.04425 0.647047
      vertex 22.8875 -5.9169 1.76777
      vertex 20.9097 -3.93914 0.956708
    endloop
  endfacet
  facet normal -0.707144 -0.70707 0.000155372
    outer loop
      vertex 22.8875 -5.9169 1.76777
      vertex 21.0148 -4.04425 0.647047
      vertex 23.0399 -6.06937 1.5219
    endloop
  endfacet
  facet normal -0.707091 -0.707123 -8.913e-05
    outer loop
      vertex 23.0399 -6.06937 1.5219
      vertex 21.0148 -4.04425 0.647047
      vertex 23.1684 -6.19783 1.25
    endloop
  endfacet
  facet normal -0.707098 -0.707116 -4.18426e-05
    outer loop
      vertex 23.1684 -6.19783 1.25
      vertex 21.0148 -4.04425 0.647047
      vertex 23.2707 -6.30011 0.956708
    endloop
  endfacet
  facet normal -0.707101 -0.707113 2.42777e-06
    outer loop
      vertex 21.0786 -4.10805 0.326315
      vertex 23.2707 -6.30011 0.956708
      vertex 21.0148 -4.04425 0.647047
    endloop
  endfacet
  facet normal -0.707111 -0.707102 -2.22728e-05
    outer loop
      vertex 23.4052 -6.43467 0
      vertex 21.0786 -4.10805 0.326315
      vertex 21.1 -4.12944 0
    endloop
  endfacet
  facet normal -0.707107 -0.707107 4.43665e-05
    outer loop
      vertex 21.0786 -4.10805 0.326315
      vertex 23.4052 -6.43467 0
      vertex 23.2707 -6.30011 0.956708
    endloop
  endfacet
  facet normal -0.707111 -0.707102 2.22728e-05
    outer loop
      vertex 21.0786 -4.10805 -0.326315
      vertex 23.4052 -6.43467 0
      vertex 21.1 -4.12944 0
    endloop
  endfacet
  facet normal -0.707101 -0.707113 -2.42777e-06
    outer loop
      vertex 23.2707 -6.30011 -0.956708
      vertex 21.0786 -4.10805 -0.326315
      vertex 21.0148 -4.04425 -0.647047
    endloop
  endfacet
  facet normal -0.707105 -0.707109 -2.43058e-05
    outer loop
      vertex 22.8875 -5.9169 -1.76777
      vertex 21.0148 -4.04425 -0.647047
      vertex 20.9097 -3.93914 -0.956708
    endloop
  endfacet
  facet normal -0.707107 -0.707107 -4.43665e-05
    outer loop
      vertex 21.0786 -4.10805 -0.326315
      vertex 23.2707 -6.30011 -0.956708
      vertex 23.4052 -6.43467 0
    endloop
  endfacet
  facet normal -0.70715 -0.707064 -5.40892e-05
    outer loop
      vertex 21.8682 -4.89764 -2.47861
      vertex 20.9097 -3.93914 -0.956708
      vertex 20.7651 -3.7945 -1.25
    endloop
  endfacet
  facet normal -0.707098 -0.707116 4.18426e-05
    outer loop
      vertex 21.0148 -4.04425 -0.647047
      vertex 23.1684 -6.19783 -1.25
      vertex 23.2707 -6.30011 -0.956708
    endloop
  endfacet
  facet normal -0.707079 -0.707135 1.47548e-05
    outer loop
      vertex 20.7536 -3.78302 -2.16506
      vertex 20.7651 -3.7945 -1.25
      vertex 20.5834 -3.61282 -1.5219
    endloop
  endfacet
  facet normal -0.707091 -0.707123 8.913e-05
    outer loop
      vertex 21.0148 -4.04425 -0.647047
      vertex 23.0399 -6.06937 -1.5219
      vertex 23.1684 -6.19783 -1.25
    endloop
  endfacet
  facet normal -0.706368 -0.707843 -0.00123259
    outer loop
      vertex 20.3875 -3.4169 -1.76777
      vertex 20.5834 -3.61282 -1.5219
      vertex 20.3793 -3.40874 -1.75461
    endloop
  endfacet
  facet normal -0.707134 -0.70708 -1.43403e-05
    outer loop
      vertex 20.7536 -3.78302 -2.16506
      vertex 20.5834 -3.61282 -1.5219
      vertex 20.3875 -3.4169 -1.76777
    endloop
  endfacet
  facet normal -0.707144 -0.70707 -0.000155372
    outer loop
      vertex 21.0148 -4.04425 -0.647047
      vertex 22.8875 -5.9169 -1.76777
      vertex 23.0399 -6.06937 -1.5219
    endloop
  endfacet
  facet normal -0.707076 -0.707137 0.00011456
    outer loop
      vertex 20.9097 -3.93914 -0.956708
      vertex 22.7136 -5.74305 -1.98338
      vertex 22.8875 -5.9169 -1.76777
    endloop
  endfacet
  facet normal -0.707085 -0.707129 1.48963e-05
    outer loop
      vertex 20.7651 -3.7945 -1.25
      vertex 20.7536 -3.78302 -2.16506
      vertex 20.961 -3.99041 -2.3097
    endloop
  endfacet
  facet normal -0.707149 -0.707064 -0.000143164
    outer loop
      vertex 20.9097 -3.93914 -0.956708
      vertex 22.5214 -5.55079 -2.16506
      vertex 22.7136 -5.74305 -1.98338
    endloop
  endfacet
  facet normal -0.707211 -0.707002 -3.19924e-05
    outer loop
      vertex 20.7651 -3.7945 -1.25
      vertex 20.961 -3.99041 -2.3097
      vertex 21.1799 -4.20937 -2.41481
    endloop
  endfacet
  facet normal -0.707093 -0.707121 8.40104e-06
    outer loop
      vertex 20.9097 -3.93914 -0.956708
      vertex 22.314 -5.3434 -2.3097
      vertex 22.5214 -5.55079 -2.16506
    endloop
  endfacet
  facet normal -0.707045 -0.707169 8.67734e-05
    outer loop
      vertex 20.7651 -3.7945 -1.25
      vertex 21.1799 -4.20937 -2.41481
      vertex 21.6375 -4.6669 -2.5
    endloop
  endfacet
  facet normal -0.707081 -0.707132 3.22616e-05
    outer loop
      vertex 20.9097 -3.93914 -0.956708
      vertex 21.8682 -4.89764 -2.47861
      vertex 22.314 -5.3434 -2.3097
    endloop
  endfacet
  facet normal -0.707164 -0.707049 -8.03594e-05
    outer loop
      vertex 20.7651 -3.7945 -1.25
      vertex 21.6375 -4.6669 -2.5
      vertex 21.8682 -4.89764 -2.47861
    endloop
  endfacet
  facet normal 0.693521 -0.693521 0.195083
    outer loop
      vertex 12.7991 -10 -0.326315
      vertex 16.1852 -6.70412 -0.647047
      vertex 16.1214 -6.6777 -0.326315
    endloop
  endfacet
  facet normal 0.693525 -0.693529 0.195041
    outer loop
      vertex 16.1852 -6.70412 -0.647047
      vertex 12.7991 -10 -0.326315
      vertex 12.8893 -10 -0.647047
    endloop
  endfacet
  facet normal 0.63421 -0.634202 0.442228
    outer loop
      vertex 13.038 -10 -0.956708
      vertex 16.4349 -6.80757 -1.25
      vertex 16.2903 -6.74766 -0.956708
    endloop
  endfacet
  facet normal 0.634215 -0.634209 0.442211
    outer loop
      vertex 16.4349 -6.80757 -1.25
      vertex 13.038 -10 -0.956708
      vertex 13.2425 -10 -1.25
    endloop
  endfacet
  facet normal 0.980785 -0 0.195093
    outer loop
      vertex 29.9437 -10 8.02339
      vertex 30.7348 10 4.04631
      vertex 29.9437 10 8.02339
    endloop
  endfacet
  facet normal 0.980785 0 0.195093
    outer loop
      vertex 30.7348 10 4.04631
      vertex 29.9437 -10 8.02339
      vertex 30.7348 -10 4.04631
    endloop
  endfacet
  facet normal 0.997859 -0 0.0654009
    outer loop
      vertex 30.7348 -10 4.04631
      vertex 31 10 0
      vertex 30.7348 10 4.04631
    endloop
  endfacet
  facet normal 0.997859 0 0.0654009
    outer loop
      vertex 31 10 0
      vertex 30.7348 -10 4.04631
      vertex 31 -10 0
    endloop
  endfacet
  facet normal 0.946933 -0 0.321431
    outer loop
      vertex 28.6403 -10 11.8632
      vertex 29.9437 10 8.02339
      vertex 28.6403 10 11.8632
    endloop
  endfacet
  facet normal 0.946933 0 0.321431
    outer loop
      vertex 29.9437 10 8.02339
      vertex 28.6403 -10 11.8632
      vertex 29.9437 -10 8.02339
    endloop
  endfacet
  facet normal 0.751832 0 -0.659354
    outer loop
      vertex 24.594 -10 -18.8716
      vertex 21.9203 10 -21.9203
      vertex 24.594 10 -18.8716
    endloop
  endfacet
  facet normal 0.751832 0 -0.659354
    outer loop
      vertex 21.9203 10 -21.9203
      vertex 24.594 -10 -18.8716
      vertex 21.9203 -10 -21.9203
    endloop
  endfacet
  facet normal 0.89687 0 -0.442294
    outer loop
      vertex 28.6403 -10 -11.8632
      vertex 26.8468 10 -15.5
      vertex 28.6403 10 -11.8632
    endloop
  endfacet
  facet normal 0.89687 0 -0.442294
    outer loop
      vertex 26.8468 10 -15.5
      vertex 28.6403 -10 -11.8632
      vertex 26.8468 -10 -15.5
    endloop
  endfacet
  facet normal 0 -1 0
    outer loop
      vertex 18.2737 -10 2.47861
      vertex 24.594 -10 18.8716
      vertex 16.7659 -10 2.47861
    endloop
  endfacet
  facet normal 0 -1 0
    outer loop
      vertex 24.594 -10 18.8716
      vertex 18.2737 -10 2.47861
      vertex 18.6 -10 2.5
    endloop
  endfacet
  facet normal 0 -1 0
    outer loop
      vertex 17.2194 -10 2.41481
      vertex 18.2737 -10 2.47861
      vertex 16.7659 -10 2.47861
    endloop
  endfacet
  facet normal 0 -1 0
    outer loop
      vertex 17.2194 -10 2.41481
      vertex 17.953 -10 2.41481
      vertex 18.2737 -10 2.47861
    endloop
  endfacet
  facet normal -0 -1 0
    outer loop
      vertex 17.953 -10 2.41481
      vertex 17.2194 -10 2.41481
      vertex 17.6491 -10 2.31168
    endloop
  endfacet
  facet normal 0 -1 0
    outer loop
      vertex 24.594 -10 18.8716
      vertex 15.8429 -10 2.47861
      vertex 16.3044 -10 2.5
    endloop
  endfacet
  facet normal 0 -1 0
    outer loop
      vertex 13.8044 -10 1.76777
      vertex 2.82843 -10 2.82843
      vertex 3.17341 -10 2.43505
    endloop
  endfacet
  facet normal 0 -1 0
    outer loop
      vertex 2.43505 -10 3.17341
      vertex 15.3893 -10 2.41481
      vertex 15.8429 -10 2.47861
    endloop
  endfacet
  facet normal 0 -1 0
    outer loop
      vertex 2.43505 -10 3.17341
      vertex 14.9514 -10 2.3097
      vertex 15.3893 -10 2.41481
    endloop
  endfacet
  facet normal 0 -1 0
    outer loop
      vertex 2.43505 -10 3.17341
      vertex 14.5366 -10 2.16506
      vertex 14.9514 -10 2.3097
    endloop
  endfacet
  facet normal 0 -1 0
    outer loop
      vertex 13.4994 -10 1.5219
      vertex 3.17341 -10 2.43505
      vertex 3.4641 -10 2
    endloop
  endfacet
  facet normal 0 -1 0
    outer loop
      vertex 2.43505 -10 3.17341
      vertex 14.1521 -10 1.98338
      vertex 14.5366 -10 2.16506
    endloop
  endfacet
  facet normal 0 -1 0
    outer loop
      vertex 2.82843 -10 2.82843
      vertex 13.8044 -10 1.76777
      vertex 14.1521 -10 1.98338
    endloop
  endfacet
  facet normal 0 -1 0
    outer loop
      vertex 13.038 -10 0.956708
      vertex 3.4641 -10 2
      vertex 3.69552 -10 1.53073
    endloop
  endfacet
  facet normal 0 -1 0
    outer loop
      vertex 3.17341 -10 2.43505
      vertex 13.4994 -10 1.5219
      vertex 13.8044 -10 1.76777
    endloop
  endfacet
  facet normal 0 -1 0
    outer loop
      vertex 3.4641 -10 2
      vertex 13.2425 -10 1.25
      vertex 13.4994 -10 1.5219
    endloop
  endfacet
  facet normal 0 -1 0
    outer loop
      vertex 12.8893 -10 0.647047
      vertex 3.69552 -10 1.53073
      vertex 3.8637 -10 1.03528
    endloop
  endfacet
  facet normal 0 -1 0
    outer loop
      vertex 3.4641 -10 2
      vertex 13.038 -10 0.956708
      vertex 13.2425 -10 1.25
    endloop
  endfacet
  facet normal 0 -1 0
    outer loop
      vertex 3.69552 -10 1.53073
      vertex 12.8893 -10 0.647047
      vertex 13.038 -10 0.956708
    endloop
  endfacet
  facet normal 0 -1 0
    outer loop
      vertex 12.7991 -10 0.326315
      vertex 3.8637 -10 1.03528
      vertex 3.96578 -10 0.522104
    endloop
  endfacet
  facet normal 0 -1 0
    outer loop
      vertex 3.8637 -10 1.03528
      vertex 12.7991 -10 0.326315
      vertex 12.8893 -10 0.647047
    endloop
  endfacet
  facet normal 0 -1 0
    outer loop
      vertex 4 -10 0
      vertex 12.7991 -10 0.326315
      vertex 3.96578 -10 0.522104
    endloop
  endfacet
  facet normal 0 -1 0
    outer loop
      vertex 4 -10 0
      vertex 12.7688 -10 0
      vertex 12.7991 -10 0.326315
    endloop
  endfacet
  facet normal 0 -1 0
    outer loop
      vertex 4 -10 0
      vertex 12.7991 -10 -0.326315
      vertex 12.7688 -10 0
    endloop
  endfacet
  facet normal 0 -1 0
    outer loop
      vertex 3.96578 -10 -0.522104
      vertex 12.7991 -10 -0.326315
      vertex 4 -10 0
    endloop
  endfacet
  facet normal 0 -1 0
    outer loop
      vertex 3.8637 -10 -1.03528
      vertex 12.7991 -10 -0.326315
      vertex 3.96578 -10 -0.522104
    endloop
  endfacet
  facet normal 0 -1 -0
    outer loop
      vertex 12.7991 -10 -0.326315
      vertex 3.8637 -10 -1.03528
      vertex 12.8893 -10 -0.647047
    endloop
  endfacet
  facet normal 0 -1 0
    outer loop
      vertex 3.69552 -10 -1.53073
      vertex 12.8893 -10 -0.647047
      vertex 3.8637 -10 -1.03528
    endloop
  endfacet
  facet normal 0 -1 -0
    outer loop
      vertex 12.8893 -10 -0.647047
      vertex 3.69552 -10 -1.53073
      vertex 13.038 -10 -0.956708
    endloop
  endfacet
  facet normal 0 -1 0
    outer loop
      vertex 3.4641 -10 -2
      vertex 13.038 -10 -0.956708
      vertex 3.69552 -10 -1.53073
    endloop
  endfacet
  facet normal 0 -1 -0
    outer loop
      vertex 13.038 -10 -0.956708
      vertex 3.4641 -10 -2
      vertex 13.2425 -10 -1.25
    endloop
  endfacet
  facet normal 0 -1 -0
    outer loop
      vertex 13.2425 -10 -1.25
      vertex 3.4641 -10 -2
      vertex 13.4994 -10 -1.5219
    endloop
  endfacet
  facet normal 0 -1 0
    outer loop
      vertex 3.17341 -10 -2.43505
      vertex 13.4994 -10 -1.5219
      vertex 3.4641 -10 -2
    endloop
  endfacet
  facet normal 0 -1 -0
    outer loop
      vertex 13.4994 -10 -1.5219
      vertex 3.17341 -10 -2.43505
      vertex 13.8044 -10 -1.76777
    endloop
  endfacet
  facet normal 0 -1 0
    outer loop
      vertex 2.82843 -10 -2.82843
      vertex 13.8044 -10 -1.76777
      vertex 3.17341 -10 -2.43505
    endloop
  endfacet
  facet normal 0 -1 -0
    outer loop
      vertex 13.8044 -10 -1.76777
      vertex 2.82843 -10 -2.82843
      vertex 14.1521 -10 -1.98338
    endloop
  endfacet
  facet normal 0 -1 0
    outer loop
      vertex 2.43505 -10 -3.17341
      vertex 14.1521 -10 -1.98338
      vertex 2.82843 -10 -2.82843
    endloop
  endfacet
  facet normal 0 -1 -0
    outer loop
      vertex 14.1521 -10 -1.98338
      vertex 2.43505 -10 -3.17341
      vertex 14.5366 -10 -2.16506
    endloop
  endfacet
  facet normal 0 -1 0
    outer loop
      vertex 2 -10 -3.4641
      vertex 14.5366 -10 -2.16506
      vertex 2.43505 -10 -3.17341
    endloop
  endfacet
  facet normal 0 -1 0
    outer loop
      vertex 15.5 -10 -26.8468
      vertex 14.5366 -10 -2.16506
      vertex 2 -10 -3.4641
    endloop
  endfacet
  facet normal -0 -1 0
    outer loop
      vertex 21.9203 -10 -21.9203
      vertex 15.3893 -10 -2.41481
      vertex 18.8716 -10 -24.594
    endloop
  endfacet
  facet normal -0 -1 0
    outer loop
      vertex 18.8716 -10 -24.594
      vertex 14.5366 -10 -2.16506
      vertex 15.5 -10 -26.8468
    endloop
  endfacet
  facet normal 0 -1 0
    outer loop
      vertex -16.7659 -10 2.47861
      vertex -24.594 -10 18.8716
      vertex -18.2737 -10 2.47861
    endloop
  endfacet
  facet normal 0 -1 0
    outer loop
      vertex -24.594 -10 18.8716
      vertex -16.7659 -10 2.47861
      vertex -16.3044 -10 2.5
    endloop
  endfacet
  facet normal 0 -1 0
    outer loop
      vertex -17.2194 -10 2.41481
      vertex -18.2737 -10 2.47861
      vertex -17.953 -10 2.41481
    endloop
  endfacet
  facet normal 0 -1 0
    outer loop
      vertex -18.2737 -10 2.47861
      vertex -17.2194 -10 2.41481
      vertex -16.7659 -10 2.47861
    endloop
  endfacet
  facet normal -0 -1 0
    outer loop
      vertex -17.2194 -10 2.41481
      vertex -17.953 -10 2.41481
      vertex -17.6491 -10 2.31168
    endloop
  endfacet
  facet normal 0 -1 0
    outer loop
      vertex 0 -10 4
      vertex 0 -10 31
      vertex -4.04631 -10 30.7348
    endloop
  endfacet
  facet normal 0 -1 0
    outer loop
      vertex -0.522104 -10 3.96578
      vertex -4.04631 -10 30.7348
      vertex -8.02339 -10 29.9437
    endloop
  endfacet
  facet normal 0 -1 0
    outer loop
      vertex 0 -10 31
      vertex 0 -10 4
      vertex 4.04631 -10 30.7348
    endloop
  endfacet
  facet normal 0 -1 0
    outer loop
      vertex -1.03528 -10 3.8637
      vertex -8.02339 -10 29.9437
      vertex -11.8632 -10 28.6403
    endloop
  endfacet
  facet normal 0 -1 0
    outer loop
      vertex 0.522104 -10 3.96578
      vertex 4.04631 -10 30.7348
      vertex 0 -10 4
    endloop
  endfacet
  facet normal 0 -1 0
    outer loop
      vertex -1.53073 -10 3.69552
      vertex -11.8632 -10 28.6403
      vertex -15.5 -10 26.8468
    endloop
  endfacet
  facet normal 0 -1 -0
    outer loop
      vertex 4.04631 -10 30.7348
      vertex 0.522104 -10 3.96578
      vertex 8.02339 -10 29.9437
    endloop
  endfacet
  facet normal 0 -1 0
    outer loop
      vertex -14.5366 -10 2.16506
      vertex -15.5 -10 26.8468
      vertex -18.8716 -10 24.594
    endloop
  endfacet
  facet normal 0 -1 0
    outer loop
      vertex 1.03528 -10 3.8637
      vertex 8.02339 -10 29.9437
      vertex 0.522104 -10 3.96578
    endloop
  endfacet
  facet normal 0 -1 0
    outer loop
      vertex -15.3893 -10 2.41481
      vertex -18.8716 -10 24.594
      vertex -21.9203 -10 21.9203
    endloop
  endfacet
  facet normal 0 -1 -0
    outer loop
      vertex 8.02339 -10 29.9437
      vertex 1.03528 -10 3.8637
      vertex 11.8632 -10 28.6403
    endloop
  endfacet
  facet normal 0 -1 0
    outer loop
      vertex -15.8429 -10 2.47861
      vertex -21.9203 -10 21.9203
      vertex -24.594 -10 18.8716
    endloop
  endfacet
  facet normal 0 -1 0
    outer loop
      vertex 1.53073 -10 3.69552
      vertex 11.8632 -10 28.6403
      vertex 1.03528 -10 3.8637
    endloop
  endfacet
  facet normal 0 -1 0
    outer loop
      vertex -18.6 -10 2.5
      vertex -24.594 -10 18.8716
      vertex -26.8468 -10 15.5
    endloop
  endfacet
  facet normal 0 -1 -0
    outer loop
      vertex 11.8632 -10 28.6403
      vertex 1.53073 -10 3.69552
      vertex 15.5 -10 26.8468
    endloop
  endfacet
  facet normal 0 -1 0
    outer loop
      vertex -19.247 -10 2.41481
      vertex -26.8468 -10 15.5
      vertex -28.6403 -10 11.8632
    endloop
  endfacet
  facet normal 0 -1 0
    outer loop
      vertex 2 -10 3.4641
      vertex 15.5 -10 26.8468
      vertex 1.53073 -10 3.69552
    endloop
  endfacet
  facet normal 0 -1 0
    outer loop
      vertex -19.85 -10 2.16506
      vertex -28.6403 -10 11.8632
      vertex -29.9437 -10 8.02339
    endloop
  endfacet
  facet normal 0 -1 -0
    outer loop
      vertex 15.5 -10 26.8468
      vertex 2 -10 3.4641
      vertex 18.8716 -10 24.594
    endloop
  endfacet
  facet normal 0 -1 0
    outer loop
      vertex -20.5834 -10 1.5219
      vertex -29.9437 -10 8.02339
      vertex -30.7348 -10 4.04631
    endloop
  endfacet
  facet normal 0 -1 0
    outer loop
      vertex 2.43505 -10 3.17341
      vertex 18.8716 -10 24.594
      vertex 2 -10 3.4641
    endloop
  endfacet
  facet normal 0 -1 0
    outer loop
      vertex 15.8429 -10 2.47861
      vertex 21.9203 -10 21.9203
      vertex 18.8716 -10 24.594
    endloop
  endfacet
  facet normal 0 -1 0
    outer loop
      vertex -4.04631 -10 30.7348
      vertex -0.522104 -10 3.96578
      vertex 0 -10 4
    endloop
  endfacet
  facet normal 0 -1 0
    outer loop
      vertex -8.02339 -10 29.9437
      vertex -1.03528 -10 3.8637
      vertex -0.522104 -10 3.96578
    endloop
  endfacet
  facet normal 0 -1 0
    outer loop
      vertex -24.594 -10 18.8716
      vertex -16.3044 -10 2.5
      vertex -15.8429 -10 2.47861
    endloop
  endfacet
  facet normal 0 -1 0
    outer loop
      vertex -21.9203 -10 21.9203
      vertex -15.8429 -10 2.47861
      vertex -15.3893 -10 2.41481
    endloop
  endfacet
  facet normal 0 -1 0
    outer loop
      vertex -11.8632 -10 28.6403
      vertex -1.53073 -10 3.69552
      vertex -1.03528 -10 3.8637
    endloop
  endfacet
  facet normal 0 -1 0
    outer loop
      vertex -18.8716 -10 24.594
      vertex -15.3893 -10 2.41481
      vertex -14.9514 -10 2.3097
    endloop
  endfacet
  facet normal 0 -1 0
    outer loop
      vertex -18.2737 -10 2.47861
      vertex -24.594 -10 18.8716
      vertex -18.6 -10 2.5
    endloop
  endfacet
  facet normal 0 -1 0
    outer loop
      vertex -26.8468 -10 15.5
      vertex -18.9263 -10 2.47861
      vertex -18.6 -10 2.5
    endloop
  endfacet
  facet normal 0 -1 0
    outer loop
      vertex -26.8468 -10 15.5
      vertex -19.247 -10 2.41481
      vertex -18.9263 -10 2.47861
    endloop
  endfacet
  facet normal 0 -1 0
    outer loop
      vertex -28.6403 -10 11.8632
      vertex -19.5567 -10 2.3097
      vertex -19.247 -10 2.41481
    endloop
  endfacet
  facet normal 0 -1 0
    outer loop
      vertex -28.6403 -10 11.8632
      vertex -19.85 -10 2.16506
      vertex -19.5567 -10 2.3097
    endloop
  endfacet
  facet normal 0 -1 0
    outer loop
      vertex -29.9437 -10 8.02339
      vertex -20.1219 -10 1.98338
      vertex -19.85 -10 2.16506
    endloop
  endfacet
  facet normal 0 -1 0
    outer loop
      vertex -29.9437 -10 8.02339
      vertex -20.3678 -10 1.76777
      vertex -20.1219 -10 1.98338
    endloop
  endfacet
  facet normal 0 -1 0
    outer loop
      vertex -29.9437 -10 8.02339
      vertex -20.5834 -10 1.5219
      vertex -20.3678 -10 1.76777
    endloop
  endfacet
  facet normal 0 -1 0
    outer loop
      vertex -30.7348 -10 4.04631
      vertex -20.7651 -10 1.25
      vertex -20.5834 -10 1.5219
    endloop
  endfacet
  facet normal 0 -1 0
    outer loop
      vertex -30.7348 -10 4.04631
      vertex -20.9097 -10 0.956708
      vertex -20.7651 -10 1.25
    endloop
  endfacet
  facet normal 0 -1 0
    outer loop
      vertex -30.7348 -10 4.04631
      vertex -21.0148 -10 0.647047
      vertex -20.9097 -10 0.956708
    endloop
  endfacet
  facet normal 0 -1 0
    outer loop
      vertex -31 -10 0
      vertex -21.0148 -10 0.647047
      vertex -30.7348 -10 4.04631
    endloop
  endfacet
  facet normal 0 -1 0
    outer loop
      vertex -21.0148 -10 0.647047
      vertex -31 -10 0
      vertex -21.0786 -10 0.326315
    endloop
  endfacet
  facet normal 0 -1 0
    outer loop
      vertex -31 -10 0
      vertex -21.1 -10 0
      vertex -21.0786 -10 0.326315
    endloop
  endfacet
  facet normal 0 -1 0
    outer loop
      vertex -31 -10 0
      vertex -21.0786 -10 -0.326315
      vertex -21.1 -10 0
    endloop
  endfacet
  facet normal 0 -1 0
    outer loop
      vertex -31 -10 0
      vertex -21.0148 -10 -0.647047
      vertex -21.0786 -10 -0.326315
    endloop
  endfacet
  facet normal 0 -1 0
    outer loop
      vertex -30.7348 -10 -4.04631
      vertex -21.0148 -10 -0.647047
      vertex -31 -10 0
    endloop
  endfacet
  facet normal 0 -1 -0
    outer loop
      vertex -21.0148 -10 -0.647047
      vertex -30.7348 -10 -4.04631
      vertex -20.9097 -10 -0.956708
    endloop
  endfacet
  facet normal 0 -1 -0
    outer loop
      vertex -20.9097 -10 -0.956708
      vertex -30.7348 -10 -4.04631
      vertex -20.7651 -10 -1.25
    endloop
  endfacet
  facet normal 0 -1 -0
    outer loop
      vertex -20.7651 -10 -1.25
      vertex -30.7348 -10 -4.04631
      vertex -20.5834 -10 -1.5219
    endloop
  endfacet
  facet normal 0 -1 0
    outer loop
      vertex -29.9437 -10 -8.02339
      vertex -20.5834 -10 -1.5219
      vertex -30.7348 -10 -4.04631
    endloop
  endfacet
  facet normal 0 -1 -0
    outer loop
      vertex -20.5834 -10 -1.5219
      vertex -29.9437 -10 -8.02339
      vertex -20.3678 -10 -1.76777
    endloop
  endfacet
  facet normal 0 -1 -0
    outer loop
      vertex -20.3678 -10 -1.76777
      vertex -29.9437 -10 -8.02339
      vertex -20.1219 -10 -1.98338
    endloop
  endfacet
  facet normal 0 -1 -0
    outer loop
      vertex -20.1219 -10 -1.98338
      vertex -29.9437 -10 -8.02339
      vertex -19.85 -10 -2.16506
    endloop
  endfacet
  facet normal 0 -1 -0
    outer loop
      vertex -16.7659 -10 -2.47861
      vertex -24.594 -10 -18.8716
      vertex -16.3044 -10 -2.5
    endloop
  endfacet
  facet normal 0 -1 0
    outer loop
      vertex -16.3044 -10 -2.5
      vertex -2.43505 -10 -3.17341
      vertex -2.82843 -10 -2.82843
    endloop
  endfacet
  facet normal 0 -1 -0
    outer loop
      vertex -16.3044 -10 -2.5
      vertex -18.8716 -10 -24.594
      vertex -2.43505 -10 -3.17341
    endloop
  endfacet
  facet normal 0 -1 -0
    outer loop
      vertex -2.43505 -10 -3.17341
      vertex -18.8716 -10 -24.594
      vertex -2 -10 -3.4641
    endloop
  endfacet
  facet normal 0 -1 0
    outer loop
      vertex -26.8468 -10 -15.5
      vertex -18.6 -10 -2.5
      vertex -18.9263 -10 -2.47861
    endloop
  endfacet
  facet normal 0 -1 0
    outer loop
      vertex -15.5 -10 -26.8468
      vertex -2 -10 -3.4641
      vertex -18.8716 -10 -24.594
    endloop
  endfacet
  facet normal 0 -1 -0
    outer loop
      vertex -2 -10 -3.4641
      vertex -15.5 -10 -26.8468
      vertex -1.53073 -10 -3.69552
    endloop
  endfacet
  facet normal 0 -1 0
    outer loop
      vertex -26.8468 -10 -15.5
      vertex -19.247 -10 -2.41481
      vertex -28.6403 -10 -11.8632
    endloop
  endfacet
  facet normal 0 -1 -0
    outer loop
      vertex -19.5567 -10 -2.3097
      vertex -28.6403 -10 -11.8632
      vertex -19.247 -10 -2.41481
    endloop
  endfacet
  facet normal 0 -1 -0
    outer loop
      vertex -19.85 -10 -2.16506
      vertex -28.6403 -10 -11.8632
      vertex -19.5567 -10 -2.3097
    endloop
  endfacet
  facet normal 0 -1 0
    outer loop
      vertex -28.6403 -10 -11.8632
      vertex -19.85 -10 -2.16506
      vertex -29.9437 -10 -8.02339
    endloop
  endfacet
  facet normal 0 -1 0
    outer loop
      vertex 15.8429 -10 2.47861
      vertex 24.594 -10 18.8716
      vertex 21.9203 -10 21.9203
    endloop
  endfacet
  facet normal 0 -1 0
    outer loop
      vertex 18.9263 -10 2.47861
      vertex 26.8468 -10 15.5
      vertex 18.6 -10 2.5
    endloop
  endfacet
  facet normal 0 -1 -0
    outer loop
      vertex 24.594 -10 18.8716
      vertex 18.6 -10 2.5
      vertex 26.8468 -10 15.5
    endloop
  endfacet
  facet normal 0 -1 0
    outer loop
      vertex 16.7659 -10 2.47861
      vertex 24.594 -10 18.8716
      vertex 16.3044 -10 2.5
    endloop
  endfacet
  facet normal 0 -1 0
    outer loop
      vertex 15.8429 -10 2.47861
      vertex 18.8716 -10 24.594
      vertex 2.43505 -10 3.17341
    endloop
  endfacet
  facet normal 0 -1 0
    outer loop
      vertex 14.1521 -10 1.98338
      vertex 2.43505 -10 3.17341
      vertex 2.82843 -10 2.82843
    endloop
  endfacet
  facet normal 0 -1 0
    outer loop
      vertex 19.247 -10 2.41481
      vertex 26.8468 -10 15.5
      vertex 18.9263 -10 2.47861
    endloop
  endfacet
  facet normal 0 -1 -0
    outer loop
      vertex 26.8468 -10 15.5
      vertex 19.247 -10 2.41481
      vertex 28.6403 -10 11.8632
    endloop
  endfacet
  facet normal 0 -1 0
    outer loop
      vertex 19.5567 -10 2.3097
      vertex 28.6403 -10 11.8632
      vertex 19.247 -10 2.41481
    endloop
  endfacet
  facet normal 0 -1 0
    outer loop
      vertex 19.85 -10 2.16506
      vertex 28.6403 -10 11.8632
      vertex 19.5567 -10 2.3097
    endloop
  endfacet
  facet normal 0 -1 -0
    outer loop
      vertex 28.6403 -10 11.8632
      vertex 19.85 -10 2.16506
      vertex 29.9437 -10 8.02339
    endloop
  endfacet
  facet normal 0 -1 0
    outer loop
      vertex 20.1219 -10 1.98338
      vertex 29.9437 -10 8.02339
      vertex 19.85 -10 2.16506
    endloop
  endfacet
  facet normal 0 -1 0
    outer loop
      vertex 20.3678 -10 1.76777
      vertex 29.9437 -10 8.02339
      vertex 20.1219 -10 1.98338
    endloop
  endfacet
  facet normal 0 -1 0
    outer loop
      vertex 20.5834 -10 1.5219
      vertex 29.9437 -10 8.02339
      vertex 20.3678 -10 1.76777
    endloop
  endfacet
  facet normal 0 -1 -0
    outer loop
      vertex 29.9437 -10 8.02339
      vertex 20.5834 -10 1.5219
      vertex 30.7348 -10 4.04631
    endloop
  endfacet
  facet normal 0 -1 0
    outer loop
      vertex 20.7651 -10 1.25
      vertex 30.7348 -10 4.04631
      vertex 20.5834 -10 1.5219
    endloop
  endfacet
  facet normal 0 -1 0
    outer loop
      vertex 20.9097 -10 0.956708
      vertex 30.7348 -10 4.04631
      vertex 20.7651 -10 1.25
    endloop
  endfacet
  facet normal 0 -1 0
    outer loop
      vertex 21.0148 -10 0.647047
      vertex 30.7348 -10 4.04631
      vertex 20.9097 -10 0.956708
    endloop
  endfacet
  facet normal 0 -1 0
    outer loop
      vertex 31 -10 0
      vertex 21.0148 -10 0.647047
      vertex 21.0786 -10 0.326315
    endloop
  endfacet
  facet normal 0 -1 0
    outer loop
      vertex 31 -10 0
      vertex 21.0786 -10 0.326315
      vertex 21.1 -10 0
    endloop
  endfacet
  facet normal 0 -1 0
    outer loop
      vertex 21.0148 -10 0.647047
      vertex 31 -10 0
      vertex 30.7348 -10 4.04631
    endloop
  endfacet
  facet normal 0 -1 0
    outer loop
      vertex 21.0786 -10 -0.326315
      vertex 31 -10 0
      vertex 21.1 -10 0
    endloop
  endfacet
  facet normal 0 -1 0
    outer loop
      vertex 21.0148 -10 -0.647047
      vertex 31 -10 0
      vertex 21.0786 -10 -0.326315
    endloop
  endfacet
  facet normal 0 -1 0
    outer loop
      vertex 30.7348 -10 -4.04631
      vertex 21.0148 -10 -0.647047
      vertex 20.9097 -10 -0.956708
    endloop
  endfacet
  facet normal 0 -1 0
    outer loop
      vertex 30.7348 -10 -4.04631
      vertex 20.9097 -10 -0.956708
      vertex 20.7651 -10 -1.25
    endloop
  endfacet
  facet normal 0 -1 0
    outer loop
      vertex 30.7348 -10 -4.04631
      vertex 20.7651 -10 -1.25
      vertex 20.5834 -10 -1.5219
    endloop
  endfacet
  facet normal 0 -1 0
    outer loop
      vertex 29.9437 -10 -8.02339
      vertex 20.5834 -10 -1.5219
      vertex 20.3678 -10 -1.76777
    endloop
  endfacet
  facet normal 0 -1 0
    outer loop
      vertex 29.9437 -10 -8.02339
      vertex 20.3678 -10 -1.76777
      vertex 20.1219 -10 -1.98338
    endloop
  endfacet
  facet normal 0 -1 0
    outer loop
      vertex 29.9437 -10 -8.02339
      vertex 20.1219 -10 -1.98338
      vertex 19.85 -10 -2.16506
    endloop
  endfacet
  facet normal 0 -1 0
    outer loop
      vertex 28.6403 -10 -11.8632
      vertex 19.85 -10 -2.16506
      vertex 19.5567 -10 -2.3097
    endloop
  endfacet
  facet normal 0 -1 0
    outer loop
      vertex 28.6403 -10 -11.8632
      vertex 19.5567 -10 -2.3097
      vertex 19.247 -10 -2.41481
    endloop
  endfacet
  facet normal 0 -1 0
    outer loop
      vertex 15.3893 -10 -2.41481
      vertex 21.9203 -10 -21.9203
      vertex 15.8429 -10 -2.47861
    endloop
  endfacet
  facet normal 0 -1 0
    outer loop
      vertex 14.5366 -10 -2.16506
      vertex 18.8716 -10 -24.594
      vertex 14.9514 -10 -2.3097
    endloop
  endfacet
  facet normal 0 -1 0
    outer loop
      vertex 15.5 -10 -26.8468
      vertex 2 -10 -3.4641
      vertex 1.53073 -10 -3.69552
    endloop
  endfacet
  facet normal -0 -1 0
    outer loop
      vertex 24.594 -10 -18.8716
      vertex 15.8429 -10 -2.47861
      vertex 21.9203 -10 -21.9203
    endloop
  endfacet
  facet normal 0 -1 0
    outer loop
      vertex 11.8632 -10 -28.6403
      vertex 1.53073 -10 -3.69552
      vertex 1.03528 -10 -3.8637
    endloop
  endfacet
  facet normal 0 -1 0
    outer loop
      vertex 8.02339 -10 -29.9437
      vertex 1.03528 -10 -3.8637
      vertex 0.522104 -10 -3.96578
    endloop
  endfacet
  facet normal 0 -1 0
    outer loop
      vertex 21.0148 -10 -0.647047
      vertex 30.7348 -10 -4.04631
      vertex 31 -10 0
    endloop
  endfacet
  facet normal 0 -1 0
    outer loop
      vertex 26.8468 -10 -15.5
      vertex 19.247 -10 -2.41481
      vertex 18.9263 -10 -2.47861
    endloop
  endfacet
  facet normal 0 -1 0
    outer loop
      vertex 15.8429 -10 -2.47861
      vertex 24.594 -10 -18.8716
      vertex 16.3044 -10 -2.5
    endloop
  endfacet
  facet normal 0 -1 0
    outer loop
      vertex 4.04631 -10 -30.7348
      vertex 0.522104 -10 -3.96578
      vertex 0 -10 -4
    endloop
  endfacet
  facet normal 0 -1 -0
    outer loop
      vertex -19.247 -10 -2.41481
      vertex -26.8468 -10 -15.5
      vertex -18.9263 -10 -2.47861
    endloop
  endfacet
  facet normal 0 -1 0
    outer loop
      vertex -18.6 -10 -2.5
      vertex -26.8468 -10 -15.5
      vertex -24.594 -10 -18.8716
    endloop
  endfacet
  facet normal 0 -1 0
    outer loop
      vertex 20.5834 -10 -1.5219
      vertex 29.9437 -10 -8.02339
      vertex 30.7348 -10 -4.04631
    endloop
  endfacet
  facet normal 0 -1 0
    outer loop
      vertex -16.3044 -10 -2.5
      vertex -24.594 -10 -18.8716
      vertex -21.9203 -10 -21.9203
    endloop
  endfacet
  facet normal 0 -1 0
    outer loop
      vertex 19.85 -10 -2.16506
      vertex 28.6403 -10 -11.8632
      vertex 29.9437 -10 -8.02339
    endloop
  endfacet
  facet normal 0 -1 0
    outer loop
      vertex -16.3044 -10 -2.5
      vertex -21.9203 -10 -21.9203
      vertex -18.8716 -10 -24.594
    endloop
  endfacet
  facet normal 0 -1 0
    outer loop
      vertex 19.247 -10 -2.41481
      vertex 26.8468 -10 -15.5
      vertex 28.6403 -10 -11.8632
    endloop
  endfacet
  facet normal 0 -1 0
    outer loop
      vertex -11.8632 -10 -28.6403
      vertex -1.53073 -10 -3.69552
      vertex -15.5 -10 -26.8468
    endloop
  endfacet
  facet normal 0 -1 0
    outer loop
      vertex 18.6 -10 -2.5
      vertex 26.8468 -10 -15.5
      vertex 18.9263 -10 -2.47861
    endloop
  endfacet
  facet normal 0 -1 -0
    outer loop
      vertex -1.53073 -10 -3.69552
      vertex -11.8632 -10 -28.6403
      vertex -1.03528 -10 -3.8637
    endloop
  endfacet
  facet normal -0 -1 0
    outer loop
      vertex 26.8468 -10 -15.5
      vertex 18.6 -10 -2.5
      vertex 24.594 -10 -18.8716
    endloop
  endfacet
  facet normal 0 -1 0
    outer loop
      vertex -8.02339 -10 -29.9437
      vertex -1.03528 -10 -3.8637
      vertex -11.8632 -10 -28.6403
    endloop
  endfacet
  facet normal 0 -1 0
    outer loop
      vertex 16.3044 -10 -2.5
      vertex 24.594 -10 -18.8716
      vertex 18.6 -10 -2.5
    endloop
  endfacet
  facet normal 0 -1 -0
    outer loop
      vertex -1.03528 -10 -3.8637
      vertex -8.02339 -10 -29.9437
      vertex -0.522104 -10 -3.96578
    endloop
  endfacet
  facet normal 0 -1 0
    outer loop
      vertex 14.9514 -10 -2.3097
      vertex 18.8716 -10 -24.594
      vertex 15.3893 -10 -2.41481
    endloop
  endfacet
  facet normal 0 -1 0
    outer loop
      vertex -4.04631 -10 -30.7348
      vertex -0.522104 -10 -3.96578
      vertex -8.02339 -10 -29.9437
    endloop
  endfacet
  facet normal 0 -1 0
    outer loop
      vertex 1.53073 -10 -3.69552
      vertex 11.8632 -10 -28.6403
      vertex 15.5 -10 -26.8468
    endloop
  endfacet
  facet normal 0 -1 -0
    outer loop
      vertex -0.522104 -10 -3.96578
      vertex -4.04631 -10 -30.7348
      vertex 0 -10 -4
    endloop
  endfacet
  facet normal 0 -1 0
    outer loop
      vertex 1.03528 -10 -3.8637
      vertex 8.02339 -10 -29.9437
      vertex 11.8632 -10 -28.6403
    endloop
  endfacet
  facet normal 0 -1 0
    outer loop
      vertex 0 -10 -31
      vertex 0 -10 -4
      vertex -4.04631 -10 -30.7348
    endloop
  endfacet
  facet normal 0 -1 0
    outer loop
      vertex 0.522104 -10 -3.96578
      vertex 4.04631 -10 -30.7348
      vertex 8.02339 -10 -29.9437
    endloop
  endfacet
  facet normal 0 -1 0
    outer loop
      vertex 0 -10 -4
      vertex 0 -10 -31
      vertex 4.04631 -10 -30.7348
    endloop
  endfacet
  facet normal 0 -1 0
    outer loop
      vertex -18.8716 -10 24.594
      vertex -14.9514 -10 2.3097
      vertex -14.5366 -10 2.16506
    endloop
  endfacet
  facet normal 0 -1 0
    outer loop
      vertex -15.5 -10 26.8468
      vertex -2 -10 3.4641
      vertex -1.53073 -10 3.69552
    endloop
  endfacet
  facet normal 0 -1 0
    outer loop
      vertex -15.5 -10 26.8468
      vertex -14.5366 -10 2.16506
      vertex -2 -10 3.4641
    endloop
  endfacet
  facet normal 0 -1 0
    outer loop
      vertex -2 -10 3.4641
      vertex -14.5366 -10 2.16506
      vertex -2.43505 -10 3.17341
    endloop
  endfacet
  facet normal 0 -1 0
    outer loop
      vertex -14.1521 -10 1.98338
      vertex -2.43505 -10 3.17341
      vertex -14.5366 -10 2.16506
    endloop
  endfacet
  facet normal 0 -1 0
    outer loop
      vertex -2.43505 -10 3.17341
      vertex -14.1521 -10 1.98338
      vertex -2.82843 -10 2.82843
    endloop
  endfacet
  facet normal 0 -1 0
    outer loop
      vertex -13.8044 -10 1.76777
      vertex -2.82843 -10 2.82843
      vertex -14.1521 -10 1.98338
    endloop
  endfacet
  facet normal 0 -1 0
    outer loop
      vertex -2.82843 -10 2.82843
      vertex -13.8044 -10 1.76777
      vertex -3.17341 -10 2.43505
    endloop
  endfacet
  facet normal 0 -1 0
    outer loop
      vertex -13.4994 -10 1.5219
      vertex -3.17341 -10 2.43505
      vertex -13.8044 -10 1.76777
    endloop
  endfacet
  facet normal 0 -1 0
    outer loop
      vertex -3.17341 -10 2.43505
      vertex -13.4994 -10 1.5219
      vertex -3.4641 -10 2
    endloop
  endfacet
  facet normal 0 -1 0
    outer loop
      vertex -13.2425 -10 1.25
      vertex -3.4641 -10 2
      vertex -13.4994 -10 1.5219
    endloop
  endfacet
  facet normal 0 -1 0
    outer loop
      vertex -13.038 -10 0.956708
      vertex -3.4641 -10 2
      vertex -13.2425 -10 1.25
    endloop
  endfacet
  facet normal 0 -1 0
    outer loop
      vertex -3.4641 -10 2
      vertex -13.038 -10 0.956708
      vertex -3.69552 -10 1.53073
    endloop
  endfacet
  facet normal 0 -1 0
    outer loop
      vertex -12.8893 -10 0.647047
      vertex -3.69552 -10 1.53073
      vertex -13.038 -10 0.956708
    endloop
  endfacet
  facet normal 0 -1 0
    outer loop
      vertex -3.69552 -10 1.53073
      vertex -12.8893 -10 0.647047
      vertex -3.8637 -10 1.03528
    endloop
  endfacet
  facet normal 0 -1 0
    outer loop
      vertex -12.7991 -10 0.326315
      vertex -3.8637 -10 1.03528
      vertex -12.8893 -10 0.647047
    endloop
  endfacet
  facet normal 0 -1 0
    outer loop
      vertex -3.8637 -10 1.03528
      vertex -12.7991 -10 0.326315
      vertex -3.96578 -10 0.522104
    endloop
  endfacet
  facet normal 0 -1 0
    outer loop
      vertex -12.7688 -10 0
      vertex -3.96578 -10 0.522104
      vertex -12.7991 -10 0.326315
    endloop
  endfacet
  facet normal 0 -1 0
    outer loop
      vertex -12.7688 -10 0
      vertex -4 -10 0
      vertex -3.96578 -10 0.522104
    endloop
  endfacet
  facet normal 0 -1 0
    outer loop
      vertex -12.7991 -10 -0.326315
      vertex -4 -10 0
      vertex -12.7688 -10 0
    endloop
  endfacet
  facet normal 0 -1 0
    outer loop
      vertex -12.7991 -10 -0.326315
      vertex -3.96578 -10 -0.522104
      vertex -4 -10 0
    endloop
  endfacet
  facet normal 0 -1 0
    outer loop
      vertex -3.8637 -10 -1.03528
      vertex -12.7991 -10 -0.326315
      vertex -12.8893 -10 -0.647047
    endloop
  endfacet
  facet normal 0 -1 0
    outer loop
      vertex -3.69552 -10 -1.53073
      vertex -12.8893 -10 -0.647047
      vertex -13.038 -10 -0.956708
    endloop
  endfacet
  facet normal 0 -1 0
    outer loop
      vertex -12.7991 -10 -0.326315
      vertex -3.8637 -10 -1.03528
      vertex -3.96578 -10 -0.522104
    endloop
  endfacet
  facet normal 0 -1 0
    outer loop
      vertex -3.4641 -10 -2
      vertex -13.038 -10 -0.956708
      vertex -13.2425 -10 -1.25
    endloop
  endfacet
  facet normal 0 -1 0
    outer loop
      vertex -3.4641 -10 -2
      vertex -13.2425 -10 -1.25
      vertex -13.4994 -10 -1.5219
    endloop
  endfacet
  facet normal 0 -1 0
    outer loop
      vertex -12.8893 -10 -0.647047
      vertex -3.69552 -10 -1.53073
      vertex -3.8637 -10 -1.03528
    endloop
  endfacet
  facet normal 0 -1 0
    outer loop
      vertex -3.17341 -10 -2.43505
      vertex -13.4994 -10 -1.5219
      vertex -13.8044 -10 -1.76777
    endloop
  endfacet
  facet normal 0 -1 0
    outer loop
      vertex -2.82843 -10 -2.82843
      vertex -13.8044 -10 -1.76777
      vertex -14.1521 -10 -1.98338
    endloop
  endfacet
  facet normal 0 -1 0
    outer loop
      vertex -13.038 -10 -0.956708
      vertex -3.4641 -10 -2
      vertex -3.69552 -10 -1.53073
    endloop
  endfacet
  facet normal 0 -1 0
    outer loop
      vertex -2.82843 -10 -2.82843
      vertex -14.1521 -10 -1.98338
      vertex -14.5366 -10 -2.16506
    endloop
  endfacet
  facet normal 0 -1 0
    outer loop
      vertex -2.82843 -10 -2.82843
      vertex -14.5366 -10 -2.16506
      vertex -14.9514 -10 -2.3097
    endloop
  endfacet
  facet normal 0 -1 0
    outer loop
      vertex -2.82843 -10 -2.82843
      vertex -14.9514 -10 -2.3097
      vertex -15.3893 -10 -2.41481
    endloop
  endfacet
  facet normal 0 -1 0
    outer loop
      vertex -13.4994 -10 -1.5219
      vertex -3.17341 -10 -2.43505
      vertex -3.4641 -10 -2
    endloop
  endfacet
  facet normal 0 -1 0
    outer loop
      vertex -2.82843 -10 -2.82843
      vertex -15.3893 -10 -2.41481
      vertex -15.8429 -10 -2.47861
    endloop
  endfacet
  facet normal 0 -1 0
    outer loop
      vertex -2.82843 -10 -2.82843
      vertex -15.8429 -10 -2.47861
      vertex -16.3044 -10 -2.5
    endloop
  endfacet
  facet normal 0 -1 0
    outer loop
      vertex -13.8044 -10 -1.76777
      vertex -2.82843 -10 -2.82843
      vertex -3.17341 -10 -2.43505
    endloop
  endfacet
  facet normal 0 -1 0
    outer loop
      vertex -17.953 -10 -2.41481
      vertex -17.2194 -10 -2.41481
      vertex -17.6491 -10 -2.31168
    endloop
  endfacet
  facet normal 0 -1 0
    outer loop
      vertex -18.2737 -10 -2.47861
      vertex -17.2194 -10 -2.41481
      vertex -17.953 -10 -2.41481
    endloop
  endfacet
  facet normal 0 -1 0
    outer loop
      vertex -18.2737 -10 -2.47861
      vertex -16.7659 -10 -2.47861
      vertex -17.2194 -10 -2.41481
    endloop
  endfacet
  facet normal 0 -1 0
    outer loop
      vertex -24.594 -10 -18.8716
      vertex -18.2737 -10 -2.47861
      vertex -18.6 -10 -2.5
    endloop
  endfacet
  facet normal 0 -1 -0
    outer loop
      vertex -18.2737 -10 -2.47861
      vertex -24.594 -10 -18.8716
      vertex -16.7659 -10 -2.47861
    endloop
  endfacet
  facet normal 0 -1 0
    outer loop
      vertex 17.2194 -10 -2.41481
      vertex 17.953 -10 -2.41481
      vertex 17.6491 -10 -2.31168
    endloop
  endfacet
  facet normal 0 -1 0
    outer loop
      vertex 18.2737 -10 -2.47861
      vertex 17.2194 -10 -2.41481
      vertex 16.7659 -10 -2.47861
    endloop
  endfacet
  facet normal 0 -1 0
    outer loop
      vertex 17.2194 -10 -2.41481
      vertex 18.2737 -10 -2.47861
      vertex 17.953 -10 -2.41481
    endloop
  endfacet
  facet normal 0 -1 0
    outer loop
      vertex 18.6 -10 -2.5
      vertex 16.7659 -10 -2.47861
      vertex 16.3044 -10 -2.5
    endloop
  endfacet
  facet normal 0 -1 0
    outer loop
      vertex 16.7659 -10 -2.47861
      vertex 18.6 -10 -2.5
      vertex 18.2737 -10 -2.47861
    endloop
  endfacet
  facet normal -0.659354 0 -0.751832
    outer loop
      vertex -21.9203 -10 -21.9203
      vertex -18.8716 10 -24.594
      vertex -18.8716 -10 -24.594
    endloop
  endfacet
  facet normal -0.659354 0 -0.751832
    outer loop
      vertex -18.8716 10 -24.594
      vertex -21.9203 -10 -21.9203
      vertex -21.9203 10 -21.9203
    endloop
  endfacet
  facet normal 0.442294 0 0.89687
    outer loop
      vertex 11.8632 10 28.6403
      vertex 15.5 -10 26.8468
      vertex 15.5 10 26.8468
    endloop
  endfacet
  facet normal 0.442294 0 0.89687
    outer loop
      vertex 15.5 -10 26.8468
      vertex 11.8632 10 28.6403
      vertex 11.8632 -10 28.6403
    endloop
  endfacet
  facet normal 0.195093 0 -0.980785
    outer loop
      vertex 4.04631 -10 -30.7348
      vertex 8.02339 10 -29.9437
      vertex 8.02339 -10 -29.9437
    endloop
  endfacet
  facet normal 0.195093 0 -0.980785
    outer loop
      vertex 8.02339 10 -29.9437
      vertex 4.04631 -10 -30.7348
      vertex 4.04631 10 -30.7348
    endloop
  endfacet
  facet normal -0.89687 0 0.442294
    outer loop
      vertex -28.6403 -10 11.8632
      vertex -26.8468 10 15.5
      vertex -28.6403 10 11.8632
    endloop
  endfacet
  facet normal -0.89687 0 0.442294
    outer loop
      vertex -26.8468 10 15.5
      vertex -28.6403 -10 11.8632
      vertex -26.8468 -10 15.5
    endloop
  endfacet
  facet normal 0.321431 0 -0.946933
    outer loop
      vertex 8.02339 -10 -29.9437
      vertex 11.8632 10 -28.6403
      vertex 11.8632 -10 -28.6403
    endloop
  endfacet
  facet normal 0.321431 0 -0.946933
    outer loop
      vertex 11.8632 10 -28.6403
      vertex 8.02339 -10 -29.9437
      vertex 8.02339 10 -29.9437
    endloop
  endfacet
  facet normal 0.751832 -0 0.659354
    outer loop
      vertex 21.9203 -10 21.9203
      vertex 24.594 10 18.8716
      vertex 21.9203 10 21.9203
    endloop
  endfacet
  facet normal 0.751832 0 0.659354
    outer loop
      vertex 24.594 10 18.8716
      vertex 21.9203 -10 21.9203
      vertex 24.594 -10 18.8716
    endloop
  endfacet
  facet normal 0.980785 0 -0.195093
    outer loop
      vertex 30.7348 -10 -4.04631
      vertex 29.9437 10 -8.02339
      vertex 30.7348 10 -4.04631
    endloop
  endfacet
  facet normal 0.980785 0 -0.195093
    outer loop
      vertex 29.9437 10 -8.02339
      vertex 30.7348 -10 -4.04631
      vertex 29.9437 -10 -8.02339
    endloop
  endfacet
  facet normal -0.555565 0 -0.831473
    outer loop
      vertex -18.8716 -10 -24.594
      vertex -15.5 10 -26.8468
      vertex -15.5 -10 -26.8468
    endloop
  endfacet
  facet normal -0.555565 0 -0.831473
    outer loop
      vertex -15.5 10 -26.8468
      vertex -18.8716 -10 -24.594
      vertex -18.8716 10 -24.594
    endloop
  endfacet
  facet normal -0.946933 0 -0.321431
    outer loop
      vertex -28.6403 -10 -11.8632
      vertex -29.9437 10 -8.02339
      vertex -28.6403 10 -11.8632
    endloop
  endfacet
  facet normal -0.946933 -0 -0.321431
    outer loop
      vertex -29.9437 10 -8.02339
      vertex -28.6403 -10 -11.8632
      vertex -29.9437 -10 -8.02339
    endloop
  endfacet
  facet normal -0.442294 0 0.89687
    outer loop
      vertex -15.5 10 26.8468
      vertex -11.8632 -10 28.6403
      vertex -11.8632 10 28.6403
    endloop
  endfacet
  facet normal -0.442294 0 0.89687
    outer loop
      vertex -11.8632 -10 28.6403
      vertex -15.5 10 26.8468
      vertex -15.5 -10 26.8468
    endloop
  endfacet
  facet normal -0.751832 0 -0.659354
    outer loop
      vertex -21.9203 -10 -21.9203
      vertex -24.594 10 -18.8716
      vertex -21.9203 10 -21.9203
    endloop
  endfacet
  facet normal -0.751832 -0 -0.659354
    outer loop
      vertex -24.594 10 -18.8716
      vertex -21.9203 -10 -21.9203
      vertex -24.594 -10 -18.8716
    endloop
  endfacet
  facet normal -0.321431 0 0.946933
    outer loop
      vertex -11.8632 10 28.6403
      vertex -8.02339 -10 29.9437
      vertex -8.02339 10 29.9437
    endloop
  endfacet
  facet normal -0.321431 0 0.946933
    outer loop
      vertex -8.02339 -10 29.9437
      vertex -11.8632 10 28.6403
      vertex -11.8632 -10 28.6403
    endloop
  endfacet
  facet normal 0.89687 -0 0.442294
    outer loop
      vertex 26.8468 -10 15.5
      vertex 28.6403 10 11.8632
      vertex 26.8468 10 15.5
    endloop
  endfacet
  facet normal 0.89687 0 0.442294
    outer loop
      vertex 28.6403 10 11.8632
      vertex 26.8468 -10 15.5
      vertex 28.6403 -10 11.8632
    endloop
  endfacet
  facet normal 0.659354 0 -0.751832
    outer loop
      vertex 18.8716 -10 -24.594
      vertex 21.9203 10 -21.9203
      vertex 21.9203 -10 -21.9203
    endloop
  endfacet
  facet normal 0.659354 0 -0.751832
    outer loop
      vertex 21.9203 10 -21.9203
      vertex 18.8716 -10 -24.594
      vertex 18.8716 10 -24.594
    endloop
  endfacet
  facet normal 0.0654009 0 -0.997859
    outer loop
      vertex 0 -10 -31
      vertex 4.04631 10 -30.7348
      vertex 4.04631 -10 -30.7348
    endloop
  endfacet
  facet normal 0.0654009 0 -0.997859
    outer loop
      vertex 4.04631 10 -30.7348
      vertex 0 -10 -31
      vertex 0 10 -31
    endloop
  endfacet
  facet normal 0.195093 0 0.980785
    outer loop
      vertex 4.04631 10 30.7348
      vertex 8.02339 -10 29.9437
      vertex 8.02339 10 29.9437
    endloop
  endfacet
  facet normal 0.195093 0 0.980785
    outer loop
      vertex 8.02339 -10 29.9437
      vertex 4.04631 10 30.7348
      vertex 4.04631 -10 30.7348
    endloop
  endfacet
  facet normal 0 1 -0
    outer loop
      vertex -18.2737 10 2.47861
      vertex -24.594 10 18.8716
      vertex -16.7659 10 2.47861
    endloop
  endfacet
  facet normal 0 1 0
    outer loop
      vertex -24.594 10 18.8716
      vertex -18.2737 10 2.47861
      vertex -18.6 10 2.5
    endloop
  endfacet
  facet normal 0 1 -0
    outer loop
      vertex -17.2194 10 2.41481
      vertex -18.2737 10 2.47861
      vertex -16.7659 10 2.47861
    endloop
  endfacet
  facet normal 0 1 0
    outer loop
      vertex -17.2194 10 2.41481
      vertex -17.953 10 2.41481
      vertex -18.2737 10 2.47861
    endloop
  endfacet
  facet normal -0 1 0
    outer loop
      vertex -17.953 10 2.41481
      vertex -17.2194 10 2.41481
      vertex -17.6491 10 2.31168
    endloop
  endfacet
  facet normal 0 1 0
    outer loop
      vertex -24.594 10 18.8716
      vertex -15.8429 10 2.47861
      vertex -16.3044 10 2.5
    endloop
  endfacet
  facet normal 0 1 0
    outer loop
      vertex -13.8044 10 1.76777
      vertex -2.82843 10 2.82843
      vertex -3.17341 10 2.43505
    endloop
  endfacet
  facet normal 0 1 0
    outer loop
      vertex -2.43505 10 3.17341
      vertex -15.3893 10 2.41481
      vertex -15.8429 10 2.47861
    endloop
  endfacet
  facet normal 0 1 0
    outer loop
      vertex -2.43505 10 3.17341
      vertex -14.9514 10 2.3097
      vertex -15.3893 10 2.41481
    endloop
  endfacet
  facet normal 0 1 0
    outer loop
      vertex -2.43505 10 3.17341
      vertex -14.5366 10 2.16506
      vertex -14.9514 10 2.3097
    endloop
  endfacet
  facet normal 0 1 0
    outer loop
      vertex -13.4994 10 1.5219
      vertex -3.17341 10 2.43505
      vertex -3.4641 10 2
    endloop
  endfacet
  facet normal 0 1 0
    outer loop
      vertex -2.43505 10 3.17341
      vertex -14.1521 10 1.98338
      vertex -14.5366 10 2.16506
    endloop
  endfacet
  facet normal 0 1 0
    outer loop
      vertex -2.82843 10 2.82843
      vertex -13.8044 10 1.76777
      vertex -14.1521 10 1.98338
    endloop
  endfacet
  facet normal 0 1 0
    outer loop
      vertex -13.038 10 0.956708
      vertex -3.4641 10 2
      vertex -3.69552 10 1.53073
    endloop
  endfacet
  facet normal 0 1 0
    outer loop
      vertex -3.17341 10 2.43505
      vertex -13.4994 10 1.5219
      vertex -13.8044 10 1.76777
    endloop
  endfacet
  facet normal 0 1 0
    outer loop
      vertex -3.4641 10 2
      vertex -13.2425 10 1.25
      vertex -13.4994 10 1.5219
    endloop
  endfacet
  facet normal 0 1 0
    outer loop
      vertex -12.8893 10 0.647047
      vertex -3.69552 10 1.53073
      vertex -3.8637 10 1.03528
    endloop
  endfacet
  facet normal 0 1 0
    outer loop
      vertex -3.4641 10 2
      vertex -13.038 10 0.956708
      vertex -13.2425 10 1.25
    endloop
  endfacet
  facet normal 0 1 0
    outer loop
      vertex -3.69552 10 1.53073
      vertex -12.8893 10 0.647047
      vertex -13.038 10 0.956708
    endloop
  endfacet
  facet normal 0 1 0
    outer loop
      vertex -12.7991 10 0.326315
      vertex -3.8637 10 1.03528
      vertex -3.96578 10 0.522104
    endloop
  endfacet
  facet normal 0 1 0
    outer loop
      vertex -3.8637 10 1.03528
      vertex -12.7991 10 0.326315
      vertex -12.8893 10 0.647047
    endloop
  endfacet
  facet normal 0 1 -0
    outer loop
      vertex -4 10 0
      vertex -12.7991 10 0.326315
      vertex -3.96578 10 0.522104
    endloop
  endfacet
  facet normal 0 1 0
    outer loop
      vertex -4 10 0
      vertex -12.7688 10 0
      vertex -12.7991 10 0.326315
    endloop
  endfacet
  facet normal 0 1 0
    outer loop
      vertex -4 10 0
      vertex -12.7991 10 -0.326315
      vertex -12.7688 10 0
    endloop
  endfacet
  facet normal 0 1 0
    outer loop
      vertex -3.96578 10 -0.522104
      vertex -12.7991 10 -0.326315
      vertex -4 10 0
    endloop
  endfacet
  facet normal 0 1 0
    outer loop
      vertex -3.8637 10 -1.03528
      vertex -12.7991 10 -0.326315
      vertex -3.96578 10 -0.522104
    endloop
  endfacet
  facet normal 0 1 0
    outer loop
      vertex -12.7991 10 -0.326315
      vertex -3.8637 10 -1.03528
      vertex -12.8893 10 -0.647047
    endloop
  endfacet
  facet normal 0 1 0
    outer loop
      vertex -3.69552 10 -1.53073
      vertex -12.8893 10 -0.647047
      vertex -3.8637 10 -1.03528
    endloop
  endfacet
  facet normal 0 1 0
    outer loop
      vertex -12.8893 10 -0.647047
      vertex -3.69552 10 -1.53073
      vertex -13.038 10 -0.956708
    endloop
  endfacet
  facet normal 0 1 0
    outer loop
      vertex -3.4641 10 -2
      vertex -13.038 10 -0.956708
      vertex -3.69552 10 -1.53073
    endloop
  endfacet
  facet normal 0 1 0
    outer loop
      vertex -13.038 10 -0.956708
      vertex -3.4641 10 -2
      vertex -13.2425 10 -1.25
    endloop
  endfacet
  facet normal 0 1 0
    outer loop
      vertex -13.2425 10 -1.25
      vertex -3.4641 10 -2
      vertex -13.4994 10 -1.5219
    endloop
  endfacet
  facet normal 0 1 0
    outer loop
      vertex -3.17341 10 -2.43505
      vertex -13.4994 10 -1.5219
      vertex -3.4641 10 -2
    endloop
  endfacet
  facet normal 0 1 0
    outer loop
      vertex -13.4994 10 -1.5219
      vertex -3.17341 10 -2.43505
      vertex -13.8044 10 -1.76777
    endloop
  endfacet
  facet normal 0 1 0
    outer loop
      vertex -2.82843 10 -2.82843
      vertex -13.8044 10 -1.76777
      vertex -3.17341 10 -2.43505
    endloop
  endfacet
  facet normal 0 1 0
    outer loop
      vertex -13.8044 10 -1.76777
      vertex -2.82843 10 -2.82843
      vertex -14.1521 10 -1.98338
    endloop
  endfacet
  facet normal 0 1 0
    outer loop
      vertex -2.43505 10 -3.17341
      vertex -14.1521 10 -1.98338
      vertex -2.82843 10 -2.82843
    endloop
  endfacet
  facet normal 0 1 0
    outer loop
      vertex -14.1521 10 -1.98338
      vertex -2.43505 10 -3.17341
      vertex -14.5366 10 -2.16506
    endloop
  endfacet
  facet normal 0 1 0
    outer loop
      vertex -2 10 -3.4641
      vertex -14.5366 10 -2.16506
      vertex -2.43505 10 -3.17341
    endloop
  endfacet
  facet normal 0 1 0
    outer loop
      vertex -15.5 10 -26.8468
      vertex -14.5366 10 -2.16506
      vertex -2 10 -3.4641
    endloop
  endfacet
  facet normal -0 1 0
    outer loop
      vertex -21.9203 10 -21.9203
      vertex -15.3893 10 -2.41481
      vertex -18.8716 10 -24.594
    endloop
  endfacet
  facet normal -0 1 0
    outer loop
      vertex -18.8716 10 -24.594
      vertex -14.5366 10 -2.16506
      vertex -15.5 10 -26.8468
    endloop
  endfacet
  facet normal 0 1 0
    outer loop
      vertex 16.7659 10 2.47861
      vertex 24.594 10 18.8716
      vertex 18.2737 10 2.47861
    endloop
  endfacet
  facet normal 0 1 0
    outer loop
      vertex 24.594 10 18.8716
      vertex 16.7659 10 2.47861
      vertex 16.3044 10 2.5
    endloop
  endfacet
  facet normal 0 1 0
    outer loop
      vertex 17.2194 10 2.41481
      vertex 18.2737 10 2.47861
      vertex 17.953 10 2.41481
    endloop
  endfacet
  facet normal 0 1 0
    outer loop
      vertex 18.2737 10 2.47861
      vertex 17.2194 10 2.41481
      vertex 16.7659 10 2.47861
    endloop
  endfacet
  facet normal -0 1 0
    outer loop
      vertex 17.2194 10 2.41481
      vertex 17.953 10 2.41481
      vertex 17.6491 10 2.31168
    endloop
  endfacet
  facet normal 0 1 0
    outer loop
      vertex 0 10 4
      vertex 0 10 31
      vertex 4.04631 10 30.7348
    endloop
  endfacet
  facet normal 0 1 0
    outer loop
      vertex 0.522104 10 3.96578
      vertex 4.04631 10 30.7348
      vertex 8.02339 10 29.9437
    endloop
  endfacet
  facet normal 0 1 0
    outer loop
      vertex 0 10 31
      vertex 0 10 4
      vertex -4.04631 10 30.7348
    endloop
  endfacet
  facet normal 0 1 0
    outer loop
      vertex 1.03528 10 3.8637
      vertex 8.02339 10 29.9437
      vertex 11.8632 10 28.6403
    endloop
  endfacet
  facet normal 0 1 -0
    outer loop
      vertex -0.522104 10 3.96578
      vertex -4.04631 10 30.7348
      vertex 0 10 4
    endloop
  endfacet
  facet normal 0 1 0
    outer loop
      vertex 1.53073 10 3.69552
      vertex 11.8632 10 28.6403
      vertex 15.5 10 26.8468
    endloop
  endfacet
  facet normal 0 1 0
    outer loop
      vertex -4.04631 10 30.7348
      vertex -0.522104 10 3.96578
      vertex -8.02339 10 29.9437
    endloop
  endfacet
  facet normal 0 1 0
    outer loop
      vertex 14.5366 10 2.16506
      vertex 15.5 10 26.8468
      vertex 18.8716 10 24.594
    endloop
  endfacet
  facet normal 0 1 -0
    outer loop
      vertex -1.03528 10 3.8637
      vertex -8.02339 10 29.9437
      vertex -0.522104 10 3.96578
    endloop
  endfacet
  facet normal 0 1 0
    outer loop
      vertex 15.3893 10 2.41481
      vertex 18.8716 10 24.594
      vertex 21.9203 10 21.9203
    endloop
  endfacet
  facet normal 0 1 0
    outer loop
      vertex -8.02339 10 29.9437
      vertex -1.03528 10 3.8637
      vertex -11.8632 10 28.6403
    endloop
  endfacet
  facet normal 0 1 0
    outer loop
      vertex 15.8429 10 2.47861
      vertex 21.9203 10 21.9203
      vertex 24.594 10 18.8716
    endloop
  endfacet
  facet normal 0 1 -0
    outer loop
      vertex -1.53073 10 3.69552
      vertex -11.8632 10 28.6403
      vertex -1.03528 10 3.8637
    endloop
  endfacet
  facet normal 0 1 0
    outer loop
      vertex 18.6 10 2.5
      vertex 24.594 10 18.8716
      vertex 26.8468 10 15.5
    endloop
  endfacet
  facet normal 0 1 0
    outer loop
      vertex -11.8632 10 28.6403
      vertex -1.53073 10 3.69552
      vertex -15.5 10 26.8468
    endloop
  endfacet
  facet normal 0 1 0
    outer loop
      vertex 19.247 10 2.41481
      vertex 26.8468 10 15.5
      vertex 28.6403 10 11.8632
    endloop
  endfacet
  facet normal 0 1 -0
    outer loop
      vertex -2 10 3.4641
      vertex -15.5 10 26.8468
      vertex -1.53073 10 3.69552
    endloop
  endfacet
  facet normal 0 1 0
    outer loop
      vertex 19.85 10 2.16506
      vertex 28.6403 10 11.8632
      vertex 29.9437 10 8.02339
    endloop
  endfacet
  facet normal 0 1 0
    outer loop
      vertex -15.5 10 26.8468
      vertex -2 10 3.4641
      vertex -18.8716 10 24.594
    endloop
  endfacet
  facet normal 0 1 0
    outer loop
      vertex 20.5834 10 1.5219
      vertex 29.9437 10 8.02339
      vertex 30.7348 10 4.04631
    endloop
  endfacet
  facet normal 0 1 -0
    outer loop
      vertex -2.43505 10 3.17341
      vertex -18.8716 10 24.594
      vertex -2 10 3.4641
    endloop
  endfacet
  facet normal 0 1 0
    outer loop
      vertex -15.8429 10 2.47861
      vertex -21.9203 10 21.9203
      vertex -18.8716 10 24.594
    endloop
  endfacet
  facet normal 0 1 0
    outer loop
      vertex 4.04631 10 30.7348
      vertex 0.522104 10 3.96578
      vertex 0 10 4
    endloop
  endfacet
  facet normal 0 1 0
    outer loop
      vertex 8.02339 10 29.9437
      vertex 1.03528 10 3.8637
      vertex 0.522104 10 3.96578
    endloop
  endfacet
  facet normal 0 1 0
    outer loop
      vertex 24.594 10 18.8716
      vertex 16.3044 10 2.5
      vertex 15.8429 10 2.47861
    endloop
  endfacet
  facet normal 0 1 0
    outer loop
      vertex 21.9203 10 21.9203
      vertex 15.8429 10 2.47861
      vertex 15.3893 10 2.41481
    endloop
  endfacet
  facet normal 0 1 0
    outer loop
      vertex 11.8632 10 28.6403
      vertex 1.53073 10 3.69552
      vertex 1.03528 10 3.8637
    endloop
  endfacet
  facet normal 0 1 0
    outer loop
      vertex 18.8716 10 24.594
      vertex 15.3893 10 2.41481
      vertex 14.9514 10 2.3097
    endloop
  endfacet
  facet normal 0 1 0
    outer loop
      vertex 18.2737 10 2.47861
      vertex 24.594 10 18.8716
      vertex 18.6 10 2.5
    endloop
  endfacet
  facet normal 0 1 0
    outer loop
      vertex 26.8468 10 15.5
      vertex 18.9263 10 2.47861
      vertex 18.6 10 2.5
    endloop
  endfacet
  facet normal 0 1 0
    outer loop
      vertex 26.8468 10 15.5
      vertex 19.247 10 2.41481
      vertex 18.9263 10 2.47861
    endloop
  endfacet
  facet normal 0 1 0
    outer loop
      vertex 28.6403 10 11.8632
      vertex 19.5567 10 2.3097
      vertex 19.247 10 2.41481
    endloop
  endfacet
  facet normal 0 1 0
    outer loop
      vertex 28.6403 10 11.8632
      vertex 19.85 10 2.16506
      vertex 19.5567 10 2.3097
    endloop
  endfacet
  facet normal 0 1 0
    outer loop
      vertex 29.9437 10 8.02339
      vertex 20.1219 10 1.98338
      vertex 19.85 10 2.16506
    endloop
  endfacet
  facet normal 0 1 0
    outer loop
      vertex 29.9437 10 8.02339
      vertex 20.3678 10 1.76777
      vertex 20.1219 10 1.98338
    endloop
  endfacet
  facet normal 0 1 0
    outer loop
      vertex 29.9437 10 8.02339
      vertex 20.5834 10 1.5219
      vertex 20.3678 10 1.76777
    endloop
  endfacet
  facet normal 0 1 0
    outer loop
      vertex 30.7348 10 4.04631
      vertex 20.7651 10 1.25
      vertex 20.5834 10 1.5219
    endloop
  endfacet
  facet normal 0 1 0
    outer loop
      vertex 30.7348 10 4.04631
      vertex 20.9097 10 0.956708
      vertex 20.7651 10 1.25
    endloop
  endfacet
  facet normal 0 1 0
    outer loop
      vertex 30.7348 10 4.04631
      vertex 21.0148 10 0.647047
      vertex 20.9097 10 0.956708
    endloop
  endfacet
  facet normal 0 1 0
    outer loop
      vertex 31 10 0
      vertex 21.0148 10 0.647047
      vertex 30.7348 10 4.04631
    endloop
  endfacet
  facet normal 0 1 0
    outer loop
      vertex 21.0148 10 0.647047
      vertex 31 10 0
      vertex 21.0786 10 0.326315
    endloop
  endfacet
  facet normal 0 1 0
    outer loop
      vertex 31 10 0
      vertex 21.1 10 0
      vertex 21.0786 10 0.326315
    endloop
  endfacet
  facet normal 0 1 0
    outer loop
      vertex 31 10 0
      vertex 21.0786 10 -0.326315
      vertex 21.1 10 0
    endloop
  endfacet
  facet normal 0 1 0
    outer loop
      vertex 31 10 0
      vertex 21.0148 10 -0.647047
      vertex 21.0786 10 -0.326315
    endloop
  endfacet
  facet normal 0 1 -0
    outer loop
      vertex 30.7348 10 -4.04631
      vertex 21.0148 10 -0.647047
      vertex 31 10 0
    endloop
  endfacet
  facet normal 0 1 0
    outer loop
      vertex 21.0148 10 -0.647047
      vertex 30.7348 10 -4.04631
      vertex 20.9097 10 -0.956708
    endloop
  endfacet
  facet normal 0 1 0
    outer loop
      vertex 20.9097 10 -0.956708
      vertex 30.7348 10 -4.04631
      vertex 20.7651 10 -1.25
    endloop
  endfacet
  facet normal 0 1 0
    outer loop
      vertex 20.7651 10 -1.25
      vertex 30.7348 10 -4.04631
      vertex 20.5834 10 -1.5219
    endloop
  endfacet
  facet normal 0 1 -0
    outer loop
      vertex 29.9437 10 -8.02339
      vertex 20.5834 10 -1.5219
      vertex 30.7348 10 -4.04631
    endloop
  endfacet
  facet normal 0 1 0
    outer loop
      vertex 20.5834 10 -1.5219
      vertex 29.9437 10 -8.02339
      vertex 20.3678 10 -1.76777
    endloop
  endfacet
  facet normal 0 1 0
    outer loop
      vertex 20.3678 10 -1.76777
      vertex 29.9437 10 -8.02339
      vertex 20.1219 10 -1.98338
    endloop
  endfacet
  facet normal 0 1 0
    outer loop
      vertex 20.1219 10 -1.98338
      vertex 29.9437 10 -8.02339
      vertex 19.85 10 -2.16506
    endloop
  endfacet
  facet normal 0 1 0
    outer loop
      vertex 16.7659 10 -2.47861
      vertex 24.594 10 -18.8716
      vertex 16.3044 10 -2.5
    endloop
  endfacet
  facet normal 0 1 0
    outer loop
      vertex 16.3044 10 -2.5
      vertex 2.43505 10 -3.17341
      vertex 2.82843 10 -2.82843
    endloop
  endfacet
  facet normal 0 1 0
    outer loop
      vertex 16.3044 10 -2.5
      vertex 18.8716 10 -24.594
      vertex 2.43505 10 -3.17341
    endloop
  endfacet
  facet normal 0 1 0
    outer loop
      vertex 2.43505 10 -3.17341
      vertex 18.8716 10 -24.594
      vertex 2 10 -3.4641
    endloop
  endfacet
  facet normal 0 1 0
    outer loop
      vertex 26.8468 10 -15.5
      vertex 18.6 10 -2.5
      vertex 18.9263 10 -2.47861
    endloop
  endfacet
  facet normal 0 1 -0
    outer loop
      vertex 15.5 10 -26.8468
      vertex 2 10 -3.4641
      vertex 18.8716 10 -24.594
    endloop
  endfacet
  facet normal 0 1 0
    outer loop
      vertex 2 10 -3.4641
      vertex 15.5 10 -26.8468
      vertex 1.53073 10 -3.69552
    endloop
  endfacet
  facet normal 0 1 -0
    outer loop
      vertex 26.8468 10 -15.5
      vertex 19.247 10 -2.41481
      vertex 28.6403 10 -11.8632
    endloop
  endfacet
  facet normal 0 1 0
    outer loop
      vertex 19.5567 10 -2.3097
      vertex 28.6403 10 -11.8632
      vertex 19.247 10 -2.41481
    endloop
  endfacet
  facet normal 0 1 0
    outer loop
      vertex 19.85 10 -2.16506
      vertex 28.6403 10 -11.8632
      vertex 19.5567 10 -2.3097
    endloop
  endfacet
  facet normal 0 1 -0
    outer loop
      vertex 28.6403 10 -11.8632
      vertex 19.85 10 -2.16506
      vertex 29.9437 10 -8.02339
    endloop
  endfacet
  facet normal 0 1 0
    outer loop
      vertex -15.8429 10 2.47861
      vertex -24.594 10 18.8716
      vertex -21.9203 10 21.9203
    endloop
  endfacet
  facet normal 0 1 -0
    outer loop
      vertex -18.9263 10 2.47861
      vertex -26.8468 10 15.5
      vertex -18.6 10 2.5
    endloop
  endfacet
  facet normal 0 1 0
    outer loop
      vertex -24.594 10 18.8716
      vertex -18.6 10 2.5
      vertex -26.8468 10 15.5
    endloop
  endfacet
  facet normal 0 1 -0
    outer loop
      vertex -16.7659 10 2.47861
      vertex -24.594 10 18.8716
      vertex -16.3044 10 2.5
    endloop
  endfacet
  facet normal 0 1 -0
    outer loop
      vertex -15.8429 10 2.47861
      vertex -18.8716 10 24.594
      vertex -2.43505 10 3.17341
    endloop
  endfacet
  facet normal 0 1 0
    outer loop
      vertex -14.1521 10 1.98338
      vertex -2.43505 10 3.17341
      vertex -2.82843 10 2.82843
    endloop
  endfacet
  facet normal 0 1 -0
    outer loop
      vertex -19.247 10 2.41481
      vertex -26.8468 10 15.5
      vertex -18.9263 10 2.47861
    endloop
  endfacet
  facet normal 0 1 0
    outer loop
      vertex -26.8468 10 15.5
      vertex -19.247 10 2.41481
      vertex -28.6403 10 11.8632
    endloop
  endfacet
  facet normal 0 1 -0
    outer loop
      vertex -19.5567 10 2.3097
      vertex -28.6403 10 11.8632
      vertex -19.247 10 2.41481
    endloop
  endfacet
  facet normal 0 1 -0
    outer loop
      vertex -19.85 10 2.16506
      vertex -28.6403 10 11.8632
      vertex -19.5567 10 2.3097
    endloop
  endfacet
  facet normal 0 1 0
    outer loop
      vertex -28.6403 10 11.8632
      vertex -19.85 10 2.16506
      vertex -29.9437 10 8.02339
    endloop
  endfacet
  facet normal 0 1 -0
    outer loop
      vertex -20.1219 10 1.98338
      vertex -29.9437 10 8.02339
      vertex -19.85 10 2.16506
    endloop
  endfacet
  facet normal 0 1 -0
    outer loop
      vertex -20.3678 10 1.76777
      vertex -29.9437 10 8.02339
      vertex -20.1219 10 1.98338
    endloop
  endfacet
  facet normal 0 1 -0
    outer loop
      vertex -20.5834 10 1.5219
      vertex -29.9437 10 8.02339
      vertex -20.3678 10 1.76777
    endloop
  endfacet
  facet normal 0 1 0
    outer loop
      vertex -29.9437 10 8.02339
      vertex -20.5834 10 1.5219
      vertex -30.7348 10 4.04631
    endloop
  endfacet
  facet normal 0 1 -0
    outer loop
      vertex -20.7651 10 1.25
      vertex -30.7348 10 4.04631
      vertex -20.5834 10 1.5219
    endloop
  endfacet
  facet normal 0 1 -0
    outer loop
      vertex -20.9097 10 0.956708
      vertex -30.7348 10 4.04631
      vertex -20.7651 10 1.25
    endloop
  endfacet
  facet normal 0 1 -0
    outer loop
      vertex -21.0148 10 0.647047
      vertex -30.7348 10 4.04631
      vertex -20.9097 10 0.956708
    endloop
  endfacet
  facet normal 0 1 0
    outer loop
      vertex -31 10 0
      vertex -21.0148 10 0.647047
      vertex -21.0786 10 0.326315
    endloop
  endfacet
  facet normal 0 1 0
    outer loop
      vertex -31 10 0
      vertex -21.0786 10 0.326315
      vertex -21.1 10 0
    endloop
  endfacet
  facet normal 0 1 0
    outer loop
      vertex -21.0148 10 0.647047
      vertex -31 10 0
      vertex -30.7348 10 4.04631
    endloop
  endfacet
  facet normal 0 1 0
    outer loop
      vertex -21.0786 10 -0.326315
      vertex -31 10 0
      vertex -21.1 10 0
    endloop
  endfacet
  facet normal 0 1 0
    outer loop
      vertex -21.0148 10 -0.647047
      vertex -31 10 0
      vertex -21.0786 10 -0.326315
    endloop
  endfacet
  facet normal 0 1 0
    outer loop
      vertex -30.7348 10 -4.04631
      vertex -21.0148 10 -0.647047
      vertex -20.9097 10 -0.956708
    endloop
  endfacet
  facet normal 0 1 0
    outer loop
      vertex -30.7348 10 -4.04631
      vertex -20.9097 10 -0.956708
      vertex -20.7651 10 -1.25
    endloop
  endfacet
  facet normal 0 1 0
    outer loop
      vertex -30.7348 10 -4.04631
      vertex -20.7651 10 -1.25
      vertex -20.5834 10 -1.5219
    endloop
  endfacet
  facet normal 0 1 0
    outer loop
      vertex -29.9437 10 -8.02339
      vertex -20.5834 10 -1.5219
      vertex -20.3678 10 -1.76777
    endloop
  endfacet
  facet normal 0 1 0
    outer loop
      vertex -29.9437 10 -8.02339
      vertex -20.3678 10 -1.76777
      vertex -20.1219 10 -1.98338
    endloop
  endfacet
  facet normal 0 1 0
    outer loop
      vertex -29.9437 10 -8.02339
      vertex -20.1219 10 -1.98338
      vertex -19.85 10 -2.16506
    endloop
  endfacet
  facet normal 0 1 0
    outer loop
      vertex -28.6403 10 -11.8632
      vertex -19.85 10 -2.16506
      vertex -19.5567 10 -2.3097
    endloop
  endfacet
  facet normal 0 1 0
    outer loop
      vertex -28.6403 10 -11.8632
      vertex -19.5567 10 -2.3097
      vertex -19.247 10 -2.41481
    endloop
  endfacet
  facet normal 0 1 0
    outer loop
      vertex -15.3893 10 -2.41481
      vertex -21.9203 10 -21.9203
      vertex -15.8429 10 -2.47861
    endloop
  endfacet
  facet normal 0 1 0
    outer loop
      vertex -14.5366 10 -2.16506
      vertex -18.8716 10 -24.594
      vertex -14.9514 10 -2.3097
    endloop
  endfacet
  facet normal 0 1 0
    outer loop
      vertex -15.5 10 -26.8468
      vertex -2 10 -3.4641
      vertex -1.53073 10 -3.69552
    endloop
  endfacet
  facet normal -0 1 0
    outer loop
      vertex -24.594 10 -18.8716
      vertex -15.8429 10 -2.47861
      vertex -21.9203 10 -21.9203
    endloop
  endfacet
  facet normal 0 1 0
    outer loop
      vertex -11.8632 10 -28.6403
      vertex -1.53073 10 -3.69552
      vertex -1.03528 10 -3.8637
    endloop
  endfacet
  facet normal 0 1 0
    outer loop
      vertex -8.02339 10 -29.9437
      vertex -1.03528 10 -3.8637
      vertex -0.522104 10 -3.96578
    endloop
  endfacet
  facet normal 0 1 0
    outer loop
      vertex -21.0148 10 -0.647047
      vertex -30.7348 10 -4.04631
      vertex -31 10 0
    endloop
  endfacet
  facet normal 0 1 0
    outer loop
      vertex -26.8468 10 -15.5
      vertex -19.247 10 -2.41481
      vertex -18.9263 10 -2.47861
    endloop
  endfacet
  facet normal 0 1 0
    outer loop
      vertex -15.8429 10 -2.47861
      vertex -24.594 10 -18.8716
      vertex -16.3044 10 -2.5
    endloop
  endfacet
  facet normal 0 1 0
    outer loop
      vertex -4.04631 10 -30.7348
      vertex -0.522104 10 -3.96578
      vertex 0 10 -4
    endloop
  endfacet
  facet normal 0 1 0
    outer loop
      vertex 19.247 10 -2.41481
      vertex 26.8468 10 -15.5
      vertex 18.9263 10 -2.47861
    endloop
  endfacet
  facet normal 0 1 0
    outer loop
      vertex 18.6 10 -2.5
      vertex 26.8468 10 -15.5
      vertex 24.594 10 -18.8716
    endloop
  endfacet
  facet normal 0 1 0
    outer loop
      vertex -20.5834 10 -1.5219
      vertex -29.9437 10 -8.02339
      vertex -30.7348 10 -4.04631
    endloop
  endfacet
  facet normal 0 1 0
    outer loop
      vertex 16.3044 10 -2.5
      vertex 24.594 10 -18.8716
      vertex 21.9203 10 -21.9203
    endloop
  endfacet
  facet normal 0 1 0
    outer loop
      vertex -19.85 10 -2.16506
      vertex -28.6403 10 -11.8632
      vertex -29.9437 10 -8.02339
    endloop
  endfacet
  facet normal 0 1 0
    outer loop
      vertex 16.3044 10 -2.5
      vertex 21.9203 10 -21.9203
      vertex 18.8716 10 -24.594
    endloop
  endfacet
  facet normal 0 1 0
    outer loop
      vertex -19.247 10 -2.41481
      vertex -26.8468 10 -15.5
      vertex -28.6403 10 -11.8632
    endloop
  endfacet
  facet normal 0 1 -0
    outer loop
      vertex 11.8632 10 -28.6403
      vertex 1.53073 10 -3.69552
      vertex 15.5 10 -26.8468
    endloop
  endfacet
  facet normal 0 1 0
    outer loop
      vertex -18.6 10 -2.5
      vertex -26.8468 10 -15.5
      vertex -18.9263 10 -2.47861
    endloop
  endfacet
  facet normal 0 1 0
    outer loop
      vertex 1.53073 10 -3.69552
      vertex 11.8632 10 -28.6403
      vertex 1.03528 10 -3.8637
    endloop
  endfacet
  facet normal -0 1 0
    outer loop
      vertex -26.8468 10 -15.5
      vertex -18.6 10 -2.5
      vertex -24.594 10 -18.8716
    endloop
  endfacet
  facet normal 0 1 -0
    outer loop
      vertex 8.02339 10 -29.9437
      vertex 1.03528 10 -3.8637
      vertex 11.8632 10 -28.6403
    endloop
  endfacet
  facet normal 0 1 0
    outer loop
      vertex -16.3044 10 -2.5
      vertex -24.594 10 -18.8716
      vertex -18.6 10 -2.5
    endloop
  endfacet
  facet normal 0 1 0
    outer loop
      vertex 1.03528 10 -3.8637
      vertex 8.02339 10 -29.9437
      vertex 0.522104 10 -3.96578
    endloop
  endfacet
  facet normal 0 1 0
    outer loop
      vertex -14.9514 10 -2.3097
      vertex -18.8716 10 -24.594
      vertex -15.3893 10 -2.41481
    endloop
  endfacet
  facet normal 0 1 -0
    outer loop
      vertex 4.04631 10 -30.7348
      vertex 0.522104 10 -3.96578
      vertex 8.02339 10 -29.9437
    endloop
  endfacet
  facet normal 0 1 0
    outer loop
      vertex -1.53073 10 -3.69552
      vertex -11.8632 10 -28.6403
      vertex -15.5 10 -26.8468
    endloop
  endfacet
  facet normal 0 1 0
    outer loop
      vertex 0.522104 10 -3.96578
      vertex 4.04631 10 -30.7348
      vertex 0 10 -4
    endloop
  endfacet
  facet normal 0 1 0
    outer loop
      vertex -1.03528 10 -3.8637
      vertex -8.02339 10 -29.9437
      vertex -11.8632 10 -28.6403
    endloop
  endfacet
  facet normal 0 1 0
    outer loop
      vertex 0 10 -31
      vertex 0 10 -4
      vertex 4.04631 10 -30.7348
    endloop
  endfacet
  facet normal 0 1 0
    outer loop
      vertex -0.522104 10 -3.96578
      vertex -4.04631 10 -30.7348
      vertex -8.02339 10 -29.9437
    endloop
  endfacet
  facet normal 0 1 0
    outer loop
      vertex 0 10 -4
      vertex 0 10 -31
      vertex -4.04631 10 -30.7348
    endloop
  endfacet
  facet normal 0 1 0
    outer loop
      vertex 18.8716 10 24.594
      vertex 14.9514 10 2.3097
      vertex 14.5366 10 2.16506
    endloop
  endfacet
  facet normal 0 1 0
    outer loop
      vertex 15.5 10 26.8468
      vertex 2 10 3.4641
      vertex 1.53073 10 3.69552
    endloop
  endfacet
  facet normal 0 1 0
    outer loop
      vertex 15.5 10 26.8468
      vertex 14.5366 10 2.16506
      vertex 2 10 3.4641
    endloop
  endfacet
  facet normal 0 1 0
    outer loop
      vertex 2 10 3.4641
      vertex 14.5366 10 2.16506
      vertex 2.43505 10 3.17341
    endloop
  endfacet
  facet normal 0 1 -0
    outer loop
      vertex 14.1521 10 1.98338
      vertex 2.43505 10 3.17341
      vertex 14.5366 10 2.16506
    endloop
  endfacet
  facet normal 0 1 0
    outer loop
      vertex 2.43505 10 3.17341
      vertex 14.1521 10 1.98338
      vertex 2.82843 10 2.82843
    endloop
  endfacet
  facet normal 0 1 -0
    outer loop
      vertex 13.8044 10 1.76777
      vertex 2.82843 10 2.82843
      vertex 14.1521 10 1.98338
    endloop
  endfacet
  facet normal 0 1 0
    outer loop
      vertex 2.82843 10 2.82843
      vertex 13.8044 10 1.76777
      vertex 3.17341 10 2.43505
    endloop
  endfacet
  facet normal 0 1 -0
    outer loop
      vertex 13.4994 10 1.5219
      vertex 3.17341 10 2.43505
      vertex 13.8044 10 1.76777
    endloop
  endfacet
  facet normal 0 1 0
    outer loop
      vertex 3.17341 10 2.43505
      vertex 13.4994 10 1.5219
      vertex 3.4641 10 2
    endloop
  endfacet
  facet normal 0 1 -0
    outer loop
      vertex 13.2425 10 1.25
      vertex 3.4641 10 2
      vertex 13.4994 10 1.5219
    endloop
  endfacet
  facet normal 0 1 -0
    outer loop
      vertex 13.038 10 0.956708
      vertex 3.4641 10 2
      vertex 13.2425 10 1.25
    endloop
  endfacet
  facet normal 0 1 0
    outer loop
      vertex 3.4641 10 2
      vertex 13.038 10 0.956708
      vertex 3.69552 10 1.53073
    endloop
  endfacet
  facet normal 0 1 -0
    outer loop
      vertex 12.8893 10 0.647047
      vertex 3.69552 10 1.53073
      vertex 13.038 10 0.956708
    endloop
  endfacet
  facet normal 0 1 0
    outer loop
      vertex 3.69552 10 1.53073
      vertex 12.8893 10 0.647047
      vertex 3.8637 10 1.03528
    endloop
  endfacet
  facet normal 0 1 -0
    outer loop
      vertex 12.7991 10 0.326315
      vertex 3.8637 10 1.03528
      vertex 12.8893 10 0.647047
    endloop
  endfacet
  facet normal 0 1 0
    outer loop
      vertex 3.8637 10 1.03528
      vertex 12.7991 10 0.326315
      vertex 3.96578 10 0.522104
    endloop
  endfacet
  facet normal 0 1 -0
    outer loop
      vertex 12.7688 10 0
      vertex 3.96578 10 0.522104
      vertex 12.7991 10 0.326315
    endloop
  endfacet
  facet normal 0 1 0
    outer loop
      vertex 12.7688 10 0
      vertex 4 10 0
      vertex 3.96578 10 0.522104
    endloop
  endfacet
  facet normal 0 1 0
    outer loop
      vertex 12.7991 10 -0.326315
      vertex 4 10 0
      vertex 12.7688 10 0
    endloop
  endfacet
  facet normal 0 1 0
    outer loop
      vertex 12.7991 10 -0.326315
      vertex 3.96578 10 -0.522104
      vertex 4 10 0
    endloop
  endfacet
  facet normal 0 1 0
    outer loop
      vertex 3.8637 10 -1.03528
      vertex 12.7991 10 -0.326315
      vertex 12.8893 10 -0.647047
    endloop
  endfacet
  facet normal 0 1 0
    outer loop
      vertex 3.69552 10 -1.53073
      vertex 12.8893 10 -0.647047
      vertex 13.038 10 -0.956708
    endloop
  endfacet
  facet normal 0 1 0
    outer loop
      vertex 12.7991 10 -0.326315
      vertex 3.8637 10 -1.03528
      vertex 3.96578 10 -0.522104
    endloop
  endfacet
  facet normal 0 1 0
    outer loop
      vertex 3.4641 10 -2
      vertex 13.038 10 -0.956708
      vertex 13.2425 10 -1.25
    endloop
  endfacet
  facet normal 0 1 0
    outer loop
      vertex 3.4641 10 -2
      vertex 13.2425 10 -1.25
      vertex 13.4994 10 -1.5219
    endloop
  endfacet
  facet normal 0 1 0
    outer loop
      vertex 12.8893 10 -0.647047
      vertex 3.69552 10 -1.53073
      vertex 3.8637 10 -1.03528
    endloop
  endfacet
  facet normal 0 1 0
    outer loop
      vertex 3.17341 10 -2.43505
      vertex 13.4994 10 -1.5219
      vertex 13.8044 10 -1.76777
    endloop
  endfacet
  facet normal 0 1 0
    outer loop
      vertex 2.82843 10 -2.82843
      vertex 13.8044 10 -1.76777
      vertex 14.1521 10 -1.98338
    endloop
  endfacet
  facet normal 0 1 0
    outer loop
      vertex 13.038 10 -0.956708
      vertex 3.4641 10 -2
      vertex 3.69552 10 -1.53073
    endloop
  endfacet
  facet normal 0 1 0
    outer loop
      vertex 2.82843 10 -2.82843
      vertex 14.1521 10 -1.98338
      vertex 14.5366 10 -2.16506
    endloop
  endfacet
  facet normal 0 1 0
    outer loop
      vertex 2.82843 10 -2.82843
      vertex 14.5366 10 -2.16506
      vertex 14.9514 10 -2.3097
    endloop
  endfacet
  facet normal 0 1 0
    outer loop
      vertex 2.82843 10 -2.82843
      vertex 14.9514 10 -2.3097
      vertex 15.3893 10 -2.41481
    endloop
  endfacet
  facet normal 0 1 0
    outer loop
      vertex 13.4994 10 -1.5219
      vertex 3.17341 10 -2.43505
      vertex 3.4641 10 -2
    endloop
  endfacet
  facet normal 0 1 0
    outer loop
      vertex 2.82843 10 -2.82843
      vertex 15.3893 10 -2.41481
      vertex 15.8429 10 -2.47861
    endloop
  endfacet
  facet normal 0 1 0
    outer loop
      vertex 2.82843 10 -2.82843
      vertex 15.8429 10 -2.47861
      vertex 16.3044 10 -2.5
    endloop
  endfacet
  facet normal 0 1 0
    outer loop
      vertex 13.8044 10 -1.76777
      vertex 2.82843 10 -2.82843
      vertex 3.17341 10 -2.43505
    endloop
  endfacet
  facet normal 0 1 0
    outer loop
      vertex 17.953 10 -2.41481
      vertex 17.2194 10 -2.41481
      vertex 17.6491 10 -2.31168
    endloop
  endfacet
  facet normal 0 1 0
    outer loop
      vertex 18.2737 10 -2.47861
      vertex 17.2194 10 -2.41481
      vertex 17.953 10 -2.41481
    endloop
  endfacet
  facet normal 0 1 0
    outer loop
      vertex 18.2737 10 -2.47861
      vertex 16.7659 10 -2.47861
      vertex 17.2194 10 -2.41481
    endloop
  endfacet
  facet normal 0 1 0
    outer loop
      vertex 24.594 10 -18.8716
      vertex 18.2737 10 -2.47861
      vertex 18.6 10 -2.5
    endloop
  endfacet
  facet normal 0 1 0
    outer loop
      vertex 18.2737 10 -2.47861
      vertex 24.594 10 -18.8716
      vertex 16.7659 10 -2.47861
    endloop
  endfacet
  facet normal 0 1 0
    outer loop
      vertex -17.2194 10 -2.41481
      vertex -17.953 10 -2.41481
      vertex -17.6491 10 -2.31168
    endloop
  endfacet
  facet normal 0 1 0
    outer loop
      vertex -18.2737 10 -2.47861
      vertex -17.2194 10 -2.41481
      vertex -16.7659 10 -2.47861
    endloop
  endfacet
  facet normal 0 1 0
    outer loop
      vertex -17.2194 10 -2.41481
      vertex -18.2737 10 -2.47861
      vertex -17.953 10 -2.41481
    endloop
  endfacet
  facet normal 0 1 0
    outer loop
      vertex -18.6 10 -2.5
      vertex -16.7659 10 -2.47861
      vertex -16.3044 10 -2.5
    endloop
  endfacet
  facet normal 0 1 0
    outer loop
      vertex -16.7659 10 -2.47861
      vertex -18.6 10 -2.5
      vertex -18.2737 10 -2.47861
    endloop
  endfacet
  facet normal 0.321431 0 0.946933
    outer loop
      vertex 8.02339 10 29.9437
      vertex 11.8632 -10 28.6403
      vertex 11.8632 10 28.6403
    endloop
  endfacet
  facet normal 0.321431 0 0.946933
    outer loop
      vertex 11.8632 -10 28.6403
      vertex 8.02339 10 29.9437
      vertex 8.02339 -10 29.9437
    endloop
  endfacet
  facet normal -0.659354 0 0.751832
    outer loop
      vertex -21.9203 10 21.9203
      vertex -18.8716 -10 24.594
      vertex -18.8716 10 24.594
    endloop
  endfacet
  facet normal -0.659354 0 0.751832
    outer loop
      vertex -18.8716 -10 24.594
      vertex -21.9203 10 21.9203
      vertex -21.9203 -10 21.9203
    endloop
  endfacet
  facet normal -0.0654009 0 0.997859
    outer loop
      vertex -4.04631 10 30.7348
      vertex 0 -10 31
      vertex 0 10 31
    endloop
  endfacet
  facet normal -0.0654009 0 0.997859
    outer loop
      vertex 0 -10 31
      vertex -4.04631 10 30.7348
      vertex -4.04631 -10 30.7348
    endloop
  endfacet
  facet normal 0.831473 -0 0.555565
    outer loop
      vertex 24.594 -10 18.8716
      vertex 26.8468 10 15.5
      vertex 24.594 10 18.8716
    endloop
  endfacet
  facet normal 0.831473 0 0.555565
    outer loop
      vertex 26.8468 10 15.5
      vertex 24.594 -10 18.8716
      vertex 26.8468 -10 15.5
    endloop
  endfacet
  facet normal 0.659354 0 0.751832
    outer loop
      vertex 18.8716 10 24.594
      vertex 21.9203 -10 21.9203
      vertex 21.9203 10 21.9203
    endloop
  endfacet
  facet normal 0.659354 0 0.751832
    outer loop
      vertex 21.9203 -10 21.9203
      vertex 18.8716 10 24.594
      vertex 18.8716 -10 24.594
    endloop
  endfacet
  facet normal -0.555565 0 0.831473
    outer loop
      vertex -18.8716 10 24.594
      vertex -15.5 -10 26.8468
      vertex -15.5 10 26.8468
    endloop
  endfacet
  facet normal -0.555565 0 0.831473
    outer loop
      vertex -15.5 -10 26.8468
      vertex -18.8716 10 24.594
      vertex -18.8716 -10 24.594
    endloop
  endfacet
  facet normal -0.195093 0 0.980785
    outer loop
      vertex -8.02339 10 29.9437
      vertex -4.04631 -10 30.7348
      vertex -4.04631 10 30.7348
    endloop
  endfacet
  facet normal -0.195093 0 0.980785
    outer loop
      vertex -4.04631 -10 30.7348
      vertex -8.02339 10 29.9437
      vertex -8.02339 -10 29.9437
    endloop
  endfacet
  facet normal -0.946933 0 0.321431
    outer loop
      vertex -29.9437 -10 8.02339
      vertex -28.6403 10 11.8632
      vertex -29.9437 10 8.02339
    endloop
  endfacet
  facet normal -0.946933 0 0.321431
    outer loop
      vertex -28.6403 10 11.8632
      vertex -29.9437 -10 8.02339
      vertex -28.6403 -10 11.8632
    endloop
  endfacet
  facet normal 0.555565 0 0.831473
    outer loop
      vertex 15.5 10 26.8468
      vertex 18.8716 -10 24.594
      vertex 18.8716 10 24.594
    endloop
  endfacet
  facet normal 0.555565 0 0.831473
    outer loop
      vertex 18.8716 -10 24.594
      vertex 15.5 10 26.8468
      vertex 15.5 -10 26.8468
    endloop
  endfacet
  facet normal 0.442294 0 -0.89687
    outer loop
      vertex 11.8632 -10 -28.6403
      vertex 15.5 10 -26.8468
      vertex 15.5 -10 -26.8468
    endloop
  endfacet
  facet normal 0.442294 0 -0.89687
    outer loop
      vertex 15.5 10 -26.8468
      vertex 11.8632 -10 -28.6403
      vertex 11.8632 10 -28.6403
    endloop
  endfacet
  facet normal -0.442294 0 -0.89687
    outer loop
      vertex -15.5 -10 -26.8468
      vertex -11.8632 10 -28.6403
      vertex -11.8632 -10 -28.6403
    endloop
  endfacet
  facet normal -0.442294 0 -0.89687
    outer loop
      vertex -11.8632 10 -28.6403
      vertex -15.5 -10 -26.8468
      vertex -15.5 10 -26.8468
    endloop
  endfacet
  facet normal -0.89687 0 -0.442294
    outer loop
      vertex -26.8468 -10 -15.5
      vertex -28.6403 10 -11.8632
      vertex -26.8468 10 -15.5
    endloop
  endfacet
  facet normal -0.89687 -0 -0.442294
    outer loop
      vertex -28.6403 10 -11.8632
      vertex -26.8468 -10 -15.5
      vertex -28.6403 -10 -11.8632
    endloop
  endfacet
  facet normal -0.997859 0 0.0654009
    outer loop
      vertex -31 -10 0
      vertex -30.7348 10 4.04631
      vertex -31 10 0
    endloop
  endfacet
  facet normal -0.997859 0 0.0654009
    outer loop
      vertex -30.7348 10 4.04631
      vertex -31 -10 0
      vertex -30.7348 -10 4.04631
    endloop
  endfacet
  facet normal 0.831473 0 -0.555565
    outer loop
      vertex 26.8468 -10 -15.5
      vertex 24.594 10 -18.8716
      vertex 26.8468 10 -15.5
    endloop
  endfacet
  facet normal 0.831473 0 -0.555565
    outer loop
      vertex 24.594 10 -18.8716
      vertex 26.8468 -10 -15.5
      vertex 24.594 -10 -18.8716
    endloop
  endfacet
  facet normal 0.946933 0 -0.321431
    outer loop
      vertex 29.9437 -10 -8.02339
      vertex 28.6403 10 -11.8632
      vertex 29.9437 10 -8.02339
    endloop
  endfacet
  facet normal 0.946933 0 -0.321431
    outer loop
      vertex 28.6403 10 -11.8632
      vertex 29.9437 -10 -8.02339
      vertex 28.6403 -10 -11.8632
    endloop
  endfacet
  facet normal -0.0654009 0 -0.997859
    outer loop
      vertex -4.04631 -10 -30.7348
      vertex 0 10 -31
      vertex 0 -10 -31
    endloop
  endfacet
  facet normal -0.0654009 0 -0.997859
    outer loop
      vertex 0 10 -31
      vertex -4.04631 -10 -30.7348
      vertex -4.04631 10 -30.7348
    endloop
  endfacet
  facet normal 0.555565 0 -0.831473
    outer loop
      vertex 15.5 -10 -26.8468
      vertex 18.8716 10 -24.594
      vertex 18.8716 -10 -24.594
    endloop
  endfacet
  facet normal 0.555565 0 -0.831473
    outer loop
      vertex 18.8716 10 -24.594
      vertex 15.5 -10 -26.8468
      vertex 15.5 10 -26.8468
    endloop
  endfacet
  facet normal -0.997859 0 -0.0654009
    outer loop
      vertex -30.7348 -10 -4.04631
      vertex -31 10 0
      vertex -30.7348 10 -4.04631
    endloop
  endfacet
  facet normal -0.997859 -0 -0.0654009
    outer loop
      vertex -31 10 0
      vertex -30.7348 -10 -4.04631
      vertex -31 -10 0
    endloop
  endfacet
  facet normal 0.997859 0 -0.0654009
    outer loop
      vertex 31 -10 0
      vertex 30.7348 10 -4.04631
      vertex 31 10 0
    endloop
  endfacet
  facet normal 0.997859 0 -0.0654009
    outer loop
      vertex 30.7348 10 -4.04631
      vertex 31 -10 0
      vertex 30.7348 -10 -4.04631
    endloop
  endfacet
  facet normal -0.980785 0 0.195093
    outer loop
      vertex -30.7348 -10 4.04631
      vertex -29.9437 10 8.02339
      vertex -30.7348 10 4.04631
    endloop
  endfacet
  facet normal -0.980785 0 0.195093
    outer loop
      vertex -29.9437 10 8.02339
      vertex -30.7348 -10 4.04631
      vertex -29.9437 -10 8.02339
    endloop
  endfacet
  facet normal -0.321431 0 -0.946933
    outer loop
      vertex -11.8632 -10 -28.6403
      vertex -8.02339 10 -29.9437
      vertex -8.02339 -10 -29.9437
    endloop
  endfacet
  facet normal -0.321431 0 -0.946933
    outer loop
      vertex -8.02339 10 -29.9437
      vertex -11.8632 -10 -28.6403
      vertex -11.8632 10 -28.6403
    endloop
  endfacet
  facet normal -0.980785 0 -0.195093
    outer loop
      vertex -29.9437 -10 -8.02339
      vertex -30.7348 10 -4.04631
      vertex -29.9437 10 -8.02339
    endloop
  endfacet
  facet normal -0.980785 -0 -0.195093
    outer loop
      vertex -30.7348 10 -4.04631
      vertex -29.9437 -10 -8.02339
      vertex -30.7348 -10 -4.04631
    endloop
  endfacet
  facet normal -0.831473 0 -0.555565
    outer loop
      vertex -24.594 -10 -18.8716
      vertex -26.8468 10 -15.5
      vertex -24.594 10 -18.8716
    endloop
  endfacet
  facet normal -0.831473 -0 -0.555565
    outer loop
      vertex -26.8468 10 -15.5
      vertex -24.594 -10 -18.8716
      vertex -26.8468 -10 -15.5
    endloop
  endfacet
  facet normal 0.0654009 0 0.997859
    outer loop
      vertex 0 10 31
      vertex 4.04631 -10 30.7348
      vertex 4.04631 10 30.7348
    endloop
  endfacet
  facet normal 0.0654009 0 0.997859
    outer loop
      vertex 4.04631 -10 30.7348
      vertex 0 10 31
      vertex 0 -10 31
    endloop
  endfacet
  facet normal -0.195093 0 -0.980785
    outer loop
      vertex -8.02339 -10 -29.9437
      vertex -4.04631 10 -30.7348
      vertex -4.04631 -10 -30.7348
    endloop
  endfacet
  facet normal -0.195093 0 -0.980785
    outer loop
      vertex -4.04631 10 -30.7348
      vertex -8.02339 -10 -29.9437
      vertex -8.02339 10 -29.9437
    endloop
  endfacet
  facet normal -0.831473 0 0.555565
    outer loop
      vertex -26.8468 -10 15.5
      vertex -24.594 10 18.8716
      vertex -26.8468 10 15.5
    endloop
  endfacet
  facet normal -0.831473 0 0.555565
    outer loop
      vertex -24.594 10 18.8716
      vertex -26.8468 -10 15.5
      vertex -24.594 -10 18.8716
    endloop
  endfacet
  facet normal -0.751832 0 0.659354
    outer loop
      vertex -24.594 -10 18.8716
      vertex -21.9203 10 21.9203
      vertex -24.594 10 18.8716
    endloop
  endfacet
  facet normal -0.751832 0 0.659354
    outer loop
      vertex -21.9203 10 21.9203
      vertex -24.594 -10 18.8716
      vertex -21.9203 -10 21.9203
    endloop
  endfacet
  facet normal -0.980784 0 -0.195096
    outer loop
      vertex 3.96578 -10 0.522104
      vertex 3.8637 10 1.03528
      vertex 3.96578 10 0.522104
    endloop
  endfacet
  facet normal -0.980784 -0 -0.195096
    outer loop
      vertex 3.8637 10 1.03528
      vertex 3.96578 -10 0.522104
      vertex 3.8637 -10 1.03528
    endloop
  endfacet
  facet normal -0.997859 0 -0.0654022
    outer loop
      vertex 4 -10 0
      vertex 3.96578 10 0.522104
      vertex 4 10 0
    endloop
  endfacet
  facet normal -0.997859 -0 -0.0654022
    outer loop
      vertex 3.96578 10 0.522104
      vertex 4 -10 0
      vertex 3.96578 -10 0.522104
    endloop
  endfacet
  facet normal 0.896871 0 -0.442291
    outer loop
      vertex -3.4641 -10 2
      vertex -3.69552 10 1.53073
      vertex -3.4641 10 2
    endloop
  endfacet
  facet normal 0.896871 0 -0.442291
    outer loop
      vertex -3.69552 10 1.53073
      vertex -3.4641 -10 2
      vertex -3.69552 -10 1.53073
    endloop
  endfacet
  facet normal -0.442291 0 -0.896871
    outer loop
      vertex 1.53073 -10 3.69552
      vertex 2 10 3.4641
      vertex 2 -10 3.4641
    endloop
  endfacet
  facet normal -0.442291 0 -0.896871
    outer loop
      vertex 2 10 3.4641
      vertex 1.53073 -10 3.69552
      vertex 1.53073 10 3.69552
    endloop
  endfacet
  facet normal 0.0654022 0 -0.997859
    outer loop
      vertex -0.522104 -10 3.96578
      vertex 0 10 4
      vertex 0 -10 4
    endloop
  endfacet
  facet normal 0.0654022 0 -0.997859
    outer loop
      vertex 0 10 4
      vertex -0.522104 -10 3.96578
      vertex -0.522104 10 3.96578
    endloop
  endfacet
  facet normal -0.831471 0 -0.555569
    outer loop
      vertex 3.4641 -10 2
      vertex 3.17341 10 2.43505
      vertex 3.4641 10 2
    endloop
  endfacet
  facet normal -0.831471 -0 -0.555569
    outer loop
      vertex 3.17341 10 2.43505
      vertex 3.4641 -10 2
      vertex 3.17341 -10 2.43505
    endloop
  endfacet
  facet normal 0.831471 -0 0.555569
    outer loop
      vertex -3.4641 -10 -2
      vertex -3.17341 10 -2.43505
      vertex -3.4641 10 -2
    endloop
  endfacet
  facet normal 0.831471 0 0.555569
    outer loop
      vertex -3.17341 10 -2.43505
      vertex -3.4641 -10 -2
      vertex -3.17341 -10 -2.43505
    endloop
  endfacet
  facet normal 0.65934 0 -0.751845
    outer loop
      vertex -2.82843 -10 2.82843
      vertex -2.43505 10 3.17341
      vertex -2.43505 -10 3.17341
    endloop
  endfacet
  facet normal 0.65934 0 -0.751845
    outer loop
      vertex -2.43505 10 3.17341
      vertex -2.82843 -10 2.82843
      vertex -2.82843 10 2.82843
    endloop
  endfacet
  facet normal -0.751845 0 -0.65934
    outer loop
      vertex 3.17341 -10 2.43505
      vertex 2.82843 10 2.82843
      vertex 3.17341 10 2.43505
    endloop
  endfacet
  facet normal -0.751845 -0 -0.65934
    outer loop
      vertex 2.82843 10 2.82843
      vertex 3.17341 -10 2.43505
      vertex 2.82843 -10 2.82843
    endloop
  endfacet
  facet normal 0.442291 0 0.896871
    outer loop
      vertex -2 10 -3.4641
      vertex -1.53073 -10 -3.69552
      vertex -1.53073 10 -3.69552
    endloop
  endfacet
  facet normal 0.442291 0 0.896871
    outer loop
      vertex -1.53073 -10 -3.69552
      vertex -2 10 -3.4641
      vertex -2 -10 -3.4641
    endloop
  endfacet
  facet normal -0.946932 0 -0.321435
    outer loop
      vertex 3.8637 -10 1.03528
      vertex 3.69552 10 1.53073
      vertex 3.8637 10 1.03528
    endloop
  endfacet
  facet normal -0.946932 -0 -0.321435
    outer loop
      vertex 3.69552 10 1.53073
      vertex 3.8637 -10 1.03528
      vertex 3.69552 -10 1.53073
    endloop
  endfacet
  facet normal 0.0654022 0 0.997859
    outer loop
      vertex -0.522104 10 -3.96578
      vertex 0 -10 -4
      vertex 0 10 -4
    endloop
  endfacet
  facet normal 0.0654022 0 0.997859
    outer loop
      vertex 0 -10 -4
      vertex -0.522104 10 -3.96578
      vertex -0.522104 -10 -3.96578
    endloop
  endfacet
  facet normal 0.555569 0 0.831471
    outer loop
      vertex -2.43505 10 -3.17341
      vertex -2 -10 -3.4641
      vertex -2 10 -3.4641
    endloop
  endfacet
  facet normal 0.555569 0 0.831471
    outer loop
      vertex -2 -10 -3.4641
      vertex -2.43505 10 -3.17341
      vertex -2.43505 -10 -3.17341
    endloop
  endfacet
  facet normal 0.751845 -0 0.65934
    outer loop
      vertex -3.17341 -10 -2.43505
      vertex -2.82843 10 -2.82843
      vertex -3.17341 10 -2.43505
    endloop
  endfacet
  facet normal 0.751845 0 0.65934
    outer loop
      vertex -2.82843 10 -2.82843
      vertex -3.17341 -10 -2.43505
      vertex -2.82843 -10 -2.82843
    endloop
  endfacet
  facet normal 0.442291 0 -0.896871
    outer loop
      vertex -2 -10 3.4641
      vertex -1.53073 10 3.69552
      vertex -1.53073 -10 3.69552
    endloop
  endfacet
  facet normal 0.442291 0 -0.896871
    outer loop
      vertex -1.53073 10 3.69552
      vertex -2 -10 3.4641
      vertex -2 10 3.4641
    endloop
  endfacet
  facet normal -0.896871 0 -0.442291
    outer loop
      vertex 3.69552 -10 1.53073
      vertex 3.4641 10 2
      vertex 3.69552 10 1.53073
    endloop
  endfacet
  facet normal -0.896871 -0 -0.442291
    outer loop
      vertex 3.4641 10 2
      vertex 3.69552 -10 1.53073
      vertex 3.4641 -10 2
    endloop
  endfacet
  facet normal 0.321435 0 0.946932
    outer loop
      vertex -1.53073 10 -3.69552
      vertex -1.03528 -10 -3.8637
      vertex -1.03528 10 -3.8637
    endloop
  endfacet
  facet normal 0.321435 0 0.946932
    outer loop
      vertex -1.03528 -10 -3.8637
      vertex -1.53073 10 -3.69552
      vertex -1.53073 -10 -3.69552
    endloop
  endfacet
  facet normal -0.980784 0 0.195096
    outer loop
      vertex 3.8637 -10 -1.03528
      vertex 3.96578 10 -0.522104
      vertex 3.8637 10 -1.03528
    endloop
  endfacet
  facet normal -0.980784 0 0.195096
    outer loop
      vertex 3.96578 10 -0.522104
      vertex 3.8637 -10 -1.03528
      vertex 3.96578 -10 -0.522104
    endloop
  endfacet
  facet normal -0.555569 0 0.831471
    outer loop
      vertex 2 10 -3.4641
      vertex 2.43505 -10 -3.17341
      vertex 2.43505 10 -3.17341
    endloop
  endfacet
  facet normal -0.555569 0 0.831471
    outer loop
      vertex 2.43505 -10 -3.17341
      vertex 2 10 -3.4641
      vertex 2 -10 -3.4641
    endloop
  endfacet
  facet normal 0.980784 -0 0.195096
    outer loop
      vertex -3.96578 -10 -0.522104
      vertex -3.8637 10 -1.03528
      vertex -3.96578 10 -0.522104
    endloop
  endfacet
  facet normal 0.980784 0 0.195096
    outer loop
      vertex -3.8637 10 -1.03528
      vertex -3.96578 -10 -0.522104
      vertex -3.8637 -10 -1.03528
    endloop
  endfacet
  facet normal 0.321435 0 -0.946932
    outer loop
      vertex -1.53073 -10 3.69552
      vertex -1.03528 10 3.8637
      vertex -1.03528 -10 3.8637
    endloop
  endfacet
  facet normal 0.321435 0 -0.946932
    outer loop
      vertex -1.03528 10 3.8637
      vertex -1.53073 -10 3.69552
      vertex -1.53073 10 3.69552
    endloop
  endfacet
  facet normal 0.997859 -0 0.0654022
    outer loop
      vertex -4 -10 0
      vertex -3.96578 10 -0.522104
      vertex -4 10 0
    endloop
  endfacet
  facet normal 0.997859 0 0.0654022
    outer loop
      vertex -3.96578 10 -0.522104
      vertex -4 -10 0
      vertex -3.96578 -10 -0.522104
    endloop
  endfacet
  facet normal -0.195096 0 -0.980784
    outer loop
      vertex 0.522104 -10 3.96578
      vertex 1.03528 10 3.8637
      vertex 1.03528 -10 3.8637
    endloop
  endfacet
  facet normal -0.195096 0 -0.980784
    outer loop
      vertex 1.03528 10 3.8637
      vertex 0.522104 -10 3.96578
      vertex 0.522104 10 3.96578
    endloop
  endfacet
  facet normal 0.980784 0 -0.195096
    outer loop
      vertex -3.8637 -10 1.03528
      vertex -3.96578 10 0.522104
      vertex -3.8637 10 1.03528
    endloop
  endfacet
  facet normal 0.980784 0 -0.195096
    outer loop
      vertex -3.96578 10 0.522104
      vertex -3.8637 -10 1.03528
      vertex -3.96578 -10 0.522104
    endloop
  endfacet
  facet normal -0.195096 0 0.980784
    outer loop
      vertex 0.522104 10 -3.96578
      vertex 1.03528 -10 -3.8637
      vertex 1.03528 10 -3.8637
    endloop
  endfacet
  facet normal -0.195096 0 0.980784
    outer loop
      vertex 1.03528 -10 -3.8637
      vertex 0.522104 10 -3.96578
      vertex 0.522104 -10 -3.96578
    endloop
  endfacet
  facet normal -0.555569 0 -0.831471
    outer loop
      vertex 2 -10 3.4641
      vertex 2.43505 10 3.17341
      vertex 2.43505 -10 3.17341
    endloop
  endfacet
  facet normal -0.555569 0 -0.831471
    outer loop
      vertex 2.43505 10 3.17341
      vertex 2 -10 3.4641
      vertex 2 10 3.4641
    endloop
  endfacet
  facet normal 0.195096 0 0.980784
    outer loop
      vertex -1.03528 10 -3.8637
      vertex -0.522104 -10 -3.96578
      vertex -0.522104 10 -3.96578
    endloop
  endfacet
  facet normal 0.195096 0 0.980784
    outer loop
      vertex -0.522104 -10 -3.96578
      vertex -1.03528 10 -3.8637
      vertex -1.03528 -10 -3.8637
    endloop
  endfacet
  facet normal -0.946932 0 0.321435
    outer loop
      vertex 3.69552 -10 -1.53073
      vertex 3.8637 10 -1.03528
      vertex 3.69552 10 -1.53073
    endloop
  endfacet
  facet normal -0.946932 0 0.321435
    outer loop
      vertex 3.8637 10 -1.03528
      vertex 3.69552 -10 -1.53073
      vertex 3.8637 -10 -1.03528
    endloop
  endfacet
  facet normal -0.0654022 0 0.997859
    outer loop
      vertex 0 10 -4
      vertex 0.522104 -10 -3.96578
      vertex 0.522104 10 -3.96578
    endloop
  endfacet
  facet normal -0.0654022 0 0.997859
    outer loop
      vertex 0.522104 -10 -3.96578
      vertex 0 10 -4
      vertex 0 -10 -4
    endloop
  endfacet
  facet normal -0.321435 0 -0.946932
    outer loop
      vertex 1.03528 -10 3.8637
      vertex 1.53073 10 3.69552
      vertex 1.53073 -10 3.69552
    endloop
  endfacet
  facet normal -0.321435 0 -0.946932
    outer loop
      vertex 1.53073 10 3.69552
      vertex 1.03528 -10 3.8637
      vertex 1.03528 10 3.8637
    endloop
  endfacet
  facet normal 0.997859 0 -0.0654022
    outer loop
      vertex -3.96578 -10 0.522104
      vertex -4 10 0
      vertex -3.96578 10 0.522104
    endloop
  endfacet
  facet normal 0.997859 0 -0.0654022
    outer loop
      vertex -4 10 0
      vertex -3.96578 -10 0.522104
      vertex -4 -10 0
    endloop
  endfacet
  facet normal -0.0654022 0 -0.997859
    outer loop
      vertex 0 -10 4
      vertex 0.522104 10 3.96578
      vertex 0.522104 -10 3.96578
    endloop
  endfacet
  facet normal -0.0654022 0 -0.997859
    outer loop
      vertex 0.522104 10 3.96578
      vertex 0 -10 4
      vertex 0 10 4
    endloop
  endfacet
  facet normal -0.831471 0 0.555569
    outer loop
      vertex 3.17341 -10 -2.43505
      vertex 3.4641 10 -2
      vertex 3.17341 10 -2.43505
    endloop
  endfacet
  facet normal -0.831471 0 0.555569
    outer loop
      vertex 3.4641 10 -2
      vertex 3.17341 -10 -2.43505
      vertex 3.4641 -10 -2
    endloop
  endfacet
  facet normal -0.65934 0 -0.751845
    outer loop
      vertex 2.43505 -10 3.17341
      vertex 2.82843 10 2.82843
      vertex 2.82843 -10 2.82843
    endloop
  endfacet
  facet normal -0.65934 0 -0.751845
    outer loop
      vertex 2.82843 10 2.82843
      vertex 2.43505 -10 3.17341
      vertex 2.43505 10 3.17341
    endloop
  endfacet
  facet normal 0.65934 0 0.751845
    outer loop
      vertex -2.82843 10 -2.82843
      vertex -2.43505 -10 -3.17341
      vertex -2.43505 10 -3.17341
    endloop
  endfacet
  facet normal 0.65934 0 0.751845
    outer loop
      vertex -2.43505 -10 -3.17341
      vertex -2.82843 10 -2.82843
      vertex -2.82843 -10 -2.82843
    endloop
  endfacet
  facet normal 0.555569 0 -0.831471
    outer loop
      vertex -2.43505 -10 3.17341
      vertex -2 10 3.4641
      vertex -2 -10 3.4641
    endloop
  endfacet
  facet normal 0.555569 0 -0.831471
    outer loop
      vertex -2 10 3.4641
      vertex -2.43505 -10 3.17341
      vertex -2.43505 10 3.17341
    endloop
  endfacet
  facet normal -0.751845 0 0.65934
    outer loop
      vertex 2.82843 -10 -2.82843
      vertex 3.17341 10 -2.43505
      vertex 2.82843 10 -2.82843
    endloop
  endfacet
  facet normal -0.751845 0 0.65934
    outer loop
      vertex 3.17341 10 -2.43505
      vertex 2.82843 -10 -2.82843
      vertex 3.17341 -10 -2.43505
    endloop
  endfacet
  facet normal 0.195096 0 -0.980784
    outer loop
      vertex -1.03528 -10 3.8637
      vertex -0.522104 10 3.96578
      vertex -0.522104 -10 3.96578
    endloop
  endfacet
  facet normal 0.195096 0 -0.980784
    outer loop
      vertex -0.522104 10 3.96578
      vertex -1.03528 -10 3.8637
      vertex -1.03528 10 3.8637
    endloop
  endfacet
  facet normal -0.896871 0 0.442291
    outer loop
      vertex 3.4641 -10 -2
      vertex 3.69552 10 -1.53073
      vertex 3.4641 10 -2
    endloop
  endfacet
  facet normal -0.896871 0 0.442291
    outer loop
      vertex 3.69552 10 -1.53073
      vertex 3.4641 -10 -2
      vertex 3.69552 -10 -1.53073
    endloop
  endfacet
  facet normal 0.946932 0 -0.321435
    outer loop
      vertex -3.69552 -10 1.53073
      vertex -3.8637 10 1.03528
      vertex -3.69552 10 1.53073
    endloop
  endfacet
  facet normal 0.946932 0 -0.321435
    outer loop
      vertex -3.8637 10 1.03528
      vertex -3.69552 -10 1.53073
      vertex -3.8637 -10 1.03528
    endloop
  endfacet
  facet normal 0.946932 -0 0.321435
    outer loop
      vertex -3.8637 -10 -1.03528
      vertex -3.69552 10 -1.53073
      vertex -3.8637 10 -1.03528
    endloop
  endfacet
  facet normal 0.946932 0 0.321435
    outer loop
      vertex -3.69552 10 -1.53073
      vertex -3.8637 -10 -1.03528
      vertex -3.69552 -10 -1.53073
    endloop
  endfacet
  facet normal 0.831471 0 -0.555569
    outer loop
      vertex -3.17341 -10 2.43505
      vertex -3.4641 10 2
      vertex -3.17341 10 2.43505
    endloop
  endfacet
  facet normal 0.831471 0 -0.555569
    outer loop
      vertex -3.4641 10 2
      vertex -3.17341 -10 2.43505
      vertex -3.4641 -10 2
    endloop
  endfacet
  facet normal -0.442291 0 0.896871
    outer loop
      vertex 1.53073 10 -3.69552
      vertex 2 -10 -3.4641
      vertex 2 10 -3.4641
    endloop
  endfacet
  facet normal -0.442291 0 0.896871
    outer loop
      vertex 2 -10 -3.4641
      vertex 1.53073 10 -3.69552
      vertex 1.53073 -10 -3.69552
    endloop
  endfacet
  facet normal -0.321435 0 0.946932
    outer loop
      vertex 1.03528 10 -3.8637
      vertex 1.53073 -10 -3.69552
      vertex 1.53073 10 -3.69552
    endloop
  endfacet
  facet normal -0.321435 0 0.946932
    outer loop
      vertex 1.53073 -10 -3.69552
      vertex 1.03528 10 -3.8637
      vertex 1.03528 -10 -3.8637
    endloop
  endfacet
  facet normal 0.896871 -0 0.442291
    outer loop
      vertex -3.69552 -10 -1.53073
      vertex -3.4641 10 -2
      vertex -3.69552 10 -1.53073
    endloop
  endfacet
  facet normal 0.896871 0 0.442291
    outer loop
      vertex -3.4641 10 -2
      vertex -3.69552 -10 -1.53073
      vertex -3.4641 -10 -2
    endloop
  endfacet
  facet normal 0.751845 0 -0.65934
    outer loop
      vertex -2.82843 -10 2.82843
      vertex -3.17341 10 2.43505
      vertex -2.82843 10 2.82843
    endloop
  endfacet
  facet normal 0.751845 0 -0.65934
    outer loop
      vertex -3.17341 10 2.43505
      vertex -2.82843 -10 2.82843
      vertex -3.17341 -10 2.43505
    endloop
  endfacet
  facet normal -0.997859 0 0.0654022
    outer loop
      vertex 3.96578 -10 -0.522104
      vertex 4 10 0
      vertex 3.96578 10 -0.522104
    endloop
  endfacet
  facet normal -0.997859 0 0.0654022
    outer loop
      vertex 4 10 0
      vertex 3.96578 -10 -0.522104
      vertex 4 -10 0
    endloop
  endfacet
  facet normal -0.65934 0 0.751845
    outer loop
      vertex 2.43505 10 -3.17341
      vertex 2.82843 -10 -2.82843
      vertex 2.82843 10 -2.82843
    endloop
  endfacet
  facet normal -0.65934 0 0.751845
    outer loop
      vertex 2.82843 -10 -2.82843
      vertex 2.43505 10 -3.17341
      vertex 2.43505 -10 -3.17341
    endloop
  endfacet
endsolid OpenSCAD_Model
