solid OpenSCAD_Model
  facet normal 0 1 0
    outer loop
      vertex 47.4632 7 -7.35589
      vertex 48.672 7 -7
      vertex 48.1771 7 -7.17705
    endloop
  endfacet
  facet normal 0 1 0
    outer loop
      vertex 48.672 7 7
      vertex 46 7 7.5
      vertex 46.7351 7 7.46389
    endloop
  endfacet
  facet normal 0 1 0
    outer loop
      vertex 48.672 7 7
      vertex 46.7351 7 7.46389
      vertex 47.4632 7 7.35589
    endloop
  endfacet
  facet normal 0 1 0
    outer loop
      vertex 48.672 7 7
      vertex 47.4632 7 7.35589
      vertex 48.1771 7 7.17705
    endloop
  endfacet
  facet normal 0 1 0
    outer loop
      vertex 46 7 7.5
      vertex 48.672 7 7
      vertex 37 7 7
    endloop
  endfacet
  facet normal 0 1 0
    outer loop
      vertex 46 7 7.5
      vertex 37 7 7
      vertex 8.0303 7 7.5
    endloop
  endfacet
  facet normal 0 1 0
    outer loop
      vertex 37 7 7
      vertex 8.50311 7 6.97833
      vertex 8.0303 7 7.5
    endloop
  endfacet
  facet normal 0 1 0
    outer loop
      vertex 37 7 7
      vertex 9.14616 7 6.11127
      vertex 8.50311 7 6.97833
    endloop
  endfacet
  facet normal 0 1 0
    outer loop
      vertex 37 7 7
      vertex 9.70113 7 5.18536
      vertex 9.14616 7 6.11127
    endloop
  endfacet
  facet normal 0 1 0
    outer loop
      vertex 37 7 7
      vertex 10.1627 7 4.20952
      vertex 9.70113 7 5.18536
    endloop
  endfacet
  facet normal 0 1 -0
    outer loop
      vertex 34.9413 7 2.5
      vertex 10.1627 7 4.20952
      vertex 37 7 7
    endloop
  endfacet
  facet normal 0 1 0
    outer loop
      vertex 10.1627 7 4.20952
      vertex 34.9413 7 2.5
      vertex 11.0587 7 2.5
    endloop
  endfacet
  facet normal 0 1 0
    outer loop
      vertex 37 7 7
      vertex 34.9413 7 -2.5
      vertex 34.9413 7 2.5
    endloop
  endfacet
  facet normal 0 1 0
    outer loop
      vertex 10.1627 7 -4.20952
      vertex 11.0587 7 -2.5
      vertex 34.9413 7 -2.5
    endloop
  endfacet
  facet normal 0 1 0
    outer loop
      vertex 11.0587 7 -2.5
      vertex 10.1627 7 -4.20952
      vertex 10.5263 7 -3.19313
    endloop
  endfacet
  facet normal 0 1 0
    outer loop
      vertex 37 7 -7
      vertex 10.1627 7 -4.20952
      vertex 34.9413 7 -2.5
    endloop
  endfacet
  facet normal 0 1 0
    outer loop
      vertex 10.1627 7 -4.20952
      vertex 37 7 -7
      vertex 9.70113 7 -5.18536
    endloop
  endfacet
  facet normal 0 1 0
    outer loop
      vertex 9.70113 7 -5.18536
      vertex 37 7 -7
      vertex 9.14616 7 -6.11127
    endloop
  endfacet
  facet normal 0 1 -0
    outer loop
      vertex 37 7 -7
      vertex 34.9413 7 -2.5
      vertex 37 7 7
    endloop
  endfacet
  facet normal 0 1 0
    outer loop
      vertex 9.14616 7 -6.11127
      vertex 37 7 -7
      vertex 8.50311 7 -6.97833
    endloop
  endfacet
  facet normal 0 1 0
    outer loop
      vertex 48.672 7 -7
      vertex 46 7 -7.5
      vertex 37 7 -7
    endloop
  endfacet
  facet normal 0 1 0
    outer loop
      vertex 48.672 7 -7
      vertex 47.4632 7 -7.35589
      vertex 46 7 -7.5
    endloop
  endfacet
  facet normal 0 1 0
    outer loop
      vertex 46 7 -7.5
      vertex 47.4632 7 -7.35589
      vertex 46.7351 7 -7.46389
    endloop
  endfacet
  facet normal 0 1 0
    outer loop
      vertex 8.0303 7 -7.5
      vertex 37 7 -7
      vertex 46 7 -7.5
    endloop
  endfacet
  facet normal 0 1 0
    outer loop
      vertex 37 7 -7
      vertex 8.0303 7 -7.5
      vertex 8.50311 7 -6.97833
    endloop
  endfacet
  facet normal 0 1 0
    outer loop
      vertex 10.1627 7 4.20952
      vertex 11.0587 7 2.5
      vertex 10.5263 7 3.19313
    endloop
  endfacet
  facet normal 0 1 0
    outer loop
      vertex 11.0587 7 2.5
      vertex 10.7886 7 2.14599
      vertex 10.5263 7 3.19313
    endloop
  endfacet
  facet normal 0 1 0
    outer loop
      vertex 11.0587 7 2.5
      vertex 10.947 7 1.07819
      vertex 10.7886 7 2.14599
    endloop
  endfacet
  facet normal 0 1 0
    outer loop
      vertex 11.0587 7 2.5
      vertex 11 7 0
      vertex 10.947 7 1.07819
    endloop
  endfacet
  facet normal 0 1 -0
    outer loop
      vertex 11.0587 7 -2.5
      vertex 11 7 0
      vertex 11.0587 7 2.5
    endloop
  endfacet
  facet normal 0 1 0
    outer loop
      vertex 11.0587 7 -2.5
      vertex 10.947 7 -1.07819
      vertex 11 7 0
    endloop
  endfacet
  facet normal 0 1 0
    outer loop
      vertex 11.0587 7 -2.5
      vertex 10.7886 7 -2.14599
      vertex 10.947 7 -1.07819
    endloop
  endfacet
  facet normal 0 1 0
    outer loop
      vertex 10.7886 7 -2.14599
      vertex 11.0587 7 -2.5
      vertex 10.5263 7 -3.19313
    endloop
  endfacet
  facet normal 0.998796 0 0.049048
    outer loop
      vertex 53.5 -7 0
      vertex 53.4639 -1.99854 0.735128
      vertex 53.4639 -7 0.735128
    endloop
  endfacet
  facet normal 0.998796 0 0.049048
    outer loop
      vertex 53.4639 -1.99854 0.735128
      vertex 53.5 -7 0
      vertex 53.5 -1.95869 0
    endloop
  endfacet
  facet normal -0 0 1
    outer loop
      vertex 8.0303 7 7.5
      vertex 46 -7 7.5
      vertex 46 7 7.5
    endloop
  endfacet
  facet normal 0 0 1
    outer loop
      vertex 46 -7 7.5
      vertex 8.0303 7 7.5
      vertex 8.0303 -7 7.5
    endloop
  endfacet
  facet normal 0.989176 0 0.146735
    outer loop
      vertex 53.4639 -7 0.735128
      vertex 53.3559 -2.11769 1.46318
      vertex 53.3559 -7 1.46318
    endloop
  endfacet
  facet normal 0.989176 0 0.146735
    outer loop
      vertex 53.3559 -2.11769 1.46318
      vertex 53.4639 -7 0.735128
      vertex 53.4639 -1.99854 0.735128
    endloop
  endfacet
  facet normal 0.146726 0 0.989177
    outer loop
      vertex 46.7351 7 7.46389
      vertex 47.4632 -7 7.35589
      vertex 47.4632 7 7.35589
    endloop
  endfacet
  facet normal 0.146726 0 0.989177
    outer loop
      vertex 47.4632 -7 7.35589
      vertex 46.7351 7 7.46389
      vertex 46.7351 -7 7.46389
    endloop
  endfacet
  facet normal 0.0490634 0 -0.998796
    outer loop
      vertex 46 -7 -7.5
      vertex 46.7351 7 -7.46389
      vertex 46.7351 -7 -7.46389
    endloop
  endfacet
  facet normal 0.0490634 0 -0.998796
    outer loop
      vertex 46.7351 7 -7.46389
      vertex 46 -7 -7.5
      vertex 46 7 -7.5
    endloop
  endfacet
  facet normal 0.740935 0 0.671577
    outer loop
      vertex 51.7976 -7 4.75795
      vertex 51.3033 -3.53987 5.3033
      vertex 51.3033 -7 5.3033
    endloop
  endfacet
  facet normal 0.740935 0 0.671577
    outer loop
      vertex 51.3033 -3.53987 5.3033
      vertex 51.7976 -7 4.75795
      vertex 51.7976 -3.3061 4.75795
    endloop
  endfacet
  facet normal 0.0490634 0 0.998796
    outer loop
      vertex 46 7 7.5
      vertex 46.7351 -7 7.46389
      vertex 46.7351 7 7.46389
    endloop
  endfacet
  facet normal 0.0490634 0 0.998796
    outer loop
      vertex 46.7351 -7 7.46389
      vertex 46 7 7.5
      vertex 46 -7 7.5
    endloop
  endfacet
  facet normal 0.740935 0 -0.671577
    outer loop
      vertex 51.7976 -7 -4.75795
      vertex 51.3033 -3.53987 -5.3033
      vertex 51.7976 -3.3061 -4.75795
    endloop
  endfacet
  facet normal 0.740935 0 -0.671577
    outer loop
      vertex 51.3033 -3.53987 -5.3033
      vertex 51.7976 -7 -4.75795
      vertex 51.3033 -7 -5.3033
    endloop
  endfacet
  facet normal 0 0 -1
    outer loop
      vertex 8.0303 -7 -7.5
      vertex 46 7 -7.5
      vertex 46 -7 -7.5
    endloop
  endfacet
  facet normal -0 0 -1
    outer loop
      vertex 46 7 -7.5
      vertex 8.0303 -7 -7.5
      vertex 8.0303 7 -7.5
    endloop
  endfacet
  facet normal 0.514092 0 0.857735
    outer loop
      vertex 49.5881 -3.97111 6.58287
      vertex 50.1668 -7 6.23602
      vertex 50.1668 -3.88527 6.23602
    endloop
  endfacet
  facet normal 0.514256 -0 0.857637
    outer loop
      vertex 49.5355 -7 6.61441
      vertex 49.5881 -3.97111 6.58287
      vertex 49.5355 -3.97369 6.61441
    endloop
  endfacet
  facet normal 0.514106 3.53832e-06 0.857727
    outer loop
      vertex 49.5881 -3.97111 6.58287
      vertex 49.5355 -7 6.61441
      vertex 50.1668 -7 6.23602
    endloop
  endfacet
  facet normal 0.596506 0 0.802608
    outer loop
      vertex 50.7417 -3.74164 5.80962
      vertex 50.7579 -7 5.79758
      vertex 50.7579 -3.73583 5.79758
    endloop
  endfacet
  facet normal 0.595681 -6.36458e-06 0.803221
    outer loop
      vertex 50.1705 -3.88471 6.23323
      vertex 50.7579 -7 5.79758
      vertex 50.7417 -3.74164 5.80962
    endloop
  endfacet
  facet normal 0.60207 -0 0.798444
    outer loop
      vertex 50.1668 -7 6.23602
      vertex 50.1705 -3.88471 6.23323
      vertex 50.1668 -3.88527 6.23602
    endloop
  endfacet
  facet normal 0.595743 1.17507e-05 0.803175
    outer loop
      vertex 50.1705 -3.88471 6.23323
      vertex 50.1668 -7 6.23602
      vertex 50.7579 -7 5.79758
    endloop
  endfacet
  facet normal 0 -1 0
    outer loop
      vertex 34.9413 -7 2.5
      vertex 46 -7 7.5
      vertex 8.0303 -7 7.5
    endloop
  endfacet
  facet normal 0 -1 0
    outer loop
      vertex 46 -7 -7.5
      vertex 46 -7 7.5
      vertex 34.9413 -7 2.5
    endloop
  endfacet
  facet normal 0 -1 0
    outer loop
      vertex 46 -7 7.5
      vertex 46 -7 -7.5
      vertex 46.7351 -7 7.46389
    endloop
  endfacet
  facet normal 0 -1 0
    outer loop
      vertex 34.9413 -7 2.5
      vertex 8.0303 -7 7.5
      vertex 8.50311 -7 6.97833
    endloop
  endfacet
  facet normal 0 -1 -0
    outer loop
      vertex 46.7351 -7 7.46389
      vertex 46 -7 -7.5
      vertex 47.4632 -7 7.35589
    endloop
  endfacet
  facet normal 0 -1 -0
    outer loop
      vertex 47.4632 -7 7.35589
      vertex 46 -7 -7.5
      vertex 48.1771 -7 7.17705
    endloop
  endfacet
  facet normal 0 -1 -0
    outer loop
      vertex 48.1771 -7 7.17705
      vertex 46 -7 -7.5
      vertex 48.8701 -7 6.9291
    endloop
  endfacet
  facet normal 0 -1 0
    outer loop
      vertex 34.9413 -7 2.5
      vertex 8.50311 -7 6.97833
      vertex 9.14616 -7 6.11127
    endloop
  endfacet
  facet normal 0 -1 -0
    outer loop
      vertex 48.8701 -7 6.9291
      vertex 46 -7 -7.5
      vertex 49.5355 -7 6.61441
    endloop
  endfacet
  facet normal 0 -1 -0
    outer loop
      vertex 49.5355 -7 6.61441
      vertex 46 -7 -7.5
      vertex 50.1668 -7 6.23602
    endloop
  endfacet
  facet normal 0 -1 0
    outer loop
      vertex 34.9413 -7 2.5
      vertex 9.14616 -7 6.11127
      vertex 9.70113 -7 5.18536
    endloop
  endfacet
  facet normal 0 -1 -0
    outer loop
      vertex 50.1668 -7 6.23602
      vertex 46 -7 -7.5
      vertex 50.7579 -7 5.79758
    endloop
  endfacet
  facet normal 0 -1 0
    outer loop
      vertex 34.9413 -7 2.5
      vertex 9.70113 -7 5.18536
      vertex 10.1627 -7 4.20952
    endloop
  endfacet
  facet normal 0 -1 -0
    outer loop
      vertex 50.7579 -7 5.79758
      vertex 46 -7 -7.5
      vertex 51.3033 -7 5.3033
    endloop
  endfacet
  facet normal 0 -1 -0
    outer loop
      vertex 51.3033 -7 5.3033
      vertex 46 -7 -7.5
      vertex 51.7976 -7 4.75795
    endloop
  endfacet
  facet normal 0 -1 0
    outer loop
      vertex 11.0587 -7 2.5
      vertex 10.1627 -7 4.20952
      vertex 10.5263 -7 3.19313
    endloop
  endfacet
  facet normal 0 -1 -0
    outer loop
      vertex 51.7976 -7 4.75795
      vertex 46 -7 -7.5
      vertex 52.236 -7 4.16678
    endloop
  endfacet
  facet normal 0 -1 0
    outer loop
      vertex 10.1627 -7 4.20952
      vertex 11.0587 -7 2.5
      vertex 34.9413 -7 2.5
    endloop
  endfacet
  facet normal 0 -1 0
    outer loop
      vertex 10.7886 -7 2.14599
      vertex 11.0587 -7 2.5
      vertex 10.5263 -7 3.19313
    endloop
  endfacet
  facet normal 0 -1 0
    outer loop
      vertex 10.947 -7 1.07819
      vertex 11.0587 -7 2.5
      vertex 10.7886 -7 2.14599
    endloop
  endfacet
  facet normal 0 -1 0
    outer loop
      vertex 11 -7 0
      vertex 11.0587 -7 2.5
      vertex 10.947 -7 1.07819
    endloop
  endfacet
  facet normal 0 -1 0
    outer loop
      vertex 11 -7 0
      vertex 11.0587 -7 -2.5
      vertex 11.0587 -7 2.5
    endloop
  endfacet
  facet normal 0 -1 0
    outer loop
      vertex 10.947 -7 -1.07819
      vertex 11.0587 -7 -2.5
      vertex 11 -7 0
    endloop
  endfacet
  facet normal 0 -1 0
    outer loop
      vertex 10.7886 -7 -2.14599
      vertex 11.0587 -7 -2.5
      vertex 10.947 -7 -1.07819
    endloop
  endfacet
  facet normal 0 -1 0
    outer loop
      vertex 10.1627 -7 -4.20952
      vertex 34.9413 -7 -2.5
      vertex 11.0587 -7 -2.5
    endloop
  endfacet
  facet normal 0 -1 0
    outer loop
      vertex 10.5263 -7 -3.19313
      vertex 11.0587 -7 -2.5
      vertex 10.7886 -7 -2.14599
    endloop
  endfacet
  facet normal 0 -1 0
    outer loop
      vertex 10.1627 -7 -4.20952
      vertex 11.0587 -7 -2.5
      vertex 10.5263 -7 -3.19313
    endloop
  endfacet
  facet normal 0 -1 -0
    outer loop
      vertex 52.6144 -7 3.53547
      vertex 46 -7 -7.5
      vertex 52.9291 -7 -2.87012
    endloop
  endfacet
  facet normal 0 -1 0
    outer loop
      vertex 52.9291 -7 -2.87012
      vertex 46 -7 -7.5
      vertex 52.6144 -7 -3.53547
    endloop
  endfacet
  facet normal 0 -1 0
    outer loop
      vertex 9.70113 -7 -5.18536
      vertex 34.9413 -7 -2.5
      vertex 10.1627 -7 -4.20952
    endloop
  endfacet
  facet normal 0 -1 0
    outer loop
      vertex 52.6144 -7 -3.53547
      vertex 46 -7 -7.5
      vertex 52.236 -7 -4.16678
    endloop
  endfacet
  facet normal 0 -1 0
    outer loop
      vertex 9.14616 -7 -6.11127
      vertex 34.9413 -7 -2.5
      vertex 9.70113 -7 -5.18536
    endloop
  endfacet
  facet normal 0 -1 0
    outer loop
      vertex 52.236 -7 -4.16678
      vertex 46 -7 -7.5
      vertex 51.7976 -7 -4.75795
    endloop
  endfacet
  facet normal 0 -1 0
    outer loop
      vertex 51.7976 -7 -4.75795
      vertex 46 -7 -7.5
      vertex 51.3033 -7 -5.3033
    endloop
  endfacet
  facet normal 0 -1 0
    outer loop
      vertex 8.50311 -7 -6.97833
      vertex 34.9413 -7 -2.5
      vertex 9.14616 -7 -6.11127
    endloop
  endfacet
  facet normal 0 -1 0
    outer loop
      vertex 51.3033 -7 -5.3033
      vertex 46 -7 -7.5
      vertex 50.7579 -7 -5.79758
    endloop
  endfacet
  facet normal 0 -1 0
    outer loop
      vertex 50.7579 -7 -5.79758
      vertex 46 -7 -7.5
      vertex 50.1668 -7 -6.23602
    endloop
  endfacet
  facet normal 0 -1 0
    outer loop
      vertex 50.1668 -7 -6.23602
      vertex 46 -7 -7.5
      vertex 49.5355 -7 -6.61441
    endloop
  endfacet
  facet normal 0 -1 0
    outer loop
      vertex 8.0303 -7 -7.5
      vertex 34.9413 -7 -2.5
      vertex 8.50311 -7 -6.97833
    endloop
  endfacet
  facet normal 0 -1 0
    outer loop
      vertex 49.5355 -7 -6.61441
      vertex 46 -7 -7.5
      vertex 48.8701 -7 -6.9291
    endloop
  endfacet
  facet normal 0 -1 0
    outer loop
      vertex 48.8701 -7 -6.9291
      vertex 46 -7 -7.5
      vertex 48.1771 -7 -7.17705
    endloop
  endfacet
  facet normal 0 -1 0
    outer loop
      vertex 48.1771 -7 -7.17705
      vertex 46 -7 -7.5
      vertex 47.4632 -7 -7.35589
    endloop
  endfacet
  facet normal 0 -1 -0
    outer loop
      vertex 34.9413 -7 -2.5
      vertex 8.0303 -7 -7.5
      vertex 46 -7 -7.5
    endloop
  endfacet
  facet normal 0 -1 0
    outer loop
      vertex 47.4632 -7 -7.35589
      vertex 46 -7 -7.5
      vertex 46.7351 -7 -7.46389
    endloop
  endfacet
  facet normal 0 -1 0
    outer loop
      vertex 46 -7 -7.5
      vertex 34.9413 -7 2.5
      vertex 34.9413 -7 -2.5
    endloop
  endfacet
  facet normal 0 -1 0
    outer loop
      vertex 52.6144 -7 3.53547
      vertex 52.9291 -7 -2.87012
      vertex 52.9291 -7 2.87012
    endloop
  endfacet
  facet normal 0 -1 0
    outer loop
      vertex 52.9291 -7 2.87012
      vertex 52.9291 -7 -2.87012
      vertex 53.1771 -7 2.17713
    endloop
  endfacet
  facet normal 0 -1 -0
    outer loop
      vertex 53.1771 -7 2.17713
      vertex 52.9291 -7 -2.87012
      vertex 53.3559 -7 1.46318
    endloop
  endfacet
  facet normal 0 -1 -0
    outer loop
      vertex 53.3559 -7 1.46318
      vertex 52.9291 -7 -2.87012
      vertex 53.4639 -7 0.735128
    endloop
  endfacet
  facet normal 0 -1 -0
    outer loop
      vertex 53.4639 -7 0.735128
      vertex 52.9291 -7 -2.87012
      vertex 53.5 -7 0
    endloop
  endfacet
  facet normal 0 -1 0
    outer loop
      vertex 53.5 -7 0
      vertex 52.9291 -7 -2.87012
      vertex 53.4639 -7 -0.735128
    endloop
  endfacet
  facet normal 0 -1 0
    outer loop
      vertex 53.4639 -7 -0.735128
      vertex 52.9291 -7 -2.87012
      vertex 53.3559 -7 -1.46318
    endloop
  endfacet
  facet normal 0 -1 -0
    outer loop
      vertex 52.236 -7 4.16678
      vertex 46 -7 -7.5
      vertex 52.6144 -7 3.53547
    endloop
  endfacet
  facet normal 0 -1 0
    outer loop
      vertex 53.3559 -7 -1.46318
      vertex 52.9291 -7 -2.87012
      vertex 53.1771 -7 -2.17713
    endloop
  endfacet
  facet normal 0.427538 0 -0.903998
    outer loop
      vertex 49.5355 -7 -6.61441
      vertex 49 -4 -6.86767
      vertex 49.5355 -3.97369 -6.61441
    endloop
  endfacet
  facet normal 0.427532 -1.2268e-06 -0.904
    outer loop
      vertex 48.8701 -7 -6.9291
      vertex 49 -4 -6.86767
      vertex 49.5355 -7 -6.61441
    endloop
  endfacet
  facet normal 0.427509 0 -0.904011
    outer loop
      vertex 49 -4 -6.86767
      vertex 48.8701 -7 -6.9291
      vertex 48.8701 -4 -6.9291
    endloop
  endfacet
  facet normal 0.970005 0 -0.243086
    outer loop
      vertex 53.3559 -7 -1.46318
      vertex 53.2426 -2.24264 -1.91529
      vertex 53.3559 -2.11769 -1.46318
    endloop
  endfacet
  facet normal 0.970105 4.06073e-05 -0.242684
    outer loop
      vertex 53.3559 -7 -1.46318
      vertex 53.1771 -2.30209 -2.17713
      vertex 53.2426 -2.24264 -1.91529
    endloop
  endfacet
  facet normal 0.970043 0 -0.242935
    outer loop
      vertex 53.1771 -2.30209 -2.17713
      vertex 53.3559 -7 -1.46318
      vertex 53.1771 -7 -2.17713
    endloop
  endfacet
  facet normal 0.970043 0 0.242935
    outer loop
      vertex 53.3559 -7 1.46318
      vertex 53.1771 -2.30209 2.17713
      vertex 53.1771 -7 2.17713
    endloop
  endfacet
  facet normal 0.970105 4.06073e-05 0.242684
    outer loop
      vertex 53.1771 -2.30209 2.17713
      vertex 53.3559 -7 1.46318
      vertex 53.2426 -2.24264 1.91529
    endloop
  endfacet
  facet normal 0.970005 0 0.243086
    outer loop
      vertex 53.2426 -2.24264 1.91529
      vertex 53.3559 -7 1.46318
      vertex 53.3559 -2.11769 1.46318
    endloop
  endfacet
  facet normal 0.857724 0 0.51411
    outer loop
      vertex 52.6144 -7 3.53547
      vertex 52.236 -3.0472 4.16678
      vertex 52.236 -7 4.16678
    endloop
  endfacet
  facet normal 0.857726 5.12727e-07 0.514108
    outer loop
      vertex 52.236 -3.0472 4.16678
      vertex 52.6144 -7 3.53547
      vertex 52.3334 -2.98882 4.00428
    endloop
  endfacet
  facet normal 0.857724 0 0.514111
    outer loop
      vertex 52.3334 -2.98882 4.00428
      vertex 52.6144 -7 3.53547
      vertex 52.6144 -2.78042 3.53547
    endloop
  endfacet
  facet normal 0.336843 0 0.941561
    outer loop
      vertex 48.672 7 7
      vertex 48.1771 7 7.17705
      vertex 48.672 -4 7
    endloop
  endfacet
  facet normal 0.336969 0 0.941516
    outer loop
      vertex 48.672 -4 7
      vertex 48.8701 -7 6.9291
      vertex 48.8701 -4 6.9291
    endloop
  endfacet
  facet normal 0.336879 -6.70496e-06 0.941548
    outer loop
      vertex 48.672 -4 7
      vertex 48.1771 -7 7.17705
      vertex 48.8701 -7 6.9291
    endloop
  endfacet
  facet normal 0.336843 -0 0.941561
    outer loop
      vertex 48.1771 -7 7.17705
      vertex 48.672 -4 7
      vertex 48.1771 7 7.17705
    endloop
  endfacet
  facet normal 0.427538 0 0.903998
    outer loop
      vertex 49 -4 6.86767
      vertex 49.5355 -7 6.61441
      vertex 49.5355 -3.97369 6.61441
    endloop
  endfacet
  facet normal 0.427509 -0 0.904011
    outer loop
      vertex 48.8701 -7 6.9291
      vertex 49 -4 6.86767
      vertex 48.8701 -4 6.9291
    endloop
  endfacet
  facet normal 0.427532 -1.2268e-06 0.904
    outer loop
      vertex 49 -4 6.86767
      vertex 48.8701 -7 6.9291
      vertex 49.5355 -7 6.61441
    endloop
  endfacet
  facet normal 0.671802 0 0.740731
    outer loop
      vertex 51.2961 -3.54328 5.30983
      vertex 51.3033 -7 5.3033
      vertex 51.3033 -3.53987 5.3033
    endloop
  endfacet
  facet normal 0.671524 -1.05309e-06 0.740982
    outer loop
      vertex 50.7579 -3.73583 5.79758
      vertex 51.3033 -7 5.3033
      vertex 51.2961 -3.54328 5.30983
    endloop
  endfacet
  facet normal 0.671528 0 0.740979
    outer loop
      vertex 51.3033 -7 5.3033
      vertex 50.7579 -3.73583 5.79758
      vertex 50.7579 -7 5.79758
    endloop
  endfacet
  facet normal 0.146726 0 -0.989177
    outer loop
      vertex 46.7351 -7 -7.46389
      vertex 47.4632 7 -7.35589
      vertex 47.4632 -7 -7.35589
    endloop
  endfacet
  facet normal 0.146726 0 -0.989177
    outer loop
      vertex 47.4632 7 -7.35589
      vertex 46.7351 -7 -7.46389
      vertex 46.7351 7 -7.46389
    endloop
  endfacet
  facet normal 0.243002 0 -0.970026
    outer loop
      vertex 47.4632 -7 -7.35589
      vertex 48.1771 7 -7.17705
      vertex 48.1771 -7 -7.17705
    endloop
  endfacet
  facet normal 0.243002 0 -0.970026
    outer loop
      vertex 48.1771 7 -7.17705
      vertex 47.4632 -7 -7.35589
      vertex 47.4632 7 -7.35589
    endloop
  endfacet
  facet normal 0.336969 0 -0.941516
    outer loop
      vertex 48.8701 -7 -6.9291
      vertex 48.672 -4 -7
      vertex 48.8701 -4 -6.9291
    endloop
  endfacet
  facet normal 0.336879 -6.70496e-06 -0.941548
    outer loop
      vertex 48.1771 -7 -7.17705
      vertex 48.672 -4 -7
      vertex 48.8701 -7 -6.9291
    endloop
  endfacet
  facet normal 0.336843 0 -0.941561
    outer loop
      vertex 48.1771 7 -7.17705
      vertex 48.672 -4 -7
      vertex 48.1771 -7 -7.17705
    endloop
  endfacet
  facet normal 0.336843 0 -0.941561
    outer loop
      vertex 48.672 -4 -7
      vertex 48.1771 7 -7.17705
      vertex 48.672 7 -7
    endloop
  endfacet
  facet normal 0.596506 0 -0.802608
    outer loop
      vertex 50.7579 -7 -5.79758
      vertex 50.7417 -3.74164 -5.80962
      vertex 50.7579 -3.73583 -5.79758
    endloop
  endfacet
  facet normal 0.595681 -6.36458e-06 -0.803221
    outer loop
      vertex 50.7579 -7 -5.79758
      vertex 50.1705 -3.88471 -6.23323
      vertex 50.7417 -3.74164 -5.80962
    endloop
  endfacet
  facet normal 0.595743 1.17507e-05 -0.803175
    outer loop
      vertex 50.1668 -7 -6.23602
      vertex 50.1705 -3.88471 -6.23323
      vertex 50.7579 -7 -5.79758
    endloop
  endfacet
  facet normal 0.60207 0 -0.798444
    outer loop
      vertex 50.1705 -3.88471 -6.23323
      vertex 50.1668 -7 -6.23602
      vertex 50.1668 -3.88527 -6.23602
    endloop
  endfacet
  facet normal 0.671802 0 -0.740731
    outer loop
      vertex 51.3033 -7 -5.3033
      vertex 51.2961 -3.54328 -5.30983
      vertex 51.3033 -3.53987 -5.3033
    endloop
  endfacet
  facet normal 0.671528 0 -0.740979
    outer loop
      vertex 50.7579 -3.73583 -5.79758
      vertex 51.3033 -7 -5.3033
      vertex 50.7579 -7 -5.79758
    endloop
  endfacet
  facet normal 0.671524 -1.05309e-06 -0.740982
    outer loop
      vertex 51.3033 -7 -5.3033
      vertex 50.7579 -3.73583 -5.79758
      vertex 51.2961 -3.54328 -5.30983
    endloop
  endfacet
  facet normal 0.514092 0 -0.857735
    outer loop
      vertex 50.1668 -7 -6.23602
      vertex 49.5881 -3.97111 -6.58287
      vertex 50.1668 -3.88527 -6.23602
    endloop
  endfacet
  facet normal 0.514106 3.53832e-06 -0.857727
    outer loop
      vertex 49.5355 -7 -6.61441
      vertex 49.5881 -3.97111 -6.58287
      vertex 50.1668 -7 -6.23602
    endloop
  endfacet
  facet normal 0.514256 0 -0.857637
    outer loop
      vertex 49.5881 -3.97111 -6.58287
      vertex 49.5355 -7 -6.61441
      vertex 49.5355 -3.97369 -6.61441
    endloop
  endfacet
  facet normal 0.803236 0 -0.595661
    outer loop
      vertex 52.236 -7 -4.16678
      vertex 51.8284 -3.29153 -4.71642
      vertex 52.236 -3.0472 -4.16678
    endloop
  endfacet
  facet normal 0.803216 -6.3654e-06 -0.595689
    outer loop
      vertex 52.236 -7 -4.16678
      vertex 51.7976 -3.3061 -4.75795
      vertex 51.8284 -3.29153 -4.71642
    endloop
  endfacet
  facet normal 0.803235 0 -0.595663
    outer loop
      vertex 51.7976 -3.3061 -4.75795
      vertex 52.236 -7 -4.16678
      vertex 51.7976 -7 -4.75795
    endloop
  endfacet
  facet normal 0.857724 0 -0.514111
    outer loop
      vertex 52.6144 -7 -3.53547
      vertex 52.3334 -2.98882 -4.00428
      vertex 52.6144 -2.78042 -3.53547
    endloop
  endfacet
  facet normal 0.857726 5.12727e-07 -0.514108
    outer loop
      vertex 52.6144 -7 -3.53547
      vertex 52.236 -3.0472 -4.16678
      vertex 52.3334 -2.98882 -4.00428
    endloop
  endfacet
  facet normal 0.857724 0 -0.51411
    outer loop
      vertex 52.236 -3.0472 -4.16678
      vertex 52.6144 -7 -3.53547
      vertex 52.236 -7 -4.16678
    endloop
  endfacet
  facet normal 0.989176 0 -0.146735
    outer loop
      vertex 53.4639 -7 -0.735128
      vertex 53.3559 -2.11769 -1.46318
      vertex 53.4639 -1.99854 -0.735128
    endloop
  endfacet
  facet normal 0.989176 0 -0.146735
    outer loop
      vertex 53.3559 -2.11769 -1.46318
      vertex 53.4639 -7 -0.735128
      vertex 53.3559 -7 -1.46318
    endloop
  endfacet
  facet normal 0.998796 0 -0.049048
    outer loop
      vertex 53.5 -7 0
      vertex 53.4639 -1.99854 -0.735128
      vertex 53.5 -1.95869 0
    endloop
  endfacet
  facet normal 0.998796 0 -0.049048
    outer loop
      vertex 53.4639 -1.99854 -0.735128
      vertex 53.5 -7 0
      vertex 53.4639 -7 -0.735128
    endloop
  endfacet
  facet normal 0.941525 0 0.336943
    outer loop
      vertex 53.1771 -7 2.17713
      vertex 52.9291 -2.52682 2.87012
      vertex 52.9291 -7 2.87012
    endloop
  endfacet
  facet normal 0.941525 0 0.336943
    outer loop
      vertex 52.9291 -2.52682 2.87012
      vertex 53.1771 -7 2.17713
      vertex 53.1771 -2.30209 2.17713
    endloop
  endfacet
  facet normal 0.903983 0 0.427569
    outer loop
      vertex 52.9291 -7 2.87012
      vertex 52.6144 -2.78042 3.53547
      vertex 52.6144 -7 3.53547
    endloop
  endfacet
  facet normal 0.903947 -1.46817e-05 0.427645
    outer loop
      vertex 52.6144 -2.78042 3.53547
      vertex 52.9291 -7 2.87012
      vertex 52.8064 -2.63806 3.12963
    endloop
  endfacet
  facet normal 0.904042 0 0.427444
    outer loop
      vertex 52.8064 -2.63806 3.12963
      vertex 52.9291 -7 2.87012
      vertex 52.9291 -2.52682 2.87012
    endloop
  endfacet
  facet normal 0.803235 0 0.595663
    outer loop
      vertex 52.236 -7 4.16678
      vertex 51.7976 -3.3061 4.75795
      vertex 51.7976 -7 4.75795
    endloop
  endfacet
  facet normal 0.803216 -6.3654e-06 0.595689
    outer loop
      vertex 51.7976 -3.3061 4.75795
      vertex 52.236 -7 4.16678
      vertex 51.8284 -3.29153 4.71642
    endloop
  endfacet
  facet normal 0.803236 0 0.595661
    outer loop
      vertex 51.8284 -3.29153 4.71642
      vertex 52.236 -7 4.16678
      vertex 52.236 -3.0472 4.16678
    endloop
  endfacet
  facet normal 0.243002 0 0.970026
    outer loop
      vertex 47.4632 7 7.35589
      vertex 48.1771 -7 7.17705
      vertex 48.1771 7 7.17705
    endloop
  endfacet
  facet normal 0.243002 0 0.970026
    outer loop
      vertex 48.1771 -7 7.17705
      vertex 47.4632 7 7.35589
      vertex 47.4632 -7 7.35589
    endloop
  endfacet
  facet normal 0.904042 0 -0.427444
    outer loop
      vertex 52.9291 -7 -2.87012
      vertex 52.8064 -2.63806 -3.12963
      vertex 52.9291 -2.52682 -2.87012
    endloop
  endfacet
  facet normal 0.903947 -1.46817e-05 -0.427645
    outer loop
      vertex 52.9291 -7 -2.87012
      vertex 52.6144 -2.78042 -3.53547
      vertex 52.8064 -2.63806 -3.12963
    endloop
  endfacet
  facet normal 0.903983 0 -0.427569
    outer loop
      vertex 52.6144 -2.78042 -3.53547
      vertex 52.9291 -7 -2.87012
      vertex 52.6144 -7 -3.53547
    endloop
  endfacet
  facet normal 0.941525 0 -0.336943
    outer loop
      vertex 53.1771 -7 -2.17713
      vertex 52.9291 -2.52682 -2.87012
      vertex 53.1771 -2.30209 -2.17713
    endloop
  endfacet
  facet normal 0.941525 0 -0.336943
    outer loop
      vertex 52.9291 -2.52682 -2.87012
      vertex 53.1771 -7 -2.17713
      vertex 52.9291 -7 -2.87012
    endloop
  endfacet
  facet normal 0.998794 -0 0.0490972
    outer loop
      vertex 10.947 7 1.07819
      vertex 11 11 0
      vertex 10.947 11 1.07819
    endloop
  endfacet
  facet normal 0.998794 0 0.0490972
    outer loop
      vertex 11 11 0
      vertex 10.947 7 1.07819
      vertex 11 7 0
    endloop
  endfacet
  facet normal 0.998794 -0 0.0490972
    outer loop
      vertex 10.947 -11 1.07819
      vertex 11 -7 0
      vertex 10.947 -7 1.07819
    endloop
  endfacet
  facet normal 0.998794 0 0.0490972
    outer loop
      vertex 11 -7 0
      vertex 10.947 -11 1.07819
      vertex 11 -11 0
    endloop
  endfacet
  facet normal 0.989176 -0 0.146737
    outer loop
      vertex 10.7886 7 2.14599
      vertex 10.947 11 1.07819
      vertex 10.7886 11 2.14599
    endloop
  endfacet
  facet normal 0.989176 0 0.146737
    outer loop
      vertex 10.947 11 1.07819
      vertex 10.7886 7 2.14599
      vertex 10.947 7 1.07819
    endloop
  endfacet
  facet normal 0.989176 -0 0.146737
    outer loop
      vertex 10.7886 -11 2.14599
      vertex 10.947 -7 1.07819
      vertex 10.7886 -7 2.14599
    endloop
  endfacet
  facet normal 0.989176 0 0.146737
    outer loop
      vertex 10.947 -7 1.07819
      vertex 10.7886 -11 2.14599
      vertex 10.947 -11 1.07819
    endloop
  endfacet
  facet normal -0.998794 0 0.0490972
    outer loop
      vertex -11 -11 0
      vertex -10.947 11 1.07819
      vertex -11 11 0
    endloop
  endfacet
  facet normal -0.998794 0 0.0490972
    outer loop
      vertex -10.947 11 1.07819
      vertex -11 -11 0
      vertex -10.947 -11 1.07819
    endloop
  endfacet
  facet normal 0.0490972 0 0.998794
    outer loop
      vertex 0 11 11
      vertex 1.07819 -11 10.947
      vertex 1.07819 11 10.947
    endloop
  endfacet
  facet normal 0.0490972 0 0.998794
    outer loop
      vertex 1.07819 -11 10.947
      vertex 0 11 11
      vertex 0 -11 11
    endloop
  endfacet
  facet normal 0.740948 1.64417e-06 0.671563
    outer loop
      vertex 7.77817 11 7.77817
      vertex 8.0303 7 7.5
      vertex 8.50311 11 6.97833
    endloop
  endfacet
  facet normal 0.740936 0 0.671576
    outer loop
      vertex 7.77817 11 7.77817
      vertex 8.0303 -7 7.5
      vertex 8.0303 7 7.5
    endloop
  endfacet
  facet normal 0.740936 -0 0.671576
    outer loop
      vertex 7.77817 -11 7.77817
      vertex 8.0303 -7 7.5
      vertex 7.77817 11 7.77817
    endloop
  endfacet
  facet normal 0.740948 -1.64417e-06 0.671563
    outer loop
      vertex 8.50311 -11 6.97833
      vertex 8.0303 -7 7.5
      vertex 7.77817 -11 7.77817
    endloop
  endfacet
  facet normal 0.740954 0 0.671556
    outer loop
      vertex 8.0303 -7 7.5
      vertex 8.50311 -11 6.97833
      vertex 8.50311 -7 6.97833
    endloop
  endfacet
  facet normal 0.740954 0 0.671556
    outer loop
      vertex 8.50311 11 6.97833
      vertex 8.0303 7 7.5
      vertex 8.50311 7 6.97833
    endloop
  endfacet
  facet normal -0.671563 0 0.740948
    outer loop
      vertex -7.77817 11 7.77817
      vertex -6.97833 -11 8.50311
      vertex -6.97833 11 8.50311
    endloop
  endfacet
  facet normal -0.671563 0 0.740948
    outer loop
      vertex -6.97833 -11 8.50311
      vertex -7.77817 11 7.77817
      vertex -7.77817 -11 7.77817
    endloop
  endfacet
  facet normal -0.336832 0 0.941565
    outer loop
      vertex -4.20952 11 10.1627
      vertex -3.19313 -11 10.5263
      vertex -3.19313 11 10.5263
    endloop
  endfacet
  facet normal -0.336832 0 0.941565
    outer loop
      vertex -3.19313 -11 10.5263
      vertex -4.20952 11 10.1627
      vertex -4.20952 -11 10.1627
    endloop
  endfacet
  facet normal 0.0490972 0 -0.998794
    outer loop
      vertex 0 -11 -11
      vertex 1.07819 11 -10.947
      vertex 1.07819 -11 -10.947
    endloop
  endfacet
  facet normal 0.0490972 0 -0.998794
    outer loop
      vertex 1.07819 11 -10.947
      vertex 0 -11 -11
      vertex 0 11 -11
    endloop
  endfacet
  facet normal 0.903978 -0 0.427579
    outer loop
      vertex 9.70113 7 5.18536
      vertex 10.1627 11 4.20952
      vertex 9.70113 11 5.18536
    endloop
  endfacet
  facet normal 0.903978 0 0.427579
    outer loop
      vertex 10.1627 11 4.20952
      vertex 9.70113 7 5.18536
      vertex 10.1627 7 4.20952
    endloop
  endfacet
  facet normal 0.903978 -0 0.427579
    outer loop
      vertex 9.70113 -11 5.18536
      vertex 10.1627 -7 4.20952
      vertex 9.70113 -7 5.18536
    endloop
  endfacet
  facet normal 0.903978 0 0.427579
    outer loop
      vertex 10.1627 -7 4.20952
      vertex 9.70113 -11 5.18536
      vertex 10.1627 -11 4.20952
    endloop
  endfacet
  facet normal 0.427579 0 0.903978
    outer loop
      vertex 4.20952 11 10.1627
      vertex 5.18536 -11 9.70113
      vertex 5.18536 11 9.70113
    endloop
  endfacet
  facet normal 0.427579 0 0.903978
    outer loop
      vertex 5.18536 -11 9.70113
      vertex 4.20952 11 10.1627
      vertex 4.20952 -11 10.1627
    endloop
  endfacet
  facet normal -0.80321 0 0.595696
    outer loop
      vertex -9.14616 -11 6.11127
      vertex -8.50311 11 6.97833
      vertex -9.14616 11 6.11127
    endloop
  endfacet
  facet normal -0.80321 0 0.595696
    outer loop
      vertex -8.50311 11 6.97833
      vertex -9.14616 -11 6.11127
      vertex -8.50311 -11 6.97833
    endloop
  endfacet
  facet normal -0.146737 0 0.989176
    outer loop
      vertex -2.14599 11 10.7886
      vertex -1.07819 -11 10.947
      vertex -1.07819 11 10.947
    endloop
  endfacet
  facet normal -0.146737 0 0.989176
    outer loop
      vertex -1.07819 -11 10.947
      vertex -2.14599 11 10.7886
      vertex -2.14599 -11 10.7886
    endloop
  endfacet
  facet normal 0.671563 0 -0.740948
    outer loop
      vertex 6.97833 -11 -8.50311
      vertex 7.77817 11 -7.77817
      vertex 7.77817 -11 -7.77817
    endloop
  endfacet
  facet normal 0.671563 0 -0.740948
    outer loop
      vertex 7.77817 11 -7.77817
      vertex 6.97833 -11 -8.50311
      vertex 6.97833 11 -8.50311
    endloop
  endfacet
  facet normal -0.740948 0 -0.671563
    outer loop
      vertex -7.77817 -11 -7.77817
      vertex -8.50311 11 -6.97833
      vertex -7.77817 11 -7.77817
    endloop
  endfacet
  facet normal -0.740948 -0 -0.671563
    outer loop
      vertex -8.50311 11 -6.97833
      vertex -7.77817 -11 -7.77817
      vertex -8.50311 -11 -6.97833
    endloop
  endfacet
  facet normal -0.80321 0 -0.595696
    outer loop
      vertex -8.50311 -11 -6.97833
      vertex -9.14616 11 -6.11127
      vertex -8.50311 11 -6.97833
    endloop
  endfacet
  facet normal -0.80321 -0 -0.595696
    outer loop
      vertex -9.14616 11 -6.11127
      vertex -8.50311 -11 -6.97833
      vertex -9.14616 -11 -6.11127
    endloop
  endfacet
  facet normal 0 1 0
    outer loop
      vertex 0 11 4.25
      vertex 0 11 11
      vertex 1.07819 11 10.947
    endloop
  endfacet
  facet normal 0 1 0
    outer loop
      vertex 0.416573 11 4.22953
      vertex 1.07819 11 10.947
      vertex 2.14599 11 10.7886
    endloop
  endfacet
  facet normal 0 1 0
    outer loop
      vertex 0 11 11
      vertex 0 11 4.25
      vertex -1.07819 11 10.947
    endloop
  endfacet
  facet normal 0 1 0
    outer loop
      vertex 0.829133 11 4.16834
      vertex 2.14599 11 10.7886
      vertex 3.19313 11 10.5263
    endloop
  endfacet
  facet normal 0 1 -0
    outer loop
      vertex -0.416573 11 4.22953
      vertex -1.07819 11 10.947
      vertex 0 11 4.25
    endloop
  endfacet
  facet normal 0 1 0
    outer loop
      vertex 1.23371 11 4.067
      vertex 3.19313 11 10.5263
      vertex 4.20952 11 10.1627
    endloop
  endfacet
  facet normal 0 1 0
    outer loop
      vertex -1.07819 11 10.947
      vertex -0.416573 11 4.22953
      vertex -2.14599 11 10.7886
    endloop
  endfacet
  facet normal 0 1 0
    outer loop
      vertex 1.6264 11 3.92649
      vertex 4.20952 11 10.1627
      vertex 5.18536 11 9.70113
    endloop
  endfacet
  facet normal 0 1 -0
    outer loop
      vertex -0.829133 11 4.16834
      vertex -2.14599 11 10.7886
      vertex -0.416573 11 4.22953
    endloop
  endfacet
  facet normal 0 1 0
    outer loop
      vertex 2.00344 11 3.74817
      vertex 5.18536 11 9.70113
      vertex 6.11127 11 9.14616
    endloop
  endfacet
  facet normal 0 1 0
    outer loop
      vertex -2.14599 11 10.7886
      vertex -0.829133 11 4.16834
      vertex -3.19313 11 10.5263
    endloop
  endfacet
  facet normal 0 1 0
    outer loop
      vertex 2.36117 11 3.53375
      vertex 6.11127 11 9.14616
      vertex 6.97833 11 8.50311
    endloop
  endfacet
  facet normal 0 1 -0
    outer loop
      vertex -1.23371 11 4.067
      vertex -3.19313 11 10.5263
      vertex -0.829133 11 4.16834
    endloop
  endfacet
  facet normal 0 1 0
    outer loop
      vertex 2.69617 11 3.28529
      vertex 6.97833 11 8.50311
      vertex 7.77817 11 7.77817
    endloop
  endfacet
  facet normal 0 1 0
    outer loop
      vertex -3.19313 11 10.5263
      vertex -1.23371 11 4.067
      vertex -4.20952 11 10.1627
    endloop
  endfacet
  facet normal 0 1 0
    outer loop
      vertex 3.0052 11 3.0052
      vertex 7.77817 11 7.77817
      vertex 8.50311 11 6.97833
    endloop
  endfacet
  facet normal 0 1 -0
    outer loop
      vertex -1.6264 11 3.92649
      vertex -4.20952 11 10.1627
      vertex -1.23371 11 4.067
    endloop
  endfacet
  facet normal 0 1 0
    outer loop
      vertex 3.28529 11 2.69617
      vertex 8.50311 11 6.97833
      vertex 9.14616 11 6.11127
    endloop
  endfacet
  facet normal 0 1 0
    outer loop
      vertex -4.20952 11 10.1627
      vertex -1.6264 11 3.92649
      vertex -5.18536 11 9.70113
    endloop
  endfacet
  facet normal 0 1 0
    outer loop
      vertex 3.53375 11 2.36117
      vertex 9.14616 11 6.11127
      vertex 9.70113 11 5.18536
    endloop
  endfacet
  facet normal 0 1 -0
    outer loop
      vertex -2.00344 11 3.74817
      vertex -5.18536 11 9.70113
      vertex -1.6264 11 3.92649
    endloop
  endfacet
  facet normal 0 1 0
    outer loop
      vertex -5.18536 11 9.70113
      vertex -2.00344 11 3.74817
      vertex -6.11127 11 9.14616
    endloop
  endfacet
  facet normal 0 1 0
    outer loop
      vertex 1.07819 11 10.947
      vertex 0.416573 11 4.22953
      vertex 0 11 4.25
    endloop
  endfacet
  facet normal 0 1 0
    outer loop
      vertex 3.74817 11 2.00344
      vertex 9.70113 11 5.18536
      vertex 10.1627 11 4.20952
    endloop
  endfacet
  facet normal 0 1 0
    outer loop
      vertex 2.14599 11 10.7886
      vertex 0.829133 11 4.16834
      vertex 0.416573 11 4.22953
    endloop
  endfacet
  facet normal 0 1 0
    outer loop
      vertex 3.19313 11 10.5263
      vertex 1.23371 11 4.067
      vertex 0.829133 11 4.16834
    endloop
  endfacet
  facet normal 0 1 0
    outer loop
      vertex 4.20952 11 10.1627
      vertex 1.6264 11 3.92649
      vertex 1.23371 11 4.067
    endloop
  endfacet
  facet normal 0 1 0
    outer loop
      vertex 5.18536 11 9.70113
      vertex 2.00344 11 3.74817
      vertex 1.6264 11 3.92649
    endloop
  endfacet
  facet normal 0 1 0
    outer loop
      vertex 6.11127 11 9.14616
      vertex 2.36117 11 3.53375
      vertex 2.00344 11 3.74817
    endloop
  endfacet
  facet normal 0 1 0
    outer loop
      vertex 6.97833 11 8.50311
      vertex 2.69617 11 3.28529
      vertex 2.36117 11 3.53375
    endloop
  endfacet
  facet normal 0 1 0
    outer loop
      vertex 3.92649 11 1.6264
      vertex 10.1627 11 4.20952
      vertex 10.5263 11 3.19313
    endloop
  endfacet
  facet normal 0 1 0
    outer loop
      vertex 7.77817 11 7.77817
      vertex 3.0052 11 3.0052
      vertex 2.69617 11 3.28529
    endloop
  endfacet
  facet normal 0 1 0
    outer loop
      vertex 8.50311 11 6.97833
      vertex 3.28529 11 2.69617
      vertex 3.0052 11 3.0052
    endloop
  endfacet
  facet normal 0 1 0
    outer loop
      vertex 9.14616 11 6.11127
      vertex 3.53375 11 2.36117
      vertex 3.28529 11 2.69617
    endloop
  endfacet
  facet normal 0 1 0
    outer loop
      vertex 4.067 11 1.23371
      vertex 10.5263 11 3.19313
      vertex 10.7886 11 2.14599
    endloop
  endfacet
  facet normal 0 1 0
    outer loop
      vertex 9.70113 11 5.18536
      vertex 3.74817 11 2.00344
      vertex 3.53375 11 2.36117
    endloop
  endfacet
  facet normal 0 1 0
    outer loop
      vertex 10.1627 11 4.20952
      vertex 3.92649 11 1.6264
      vertex 3.74817 11 2.00344
    endloop
  endfacet
  facet normal 0 1 0
    outer loop
      vertex 10.5263 11 3.19313
      vertex 4.067 11 1.23371
      vertex 3.92649 11 1.6264
    endloop
  endfacet
  facet normal 0 1 0
    outer loop
      vertex 4.16834 11 0.829133
      vertex 10.7886 11 2.14599
      vertex 10.947 11 1.07819
    endloop
  endfacet
  facet normal 0 1 0
    outer loop
      vertex 10.7886 11 2.14599
      vertex 4.16834 11 0.829133
      vertex 4.067 11 1.23371
    endloop
  endfacet
  facet normal 0 1 0
    outer loop
      vertex 10.947 11 1.07819
      vertex 4.22953 11 0.416573
      vertex 4.16834 11 0.829133
    endloop
  endfacet
  facet normal 0 1 0
    outer loop
      vertex 11 11 0
      vertex 4.22953 11 0.416573
      vertex 10.947 11 1.07819
    endloop
  endfacet
  facet normal 0 1 0
    outer loop
      vertex 11 11 0
      vertex 4.25 11 0
      vertex 4.22953 11 0.416573
    endloop
  endfacet
  facet normal 0 1 0
    outer loop
      vertex 11 11 0
      vertex 4.22953 11 -0.416573
      vertex 4.25 11 0
    endloop
  endfacet
  facet normal 0 1 -0
    outer loop
      vertex 10.947 11 -1.07819
      vertex 4.22953 11 -0.416573
      vertex 11 11 0
    endloop
  endfacet
  facet normal 0 1 0
    outer loop
      vertex 4.22953 11 -0.416573
      vertex 10.947 11 -1.07819
      vertex 4.16834 11 -0.829133
    endloop
  endfacet
  facet normal 0 1 -0
    outer loop
      vertex 10.7886 11 -2.14599
      vertex 4.16834 11 -0.829133
      vertex 10.947 11 -1.07819
    endloop
  endfacet
  facet normal 0 1 0
    outer loop
      vertex 4.16834 11 -0.829133
      vertex 10.7886 11 -2.14599
      vertex 4.067 11 -1.23371
    endloop
  endfacet
  facet normal 0 1 -0
    outer loop
      vertex 10.5263 11 -3.19313
      vertex 4.067 11 -1.23371
      vertex 10.7886 11 -2.14599
    endloop
  endfacet
  facet normal 0 1 0
    outer loop
      vertex 4.067 11 -1.23371
      vertex 10.5263 11 -3.19313
      vertex 3.92649 11 -1.6264
    endloop
  endfacet
  facet normal 0 1 -0
    outer loop
      vertex 10.1627 11 -4.20952
      vertex 3.92649 11 -1.6264
      vertex 10.5263 11 -3.19313
    endloop
  endfacet
  facet normal 0 1 0
    outer loop
      vertex 3.92649 11 -1.6264
      vertex 10.1627 11 -4.20952
      vertex 3.74817 11 -2.00344
    endloop
  endfacet
  facet normal 0 1 -0
    outer loop
      vertex 9.70113 11 -5.18536
      vertex 3.74817 11 -2.00344
      vertex 10.1627 11 -4.20952
    endloop
  endfacet
  facet normal 0 1 0
    outer loop
      vertex 3.74817 11 -2.00344
      vertex 9.70113 11 -5.18536
      vertex 3.53375 11 -2.36117
    endloop
  endfacet
  facet normal 0 1 -0
    outer loop
      vertex 9.14616 11 -6.11127
      vertex 3.53375 11 -2.36117
      vertex 9.70113 11 -5.18536
    endloop
  endfacet
  facet normal 0 1 0
    outer loop
      vertex 3.53375 11 -2.36117
      vertex 9.14616 11 -6.11127
      vertex 3.28529 11 -2.69617
    endloop
  endfacet
  facet normal 0 1 -0
    outer loop
      vertex 8.50311 11 -6.97833
      vertex 3.28529 11 -2.69617
      vertex 9.14616 11 -6.11127
    endloop
  endfacet
  facet normal 0 1 0
    outer loop
      vertex 3.28529 11 -2.69617
      vertex 8.50311 11 -6.97833
      vertex 3.0052 11 -3.0052
    endloop
  endfacet
  facet normal 0 1 -0
    outer loop
      vertex 7.77817 11 -7.77817
      vertex 3.0052 11 -3.0052
      vertex 8.50311 11 -6.97833
    endloop
  endfacet
  facet normal 0 1 0
    outer loop
      vertex 3.0052 11 -3.0052
      vertex 7.77817 11 -7.77817
      vertex 2.69617 11 -3.28529
    endloop
  endfacet
  facet normal 0 1 -0
    outer loop
      vertex 6.97833 11 -8.50311
      vertex 2.69617 11 -3.28529
      vertex 7.77817 11 -7.77817
    endloop
  endfacet
  facet normal 0 1 0
    outer loop
      vertex 2.69617 11 -3.28529
      vertex 6.97833 11 -8.50311
      vertex 2.36117 11 -3.53375
    endloop
  endfacet
  facet normal 0 1 -0
    outer loop
      vertex 6.11127 11 -9.14616
      vertex 2.36117 11 -3.53375
      vertex 6.97833 11 -8.50311
    endloop
  endfacet
  facet normal 0 1 0
    outer loop
      vertex 2.36117 11 -3.53375
      vertex 6.11127 11 -9.14616
      vertex 2.00344 11 -3.74817
    endloop
  endfacet
  facet normal 0 1 -0
    outer loop
      vertex -2.36117 11 3.53375
      vertex -6.11127 11 9.14616
      vertex -2.00344 11 3.74817
    endloop
  endfacet
  facet normal 0 1 0
    outer loop
      vertex -6.11127 11 9.14616
      vertex -2.36117 11 3.53375
      vertex -6.97833 11 8.50311
    endloop
  endfacet
  facet normal 0 1 -0
    outer loop
      vertex -2.69617 11 3.28529
      vertex -6.97833 11 8.50311
      vertex -2.36117 11 3.53375
    endloop
  endfacet
  facet normal 0 1 0
    outer loop
      vertex -6.97833 11 8.50311
      vertex -2.69617 11 3.28529
      vertex -7.77817 11 7.77817
    endloop
  endfacet
  facet normal 0 1 -0
    outer loop
      vertex -3.0052 11 3.0052
      vertex -7.77817 11 7.77817
      vertex -2.69617 11 3.28529
    endloop
  endfacet
  facet normal 0 1 0
    outer loop
      vertex -7.77817 11 7.77817
      vertex -3.0052 11 3.0052
      vertex -8.50311 11 6.97833
    endloop
  endfacet
  facet normal 0 1 -0
    outer loop
      vertex -3.28529 11 2.69617
      vertex -8.50311 11 6.97833
      vertex -3.0052 11 3.0052
    endloop
  endfacet
  facet normal 0 1 0
    outer loop
      vertex -8.50311 11 6.97833
      vertex -3.28529 11 2.69617
      vertex -9.14616 11 6.11127
    endloop
  endfacet
  facet normal 0 1 -0
    outer loop
      vertex -3.53375 11 2.36117
      vertex -9.14616 11 6.11127
      vertex -3.28529 11 2.69617
    endloop
  endfacet
  facet normal 0 1 0
    outer loop
      vertex -9.14616 11 6.11127
      vertex -3.53375 11 2.36117
      vertex -9.70113 11 5.18536
    endloop
  endfacet
  facet normal 0 1 -0
    outer loop
      vertex -3.74817 11 2.00344
      vertex -9.70113 11 5.18536
      vertex -3.53375 11 2.36117
    endloop
  endfacet
  facet normal 0 1 0
    outer loop
      vertex -9.70113 11 5.18536
      vertex -3.74817 11 2.00344
      vertex -10.1627 11 4.20952
    endloop
  endfacet
  facet normal 0 1 -0
    outer loop
      vertex -3.92649 11 1.6264
      vertex -10.1627 11 4.20952
      vertex -3.74817 11 2.00344
    endloop
  endfacet
  facet normal 0 1 0
    outer loop
      vertex -10.1627 11 4.20952
      vertex -3.92649 11 1.6264
      vertex -10.5263 11 3.19313
    endloop
  endfacet
  facet normal 0 1 -0
    outer loop
      vertex -4.067 11 1.23371
      vertex -10.5263 11 3.19313
      vertex -3.92649 11 1.6264
    endloop
  endfacet
  facet normal 0 1 0
    outer loop
      vertex -10.5263 11 3.19313
      vertex -4.067 11 1.23371
      vertex -10.7886 11 2.14599
    endloop
  endfacet
  facet normal 0 1 -0
    outer loop
      vertex -4.16834 11 0.829133
      vertex -10.7886 11 2.14599
      vertex -4.067 11 1.23371
    endloop
  endfacet
  facet normal 0 1 0
    outer loop
      vertex -10.7886 11 2.14599
      vertex -4.16834 11 0.829133
      vertex -10.947 11 1.07819
    endloop
  endfacet
  facet normal 0 1 -0
    outer loop
      vertex -4.22953 11 0.416573
      vertex -10.947 11 1.07819
      vertex -4.16834 11 0.829133
    endloop
  endfacet
  facet normal 0 1 -0
    outer loop
      vertex -4.25 11 0
      vertex -10.947 11 1.07819
      vertex -4.22953 11 0.416573
    endloop
  endfacet
  facet normal 0 1 0
    outer loop
      vertex -4.25 11 0
      vertex -11 11 0
      vertex -10.947 11 1.07819
    endloop
  endfacet
  facet normal 0 1 0
    outer loop
      vertex -4.22953 11 -0.416573
      vertex -11 11 0
      vertex -4.25 11 0
    endloop
  endfacet
  facet normal 0 1 0
    outer loop
      vertex -10.947 11 -1.07819
      vertex -4.22953 11 -0.416573
      vertex -4.16834 11 -0.829133
    endloop
  endfacet
  facet normal 0 1 0
    outer loop
      vertex -4.22953 11 -0.416573
      vertex -10.947 11 -1.07819
      vertex -11 11 0
    endloop
  endfacet
  facet normal 0 1 0
    outer loop
      vertex -10.7886 11 -2.14599
      vertex -4.16834 11 -0.829133
      vertex -4.067 11 -1.23371
    endloop
  endfacet
  facet normal 0 1 0
    outer loop
      vertex -10.5263 11 -3.19313
      vertex -4.067 11 -1.23371
      vertex -3.92649 11 -1.6264
    endloop
  endfacet
  facet normal 0 1 0
    outer loop
      vertex -10.1627 11 -4.20952
      vertex -3.92649 11 -1.6264
      vertex -3.74817 11 -2.00344
    endloop
  endfacet
  facet normal 0 1 0
    outer loop
      vertex -4.16834 11 -0.829133
      vertex -10.7886 11 -2.14599
      vertex -10.947 11 -1.07819
    endloop
  endfacet
  facet normal 0 1 0
    outer loop
      vertex -9.70113 11 -5.18536
      vertex -3.74817 11 -2.00344
      vertex -3.53375 11 -2.36117
    endloop
  endfacet
  facet normal 0 1 0
    outer loop
      vertex -9.14616 11 -6.11127
      vertex -3.53375 11 -2.36117
      vertex -3.28529 11 -2.69617
    endloop
  endfacet
  facet normal 0 1 0
    outer loop
      vertex -8.50311 11 -6.97833
      vertex -3.28529 11 -2.69617
      vertex -3.0052 11 -3.0052
    endloop
  endfacet
  facet normal 0 1 0
    outer loop
      vertex -4.067 11 -1.23371
      vertex -10.5263 11 -3.19313
      vertex -10.7886 11 -2.14599
    endloop
  endfacet
  facet normal 0 1 0
    outer loop
      vertex -7.77817 11 -7.77817
      vertex -3.0052 11 -3.0052
      vertex -2.69617 11 -3.28529
    endloop
  endfacet
  facet normal 0 1 0
    outer loop
      vertex -6.97833 11 -8.50311
      vertex -2.69617 11 -3.28529
      vertex -2.36117 11 -3.53375
    endloop
  endfacet
  facet normal 0 1 0
    outer loop
      vertex -6.11127 11 -9.14616
      vertex -2.36117 11 -3.53375
      vertex -2.00344 11 -3.74817
    endloop
  endfacet
  facet normal 0 1 0
    outer loop
      vertex -5.18536 11 -9.70113
      vertex -2.00344 11 -3.74817
      vertex -1.6264 11 -3.92649
    endloop
  endfacet
  facet normal 0 1 0
    outer loop
      vertex -4.20952 11 -10.1627
      vertex -1.6264 11 -3.92649
      vertex -1.23371 11 -4.067
    endloop
  endfacet
  facet normal 0 1 0
    outer loop
      vertex -3.19313 11 -10.5263
      vertex -1.23371 11 -4.067
      vertex -0.829133 11 -4.16834
    endloop
  endfacet
  facet normal 0 1 0
    outer loop
      vertex -3.92649 11 -1.6264
      vertex -10.1627 11 -4.20952
      vertex -10.5263 11 -3.19313
    endloop
  endfacet
  facet normal 0 1 0
    outer loop
      vertex -2.14599 11 -10.7886
      vertex -0.829133 11 -4.16834
      vertex -0.416573 11 -4.22953
    endloop
  endfacet
  facet normal 0 1 0
    outer loop
      vertex -1.07819 11 -10.947
      vertex -0.416573 11 -4.22953
      vertex 0 11 -4.25
    endloop
  endfacet
  facet normal 0 1 -0
    outer loop
      vertex 5.18536 11 -9.70113
      vertex 2.00344 11 -3.74817
      vertex 6.11127 11 -9.14616
    endloop
  endfacet
  facet normal 0 1 0
    outer loop
      vertex -3.74817 11 -2.00344
      vertex -9.70113 11 -5.18536
      vertex -10.1627 11 -4.20952
    endloop
  endfacet
  facet normal 0 1 0
    outer loop
      vertex 2.00344 11 -3.74817
      vertex 5.18536 11 -9.70113
      vertex 1.6264 11 -3.92649
    endloop
  endfacet
  facet normal 0 1 0
    outer loop
      vertex -3.53375 11 -2.36117
      vertex -9.14616 11 -6.11127
      vertex -9.70113 11 -5.18536
    endloop
  endfacet
  facet normal 0 1 -0
    outer loop
      vertex 4.20952 11 -10.1627
      vertex 1.6264 11 -3.92649
      vertex 5.18536 11 -9.70113
    endloop
  endfacet
  facet normal 0 1 0
    outer loop
      vertex -3.28529 11 -2.69617
      vertex -8.50311 11 -6.97833
      vertex -9.14616 11 -6.11127
    endloop
  endfacet
  facet normal 0 1 0
    outer loop
      vertex 1.6264 11 -3.92649
      vertex 4.20952 11 -10.1627
      vertex 1.23371 11 -4.067
    endloop
  endfacet
  facet normal 0 1 0
    outer loop
      vertex -3.0052 11 -3.0052
      vertex -7.77817 11 -7.77817
      vertex -8.50311 11 -6.97833
    endloop
  endfacet
  facet normal 0 1 -0
    outer loop
      vertex 3.19313 11 -10.5263
      vertex 1.23371 11 -4.067
      vertex 4.20952 11 -10.1627
    endloop
  endfacet
  facet normal 0 1 0
    outer loop
      vertex -2.69617 11 -3.28529
      vertex -6.97833 11 -8.50311
      vertex -7.77817 11 -7.77817
    endloop
  endfacet
  facet normal 0 1 0
    outer loop
      vertex 1.23371 11 -4.067
      vertex 3.19313 11 -10.5263
      vertex 0.829133 11 -4.16834
    endloop
  endfacet
  facet normal 0 1 0
    outer loop
      vertex -2.36117 11 -3.53375
      vertex -6.11127 11 -9.14616
      vertex -6.97833 11 -8.50311
    endloop
  endfacet
  facet normal 0 1 -0
    outer loop
      vertex 2.14599 11 -10.7886
      vertex 0.829133 11 -4.16834
      vertex 3.19313 11 -10.5263
    endloop
  endfacet
  facet normal 0 1 0
    outer loop
      vertex -2.00344 11 -3.74817
      vertex -5.18536 11 -9.70113
      vertex -6.11127 11 -9.14616
    endloop
  endfacet
  facet normal 0 1 0
    outer loop
      vertex 0.829133 11 -4.16834
      vertex 2.14599 11 -10.7886
      vertex 0.416573 11 -4.22953
    endloop
  endfacet
  facet normal 0 1 0
    outer loop
      vertex -1.6264 11 -3.92649
      vertex -4.20952 11 -10.1627
      vertex -5.18536 11 -9.70113
    endloop
  endfacet
  facet normal 0 1 -0
    outer loop
      vertex 1.07819 11 -10.947
      vertex 0.416573 11 -4.22953
      vertex 2.14599 11 -10.7886
    endloop
  endfacet
  facet normal 0 1 0
    outer loop
      vertex -1.23371 11 -4.067
      vertex -3.19313 11 -10.5263
      vertex -4.20952 11 -10.1627
    endloop
  endfacet
  facet normal 0 1 0
    outer loop
      vertex 0.416573 11 -4.22953
      vertex 1.07819 11 -10.947
      vertex 0 11 -4.25
    endloop
  endfacet
  facet normal 0 1 0
    outer loop
      vertex -0.829133 11 -4.16834
      vertex -2.14599 11 -10.7886
      vertex -3.19313 11 -10.5263
    endloop
  endfacet
  facet normal 0 1 0
    outer loop
      vertex 0 11 -11
      vertex 0 11 -4.25
      vertex 1.07819 11 -10.947
    endloop
  endfacet
  facet normal 0 1 0
    outer loop
      vertex -0.416573 11 -4.22953
      vertex -1.07819 11 -10.947
      vertex -2.14599 11 -10.7886
    endloop
  endfacet
  facet normal 0 1 0
    outer loop
      vertex 0 11 -4.25
      vertex 0 11 -11
      vertex -1.07819 11 -10.947
    endloop
  endfacet
  facet normal 0.97003 -0 0.242985
    outer loop
      vertex 10.5263 -11 3.19313
      vertex 10.7886 -7 2.14599
      vertex 10.5263 -7 3.19313
    endloop
  endfacet
  facet normal 0.97003 0 0.242985
    outer loop
      vertex 10.7886 -7 2.14599
      vertex 10.5263 -11 3.19313
      vertex 10.7886 -11 2.14599
    endloop
  endfacet
  facet normal 0.97003 -0 0.242985
    outer loop
      vertex 10.5263 7 3.19313
      vertex 10.7886 11 2.14599
      vertex 10.5263 11 3.19313
    endloop
  endfacet
  facet normal 0.97003 0 0.242985
    outer loop
      vertex 10.7886 11 2.14599
      vertex 10.5263 7 3.19313
      vertex 10.7886 7 2.14599
    endloop
  endfacet
  facet normal 0.941565 -0 0.336832
    outer loop
      vertex 10.1627 7 4.20952
      vertex 10.5263 11 3.19313
      vertex 10.1627 11 4.20952
    endloop
  endfacet
  facet normal 0.941565 0 0.336832
    outer loop
      vertex 10.5263 11 3.19313
      vertex 10.1627 7 4.20952
      vertex 10.5263 7 3.19313
    endloop
  endfacet
  facet normal 0.941565 -0 0.336832
    outer loop
      vertex 10.1627 -11 4.20952
      vertex 10.5263 -7 3.19313
      vertex 10.1627 -7 4.20952
    endloop
  endfacet
  facet normal 0.941565 0 0.336832
    outer loop
      vertex 10.5263 -7 3.19313
      vertex 10.1627 -11 4.20952
      vertex 10.5263 -11 3.19313
    endloop
  endfacet
  facet normal 0.242985 0 0.97003
    outer loop
      vertex 2.14599 11 10.7886
      vertex 3.19313 -11 10.5263
      vertex 3.19313 11 10.5263
    endloop
  endfacet
  facet normal 0.242985 0 0.97003
    outer loop
      vertex 3.19313 -11 10.5263
      vertex 2.14599 11 10.7886
      vertex 2.14599 -11 10.7886
    endloop
  endfacet
  facet normal 0.595696 0 0.80321
    outer loop
      vertex 6.11127 11 9.14616
      vertex 6.97833 -11 8.50311
      vertex 6.97833 11 8.50311
    endloop
  endfacet
  facet normal 0.595696 0 0.80321
    outer loop
      vertex 6.97833 -11 8.50311
      vertex 6.11127 11 9.14616
      vertex 6.11127 -11 9.14616
    endloop
  endfacet
  facet normal -0.97003 0 0.242985
    outer loop
      vertex -10.7886 -11 2.14599
      vertex -10.5263 11 3.19313
      vertex -10.7886 11 2.14599
    endloop
  endfacet
  facet normal -0.97003 0 0.242985
    outer loop
      vertex -10.5263 11 3.19313
      vertex -10.7886 -11 2.14599
      vertex -10.5263 -11 3.19313
    endloop
  endfacet
  facet normal -0.903978 0 0.427579
    outer loop
      vertex -10.1627 -11 4.20952
      vertex -9.70113 11 5.18536
      vertex -10.1627 11 4.20952
    endloop
  endfacet
  facet normal -0.903978 0 0.427579
    outer loop
      vertex -9.70113 11 5.18536
      vertex -10.1627 -11 4.20952
      vertex -9.70113 -11 5.18536
    endloop
  endfacet
  facet normal -0.857728 0 0.514103
    outer loop
      vertex -9.70113 -11 5.18536
      vertex -9.14616 11 6.11127
      vertex -9.70113 11 5.18536
    endloop
  endfacet
  facet normal -0.857728 0 0.514103
    outer loop
      vertex -9.14616 11 6.11127
      vertex -9.70113 -11 5.18536
      vertex -9.14616 -11 6.11127
    endloop
  endfacet
  facet normal 0 -1 0
    outer loop
      vertex 0 -11 4.25
      vertex 0 -11 11
      vertex -1.07819 -11 10.947
    endloop
  endfacet
  facet normal 0 -1 0
    outer loop
      vertex -0.416573 -11 4.22953
      vertex -1.07819 -11 10.947
      vertex -2.14599 -11 10.7886
    endloop
  endfacet
  facet normal 0 -1 0
    outer loop
      vertex 0 -11 11
      vertex 0 -11 4.25
      vertex 1.07819 -11 10.947
    endloop
  endfacet
  facet normal 0 -1 0
    outer loop
      vertex -0.829133 -11 4.16834
      vertex -2.14599 -11 10.7886
      vertex -3.19313 -11 10.5263
    endloop
  endfacet
  facet normal 0 -1 0
    outer loop
      vertex 0.416573 -11 4.22953
      vertex 1.07819 -11 10.947
      vertex 0 -11 4.25
    endloop
  endfacet
  facet normal 0 -1 0
    outer loop
      vertex -1.23371 -11 4.067
      vertex -3.19313 -11 10.5263
      vertex -4.20952 -11 10.1627
    endloop
  endfacet
  facet normal 0 -1 -0
    outer loop
      vertex 1.07819 -11 10.947
      vertex 0.416573 -11 4.22953
      vertex 2.14599 -11 10.7886
    endloop
  endfacet
  facet normal 0 -1 0
    outer loop
      vertex -1.6264 -11 3.92649
      vertex -4.20952 -11 10.1627
      vertex -5.18536 -11 9.70113
    endloop
  endfacet
  facet normal 0 -1 0
    outer loop
      vertex 0.829133 -11 4.16834
      vertex 2.14599 -11 10.7886
      vertex 0.416573 -11 4.22953
    endloop
  endfacet
  facet normal 0 -1 0
    outer loop
      vertex -2.00344 -11 3.74817
      vertex -5.18536 -11 9.70113
      vertex -6.11127 -11 9.14616
    endloop
  endfacet
  facet normal 0 -1 -0
    outer loop
      vertex 2.14599 -11 10.7886
      vertex 0.829133 -11 4.16834
      vertex 3.19313 -11 10.5263
    endloop
  endfacet
  facet normal 0 -1 0
    outer loop
      vertex -2.36117 -11 3.53375
      vertex -6.11127 -11 9.14616
      vertex -6.97833 -11 8.50311
    endloop
  endfacet
  facet normal 0 -1 0
    outer loop
      vertex 1.23371 -11 4.067
      vertex 3.19313 -11 10.5263
      vertex 0.829133 -11 4.16834
    endloop
  endfacet
  facet normal 0 -1 0
    outer loop
      vertex -2.69617 -11 3.28529
      vertex -6.97833 -11 8.50311
      vertex -7.77817 -11 7.77817
    endloop
  endfacet
  facet normal 0 -1 -0
    outer loop
      vertex 3.19313 -11 10.5263
      vertex 1.23371 -11 4.067
      vertex 4.20952 -11 10.1627
    endloop
  endfacet
  facet normal 0 -1 0
    outer loop
      vertex -3.0052 -11 3.0052
      vertex -7.77817 -11 7.77817
      vertex -8.50311 -11 6.97833
    endloop
  endfacet
  facet normal 0 -1 0
    outer loop
      vertex 1.6264 -11 3.92649
      vertex 4.20952 -11 10.1627
      vertex 1.23371 -11 4.067
    endloop
  endfacet
  facet normal 0 -1 0
    outer loop
      vertex -3.28529 -11 2.69617
      vertex -8.50311 -11 6.97833
      vertex -9.14616 -11 6.11127
    endloop
  endfacet
  facet normal 0 -1 -0
    outer loop
      vertex 4.20952 -11 10.1627
      vertex 1.6264 -11 3.92649
      vertex 5.18536 -11 9.70113
    endloop
  endfacet
  facet normal 0 -1 0
    outer loop
      vertex -3.53375 -11 2.36117
      vertex -9.14616 -11 6.11127
      vertex -9.70113 -11 5.18536
    endloop
  endfacet
  facet normal 0 -1 0
    outer loop
      vertex 2.00344 -11 3.74817
      vertex 5.18536 -11 9.70113
      vertex 1.6264 -11 3.92649
    endloop
  endfacet
  facet normal 0 -1 -0
    outer loop
      vertex 5.18536 -11 9.70113
      vertex 2.00344 -11 3.74817
      vertex 6.11127 -11 9.14616
    endloop
  endfacet
  facet normal 0 -1 0
    outer loop
      vertex -1.07819 -11 10.947
      vertex -0.416573 -11 4.22953
      vertex 0 -11 4.25
    endloop
  endfacet
  facet normal 0 -1 0
    outer loop
      vertex -3.74817 -11 2.00344
      vertex -9.70113 -11 5.18536
      vertex -10.1627 -11 4.20952
    endloop
  endfacet
  facet normal 0 -1 0
    outer loop
      vertex -2.14599 -11 10.7886
      vertex -0.829133 -11 4.16834
      vertex -0.416573 -11 4.22953
    endloop
  endfacet
  facet normal 0 -1 0
    outer loop
      vertex -3.19313 -11 10.5263
      vertex -1.23371 -11 4.067
      vertex -0.829133 -11 4.16834
    endloop
  endfacet
  facet normal 0 -1 0
    outer loop
      vertex -4.20952 -11 10.1627
      vertex -1.6264 -11 3.92649
      vertex -1.23371 -11 4.067
    endloop
  endfacet
  facet normal 0 -1 0
    outer loop
      vertex -5.18536 -11 9.70113
      vertex -2.00344 -11 3.74817
      vertex -1.6264 -11 3.92649
    endloop
  endfacet
  facet normal 0 -1 0
    outer loop
      vertex -6.11127 -11 9.14616
      vertex -2.36117 -11 3.53375
      vertex -2.00344 -11 3.74817
    endloop
  endfacet
  facet normal 0 -1 0
    outer loop
      vertex -6.97833 -11 8.50311
      vertex -2.69617 -11 3.28529
      vertex -2.36117 -11 3.53375
    endloop
  endfacet
  facet normal 0 -1 0
    outer loop
      vertex -3.92649 -11 1.6264
      vertex -10.1627 -11 4.20952
      vertex -10.5263 -11 3.19313
    endloop
  endfacet
  facet normal 0 -1 0
    outer loop
      vertex -7.77817 -11 7.77817
      vertex -3.0052 -11 3.0052
      vertex -2.69617 -11 3.28529
    endloop
  endfacet
  facet normal 0 -1 0
    outer loop
      vertex -8.50311 -11 6.97833
      vertex -3.28529 -11 2.69617
      vertex -3.0052 -11 3.0052
    endloop
  endfacet
  facet normal 0 -1 0
    outer loop
      vertex -9.14616 -11 6.11127
      vertex -3.53375 -11 2.36117
      vertex -3.28529 -11 2.69617
    endloop
  endfacet
  facet normal 0 -1 0
    outer loop
      vertex -4.067 -11 1.23371
      vertex -10.5263 -11 3.19313
      vertex -10.7886 -11 2.14599
    endloop
  endfacet
  facet normal 0 -1 0
    outer loop
      vertex -9.70113 -11 5.18536
      vertex -3.74817 -11 2.00344
      vertex -3.53375 -11 2.36117
    endloop
  endfacet
  facet normal 0 -1 0
    outer loop
      vertex -10.1627 -11 4.20952
      vertex -3.92649 -11 1.6264
      vertex -3.74817 -11 2.00344
    endloop
  endfacet
  facet normal 0 -1 0
    outer loop
      vertex -10.5263 -11 3.19313
      vertex -4.067 -11 1.23371
      vertex -3.92649 -11 1.6264
    endloop
  endfacet
  facet normal 0 -1 0
    outer loop
      vertex -4.16834 -11 0.829133
      vertex -10.7886 -11 2.14599
      vertex -10.947 -11 1.07819
    endloop
  endfacet
  facet normal 0 -1 0
    outer loop
      vertex -10.7886 -11 2.14599
      vertex -4.16834 -11 0.829133
      vertex -4.067 -11 1.23371
    endloop
  endfacet
  facet normal 0 -1 0
    outer loop
      vertex -10.947 -11 1.07819
      vertex -4.22953 -11 0.416573
      vertex -4.16834 -11 0.829133
    endloop
  endfacet
  facet normal 0 -1 0
    outer loop
      vertex -11 -11 0
      vertex -4.22953 -11 0.416573
      vertex -10.947 -11 1.07819
    endloop
  endfacet
  facet normal 0 -1 0
    outer loop
      vertex -11 -11 0
      vertex -4.25 -11 0
      vertex -4.22953 -11 0.416573
    endloop
  endfacet
  facet normal 0 -1 0
    outer loop
      vertex -11 -11 0
      vertex -4.22953 -11 -0.416573
      vertex -4.25 -11 0
    endloop
  endfacet
  facet normal 0 -1 0
    outer loop
      vertex -10.947 -11 -1.07819
      vertex -4.22953 -11 -0.416573
      vertex -11 -11 0
    endloop
  endfacet
  facet normal 0 -1 -0
    outer loop
      vertex -4.22953 -11 -0.416573
      vertex -10.947 -11 -1.07819
      vertex -4.16834 -11 -0.829133
    endloop
  endfacet
  facet normal 0 -1 0
    outer loop
      vertex -10.7886 -11 -2.14599
      vertex -4.16834 -11 -0.829133
      vertex -10.947 -11 -1.07819
    endloop
  endfacet
  facet normal 0 -1 -0
    outer loop
      vertex -4.16834 -11 -0.829133
      vertex -10.7886 -11 -2.14599
      vertex -4.067 -11 -1.23371
    endloop
  endfacet
  facet normal 0 -1 0
    outer loop
      vertex -10.5263 -11 -3.19313
      vertex -4.067 -11 -1.23371
      vertex -10.7886 -11 -2.14599
    endloop
  endfacet
  facet normal 0 -1 -0
    outer loop
      vertex -4.067 -11 -1.23371
      vertex -10.5263 -11 -3.19313
      vertex -3.92649 -11 -1.6264
    endloop
  endfacet
  facet normal 0 -1 0
    outer loop
      vertex -10.1627 -11 -4.20952
      vertex -3.92649 -11 -1.6264
      vertex -10.5263 -11 -3.19313
    endloop
  endfacet
  facet normal 0 -1 -0
    outer loop
      vertex -3.92649 -11 -1.6264
      vertex -10.1627 -11 -4.20952
      vertex -3.74817 -11 -2.00344
    endloop
  endfacet
  facet normal 0 -1 0
    outer loop
      vertex -9.70113 -11 -5.18536
      vertex -3.74817 -11 -2.00344
      vertex -10.1627 -11 -4.20952
    endloop
  endfacet
  facet normal 0 -1 -0
    outer loop
      vertex -3.74817 -11 -2.00344
      vertex -9.70113 -11 -5.18536
      vertex -3.53375 -11 -2.36117
    endloop
  endfacet
  facet normal 0 -1 0
    outer loop
      vertex -9.14616 -11 -6.11127
      vertex -3.53375 -11 -2.36117
      vertex -9.70113 -11 -5.18536
    endloop
  endfacet
  facet normal 0 -1 -0
    outer loop
      vertex -3.53375 -11 -2.36117
      vertex -9.14616 -11 -6.11127
      vertex -3.28529 -11 -2.69617
    endloop
  endfacet
  facet normal 0 -1 0
    outer loop
      vertex -8.50311 -11 -6.97833
      vertex -3.28529 -11 -2.69617
      vertex -9.14616 -11 -6.11127
    endloop
  endfacet
  facet normal 0 -1 -0
    outer loop
      vertex -3.28529 -11 -2.69617
      vertex -8.50311 -11 -6.97833
      vertex -3.0052 -11 -3.0052
    endloop
  endfacet
  facet normal 0 -1 0
    outer loop
      vertex -7.77817 -11 -7.77817
      vertex -3.0052 -11 -3.0052
      vertex -8.50311 -11 -6.97833
    endloop
  endfacet
  facet normal 0 -1 -0
    outer loop
      vertex -3.0052 -11 -3.0052
      vertex -7.77817 -11 -7.77817
      vertex -2.69617 -11 -3.28529
    endloop
  endfacet
  facet normal 0 -1 0
    outer loop
      vertex -6.97833 -11 -8.50311
      vertex -2.69617 -11 -3.28529
      vertex -7.77817 -11 -7.77817
    endloop
  endfacet
  facet normal 0 -1 -0
    outer loop
      vertex -2.69617 -11 -3.28529
      vertex -6.97833 -11 -8.50311
      vertex -2.36117 -11 -3.53375
    endloop
  endfacet
  facet normal 0 -1 0
    outer loop
      vertex -6.11127 -11 -9.14616
      vertex -2.36117 -11 -3.53375
      vertex -6.97833 -11 -8.50311
    endloop
  endfacet
  facet normal 0 -1 -0
    outer loop
      vertex -2.36117 -11 -3.53375
      vertex -6.11127 -11 -9.14616
      vertex -2.00344 -11 -3.74817
    endloop
  endfacet
  facet normal 0 -1 0
    outer loop
      vertex 2.36117 -11 3.53375
      vertex 6.11127 -11 9.14616
      vertex 2.00344 -11 3.74817
    endloop
  endfacet
  facet normal 0 -1 -0
    outer loop
      vertex 6.11127 -11 9.14616
      vertex 2.36117 -11 3.53375
      vertex 6.97833 -11 8.50311
    endloop
  endfacet
  facet normal 0 -1 0
    outer loop
      vertex 2.69617 -11 3.28529
      vertex 6.97833 -11 8.50311
      vertex 2.36117 -11 3.53375
    endloop
  endfacet
  facet normal 0 -1 -0
    outer loop
      vertex 6.97833 -11 8.50311
      vertex 2.69617 -11 3.28529
      vertex 7.77817 -11 7.77817
    endloop
  endfacet
  facet normal 0 -1 0
    outer loop
      vertex 3.0052 -11 3.0052
      vertex 7.77817 -11 7.77817
      vertex 2.69617 -11 3.28529
    endloop
  endfacet
  facet normal 0 -1 -0
    outer loop
      vertex 7.77817 -11 7.77817
      vertex 3.0052 -11 3.0052
      vertex 8.50311 -11 6.97833
    endloop
  endfacet
  facet normal 0 -1 0
    outer loop
      vertex 3.28529 -11 2.69617
      vertex 8.50311 -11 6.97833
      vertex 3.0052 -11 3.0052
    endloop
  endfacet
  facet normal 0 -1 -0
    outer loop
      vertex 8.50311 -11 6.97833
      vertex 3.28529 -11 2.69617
      vertex 9.14616 -11 6.11127
    endloop
  endfacet
  facet normal 0 -1 0
    outer loop
      vertex 3.53375 -11 2.36117
      vertex 9.14616 -11 6.11127
      vertex 3.28529 -11 2.69617
    endloop
  endfacet
  facet normal 0 -1 -0
    outer loop
      vertex 9.14616 -11 6.11127
      vertex 3.53375 -11 2.36117
      vertex 9.70113 -11 5.18536
    endloop
  endfacet
  facet normal 0 -1 0
    outer loop
      vertex 3.74817 -11 2.00344
      vertex 9.70113 -11 5.18536
      vertex 3.53375 -11 2.36117
    endloop
  endfacet
  facet normal 0 -1 -0
    outer loop
      vertex 9.70113 -11 5.18536
      vertex 3.74817 -11 2.00344
      vertex 10.1627 -11 4.20952
    endloop
  endfacet
  facet normal 0 -1 0
    outer loop
      vertex 3.92649 -11 1.6264
      vertex 10.1627 -11 4.20952
      vertex 3.74817 -11 2.00344
    endloop
  endfacet
  facet normal 0 -1 -0
    outer loop
      vertex 10.1627 -11 4.20952
      vertex 3.92649 -11 1.6264
      vertex 10.5263 -11 3.19313
    endloop
  endfacet
  facet normal 0 -1 0
    outer loop
      vertex 4.067 -11 1.23371
      vertex 10.5263 -11 3.19313
      vertex 3.92649 -11 1.6264
    endloop
  endfacet
  facet normal 0 -1 -0
    outer loop
      vertex 10.5263 -11 3.19313
      vertex 4.067 -11 1.23371
      vertex 10.7886 -11 2.14599
    endloop
  endfacet
  facet normal 0 -1 0
    outer loop
      vertex 4.16834 -11 0.829133
      vertex 10.7886 -11 2.14599
      vertex 4.067 -11 1.23371
    endloop
  endfacet
  facet normal 0 -1 -0
    outer loop
      vertex 10.7886 -11 2.14599
      vertex 4.16834 -11 0.829133
      vertex 10.947 -11 1.07819
    endloop
  endfacet
  facet normal 0 -1 0
    outer loop
      vertex 4.22953 -11 0.416573
      vertex 10.947 -11 1.07819
      vertex 4.16834 -11 0.829133
    endloop
  endfacet
  facet normal 0 -1 0
    outer loop
      vertex 4.25 -11 0
      vertex 10.947 -11 1.07819
      vertex 4.22953 -11 0.416573
    endloop
  endfacet
  facet normal 0 -1 0
    outer loop
      vertex 4.25 -11 0
      vertex 11 -11 0
      vertex 10.947 -11 1.07819
    endloop
  endfacet
  facet normal 0 -1 0
    outer loop
      vertex 4.22953 -11 -0.416573
      vertex 11 -11 0
      vertex 4.25 -11 0
    endloop
  endfacet
  facet normal 0 -1 0
    outer loop
      vertex 10.947 -11 -1.07819
      vertex 4.22953 -11 -0.416573
      vertex 4.16834 -11 -0.829133
    endloop
  endfacet
  facet normal 0 -1 0
    outer loop
      vertex 4.22953 -11 -0.416573
      vertex 10.947 -11 -1.07819
      vertex 11 -11 0
    endloop
  endfacet
  facet normal 0 -1 0
    outer loop
      vertex 10.7886 -11 -2.14599
      vertex 4.16834 -11 -0.829133
      vertex 4.067 -11 -1.23371
    endloop
  endfacet
  facet normal 0 -1 0
    outer loop
      vertex 10.5263 -11 -3.19313
      vertex 4.067 -11 -1.23371
      vertex 3.92649 -11 -1.6264
    endloop
  endfacet
  facet normal 0 -1 0
    outer loop
      vertex 10.1627 -11 -4.20952
      vertex 3.92649 -11 -1.6264
      vertex 3.74817 -11 -2.00344
    endloop
  endfacet
  facet normal 0 -1 0
    outer loop
      vertex 4.16834 -11 -0.829133
      vertex 10.7886 -11 -2.14599
      vertex 10.947 -11 -1.07819
    endloop
  endfacet
  facet normal 0 -1 0
    outer loop
      vertex 9.70113 -11 -5.18536
      vertex 3.74817 -11 -2.00344
      vertex 3.53375 -11 -2.36117
    endloop
  endfacet
  facet normal 0 -1 0
    outer loop
      vertex 9.14616 -11 -6.11127
      vertex 3.53375 -11 -2.36117
      vertex 3.28529 -11 -2.69617
    endloop
  endfacet
  facet normal 0 -1 0
    outer loop
      vertex 8.50311 -11 -6.97833
      vertex 3.28529 -11 -2.69617
      vertex 3.0052 -11 -3.0052
    endloop
  endfacet
  facet normal 0 -1 0
    outer loop
      vertex 4.067 -11 -1.23371
      vertex 10.5263 -11 -3.19313
      vertex 10.7886 -11 -2.14599
    endloop
  endfacet
  facet normal 0 -1 0
    outer loop
      vertex 7.77817 -11 -7.77817
      vertex 3.0052 -11 -3.0052
      vertex 2.69617 -11 -3.28529
    endloop
  endfacet
  facet normal 0 -1 0
    outer loop
      vertex 6.97833 -11 -8.50311
      vertex 2.69617 -11 -3.28529
      vertex 2.36117 -11 -3.53375
    endloop
  endfacet
  facet normal 0 -1 0
    outer loop
      vertex 6.11127 -11 -9.14616
      vertex 2.36117 -11 -3.53375
      vertex 2.00344 -11 -3.74817
    endloop
  endfacet
  facet normal 0 -1 0
    outer loop
      vertex 5.18536 -11 -9.70113
      vertex 2.00344 -11 -3.74817
      vertex 1.6264 -11 -3.92649
    endloop
  endfacet
  facet normal 0 -1 0
    outer loop
      vertex 4.20952 -11 -10.1627
      vertex 1.6264 -11 -3.92649
      vertex 1.23371 -11 -4.067
    endloop
  endfacet
  facet normal 0 -1 0
    outer loop
      vertex 3.19313 -11 -10.5263
      vertex 1.23371 -11 -4.067
      vertex 0.829133 -11 -4.16834
    endloop
  endfacet
  facet normal 0 -1 0
    outer loop
      vertex 3.92649 -11 -1.6264
      vertex 10.1627 -11 -4.20952
      vertex 10.5263 -11 -3.19313
    endloop
  endfacet
  facet normal 0 -1 0
    outer loop
      vertex 2.14599 -11 -10.7886
      vertex 0.829133 -11 -4.16834
      vertex 0.416573 -11 -4.22953
    endloop
  endfacet
  facet normal 0 -1 0
    outer loop
      vertex 1.07819 -11 -10.947
      vertex 0.416573 -11 -4.22953
      vertex 0 -11 -4.25
    endloop
  endfacet
  facet normal 0 -1 0
    outer loop
      vertex -5.18536 -11 -9.70113
      vertex -2.00344 -11 -3.74817
      vertex -6.11127 -11 -9.14616
    endloop
  endfacet
  facet normal 0 -1 0
    outer loop
      vertex 3.74817 -11 -2.00344
      vertex 9.70113 -11 -5.18536
      vertex 10.1627 -11 -4.20952
    endloop
  endfacet
  facet normal 0 -1 -0
    outer loop
      vertex -2.00344 -11 -3.74817
      vertex -5.18536 -11 -9.70113
      vertex -1.6264 -11 -3.92649
    endloop
  endfacet
  facet normal 0 -1 0
    outer loop
      vertex 3.53375 -11 -2.36117
      vertex 9.14616 -11 -6.11127
      vertex 9.70113 -11 -5.18536
    endloop
  endfacet
  facet normal 0 -1 0
    outer loop
      vertex -4.20952 -11 -10.1627
      vertex -1.6264 -11 -3.92649
      vertex -5.18536 -11 -9.70113
    endloop
  endfacet
  facet normal 0 -1 0
    outer loop
      vertex 3.28529 -11 -2.69617
      vertex 8.50311 -11 -6.97833
      vertex 9.14616 -11 -6.11127
    endloop
  endfacet
  facet normal 0 -1 -0
    outer loop
      vertex -1.6264 -11 -3.92649
      vertex -4.20952 -11 -10.1627
      vertex -1.23371 -11 -4.067
    endloop
  endfacet
  facet normal 0 -1 0
    outer loop
      vertex 3.0052 -11 -3.0052
      vertex 7.77817 -11 -7.77817
      vertex 8.50311 -11 -6.97833
    endloop
  endfacet
  facet normal 0 -1 0
    outer loop
      vertex -3.19313 -11 -10.5263
      vertex -1.23371 -11 -4.067
      vertex -4.20952 -11 -10.1627
    endloop
  endfacet
  facet normal 0 -1 0
    outer loop
      vertex 2.69617 -11 -3.28529
      vertex 6.97833 -11 -8.50311
      vertex 7.77817 -11 -7.77817
    endloop
  endfacet
  facet normal 0 -1 -0
    outer loop
      vertex -1.23371 -11 -4.067
      vertex -3.19313 -11 -10.5263
      vertex -0.829133 -11 -4.16834
    endloop
  endfacet
  facet normal 0 -1 0
    outer loop
      vertex 2.36117 -11 -3.53375
      vertex 6.11127 -11 -9.14616
      vertex 6.97833 -11 -8.50311
    endloop
  endfacet
  facet normal 0 -1 0
    outer loop
      vertex -2.14599 -11 -10.7886
      vertex -0.829133 -11 -4.16834
      vertex -3.19313 -11 -10.5263
    endloop
  endfacet
  facet normal 0 -1 0
    outer loop
      vertex 2.00344 -11 -3.74817
      vertex 5.18536 -11 -9.70113
      vertex 6.11127 -11 -9.14616
    endloop
  endfacet
  facet normal 0 -1 -0
    outer loop
      vertex -0.829133 -11 -4.16834
      vertex -2.14599 -11 -10.7886
      vertex -0.416573 -11 -4.22953
    endloop
  endfacet
  facet normal 0 -1 0
    outer loop
      vertex 1.6264 -11 -3.92649
      vertex 4.20952 -11 -10.1627
      vertex 5.18536 -11 -9.70113
    endloop
  endfacet
  facet normal 0 -1 0
    outer loop
      vertex -1.07819 -11 -10.947
      vertex -0.416573 -11 -4.22953
      vertex -2.14599 -11 -10.7886
    endloop
  endfacet
  facet normal 0 -1 0
    outer loop
      vertex 1.23371 -11 -4.067
      vertex 3.19313 -11 -10.5263
      vertex 4.20952 -11 -10.1627
    endloop
  endfacet
  facet normal 0 -1 -0
    outer loop
      vertex -0.416573 -11 -4.22953
      vertex -1.07819 -11 -10.947
      vertex 0 -11 -4.25
    endloop
  endfacet
  facet normal 0 -1 0
    outer loop
      vertex 0.829133 -11 -4.16834
      vertex 2.14599 -11 -10.7886
      vertex 3.19313 -11 -10.5263
    endloop
  endfacet
  facet normal 0 -1 0
    outer loop
      vertex 0 -11 -11
      vertex 0 -11 -4.25
      vertex -1.07819 -11 -10.947
    endloop
  endfacet
  facet normal 0 -1 0
    outer loop
      vertex 0.416573 -11 -4.22953
      vertex 1.07819 -11 -10.947
      vertex 2.14599 -11 -10.7886
    endloop
  endfacet
  facet normal 0 -1 0
    outer loop
      vertex 0 -11 -4.25
      vertex 0 -11 -11
      vertex 1.07819 -11 -10.947
    endloop
  endfacet
  facet normal -0.514103 0 0.857728
    outer loop
      vertex -6.11127 11 9.14616
      vertex -5.18536 -11 9.70113
      vertex -5.18536 11 9.70113
    endloop
  endfacet
  facet normal -0.514103 0 0.857728
    outer loop
      vertex -5.18536 -11 9.70113
      vertex -6.11127 11 9.14616
      vertex -6.11127 -11 9.14616
    endloop
  endfacet
  facet normal -0.0490972 0 0.998794
    outer loop
      vertex -1.07819 11 10.947
      vertex 0 -11 11
      vertex 0 11 11
    endloop
  endfacet
  facet normal -0.0490972 0 0.998794
    outer loop
      vertex 0 -11 11
      vertex -1.07819 11 10.947
      vertex -1.07819 -11 10.947
    endloop
  endfacet
  facet normal 0.941565 0 -0.336832
    outer loop
      vertex 10.5263 -11 -3.19313
      vertex 10.1627 -7 -4.20952
      vertex 10.5263 -7 -3.19313
    endloop
  endfacet
  facet normal 0.941565 0 -0.336832
    outer loop
      vertex 10.1627 -7 -4.20952
      vertex 10.5263 -11 -3.19313
      vertex 10.1627 -11 -4.20952
    endloop
  endfacet
  facet normal 0.941565 0 -0.336832
    outer loop
      vertex 10.5263 7 -3.19313
      vertex 10.1627 11 -4.20952
      vertex 10.5263 11 -3.19313
    endloop
  endfacet
  facet normal 0.941565 0 -0.336832
    outer loop
      vertex 10.1627 11 -4.20952
      vertex 10.5263 7 -3.19313
      vertex 10.1627 7 -4.20952
    endloop
  endfacet
  facet normal 0.998794 0 -0.0490972
    outer loop
      vertex 11 -11 0
      vertex 10.947 -7 -1.07819
      vertex 11 -7 0
    endloop
  endfacet
  facet normal 0.998794 0 -0.0490972
    outer loop
      vertex 10.947 -7 -1.07819
      vertex 11 -11 0
      vertex 10.947 -11 -1.07819
    endloop
  endfacet
  facet normal 0.998794 0 -0.0490972
    outer loop
      vertex 11 7 0
      vertex 10.947 11 -1.07819
      vertex 11 11 0
    endloop
  endfacet
  facet normal 0.998794 0 -0.0490972
    outer loop
      vertex 10.947 11 -1.07819
      vertex 11 7 0
      vertex 10.947 7 -1.07819
    endloop
  endfacet
  facet normal 0.242985 0 -0.97003
    outer loop
      vertex 2.14599 -11 -10.7886
      vertex 3.19313 11 -10.5263
      vertex 3.19313 -11 -10.5263
    endloop
  endfacet
  facet normal 0.242985 0 -0.97003
    outer loop
      vertex 3.19313 11 -10.5263
      vertex 2.14599 -11 -10.7886
      vertex 2.14599 11 -10.7886
    endloop
  endfacet
  facet normal 0.595696 0 -0.80321
    outer loop
      vertex 6.11127 -11 -9.14616
      vertex 6.97833 11 -8.50311
      vertex 6.97833 -11 -8.50311
    endloop
  endfacet
  facet normal 0.595696 0 -0.80321
    outer loop
      vertex 6.97833 11 -8.50311
      vertex 6.11127 -11 -9.14616
      vertex 6.11127 11 -9.14616
    endloop
  endfacet
  facet normal -0.595696 0 -0.80321
    outer loop
      vertex -6.97833 -11 -8.50311
      vertex -6.11127 11 -9.14616
      vertex -6.11127 -11 -9.14616
    endloop
  endfacet
  facet normal -0.595696 0 -0.80321
    outer loop
      vertex -6.11127 11 -9.14616
      vertex -6.97833 -11 -8.50311
      vertex -6.97833 11 -8.50311
    endloop
  endfacet
  facet normal -0.671563 0 -0.740948
    outer loop
      vertex -7.77817 -11 -7.77817
      vertex -6.97833 11 -8.50311
      vertex -6.97833 -11 -8.50311
    endloop
  endfacet
  facet normal -0.671563 0 -0.740948
    outer loop
      vertex -6.97833 11 -8.50311
      vertex -7.77817 -11 -7.77817
      vertex -7.77817 11 -7.77817
    endloop
  endfacet
  facet normal -0.336832 0 -0.941565
    outer loop
      vertex -4.20952 -11 -10.1627
      vertex -3.19313 11 -10.5263
      vertex -3.19313 -11 -10.5263
    endloop
  endfacet
  facet normal -0.336832 0 -0.941565
    outer loop
      vertex -3.19313 11 -10.5263
      vertex -4.20952 -11 -10.1627
      vertex -4.20952 11 -10.1627
    endloop
  endfacet
  facet normal -0.903978 0 -0.427579
    outer loop
      vertex -9.70113 -11 -5.18536
      vertex -10.1627 11 -4.20952
      vertex -9.70113 11 -5.18536
    endloop
  endfacet
  facet normal -0.903978 -0 -0.427579
    outer loop
      vertex -10.1627 11 -4.20952
      vertex -9.70113 -11 -5.18536
      vertex -10.1627 -11 -4.20952
    endloop
  endfacet
  facet normal -0.998794 0 -0.0490972
    outer loop
      vertex -10.947 -11 -1.07819
      vertex -11 11 0
      vertex -10.947 11 -1.07819
    endloop
  endfacet
  facet normal -0.998794 -0 -0.0490972
    outer loop
      vertex -11 11 0
      vertex -10.947 -11 -1.07819
      vertex -11 -11 0
    endloop
  endfacet
  facet normal 0.857728 -0 0.514103
    outer loop
      vertex 9.14616 7 6.11127
      vertex 9.70113 11 5.18536
      vertex 9.14616 11 6.11127
    endloop
  endfacet
  facet normal 0.857728 0 0.514103
    outer loop
      vertex 9.70113 11 5.18536
      vertex 9.14616 7 6.11127
      vertex 9.70113 7 5.18536
    endloop
  endfacet
  facet normal 0.857728 -0 0.514103
    outer loop
      vertex 9.14616 -11 6.11127
      vertex 9.70113 -7 5.18536
      vertex 9.14616 -7 6.11127
    endloop
  endfacet
  facet normal 0.857728 0 0.514103
    outer loop
      vertex 9.70113 -7 5.18536
      vertex 9.14616 -11 6.11127
      vertex 9.70113 -11 5.18536
    endloop
  endfacet
  facet normal 0.80321 -0 0.595696
    outer loop
      vertex 8.50311 7 6.97833
      vertex 9.14616 11 6.11127
      vertex 8.50311 11 6.97833
    endloop
  endfacet
  facet normal 0.80321 0 0.595696
    outer loop
      vertex 9.14616 11 6.11127
      vertex 8.50311 7 6.97833
      vertex 9.14616 7 6.11127
    endloop
  endfacet
  facet normal 0.80321 -0 0.595696
    outer loop
      vertex 8.50311 -11 6.97833
      vertex 9.14616 -7 6.11127
      vertex 8.50311 -7 6.97833
    endloop
  endfacet
  facet normal 0.80321 0 0.595696
    outer loop
      vertex 9.14616 -7 6.11127
      vertex 8.50311 -11 6.97833
      vertex 9.14616 -11 6.11127
    endloop
  endfacet
  facet normal 0.336832 0 0.941565
    outer loop
      vertex 3.19313 11 10.5263
      vertex 4.20952 -11 10.1627
      vertex 4.20952 11 10.1627
    endloop
  endfacet
  facet normal 0.336832 0 0.941565
    outer loop
      vertex 4.20952 -11 10.1627
      vertex 3.19313 11 10.5263
      vertex 3.19313 -11 10.5263
    endloop
  endfacet
  facet normal 0.146737 0 0.989176
    outer loop
      vertex 1.07819 11 10.947
      vertex 2.14599 -11 10.7886
      vertex 2.14599 11 10.7886
    endloop
  endfacet
  facet normal 0.146737 0 0.989176
    outer loop
      vertex 2.14599 -11 10.7886
      vertex 1.07819 11 10.947
      vertex 1.07819 -11 10.947
    endloop
  endfacet
  facet normal 0.514103 0 0.857728
    outer loop
      vertex 5.18536 11 9.70113
      vertex 6.11127 -11 9.14616
      vertex 6.11127 11 9.14616
    endloop
  endfacet
  facet normal 0.514103 0 0.857728
    outer loop
      vertex 6.11127 -11 9.14616
      vertex 5.18536 11 9.70113
      vertex 5.18536 -11 9.70113
    endloop
  endfacet
  facet normal 0.671563 0 0.740948
    outer loop
      vertex 6.97833 11 8.50311
      vertex 7.77817 -11 7.77817
      vertex 7.77817 11 7.77817
    endloop
  endfacet
  facet normal 0.671563 0 0.740948
    outer loop
      vertex 7.77817 -11 7.77817
      vertex 6.97833 11 8.50311
      vertex 6.97833 -11 8.50311
    endloop
  endfacet
  facet normal -0.740948 0 0.671563
    outer loop
      vertex -8.50311 -11 6.97833
      vertex -7.77817 11 7.77817
      vertex -8.50311 11 6.97833
    endloop
  endfacet
  facet normal -0.740948 0 0.671563
    outer loop
      vertex -7.77817 11 7.77817
      vertex -8.50311 -11 6.97833
      vertex -7.77817 -11 7.77817
    endloop
  endfacet
  facet normal -0.941565 0 0.336832
    outer loop
      vertex -10.5263 -11 3.19313
      vertex -10.1627 11 4.20952
      vertex -10.5263 11 3.19313
    endloop
  endfacet
  facet normal -0.941565 0 0.336832
    outer loop
      vertex -10.1627 11 4.20952
      vertex -10.5263 -11 3.19313
      vertex -10.1627 -11 4.20952
    endloop
  endfacet
  facet normal -0.989176 0 0.146737
    outer loop
      vertex -10.947 -11 1.07819
      vertex -10.7886 11 2.14599
      vertex -10.947 11 1.07819
    endloop
  endfacet
  facet normal -0.989176 0 0.146737
    outer loop
      vertex -10.7886 11 2.14599
      vertex -10.947 -11 1.07819
      vertex -10.7886 -11 2.14599
    endloop
  endfacet
  facet normal -0.595696 0 0.80321
    outer loop
      vertex -6.97833 11 8.50311
      vertex -6.11127 -11 9.14616
      vertex -6.11127 11 9.14616
    endloop
  endfacet
  facet normal -0.595696 0 0.80321
    outer loop
      vertex -6.11127 -11 9.14616
      vertex -6.97833 11 8.50311
      vertex -6.97833 -11 8.50311
    endloop
  endfacet
  facet normal -0.427579 0 0.903978
    outer loop
      vertex -5.18536 11 9.70113
      vertex -4.20952 -11 10.1627
      vertex -4.20952 11 10.1627
    endloop
  endfacet
  facet normal -0.427579 0 0.903978
    outer loop
      vertex -4.20952 -11 10.1627
      vertex -5.18536 11 9.70113
      vertex -5.18536 -11 9.70113
    endloop
  endfacet
  facet normal -0.242985 0 0.97003
    outer loop
      vertex -3.19313 11 10.5263
      vertex -2.14599 -11 10.7886
      vertex -2.14599 11 10.7886
    endloop
  endfacet
  facet normal -0.242985 0 0.97003
    outer loop
      vertex -2.14599 -11 10.7886
      vertex -3.19313 11 10.5263
      vertex -3.19313 -11 10.5263
    endloop
  endfacet
  facet normal 0.903978 0 -0.427579
    outer loop
      vertex 10.1627 -11 -4.20952
      vertex 9.70113 -7 -5.18536
      vertex 10.1627 -7 -4.20952
    endloop
  endfacet
  facet normal 0.903978 0 -0.427579
    outer loop
      vertex 9.70113 -7 -5.18536
      vertex 10.1627 -11 -4.20952
      vertex 9.70113 -11 -5.18536
    endloop
  endfacet
  facet normal 0.903978 0 -0.427579
    outer loop
      vertex 10.1627 7 -4.20952
      vertex 9.70113 11 -5.18536
      vertex 10.1627 11 -4.20952
    endloop
  endfacet
  facet normal 0.903978 0 -0.427579
    outer loop
      vertex 9.70113 11 -5.18536
      vertex 10.1627 7 -4.20952
      vertex 9.70113 7 -5.18536
    endloop
  endfacet
  facet normal 0.146737 0 -0.989176
    outer loop
      vertex 1.07819 -11 -10.947
      vertex 2.14599 11 -10.7886
      vertex 2.14599 -11 -10.7886
    endloop
  endfacet
  facet normal 0.146737 0 -0.989176
    outer loop
      vertex 2.14599 11 -10.7886
      vertex 1.07819 -11 -10.947
      vertex 1.07819 11 -10.947
    endloop
  endfacet
  facet normal 0.336832 0 -0.941565
    outer loop
      vertex 3.19313 -11 -10.5263
      vertex 4.20952 11 -10.1627
      vertex 4.20952 -11 -10.1627
    endloop
  endfacet
  facet normal 0.336832 0 -0.941565
    outer loop
      vertex 4.20952 11 -10.1627
      vertex 3.19313 -11 -10.5263
      vertex 3.19313 11 -10.5263
    endloop
  endfacet
  facet normal 0.427579 0 -0.903978
    outer loop
      vertex 4.20952 -11 -10.1627
      vertex 5.18536 11 -9.70113
      vertex 5.18536 -11 -9.70113
    endloop
  endfacet
  facet normal 0.427579 0 -0.903978
    outer loop
      vertex 5.18536 11 -9.70113
      vertex 4.20952 -11 -10.1627
      vertex 4.20952 11 -10.1627
    endloop
  endfacet
  facet normal 0.514103 0 -0.857728
    outer loop
      vertex 5.18536 -11 -9.70113
      vertex 6.11127 11 -9.14616
      vertex 6.11127 -11 -9.14616
    endloop
  endfacet
  facet normal 0.514103 0 -0.857728
    outer loop
      vertex 6.11127 11 -9.14616
      vertex 5.18536 -11 -9.70113
      vertex 5.18536 11 -9.70113
    endloop
  endfacet
  facet normal -0.514103 0 -0.857728
    outer loop
      vertex -6.11127 -11 -9.14616
      vertex -5.18536 11 -9.70113
      vertex -5.18536 -11 -9.70113
    endloop
  endfacet
  facet normal -0.514103 0 -0.857728
    outer loop
      vertex -5.18536 11 -9.70113
      vertex -6.11127 -11 -9.14616
      vertex -6.11127 11 -9.14616
    endloop
  endfacet
  facet normal -0.427579 0 -0.903978
    outer loop
      vertex -5.18536 -11 -9.70113
      vertex -4.20952 11 -10.1627
      vertex -4.20952 -11 -10.1627
    endloop
  endfacet
  facet normal -0.427579 0 -0.903978
    outer loop
      vertex -4.20952 11 -10.1627
      vertex -5.18536 -11 -9.70113
      vertex -5.18536 11 -9.70113
    endloop
  endfacet
  facet normal -0.242985 0 -0.97003
    outer loop
      vertex -3.19313 -11 -10.5263
      vertex -2.14599 11 -10.7886
      vertex -2.14599 -11 -10.7886
    endloop
  endfacet
  facet normal -0.242985 0 -0.97003
    outer loop
      vertex -2.14599 11 -10.7886
      vertex -3.19313 -11 -10.5263
      vertex -3.19313 11 -10.5263
    endloop
  endfacet
  facet normal -0.146737 0 -0.989176
    outer loop
      vertex -2.14599 -11 -10.7886
      vertex -1.07819 11 -10.947
      vertex -1.07819 -11 -10.947
    endloop
  endfacet
  facet normal -0.146737 0 -0.989176
    outer loop
      vertex -1.07819 11 -10.947
      vertex -2.14599 -11 -10.7886
      vertex -2.14599 11 -10.7886
    endloop
  endfacet
  facet normal -0.0490972 0 -0.998794
    outer loop
      vertex -1.07819 -11 -10.947
      vertex 0 11 -11
      vertex 0 -11 -11
    endloop
  endfacet
  facet normal -0.0490972 0 -0.998794
    outer loop
      vertex 0 11 -11
      vertex -1.07819 -11 -10.947
      vertex -1.07819 11 -10.947
    endloop
  endfacet
  facet normal -0.857728 0 -0.514103
    outer loop
      vertex -9.14616 -11 -6.11127
      vertex -9.70113 11 -5.18536
      vertex -9.14616 11 -6.11127
    endloop
  endfacet
  facet normal -0.857728 -0 -0.514103
    outer loop
      vertex -9.70113 11 -5.18536
      vertex -9.14616 -11 -6.11127
      vertex -9.70113 -11 -5.18536
    endloop
  endfacet
  facet normal -0.97003 0 -0.242985
    outer loop
      vertex -10.5263 -11 -3.19313
      vertex -10.7886 11 -2.14599
      vertex -10.5263 11 -3.19313
    endloop
  endfacet
  facet normal -0.97003 -0 -0.242985
    outer loop
      vertex -10.7886 11 -2.14599
      vertex -10.5263 -11 -3.19313
      vertex -10.7886 -11 -2.14599
    endloop
  endfacet
  facet normal -0.941565 0 -0.336832
    outer loop
      vertex -10.1627 -11 -4.20952
      vertex -10.5263 11 -3.19313
      vertex -10.1627 11 -4.20952
    endloop
  endfacet
  facet normal -0.941565 -0 -0.336832
    outer loop
      vertex -10.5263 11 -3.19313
      vertex -10.1627 -11 -4.20952
      vertex -10.5263 -11 -3.19313
    endloop
  endfacet
  facet normal -0.989176 0 -0.146737
    outer loop
      vertex -10.7886 -11 -2.14599
      vertex -10.947 11 -1.07819
      vertex -10.7886 11 -2.14599
    endloop
  endfacet
  facet normal -0.989176 -0 -0.146737
    outer loop
      vertex -10.947 11 -1.07819
      vertex -10.7886 -11 -2.14599
      vertex -10.947 -11 -1.07819
    endloop
  endfacet
  facet normal 0.740954 0 -0.671556
    outer loop
      vertex 8.50311 -7 -6.97833
      vertex 8.50311 -11 -6.97833
      vertex 8.0303 -7 -7.5
    endloop
  endfacet
  facet normal 0.740954 0 -0.671556
    outer loop
      vertex 8.0303 7 -7.5
      vertex 8.50311 11 -6.97833
      vertex 8.50311 7 -6.97833
    endloop
  endfacet
  facet normal 0.740948 1.64417e-06 -0.671563
    outer loop
      vertex 8.50311 11 -6.97833
      vertex 8.0303 7 -7.5
      vertex 7.77817 11 -7.77817
    endloop
  endfacet
  facet normal 0.740936 0 -0.671576
    outer loop
      vertex 8.0303 -7 -7.5
      vertex 7.77817 11 -7.77817
      vertex 8.0303 7 -7.5
    endloop
  endfacet
  facet normal 0.740936 0 -0.671576
    outer loop
      vertex 8.0303 -7 -7.5
      vertex 7.77817 -11 -7.77817
      vertex 7.77817 11 -7.77817
    endloop
  endfacet
  facet normal 0.740948 -1.64417e-06 -0.671563
    outer loop
      vertex 7.77817 -11 -7.77817
      vertex 8.0303 -7 -7.5
      vertex 8.50311 -11 -6.97833
    endloop
  endfacet
  facet normal 0.80321 0 -0.595696
    outer loop
      vertex 9.14616 7 -6.11127
      vertex 8.50311 11 -6.97833
      vertex 9.14616 11 -6.11127
    endloop
  endfacet
  facet normal 0.80321 0 -0.595696
    outer loop
      vertex 8.50311 11 -6.97833
      vertex 9.14616 7 -6.11127
      vertex 8.50311 7 -6.97833
    endloop
  endfacet
  facet normal 0.80321 0 -0.595696
    outer loop
      vertex 9.14616 -11 -6.11127
      vertex 8.50311 -7 -6.97833
      vertex 9.14616 -7 -6.11127
    endloop
  endfacet
  facet normal 0.80321 0 -0.595696
    outer loop
      vertex 8.50311 -7 -6.97833
      vertex 9.14616 -11 -6.11127
      vertex 8.50311 -11 -6.97833
    endloop
  endfacet
  facet normal 0.857728 0 -0.514103
    outer loop
      vertex 9.70113 -11 -5.18536
      vertex 9.14616 -7 -6.11127
      vertex 9.70113 -7 -5.18536
    endloop
  endfacet
  facet normal 0.857728 0 -0.514103
    outer loop
      vertex 9.14616 -7 -6.11127
      vertex 9.70113 -11 -5.18536
      vertex 9.14616 -11 -6.11127
    endloop
  endfacet
  facet normal 0.857728 0 -0.514103
    outer loop
      vertex 9.70113 7 -5.18536
      vertex 9.14616 11 -6.11127
      vertex 9.70113 11 -5.18536
    endloop
  endfacet
  facet normal 0.857728 0 -0.514103
    outer loop
      vertex 9.14616 11 -6.11127
      vertex 9.70113 7 -5.18536
      vertex 9.14616 7 -6.11127
    endloop
  endfacet
  facet normal 0.97003 0 -0.242985
    outer loop
      vertex 10.7886 -11 -2.14599
      vertex 10.5263 -7 -3.19313
      vertex 10.7886 -7 -2.14599
    endloop
  endfacet
  facet normal 0.97003 0 -0.242985
    outer loop
      vertex 10.5263 -7 -3.19313
      vertex 10.7886 -11 -2.14599
      vertex 10.5263 -11 -3.19313
    endloop
  endfacet
  facet normal 0.97003 0 -0.242985
    outer loop
      vertex 10.7886 7 -2.14599
      vertex 10.5263 11 -3.19313
      vertex 10.7886 11 -2.14599
    endloop
  endfacet
  facet normal 0.97003 0 -0.242985
    outer loop
      vertex 10.5263 11 -3.19313
      vertex 10.7886 7 -2.14599
      vertex 10.5263 7 -3.19313
    endloop
  endfacet
  facet normal 0.989176 0 -0.146737
    outer loop
      vertex 10.947 7 -1.07819
      vertex 10.7886 11 -2.14599
      vertex 10.947 11 -1.07819
    endloop
  endfacet
  facet normal 0.989176 0 -0.146737
    outer loop
      vertex 10.7886 11 -2.14599
      vertex 10.947 7 -1.07819
      vertex 10.7886 7 -2.14599
    endloop
  endfacet
  facet normal 0.989176 0 -0.146737
    outer loop
      vertex 10.947 -11 -1.07819
      vertex 10.7886 -7 -2.14599
      vertex 10.947 -7 -1.07819
    endloop
  endfacet
  facet normal 0.989176 0 -0.146737
    outer loop
      vertex 10.7886 -7 -2.14599
      vertex 10.947 -11 -1.07819
      vertex 10.7886 -11 -2.14599
    endloop
  endfacet
  facet normal 0.242967 -0.970035 0
    outer loop
      vertex 50.7417 -3.74164 -7
      vertex 50.1705 -3.88471 -6.23323
      vertex 50.1705 -3.88471 -7
    endloop
  endfacet
  facet normal 0.242967 -0.970035 0
    outer loop
      vertex 50.1705 -3.88471 -6.23323
      vertex 50.7417 -3.74164 -7
      vertex 50.7417 -3.74164 -5.80962
    endloop
  endfacet
  facet normal 0.242967 -0.970035 0
    outer loop
      vertex 50.1705 -3.88471 6.23323
      vertex 50.7417 -3.74164 7
      vertex 50.1705 -3.88471 7
    endloop
  endfacet
  facet normal 0.242967 -0.970035 0
    outer loop
      vertex 50.7417 -3.74164 7
      vertex 50.1705 -3.88471 6.23323
      vertex 50.7417 -3.74164 5.80962
    endloop
  endfacet
  facet normal 0 -1 0
    outer loop
      vertex 48.8701 -4 -6.9291
      vertex 49 -4 -7
      vertex 49 -4 -6.86767
    endloop
  endfacet
  facet normal 0 -1 0
    outer loop
      vertex 49 -4 -7
      vertex 48.8701 -4 -6.9291
      vertex 48.672 -4 -7
    endloop
  endfacet
  facet normal 0 -1 0
    outer loop
      vertex 48.8701 -4 6.9291
      vertex 49 -4 7
      vertex 48.672 -4 7
    endloop
  endfacet
  facet normal 0 -1 -0
    outer loop
      vertex 49 -4 7
      vertex 48.8701 -4 6.9291
      vertex 49 -4 6.86767
    endloop
  endfacet
  facet normal -0.242785 0.97008 0
    outer loop
      vertex 41.8295 23.8847 -7
      vertex 41.5554 23.8161 -6.65176
      vertex 41.8295 23.8847 -6.816
    endloop
  endfacet
  facet normal -0.243015 0.970022 -0.000192088
    outer loop
      vertex 41.2583 23.7416 -7
      vertex 41.5554 23.8161 -6.65176
      vertex 41.8295 23.8847 -7
    endloop
  endfacet
  facet normal -0.243227 0.969969 0
    outer loop
      vertex 41.5554 23.8161 -6.65176
      vertex 41.2583 23.7416 -7
      vertex 41.2583 23.7416 -6.43138
    endloop
  endfacet
  facet normal -0.242785 0.97008 0
    outer loop
      vertex 41.5554 23.8161 6.65176
      vertex 41.8295 23.8847 7
      vertex 41.8295 23.8847 6.816
    endloop
  endfacet
  facet normal -0.243015 0.970022 0.000192088
    outer loop
      vertex 41.8295 23.8847 7
      vertex 41.5554 23.8161 6.65176
      vertex 41.2583 23.7416 7
    endloop
  endfacet
  facet normal -0.243227 0.969969 0
    outer loop
      vertex 41.2583 23.7416 7
      vertex 41.5554 23.8161 6.65176
      vertex 41.2583 23.7416 6.43138
    endloop
  endfacet
  facet normal 0.804606 0.593809 0.00028166
    outer loop
      vertex 53.9888 21.3334 -7
      vertex 53.6381 21.8064 -2.37107
      vertex 53.6555 21.7828 -2.32228
    endloop
  endfacet
  facet normal 0.803152 0.595774 -1.07894e-05
    outer loop
      vertex 53.9888 21.3334 -7
      vertex 53.6555 21.7828 -2.32228
      vertex 53.8463 21.5256 -1.56072
    endloop
  endfacet
  facet normal 0.803176 0.595742 -9.04197e-06
    outer loop
      vertex 53.9888 21.3334 -7
      vertex 53.8463 21.5256 -1.56072
      vertex 53.9615 21.3703 -0.784137
    endloop
  endfacet
  facet normal 0.803289 0.595589 0
    outer loop
      vertex 53.6381 21.8064 -2.37107
      vertex 53.9888 21.3334 -7
      vertex 53.6381 21.8064 -7
    endloop
  endfacet
  facet normal 0.803904 0.594759 -0
    outer loop
      vertex 53.9888 21.3334 -7
      vertex 53.9615 21.3703 -0.784137
      vertex 53.9888 21.3334 -0.227628
    endloop
  endfacet
  facet normal 0.803289 0.595589 0
    outer loop
      vertex 53.9888 21.3334 7
      vertex 53.6381 21.8064 2.37107
      vertex 53.6381 21.8064 7
    endloop
  endfacet
  facet normal 0.804606 0.593809 -0.00028166
    outer loop
      vertex 53.6381 21.8064 2.37107
      vertex 53.9888 21.3334 7
      vertex 53.6555 21.7828 2.32228
    endloop
  endfacet
  facet normal 0.803152 0.595774 1.07894e-05
    outer loop
      vertex 53.6555 21.7828 2.32228
      vertex 53.9888 21.3334 7
      vertex 53.8463 21.5256 1.56072
    endloop
  endfacet
  facet normal 0.803176 0.595742 9.04197e-06
    outer loop
      vertex 53.8463 21.5256 1.56072
      vertex 53.9888 21.3334 7
      vertex 53.9615 21.3703 0.784137
    endloop
  endfacet
  facet normal 0.803904 0.594759 0
    outer loop
      vertex 53.9615 21.3703 0.784137
      vertex 53.9888 21.3334 7
      vertex 53.9888 21.3334 0.227628
    endloop
  endfacet
  facet normal 0.0490651 -0.998796 0
    outer loop
      vertex 49.5881 -3.97111 -7
      vertex 49 -4 -6.86767
      vertex 49 -4 -7
    endloop
  endfacet
  facet normal 0.0490675 -0.998795 1.05239e-05
    outer loop
      vertex 49 -4 -6.86767
      vertex 49.5881 -3.97111 -7
      vertex 49.5355 -3.97369 -6.61441
    endloop
  endfacet
  facet normal 0.0489905 -0.998799 0
    outer loop
      vertex 49.5355 -3.97369 -6.61441
      vertex 49.5881 -3.97111 -7
      vertex 49.5881 -3.97111 -6.58287
    endloop
  endfacet
  facet normal 0.0490651 -0.998796 0
    outer loop
      vertex 49 -4 6.86767
      vertex 49.5881 -3.97111 7
      vertex 49 -4 7
    endloop
  endfacet
  facet normal 0.0490675 -0.998795 -1.05239e-05
    outer loop
      vertex 49.5355 -3.97369 6.61441
      vertex 49.5881 -3.97111 7
      vertex 49 -4 6.86767
    endloop
  endfacet
  facet normal 0.0489905 -0.998799 0
    outer loop
      vertex 49.5881 -3.97111 7
      vertex 49.5355 -3.97369 6.61441
      vertex 49.5881 -3.97111 6.58287
    endloop
  endfacet
  facet normal 0.146746 -0.989174 0
    outer loop
      vertex 49.5881 -3.97111 6.58287
      vertex 50.1705 -3.88471 7
      vertex 49.5881 -3.97111 7
    endloop
  endfacet
  facet normal 0.146736 -0.989176 1.44205e-05
    outer loop
      vertex 50.1668 -3.88527 6.23602
      vertex 50.1705 -3.88471 7
      vertex 49.5881 -3.97111 6.58287
    endloop
  endfacet
  facet normal 0.149647 -0.988739 0
    outer loop
      vertex 50.1705 -3.88471 7
      vertex 50.1668 -3.88527 6.23602
      vertex 50.1705 -3.88471 6.23323
    endloop
  endfacet
  facet normal 0.146746 -0.989174 0
    outer loop
      vertex 50.1705 -3.88471 -7
      vertex 49.5881 -3.97111 -6.58287
      vertex 49.5881 -3.97111 -7
    endloop
  endfacet
  facet normal 0.146736 -0.989176 -1.44205e-05
    outer loop
      vertex 49.5881 -3.97111 -6.58287
      vertex 50.1705 -3.88471 -7
      vertex 50.1668 -3.88527 -6.23602
    endloop
  endfacet
  facet normal 0.149647 -0.988739 0
    outer loop
      vertex 50.1668 -3.88527 -6.23602
      vertex 50.1705 -3.88471 -7
      vertex 50.1705 -3.88471 -6.23323
    endloop
  endfacet
  facet normal 0 0 1
    outer loop
      vertex 41.2583 23.7416 7
      vertex 42.1364 23.9302 7
      vertex 41.8295 23.8847 7
    endloop
  endfacet
  facet normal 0 0 1
    outer loop
      vertex 49.8636 23.9302 7
      vertex 55 18 7
      vertex 54.9711 18.5881 7
    endloop
  endfacet
  facet normal 0 0 1
    outer loop
      vertex 55 18 7
      vertex 49.8636 10 7
      vertex 55 2 7
    endloop
  endfacet
  facet normal 0 0 1
    outer loop
      vertex 49.8636 23.9302 7
      vertex 54.9711 18.5881 7
      vertex 54.8847 19.1705 7
    endloop
  endfacet
  facet normal -0 0 1
    outer loop
      vertex 48.672 7 7
      vertex 55 2 7
      vertex 49.8636 10 7
    endloop
  endfacet
  facet normal 0 0 1
    outer loop
      vertex 49.8636 23.9302 7
      vertex 54.8847 19.1705 7
      vertex 54.7416 19.7417 7
    endloop
  endfacet
  facet normal 0 0 1
    outer loop
      vertex 55 2 7
      vertex 48.672 7 7
      vertex 54.9711 1.4119 7
    endloop
  endfacet
  facet normal 0 0 1
    outer loop
      vertex 49.8636 23.9302 7
      vertex 54.7416 19.7417 7
      vertex 54.5433 20.2961 7
    endloop
  endfacet
  facet normal 0 0 1
    outer loop
      vertex 54.9711 1.4119 7
      vertex 48.672 7 7
      vertex 54.8847 0.829457 7
    endloop
  endfacet
  facet normal 0 0 1
    outer loop
      vertex 49.8636 23.9302 7
      vertex 54.5433 20.2961 7
      vertex 54.2915 20.8284 7
    endloop
  endfacet
  facet normal 0 0 1
    outer loop
      vertex 54.8847 0.829457 7
      vertex 48.672 7 7
      vertex 54.7416 0.258291 7
    endloop
  endfacet
  facet normal 0 0 1
    outer loop
      vertex 49.8636 23.9302 7
      vertex 54.2915 20.8284 7
      vertex 53.9888 21.3334 7
    endloop
  endfacet
  facet normal 0 0 1
    outer loop
      vertex 54.7416 0.258291 7
      vertex 48.672 7 7
      vertex 54.5433 -0.296101 7
    endloop
  endfacet
  facet normal 0 0 1
    outer loop
      vertex 49.8636 23.9302 7
      vertex 53.9888 21.3334 7
      vertex 53.6381 21.8064 7
    endloop
  endfacet
  facet normal 0 0 1
    outer loop
      vertex 54.5433 -0.296101 7
      vertex 48.672 7 7
      vertex 54.2915 -0.828381 7
    endloop
  endfacet
  facet normal 0 0 1
    outer loop
      vertex 49.8636 23.9302 7
      vertex 53.6381 21.8064 7
      vertex 53.2426 22.2426 7
    endloop
  endfacet
  facet normal 0 0 1
    outer loop
      vertex 54.2915 -0.828381 7
      vertex 48.672 7 7
      vertex 53.9888 -1.33342 7
    endloop
  endfacet
  facet normal 0 0 1
    outer loop
      vertex 49.8636 23.9302 7
      vertex 53.2426 22.2426 7
      vertex 52.8064 22.6381 7
    endloop
  endfacet
  facet normal 0 0 1
    outer loop
      vertex 53.9888 -1.33342 7
      vertex 48.672 7 7
      vertex 53.6381 -1.80636 7
    endloop
  endfacet
  facet normal 0 0 1
    outer loop
      vertex 49.8636 23.9302 7
      vertex 52.8064 22.6381 7
      vertex 52.3334 22.9888 7
    endloop
  endfacet
  facet normal 0 0 1
    outer loop
      vertex 53.6381 -1.80636 7
      vertex 48.672 7 7
      vertex 53.2426 -2.24264 7
    endloop
  endfacet
  facet normal 0 0 1
    outer loop
      vertex 49.8636 23.9302 7
      vertex 52.3334 22.9888 7
      vertex 51.8284 23.2915 7
    endloop
  endfacet
  facet normal 0 0 1
    outer loop
      vertex 53.2426 -2.24264 7
      vertex 48.672 7 7
      vertex 52.8064 -2.63806 7
    endloop
  endfacet
  facet normal 0 0 1
    outer loop
      vertex 49.8636 23.9302 7
      vertex 51.8284 23.2915 7
      vertex 51.2961 23.5433 7
    endloop
  endfacet
  facet normal 0 0 1
    outer loop
      vertex 52.8064 -2.63806 7
      vertex 48.672 7 7
      vertex 52.3334 -2.98882 7
    endloop
  endfacet
  facet normal 0 0 1
    outer loop
      vertex 49.8636 23.9302 7
      vertex 51.2961 23.5433 7
      vertex 50.7417 23.7416 7
    endloop
  endfacet
  facet normal 0 0 1
    outer loop
      vertex 52.3334 -2.98882 7
      vertex 48.672 7 7
      vertex 51.8284 -3.29153 7
    endloop
  endfacet
  facet normal 0 0 1
    outer loop
      vertex 49.8636 23.9302 7
      vertex 50.7417 23.7416 7
      vertex 50.1705 23.8847 7
    endloop
  endfacet
  facet normal 0 0 1
    outer loop
      vertex 51.8284 -3.29153 7
      vertex 48.672 7 7
      vertex 51.2961 -3.54328 7
    endloop
  endfacet
  facet normal 0 0 1
    outer loop
      vertex 55 18 7
      vertex 49.8636 23.9302 7
      vertex 49.8636 10 7
    endloop
  endfacet
  facet normal 0 0 1
    outer loop
      vertex 51.2961 -3.54328 7
      vertex 48.672 7 7
      vertex 50.7417 -3.74164 7
    endloop
  endfacet
  facet normal 0 0 1
    outer loop
      vertex 50.7417 -3.74164 7
      vertex 48.672 7 7
      vertex 50.1705 -3.88471 7
    endloop
  endfacet
  facet normal 0 0 1
    outer loop
      vertex 50.1705 -3.88471 7
      vertex 48.672 7 7
      vertex 49.5881 -3.97111 7
    endloop
  endfacet
  facet normal 0 0 1
    outer loop
      vertex 49.5881 -3.97111 7
      vertex 48.672 7 7
      vertex 49 -4 7
    endloop
  endfacet
  facet normal -0 0 1
    outer loop
      vertex 42.1364 10 7
      vertex 48.672 7 7
      vertex 49.8636 10 7
    endloop
  endfacet
  facet normal 0 0 1
    outer loop
      vertex 42.1364 23.9302 7
      vertex 41.2583 23.7416 7
      vertex 37 18 7
    endloop
  endfacet
  facet normal 0 0 1
    outer loop
      vertex 37 18 7
      vertex 41.2583 23.7416 7
      vertex 40.7039 23.5433 7
    endloop
  endfacet
  facet normal 0 0 1
    outer loop
      vertex 37 18 7
      vertex 40.7039 23.5433 7
      vertex 40.1716 23.2915 7
    endloop
  endfacet
  facet normal 0 0 1
    outer loop
      vertex 37 18 7
      vertex 40.1716 23.2915 7
      vertex 39.6666 22.9888 7
    endloop
  endfacet
  facet normal 0 0 1
    outer loop
      vertex 37 18 7
      vertex 39.6666 22.9888 7
      vertex 39.1936 22.6381 7
    endloop
  endfacet
  facet normal 0 0 1
    outer loop
      vertex 37 18 7
      vertex 39.1936 22.6381 7
      vertex 38.7574 22.2426 7
    endloop
  endfacet
  facet normal 0 0 1
    outer loop
      vertex 37 18 7
      vertex 38.7574 22.2426 7
      vertex 38.3619 21.8064 7
    endloop
  endfacet
  facet normal 0 0 1
    outer loop
      vertex 37 18 7
      vertex 38.3619 21.8064 7
      vertex 38.0112 21.3334 7
    endloop
  endfacet
  facet normal 0 0 1
    outer loop
      vertex 37 18 7
      vertex 38.0112 21.3334 7
      vertex 37.7085 20.8284 7
    endloop
  endfacet
  facet normal 0 0 1
    outer loop
      vertex 37 18 7
      vertex 37.7085 20.8284 7
      vertex 37.4567 20.2961 7
    endloop
  endfacet
  facet normal 0 0 1
    outer loop
      vertex 37 18 7
      vertex 37.4567 20.2961 7
      vertex 37.2584 19.7417 7
    endloop
  endfacet
  facet normal 0 0 1
    outer loop
      vertex 37 18 7
      vertex 37.2584 19.7417 7
      vertex 37.1153 19.1705 7
    endloop
  endfacet
  facet normal 0 0 1
    outer loop
      vertex 37 18 7
      vertex 37.1153 19.1705 7
      vertex 37.0289 18.5881 7
    endloop
  endfacet
  facet normal 0 0 1
    outer loop
      vertex 42.1364 23.9302 7
      vertex 37 18 7
      vertex 42.1364 10 7
    endloop
  endfacet
  facet normal 0 0 1
    outer loop
      vertex 42.1364 10 7
      vertex 37 7 7
      vertex 48.672 7 7
    endloop
  endfacet
  facet normal 0 0 1
    outer loop
      vertex 37 7 7
      vertex 42.1364 10 7
      vertex 37 18 7
    endloop
  endfacet
  facet normal 0 0 1
    outer loop
      vertex 49 -4 7
      vertex 48.672 7 7
      vertex 48.672 -4 7
    endloop
  endfacet
  facet normal 0 0 -1
    outer loop
      vertex 48.672 7 -7
      vertex 55 2 -7
      vertex 54.9711 1.4119 -7
    endloop
  endfacet
  facet normal 0 0 -1
    outer loop
      vertex 55 2 -7
      vertex 49.8636 10 -7
      vertex 55 18 -7
    endloop
  endfacet
  facet normal 0 0 -1
    outer loop
      vertex 48.672 7 -7
      vertex 54.9711 1.4119 -7
      vertex 54.8847 0.829457 -7
    endloop
  endfacet
  facet normal 0 0 -1
    outer loop
      vertex 49.8636 23.9302 -7
      vertex 55 18 -7
      vertex 49.8636 10 -7
    endloop
  endfacet
  facet normal 0 0 -1
    outer loop
      vertex 48.672 7 -7
      vertex 54.8847 0.829457 -7
      vertex 54.7416 0.258291 -7
    endloop
  endfacet
  facet normal 0 0 -1
    outer loop
      vertex 55 18 -7
      vertex 49.8636 23.9302 -7
      vertex 54.9711 18.5881 -7
    endloop
  endfacet
  facet normal 0 0 -1
    outer loop
      vertex 48.672 7 -7
      vertex 54.7416 0.258291 -7
      vertex 54.5433 -0.296101 -7
    endloop
  endfacet
  facet normal 0 0 -1
    outer loop
      vertex 54.9711 18.5881 -7
      vertex 49.8636 23.9302 -7
      vertex 54.8847 19.1705 -7
    endloop
  endfacet
  facet normal 0 0 -1
    outer loop
      vertex 48.672 7 -7
      vertex 54.5433 -0.296101 -7
      vertex 54.2915 -0.828381 -7
    endloop
  endfacet
  facet normal 0 0 -1
    outer loop
      vertex 54.8847 19.1705 -7
      vertex 49.8636 23.9302 -7
      vertex 54.7416 19.7417 -7
    endloop
  endfacet
  facet normal 0 0 -1
    outer loop
      vertex 48.672 7 -7
      vertex 54.2915 -0.828381 -7
      vertex 53.9888 -1.33342 -7
    endloop
  endfacet
  facet normal 0 0 -1
    outer loop
      vertex 54.7416 19.7417 -7
      vertex 49.8636 23.9302 -7
      vertex 54.5433 20.2961 -7
    endloop
  endfacet
  facet normal 0 0 -1
    outer loop
      vertex 48.672 7 -7
      vertex 53.9888 -1.33342 -7
      vertex 53.6381 -1.80636 -7
    endloop
  endfacet
  facet normal 0 0 -1
    outer loop
      vertex 54.5433 20.2961 -7
      vertex 49.8636 23.9302 -7
      vertex 54.2915 20.8284 -7
    endloop
  endfacet
  facet normal 0 0 -1
    outer loop
      vertex 48.672 7 -7
      vertex 53.6381 -1.80636 -7
      vertex 53.2426 -2.24264 -7
    endloop
  endfacet
  facet normal 0 0 -1
    outer loop
      vertex 54.2915 20.8284 -7
      vertex 49.8636 23.9302 -7
      vertex 53.9888 21.3334 -7
    endloop
  endfacet
  facet normal 0 0 -1
    outer loop
      vertex 48.672 7 -7
      vertex 53.2426 -2.24264 -7
      vertex 52.8064 -2.63806 -7
    endloop
  endfacet
  facet normal 0 0 -1
    outer loop
      vertex 53.9888 21.3334 -7
      vertex 49.8636 23.9302 -7
      vertex 53.6381 21.8064 -7
    endloop
  endfacet
  facet normal 0 0 -1
    outer loop
      vertex 48.672 7 -7
      vertex 52.8064 -2.63806 -7
      vertex 52.3334 -2.98882 -7
    endloop
  endfacet
  facet normal 0 0 -1
    outer loop
      vertex 53.6381 21.8064 -7
      vertex 49.8636 23.9302 -7
      vertex 53.2426 22.2426 -7
    endloop
  endfacet
  facet normal 0 0 -1
    outer loop
      vertex 48.672 7 -7
      vertex 52.3334 -2.98882 -7
      vertex 51.8284 -3.29153 -7
    endloop
  endfacet
  facet normal 0 0 -1
    outer loop
      vertex 53.2426 22.2426 -7
      vertex 49.8636 23.9302 -7
      vertex 52.8064 22.6381 -7
    endloop
  endfacet
  facet normal 0 0 -1
    outer loop
      vertex 48.672 7 -7
      vertex 51.8284 -3.29153 -7
      vertex 51.2961 -3.54328 -7
    endloop
  endfacet
  facet normal 0 0 -1
    outer loop
      vertex 52.8064 22.6381 -7
      vertex 49.8636 23.9302 -7
      vertex 52.3334 22.9888 -7
    endloop
  endfacet
  facet normal 0 0 -1
    outer loop
      vertex 48.672 7 -7
      vertex 51.2961 -3.54328 -7
      vertex 50.7417 -3.74164 -7
    endloop
  endfacet
  facet normal 0 0 -1
    outer loop
      vertex 52.3334 22.9888 -7
      vertex 49.8636 23.9302 -7
      vertex 51.8284 23.2915 -7
    endloop
  endfacet
  facet normal 0 0 -1
    outer loop
      vertex 48.672 7 -7
      vertex 50.7417 -3.74164 -7
      vertex 50.1705 -3.88471 -7
    endloop
  endfacet
  facet normal 0 0 -1
    outer loop
      vertex 51.8284 23.2915 -7
      vertex 49.8636 23.9302 -7
      vertex 51.2961 23.5433 -7
    endloop
  endfacet
  facet normal 0 0 -1
    outer loop
      vertex 51.2961 23.5433 -7
      vertex 49.8636 23.9302 -7
      vertex 50.7417 23.7416 -7
    endloop
  endfacet
  facet normal 0 0 -1
    outer loop
      vertex 48.672 7 -7
      vertex 50.1705 -3.88471 -7
      vertex 49.5881 -3.97111 -7
    endloop
  endfacet
  facet normal 0 0 -1
    outer loop
      vertex 48.672 7 -7
      vertex 49.5881 -3.97111 -7
      vertex 49 -4 -7
    endloop
  endfacet
  facet normal 0 0 -1
    outer loop
      vertex 48.672 7 -7
      vertex 49 -4 -7
      vertex 48.672 -4 -7
    endloop
  endfacet
  facet normal 0 0 -1
    outer loop
      vertex 55 2 -7
      vertex 48.672 7 -7
      vertex 49.8636 10 -7
    endloop
  endfacet
  facet normal 0 0 -1
    outer loop
      vertex 48.672 7 -7
      vertex 42.1364 10 -7
      vertex 49.8636 10 -7
    endloop
  endfacet
  facet normal 0 0 -1
    outer loop
      vertex 37 18 -7
      vertex 42.1364 23.9302 -7
      vertex 42.1364 10 -7
    endloop
  endfacet
  facet normal 0 -0 -1
    outer loop
      vertex 41.2583 23.7416 -7
      vertex 42.1364 23.9302 -7
      vertex 37 18 -7
    endloop
  endfacet
  facet normal 0 0 -1
    outer loop
      vertex 42.1364 23.9302 -7
      vertex 41.2583 23.7416 -7
      vertex 41.8295 23.8847 -7
    endloop
  endfacet
  facet normal 0 0 -1
    outer loop
      vertex 41.2583 23.7416 -7
      vertex 37 18 -7
      vertex 40.7039 23.5433 -7
    endloop
  endfacet
  facet normal 0 0 -1
    outer loop
      vertex 40.7039 23.5433 -7
      vertex 37 18 -7
      vertex 40.1716 23.2915 -7
    endloop
  endfacet
  facet normal 0 0 -1
    outer loop
      vertex 40.1716 23.2915 -7
      vertex 37 18 -7
      vertex 39.6666 22.9888 -7
    endloop
  endfacet
  facet normal 0 0 -1
    outer loop
      vertex 39.6666 22.9888 -7
      vertex 37 18 -7
      vertex 39.1936 22.6381 -7
    endloop
  endfacet
  facet normal 0 0 -1
    outer loop
      vertex 39.1936 22.6381 -7
      vertex 37 18 -7
      vertex 38.7574 22.2426 -7
    endloop
  endfacet
  facet normal 0 0 -1
    outer loop
      vertex 38.7574 22.2426 -7
      vertex 37 18 -7
      vertex 38.3619 21.8064 -7
    endloop
  endfacet
  facet normal 0 0 -1
    outer loop
      vertex 38.3619 21.8064 -7
      vertex 37 18 -7
      vertex 38.0112 21.3334 -7
    endloop
  endfacet
  facet normal 0 0 -1
    outer loop
      vertex 38.0112 21.3334 -7
      vertex 37 18 -7
      vertex 37.7085 20.8284 -7
    endloop
  endfacet
  facet normal 0 0 -1
    outer loop
      vertex 37.7085 20.8284 -7
      vertex 37 18 -7
      vertex 37.4567 20.2961 -7
    endloop
  endfacet
  facet normal 0 0 -1
    outer loop
      vertex 37.4567 20.2961 -7
      vertex 37 18 -7
      vertex 37.2584 19.7417 -7
    endloop
  endfacet
  facet normal 0 0 -1
    outer loop
      vertex 37.2584 19.7417 -7
      vertex 37 18 -7
      vertex 37.1153 19.1705 -7
    endloop
  endfacet
  facet normal 0 0 -1
    outer loop
      vertex 37 7 -7
      vertex 42.1364 10 -7
      vertex 48.672 7 -7
    endloop
  endfacet
  facet normal 0 0 -1
    outer loop
      vertex 37 18 -7
      vertex 42.1364 10 -7
      vertex 37 7 -7
    endloop
  endfacet
  facet normal 0 0 -1
    outer loop
      vertex 37.1153 19.1705 -7
      vertex 37 18 -7
      vertex 37.0289 18.5881 -7
    endloop
  endfacet
  facet normal 0 0 -1
    outer loop
      vertex 50.7417 23.7416 -7
      vertex 49.8636 23.9302 -7
      vertex 50.1705 23.8847 -7
    endloop
  endfacet
  facet normal 1 -0 0
    outer loop
      vertex 55 2 7
      vertex 55 18 -7
      vertex 55 18 7
    endloop
  endfacet
  facet normal 1 0 0
    outer loop
      vertex 55 18 -7
      vertex 55 2 7
      vertex 55 2 -7
    endloop
  endfacet
  facet normal 0.336879 -0.941548 0
    outer loop
      vertex 51.2961 -3.54328 -7
      vertex 50.7417 -3.74164 -5.80962
      vertex 50.7417 -3.74164 -7
    endloop
  endfacet
  facet normal 0.337405 -0.941359 0.00027676
    outer loop
      vertex 50.7417 -3.74164 -5.80962
      vertex 51.2961 -3.54328 -7
      vertex 50.7579 -3.73583 -5.79758
    endloop
  endfacet
  facet normal 0.336857 -0.941556 0
    outer loop
      vertex 50.7579 -3.73583 -5.79758
      vertex 51.2961 -3.54328 -7
      vertex 51.2961 -3.54328 -5.30983
    endloop
  endfacet
  facet normal 0.336879 -0.941548 0
    outer loop
      vertex 50.7417 -3.74164 5.80962
      vertex 51.2961 -3.54328 7
      vertex 50.7417 -3.74164 7
    endloop
  endfacet
  facet normal 0.337405 -0.941359 -0.00027676
    outer loop
      vertex 50.7579 -3.73583 5.79758
      vertex 51.2961 -3.54328 7
      vertex 50.7417 -3.74164 5.80962
    endloop
  endfacet
  facet normal 0.336857 -0.941556 0
    outer loop
      vertex 51.2961 -3.54328 7
      vertex 50.7579 -3.73583 5.79758
      vertex 51.2961 -3.54328 5.30983
    endloop
  endfacet
  facet normal 0.740864 -0.671655 0
    outer loop
      vertex 53.6381 -1.80636 7
      vertex 53.5 -1.95869 0
      vertex 53.6381 -1.80636 -7
    endloop
  endfacet
  facet normal 0.741044 -0.671456 -7.90838e-06
    outer loop
      vertex 53.6381 -1.80636 7
      vertex 53.4639 -1.99854 0.735128
      vertex 53.5 -1.95869 0
    endloop
  endfacet
  facet normal 0.740923 -0.67159 -4.09591e-07
    outer loop
      vertex 53.6381 -1.80636 7
      vertex 53.3559 -2.11769 1.46318
      vertex 53.4639 -1.99854 0.735128
    endloop
  endfacet
  facet normal 0.740884 -0.671632 0
    outer loop
      vertex 53.2426 -2.24264 1.91529
      vertex 53.6381 -1.80636 7
      vertex 53.2426 -2.24264 7
    endloop
  endfacet
  facet normal 0.740818 -0.671705 1.13884e-05
    outer loop
      vertex 53.6381 -1.80636 7
      vertex 53.2426 -2.24264 1.91529
      vertex 53.3559 -2.11769 1.46318
    endloop
  endfacet
  facet normal 0.741044 -0.671456 7.90838e-06
    outer loop
      vertex 53.4639 -1.99854 -0.735128
      vertex 53.6381 -1.80636 -7
      vertex 53.5 -1.95869 0
    endloop
  endfacet
  facet normal 0.740923 -0.67159 4.09591e-07
    outer loop
      vertex 53.3559 -2.11769 -1.46318
      vertex 53.6381 -1.80636 -7
      vertex 53.4639 -1.99854 -0.735128
    endloop
  endfacet
  facet normal 0.740818 -0.671705 -1.13884e-05
    outer loop
      vertex 53.2426 -2.24264 -1.91529
      vertex 53.6381 -1.80636 -7
      vertex 53.3559 -2.11769 -1.46318
    endloop
  endfacet
  facet normal 0.740884 -0.671632 0
    outer loop
      vertex 53.6381 -1.80636 -7
      vertex 53.2426 -2.24264 -1.91529
      vertex 53.2426 -2.24264 -7
    endloop
  endfacet
  facet normal 0.998795 -0.0490821 0
    outer loop
      vertex 54.9711 1.4119 7
      vertex 55 2 -7
      vertex 55 2 7
    endloop
  endfacet
  facet normal 0.998795 -0.0490821 0
    outer loop
      vertex 55 2 -7
      vertex 54.9711 1.4119 7
      vertex 54.9711 1.4119 -7
    endloop
  endfacet
  facet normal -1 0 0
    outer loop
      vertex 37 7 -7
      vertex 37 18 7
      vertex 37 18 -7
    endloop
  endfacet
  facet normal -1 -0 0
    outer loop
      vertex 37 18 7
      vertex 37 7 -7
      vertex 37 7 7
    endloop
  endfacet
  facet normal -0.998795 0.0490821 0
    outer loop
      vertex 37 18 -7
      vertex 37.0289 18.5881 7
      vertex 37.0289 18.5881 -7
    endloop
  endfacet
  facet normal -0.998795 0.0490821 0
    outer loop
      vertex 37.0289 18.5881 7
      vertex 37 18 -7
      vertex 37 18 7
    endloop
  endfacet
  facet normal 0.970023 0.243015 0
    outer loop
      vertex 54.8847 19.1705 7
      vertex 54.7416 19.7417 -7
      vertex 54.7416 19.7417 7
    endloop
  endfacet
  facet normal 0.970023 0.243015 0
    outer loop
      vertex 54.7416 19.7417 -7
      vertex 54.8847 19.1705 7
      vertex 54.8847 19.1705 -7
    endloop
  endfacet
  facet normal 0.427542 -0.903995 0
    outer loop
      vertex 51.2961 -3.54328 5.30983
      vertex 51.8284 -3.29153 7
      vertex 51.2961 -3.54328 7
    endloop
  endfacet
  facet normal 0.427924 -0.903815 -0.000146908
    outer loop
      vertex 51.3033 -3.53987 5.3033
      vertex 51.8284 -3.29153 7
      vertex 51.2961 -3.54328 5.30983
    endloop
  endfacet
  facet normal 0.427532 -0.904 1.47447e-06
    outer loop
      vertex 51.7976 -3.3061 4.75795
      vertex 51.8284 -3.29153 7
      vertex 51.3033 -3.53987 5.3033
    endloop
  endfacet
  facet normal 0.427619 -0.903959 0
    outer loop
      vertex 51.8284 -3.29153 7
      vertex 51.7976 -3.3061 4.75795
      vertex 51.8284 -3.29153 4.71642
    endloop
  endfacet
  facet normal 0.427542 -0.903995 0
    outer loop
      vertex 51.8284 -3.29153 -7
      vertex 51.2961 -3.54328 -5.30983
      vertex 51.2961 -3.54328 -7
    endloop
  endfacet
  facet normal 0.427924 -0.903815 0.000146908
    outer loop
      vertex 51.2961 -3.54328 -5.30983
      vertex 51.8284 -3.29153 -7
      vertex 51.3033 -3.53987 -5.3033
    endloop
  endfacet
  facet normal 0.427532 -0.904 -1.47447e-06
    outer loop
      vertex 51.3033 -3.53987 -5.3033
      vertex 51.8284 -3.29153 -7
      vertex 51.7976 -3.3061 -4.75795
    endloop
  endfacet
  facet normal 0.427619 -0.903959 0
    outer loop
      vertex 51.7976 -3.3061 -4.75795
      vertex 51.8284 -3.29153 -7
      vertex 51.8284 -3.29153 -4.71642
    endloop
  endfacet
  facet normal 0.671625 -0.740891 0
    outer loop
      vertex 53.2426 -2.24264 -7
      vertex 52.8064 -2.63806 -3.12963
      vertex 52.8064 -2.63806 -7
    endloop
  endfacet
  facet normal 0.671655 -0.740864 6.11494e-06
    outer loop
      vertex 52.8064 -2.63806 -3.12963
      vertex 53.2426 -2.24264 -7
      vertex 52.9291 -2.52682 -2.87012
    endloop
  endfacet
  facet normal 0.671508 -0.740997 -1.41967e-05
    outer loop
      vertex 52.9291 -2.52682 -2.87012
      vertex 53.2426 -2.24264 -7
      vertex 53.1771 -2.30209 -2.17713
    endloop
  endfacet
  facet normal 0.672082 -0.740477 0
    outer loop
      vertex 53.1771 -2.30209 -2.17713
      vertex 53.2426 -2.24264 -7
      vertex 53.2426 -2.24264 -1.91529
    endloop
  endfacet
  facet normal 0.671625 -0.740891 0
    outer loop
      vertex 52.8064 -2.63806 3.12963
      vertex 53.2426 -2.24264 7
      vertex 52.8064 -2.63806 7
    endloop
  endfacet
  facet normal 0.671655 -0.740864 -6.11494e-06
    outer loop
      vertex 52.9291 -2.52682 2.87012
      vertex 53.2426 -2.24264 7
      vertex 52.8064 -2.63806 3.12963
    endloop
  endfacet
  facet normal 0.671508 -0.740997 1.41967e-05
    outer loop
      vertex 53.1771 -2.30209 2.17713
      vertex 53.2426 -2.24264 7
      vertex 52.9291 -2.52682 2.87012
    endloop
  endfacet
  facet normal 0.672082 -0.740477 0
    outer loop
      vertex 53.2426 -2.24264 7
      vertex 53.1771 -2.30209 2.17713
      vertex 53.2426 -2.24264 1.91529
    endloop
  endfacet
  facet normal 0.336788 0.94158 0
    outer loop
      vertex 51.2961 23.5433 7
      vertex 50.7417 23.7416 6.43138
      vertex 50.7417 23.7416 7
    endloop
  endfacet
  facet normal 0.336858 0.941555 -7.69544e-05
    outer loop
      vertex 51.2961 23.5433 7
      vertex 51.0751 23.6223 6.18408
      vertex 50.7417 23.7416 6.43138
    endloop
  endfacet
  facet normal 0.336606 0.941645 0
    outer loop
      vertex 51.0751 23.6223 6.18408
      vertex 51.2961 23.5433 7
      vertex 51.2961 23.5433 5.98382
    endloop
  endfacet
  facet normal 0.336606 0.941645 -0
    outer loop
      vertex 51.2961 23.5433 -7
      vertex 51.0751 23.6223 -6.18408
      vertex 51.2961 23.5433 -5.98382
    endloop
  endfacet
  facet normal 0.336858 0.941555 7.69544e-05
    outer loop
      vertex 51.2961 23.5433 -7
      vertex 50.7417 23.7416 -6.43138
      vertex 51.0751 23.6223 -6.18408
    endloop
  endfacet
  facet normal 0.336788 0.94158 0
    outer loop
      vertex 50.7417 23.7416 -6.43138
      vertex 51.2961 23.5433 -7
      vertex 50.7417 23.7416 -7
    endloop
  endfacet
  facet normal -0.903962 0.427612 0
    outer loop
      vertex 37.4567 20.2961 -7
      vertex 37.7085 20.8284 7
      vertex 37.7085 20.8284 -7
    endloop
  endfacet
  facet normal -0.903962 0.427612 0
    outer loop
      vertex 37.7085 20.8284 7
      vertex 37.4567 20.2961 -7
      vertex 37.4567 20.2961 7
    endloop
  endfacet
  facet normal -0.94158 0.336788 0
    outer loop
      vertex 37.2584 19.7417 -7
      vertex 37.4567 20.2961 7
      vertex 37.4567 20.2961 -7
    endloop
  endfacet
  facet normal -0.94158 0.336788 0
    outer loop
      vertex 37.4567 20.2961 7
      vertex 37.2584 19.7417 -7
      vertex 37.2584 19.7417 7
    endloop
  endfacet
  facet normal 0.998795 0.0490821 0
    outer loop
      vertex 55 18 7
      vertex 54.9711 18.5881 -7
      vertex 54.9711 18.5881 7
    endloop
  endfacet
  facet normal 0.998795 0.0490821 0
    outer loop
      vertex 54.9711 18.5881 -7
      vertex 55 18 7
      vertex 55 18 -7
    endloop
  endfacet
  facet normal 0.857718 0.514121 0
    outer loop
      vertex 54.2915 20.8284 7
      vertex 53.9888 21.3334 0.227628
      vertex 53.9888 21.3334 7
    endloop
  endfacet
  facet normal 0.857175 0.515026 9.17239e-05
    outer loop
      vertex 53.9888 21.3334 0.227628
      vertex 54.2915 20.8284 7
      vertex 54 21.3148 0
    endloop
  endfacet
  facet normal 0.857175 0.515026 -9.17239e-05
    outer loop
      vertex 54.2915 20.8284 -7
      vertex 53.9888 21.3334 -0.227628
      vertex 54 21.3148 0
    endloop
  endfacet
  facet normal 0.857757 0.514055 -0
    outer loop
      vertex 54.2915 20.8284 -7
      vertex 54 21.3148 0
      vertex 54.2915 20.8284 7
    endloop
  endfacet
  facet normal 0.857718 0.514121 0
    outer loop
      vertex 53.9888 21.3334 -0.227628
      vertex 54.2915 20.8284 -7
      vertex 53.9888 21.3334 -7
    endloop
  endfacet
  facet normal 0.595655 -0.803241 0
    outer loop
      vertex 52.3334 -2.98882 4.00428
      vertex 52.8064 -2.63806 7
      vertex 52.3334 -2.98882 7
    endloop
  endfacet
  facet normal 0.595684 -0.803219 -7.2804e-06
    outer loop
      vertex 52.6144 -2.78042 3.53547
      vertex 52.8064 -2.63806 7
      vertex 52.3334 -2.98882 4.00428
    endloop
  endfacet
  facet normal 0.5956 -0.803281 0
    outer loop
      vertex 52.8064 -2.63806 7
      vertex 52.6144 -2.78042 3.53547
      vertex 52.8064 -2.63806 3.12963
    endloop
  endfacet
  facet normal 0.595655 -0.803241 0
    outer loop
      vertex 52.8064 -2.63806 -7
      vertex 52.3334 -2.98882 -4.00428
      vertex 52.3334 -2.98882 -7
    endloop
  endfacet
  facet normal 0.595684 -0.803219 7.2804e-06
    outer loop
      vertex 52.3334 -2.98882 -4.00428
      vertex 52.8064 -2.63806 -7
      vertex 52.6144 -2.78042 -3.53547
    endloop
  endfacet
  facet normal 0.5956 -0.803281 0
    outer loop
      vertex 52.6144 -2.78042 -3.53547
      vertex 52.8064 -2.63806 -7
      vertex 52.8064 -2.63806 -3.12963
    endloop
  endfacet
  facet normal 0.514134 -0.85771 0
    outer loop
      vertex 51.8284 -3.29153 4.71642
      vertex 52.3334 -2.98882 7
      vertex 51.8284 -3.29153 7
    endloop
  endfacet
  facet normal 0.514138 -0.857707 -1.45796e-06
    outer loop
      vertex 52.236 -3.0472 4.16678
      vertex 52.3334 -2.98882 7
      vertex 51.8284 -3.29153 4.71642
    endloop
  endfacet
  facet normal 0.514107 -0.857726 0
    outer loop
      vertex 52.3334 -2.98882 7
      vertex 52.236 -3.0472 4.16678
      vertex 52.3334 -2.98882 4.00428
    endloop
  endfacet
  facet normal 0.514134 -0.85771 0
    outer loop
      vertex 52.3334 -2.98882 -7
      vertex 51.8284 -3.29153 -4.71642
      vertex 51.8284 -3.29153 -7
    endloop
  endfacet
  facet normal 0.514138 -0.857707 1.45796e-06
    outer loop
      vertex 51.8284 -3.29153 -4.71642
      vertex 52.3334 -2.98882 -7
      vertex 52.236 -3.0472 -4.16678
    endloop
  endfacet
  facet normal 0.514107 -0.857726 0
    outer loop
      vertex 52.236 -3.0472 -4.16678
      vertex 52.3334 -2.98882 -7
      vertex 52.3334 -2.98882 -4.00428
    endloop
  endfacet
  facet normal 0.941579 -0.336793 0
    outer loop
      vertex 54.5433 -0.296101 7
      vertex 54.7416 0.258291 -7
      vertex 54.7416 0.258291 7
    endloop
  endfacet
  facet normal 0.941579 -0.336793 0
    outer loop
      vertex 54.7416 0.258291 -7
      vertex 54.5433 -0.296101 7
      vertex 54.5433 -0.296101 -7
    endloop
  endfacet
  facet normal 0.970019 -0.243029 0
    outer loop
      vertex 54.7416 0.258291 7
      vertex 54.8847 0.829457 -7
      vertex 54.8847 0.829457 7
    endloop
  endfacet
  facet normal 0.970019 -0.243029 0
    outer loop
      vertex 54.8847 0.829457 -7
      vertex 54.7416 0.258291 7
      vertex 54.7416 0.258291 -7
    endloop
  endfacet
  facet normal 0.989176 -0.146735 0
    outer loop
      vertex 54.8847 0.829457 7
      vertex 54.9711 1.4119 -7
      vertex 54.9711 1.4119 7
    endloop
  endfacet
  facet normal 0.989176 -0.146735 0
    outer loop
      vertex 54.9711 1.4119 -7
      vertex 54.8847 0.829457 7
      vertex 54.8847 0.829457 -7
    endloop
  endfacet
  facet normal -0.146654 0.989188 0
    outer loop
      vertex 42.1364 23.9302 -7
      vertex 41.8295 23.8847 -7
      vertex 41.8295 23.8847 -6.816
    endloop
  endfacet
  facet normal -0.146654 0.989188 0
    outer loop
      vertex 42.1364 23.9302 7
      vertex 41.8295 23.8847 6.816
      vertex 41.8295 23.8847 7
    endloop
  endfacet
  facet normal -0.336788 0.94158 0
    outer loop
      vertex 40.7039 23.5433 -7
      vertex 41.2583 23.7416 -6.43138
      vertex 41.2583 23.7416 -7
    endloop
  endfacet
  facet normal -0.336858 0.941555 7.69544e-05
    outer loop
      vertex 41.2583 23.7416 -6.43138
      vertex 40.7039 23.5433 -7
      vertex 40.9249 23.6223 -6.18408
    endloop
  endfacet
  facet normal -0.336606 0.941645 0
    outer loop
      vertex 40.9249 23.6223 -6.18408
      vertex 40.7039 23.5433 -7
      vertex 40.7039 23.5433 -5.98382
    endloop
  endfacet
  facet normal -0.336788 0.94158 0
    outer loop
      vertex 41.2583 23.7416 6.43138
      vertex 40.7039 23.5433 7
      vertex 41.2583 23.7416 7
    endloop
  endfacet
  facet normal -0.336858 0.941555 -7.69544e-05
    outer loop
      vertex 40.9249 23.6223 6.18408
      vertex 40.7039 23.5433 7
      vertex 41.2583 23.7416 6.43138
    endloop
  endfacet
  facet normal -0.336606 0.941645 0
    outer loop
      vertex 40.7039 23.5433 7
      vertex 40.9249 23.6223 6.18408
      vertex 40.7039 23.5433 5.98382
    endloop
  endfacet
  facet normal -0.514121 0.857718 0
    outer loop
      vertex 39.6666 22.9888 -7
      vertex 40.1716 23.2915 -5.4676
      vertex 40.1716 23.2915 -7
    endloop
  endfacet
  facet normal -0.51411 0.857724 -5.06606e-06
    outer loop
      vertex 40.1716 23.2915 -5.4676
      vertex 39.6666 22.9888 -7
      vertex 39.8159 23.0783 -5.07515
    endloop
  endfacet
  facet normal -0.514158 0.857696 0
    outer loop
      vertex 39.8159 23.0783 -5.07515
      vertex 39.6666 22.9888 -7
      vertex 39.6666 22.9888 -4.87379
    endloop
  endfacet
  facet normal -0.514121 0.857718 0
    outer loop
      vertex 40.1716 23.2915 5.4676
      vertex 39.6666 22.9888 7
      vertex 40.1716 23.2915 7
    endloop
  endfacet
  facet normal -0.51411 0.857724 5.06606e-06
    outer loop
      vertex 39.8159 23.0783 5.07515
      vertex 39.6666 22.9888 7
      vertex 40.1716 23.2915 5.4676
    endloop
  endfacet
  facet normal -0.514158 0.857696 0
    outer loop
      vertex 39.6666 22.9888 7
      vertex 39.8159 23.0783 5.07515
      vertex 39.6666 22.9888 4.87379
    endloop
  endfacet
  facet normal -0.6717 0.740823 0
    outer loop
      vertex 39.1936 22.6381 4.18662
      vertex 38.7574 22.2426 7
      vertex 39.1936 22.6381 7
    endloop
  endfacet
  facet normal -0.671613 0.740902 2.4502e-05
    outer loop
      vertex 38.9446 22.4124 3.77117
      vertex 38.7574 22.2426 7
      vertex 39.1936 22.6381 4.18662
    endloop
  endfacet
  facet normal -0.671845 0.740692 0
    outer loop
      vertex 38.7574 22.2426 7
      vertex 38.9446 22.4124 3.77117
      vertex 38.7574 22.2426 3.37522
    endloop
  endfacet
  facet normal -0.6717 0.740823 0
    outer loop
      vertex 38.7574 22.2426 -7
      vertex 39.1936 22.6381 -4.18662
      vertex 39.1936 22.6381 -7
    endloop
  endfacet
  facet normal -0.671613 0.740902 -2.4502e-05
    outer loop
      vertex 39.1936 22.6381 -4.18662
      vertex 38.7574 22.2426 -7
      vertex 38.9446 22.4124 -3.77117
    endloop
  endfacet
  facet normal -0.671845 0.740692 0
    outer loop
      vertex 38.9446 22.4124 -3.77117
      vertex 38.7574 22.2426 -7
      vertex 38.7574 22.2426 -3.37522
    endloop
  endfacet
  facet normal -0.804606 0.593809 -0.00028166
    outer loop
      vertex 38.0112 21.3334 7
      vertex 38.3619 21.8064 2.37107
      vertex 38.3445 21.7828 2.32228
    endloop
  endfacet
  facet normal -0.803152 0.595774 1.07894e-05
    outer loop
      vertex 38.0112 21.3334 7
      vertex 38.3445 21.7828 2.32228
      vertex 38.1537 21.5256 1.56072
    endloop
  endfacet
  facet normal -0.803176 0.595742 9.04197e-06
    outer loop
      vertex 38.0112 21.3334 7
      vertex 38.1537 21.5256 1.56072
      vertex 38.0385 21.3703 0.784137
    endloop
  endfacet
  facet normal -0.803289 0.595589 0
    outer loop
      vertex 38.3619 21.8064 2.37107
      vertex 38.0112 21.3334 7
      vertex 38.3619 21.8064 7
    endloop
  endfacet
  facet normal -0.803904 0.594759 0
    outer loop
      vertex 38.0112 21.3334 7
      vertex 38.0385 21.3703 0.784137
      vertex 38.0112 21.3334 0.227614
    endloop
  endfacet
  facet normal -0.803289 0.595589 0
    outer loop
      vertex 38.0112 21.3334 -7
      vertex 38.3619 21.8064 -2.37107
      vertex 38.3619 21.8064 -7
    endloop
  endfacet
  facet normal -0.804606 0.593809 0.00028166
    outer loop
      vertex 38.3619 21.8064 -2.37107
      vertex 38.0112 21.3334 -7
      vertex 38.3445 21.7828 -2.32228
    endloop
  endfacet
  facet normal -0.803152 0.595774 -1.07894e-05
    outer loop
      vertex 38.3445 21.7828 -2.32228
      vertex 38.0112 21.3334 -7
      vertex 38.1537 21.5256 -1.56072
    endloop
  endfacet
  facet normal -0.803176 0.595742 -9.04197e-06
    outer loop
      vertex 38.1537 21.5256 -1.56072
      vertex 38.0112 21.3334 -7
      vertex 38.0385 21.3703 -0.784137
    endloop
  endfacet
  facet normal -0.803904 0.594759 0
    outer loop
      vertex 38.0385 21.3703 -0.784137
      vertex 38.0112 21.3334 -7
      vertex 38.0112 21.3334 -0.227614
    endloop
  endfacet
  facet normal -0.74087 0.671648 -1.14342e-05
    outer loop
      vertex 38.3619 21.8064 7
      vertex 38.7574 22.2426 3.37522
      vertex 38.609 22.0789 3.06147
    endloop
  endfacet
  facet normal -0.740788 0.671739 0
    outer loop
      vertex 38.3619 21.8064 7
      vertex 38.609 22.0789 3.06147
      vertex 38.3619 21.8064 2.37107
    endloop
  endfacet
  facet normal -0.740823 0.6717 0
    outer loop
      vertex 38.7574 22.2426 3.37522
      vertex 38.3619 21.8064 7
      vertex 38.7574 22.2426 7
    endloop
  endfacet
  facet normal -0.740823 0.6717 0
    outer loop
      vertex 38.3619 21.8064 -7
      vertex 38.7574 22.2426 -3.37522
      vertex 38.7574 22.2426 -7
    endloop
  endfacet
  facet normal -0.74087 0.671648 1.14342e-05
    outer loop
      vertex 38.7574 22.2426 -3.37522
      vertex 38.3619 21.8064 -7
      vertex 38.609 22.0789 -3.06147
    endloop
  endfacet
  facet normal -0.740788 0.671739 0
    outer loop
      vertex 38.609 22.0789 -3.06147
      vertex 38.3619 21.8064 -7
      vertex 38.3619 21.8064 -2.37107
    endloop
  endfacet
  facet normal -0.970023 0.243015 0
    outer loop
      vertex 37.1153 19.1705 -7
      vertex 37.2584 19.7417 7
      vertex 37.2584 19.7417 -7
    endloop
  endfacet
  facet normal -0.970023 0.243015 0
    outer loop
      vertex 37.2584 19.7417 7
      vertex 37.1153 19.1705 -7
      vertex 37.1153 19.1705 7
    endloop
  endfacet
  facet normal -0.989174 0.146746 0
    outer loop
      vertex 37.0289 18.5881 -7
      vertex 37.1153 19.1705 7
      vertex 37.1153 19.1705 -7
    endloop
  endfacet
  facet normal -0.989174 0.146746 0
    outer loop
      vertex 37.1153 19.1705 7
      vertex 37.0289 18.5881 -7
      vertex 37.0289 18.5881 7
    endloop
  endfacet
  facet normal 0.514121 0.857718 0
    outer loop
      vertex 52.3334 22.9888 7
      vertex 51.8284 23.2915 5.4676
      vertex 51.8284 23.2915 7
    endloop
  endfacet
  facet normal 0.51411 0.857724 5.06606e-06
    outer loop
      vertex 52.3334 22.9888 7
      vertex 52.1841 23.0783 5.07515
      vertex 51.8284 23.2915 5.4676
    endloop
  endfacet
  facet normal 0.514158 0.857696 0
    outer loop
      vertex 52.1841 23.0783 5.07515
      vertex 52.3334 22.9888 7
      vertex 52.3334 22.9888 4.87379
    endloop
  endfacet
  facet normal 0.514158 0.857696 -0
    outer loop
      vertex 52.3334 22.9888 -7
      vertex 52.1841 23.0783 -5.07515
      vertex 52.3334 22.9888 -4.87379
    endloop
  endfacet
  facet normal 0.51411 0.857724 -5.06606e-06
    outer loop
      vertex 52.3334 22.9888 -7
      vertex 51.8284 23.2915 -5.4676
      vertex 52.1841 23.0783 -5.07515
    endloop
  endfacet
  facet normal 0.514121 0.857718 0
    outer loop
      vertex 51.8284 23.2915 -5.4676
      vertex 52.3334 22.9888 -7
      vertex 51.8284 23.2915 -7
    endloop
  endfacet
  facet normal 0.595501 0.803355 -0
    outer loop
      vertex 52.8064 22.6381 -7
      vertex 52.6518 22.7527 -4.44456
      vertex 52.8064 22.6381 -4.18662
    endloop
  endfacet
  facet normal 0.595622 0.803265 1.13368e-05
    outer loop
      vertex 52.8064 22.6381 -7
      vertex 52.3334 22.9888 -4.87379
      vertex 52.6518 22.7527 -4.44456
    endloop
  endfacet
  facet normal 0.595589 0.803289 0
    outer loop
      vertex 52.3334 22.9888 -4.87379
      vertex 52.8064 22.6381 -7
      vertex 52.3334 22.9888 -7
    endloop
  endfacet
  facet normal 0.595589 0.803289 0
    outer loop
      vertex 52.8064 22.6381 7
      vertex 52.3334 22.9888 4.87379
      vertex 52.3334 22.9888 7
    endloop
  endfacet
  facet normal 0.595622 0.803265 -1.13368e-05
    outer loop
      vertex 52.8064 22.6381 7
      vertex 52.6518 22.7527 4.44456
      vertex 52.3334 22.9888 4.87379
    endloop
  endfacet
  facet normal 0.595501 0.803355 0
    outer loop
      vertex 52.6518 22.7527 4.44456
      vertex 52.8064 22.6381 7
      vertex 52.8064 22.6381 4.18662
    endloop
  endfacet
  facet normal 0.671845 0.740692 -0
    outer loop
      vertex 53.2426 22.2426 -7
      vertex 53.0554 22.4124 -3.77117
      vertex 53.2426 22.2426 -3.37522
    endloop
  endfacet
  facet normal 0.671613 0.740902 -2.4502e-05
    outer loop
      vertex 53.2426 22.2426 -7
      vertex 52.8064 22.6381 -4.18662
      vertex 53.0554 22.4124 -3.77117
    endloop
  endfacet
  facet normal 0.6717 0.740823 0
    outer loop
      vertex 52.8064 22.6381 -4.18662
      vertex 53.2426 22.2426 -7
      vertex 52.8064 22.6381 -7
    endloop
  endfacet
  facet normal 0.6717 0.740823 0
    outer loop
      vertex 53.2426 22.2426 7
      vertex 52.8064 22.6381 4.18662
      vertex 52.8064 22.6381 7
    endloop
  endfacet
  facet normal 0.671613 0.740902 2.4502e-05
    outer loop
      vertex 53.2426 22.2426 7
      vertex 53.0554 22.4124 3.77117
      vertex 52.8064 22.6381 4.18662
    endloop
  endfacet
  facet normal 0.671845 0.740692 0
    outer loop
      vertex 53.0554 22.4124 3.77117
      vertex 53.2426 22.2426 7
      vertex 53.2426 22.2426 3.37522
    endloop
  endfacet
  facet normal 0.74087 0.671648 1.14342e-05
    outer loop
      vertex 53.6381 21.8064 -7
      vertex 53.2426 22.2426 -3.37522
      vertex 53.391 22.0789 -3.06147
    endloop
  endfacet
  facet normal 0.740788 0.671739 -0
    outer loop
      vertex 53.6381 21.8064 -7
      vertex 53.391 22.0789 -3.06147
      vertex 53.6381 21.8064 -2.37107
    endloop
  endfacet
  facet normal 0.740823 0.6717 0
    outer loop
      vertex 53.2426 22.2426 -3.37522
      vertex 53.6381 21.8064 -7
      vertex 53.2426 22.2426 -7
    endloop
  endfacet
  facet normal 0.740823 0.6717 0
    outer loop
      vertex 53.6381 21.8064 7
      vertex 53.2426 22.2426 3.37522
      vertex 53.2426 22.2426 7
    endloop
  endfacet
  facet normal 0.74087 0.671648 -1.14342e-05
    outer loop
      vertex 53.2426 22.2426 3.37522
      vertex 53.6381 21.8064 7
      vertex 53.391 22.0789 3.06147
    endloop
  endfacet
  facet normal 0.740788 0.671739 0
    outer loop
      vertex 53.391 22.0789 3.06147
      vertex 53.6381 21.8064 7
      vertex 53.6381 21.8064 2.37107
    endloop
  endfacet
  facet normal 0.989174 0.146746 0
    outer loop
      vertex 54.9711 18.5881 7
      vertex 54.8847 19.1705 -7
      vertex 54.8847 19.1705 7
    endloop
  endfacet
  facet normal 0.989174 0.146746 0
    outer loop
      vertex 54.8847 19.1705 -7
      vertex 54.9711 18.5881 7
      vertex 54.9711 18.5881 -7
    endloop
  endfacet
  facet normal 0.94158 0.336788 0
    outer loop
      vertex 54.7416 19.7417 7
      vertex 54.5433 20.2961 -7
      vertex 54.5433 20.2961 7
    endloop
  endfacet
  facet normal 0.94158 0.336788 0
    outer loop
      vertex 54.5433 20.2961 -7
      vertex 54.7416 19.7417 7
      vertex 54.7416 19.7417 -7
    endloop
  endfacet
  facet normal 0.803253 -0.595638 0
    outer loop
      vertex 53.6381 -1.80636 7
      vertex 53.9888 -1.33342 -7
      vertex 53.9888 -1.33342 7
    endloop
  endfacet
  facet normal 0.803253 -0.595638 0
    outer loop
      vertex 53.9888 -1.33342 -7
      vertex 53.6381 -1.80636 7
      vertex 53.6381 -1.80636 -7
    endloop
  endfacet
  facet normal 0.146654 0.989188 -0
    outer loop
      vertex 50.1705 23.8847 6.816
      vertex 49.8636 23.9302 7
      vertex 50.1705 23.8847 7
    endloop
  endfacet
  facet normal 0.146654 0.989188 -0
    outer loop
      vertex 50.1705 23.8847 -7
      vertex 49.8636 23.9302 -7
      vertex 50.1705 23.8847 -6.816
    endloop
  endfacet
  facet normal 0.243015 0.970022 0.000192088
    outer loop
      vertex 50.4446 23.8161 6.65176
      vertex 50.1705 23.8847 7
      vertex 50.7417 23.7416 7
    endloop
  endfacet
  facet normal 0.242785 0.97008 0
    outer loop
      vertex 50.1705 23.8847 7
      vertex 50.4446 23.8161 6.65176
      vertex 50.1705 23.8847 6.816
    endloop
  endfacet
  facet normal 0.243227 0.969969 0
    outer loop
      vertex 50.4446 23.8161 6.65176
      vertex 50.7417 23.7416 7
      vertex 50.7417 23.7416 6.43138
    endloop
  endfacet
  facet normal 0.243227 0.969969 -0
    outer loop
      vertex 50.7417 23.7416 -7
      vertex 50.4446 23.8161 -6.65176
      vertex 50.7417 23.7416 -6.43138
    endloop
  endfacet
  facet normal 0.243015 0.970022 -0.000192088
    outer loop
      vertex 50.1705 23.8847 -7
      vertex 50.4446 23.8161 -6.65176
      vertex 50.7417 23.7416 -7
    endloop
  endfacet
  facet normal 0.242785 0.97008 0
    outer loop
      vertex 50.4446 23.8161 -6.65176
      vertex 50.1705 23.8847 -7
      vertex 50.1705 23.8847 -6.816
    endloop
  endfacet
  facet normal -0.427612 0.903962 0
    outer loop
      vertex 40.7039 23.5433 5.98382
      vertex 40.1716 23.2915 7
      vertex 40.7039 23.5433 7
    endloop
  endfacet
  facet normal -0.42751 0.904011 6.53074e-05
    outer loop
      vertex 40.3431 23.3727 5.65685
      vertex 40.1716 23.2915 7
      vertex 40.7039 23.5433 5.98382
    endloop
  endfacet
  facet normal -0.427928 0.903813 0
    outer loop
      vertex 40.1716 23.2915 7
      vertex 40.3431 23.3727 5.65685
      vertex 40.1716 23.2915 5.4676
    endloop
  endfacet
  facet normal -0.427612 0.903962 0
    outer loop
      vertex 40.1716 23.2915 -7
      vertex 40.7039 23.5433 -5.98382
      vertex 40.7039 23.5433 -7
    endloop
  endfacet
  facet normal -0.42751 0.904011 -6.53074e-05
    outer loop
      vertex 40.7039 23.5433 -5.98382
      vertex 40.1716 23.2915 -7
      vertex 40.3431 23.3727 -5.65685
    endloop
  endfacet
  facet normal -0.427928 0.903813 0
    outer loop
      vertex 40.3431 23.3727 -5.65685
      vertex 40.1716 23.2915 -7
      vertex 40.1716 23.2915 -5.4676
    endloop
  endfacet
  facet normal -0.595589 0.803289 0
    outer loop
      vertex 39.1936 22.6381 -7
      vertex 39.6666 22.9888 -4.87379
      vertex 39.6666 22.9888 -7
    endloop
  endfacet
  facet normal -0.595622 0.803265 1.13368e-05
    outer loop
      vertex 39.6666 22.9888 -4.87379
      vertex 39.1936 22.6381 -7
      vertex 39.3482 22.7527 -4.44456
    endloop
  endfacet
  facet normal -0.595501 0.803355 0
    outer loop
      vertex 39.3482 22.7527 -4.44456
      vertex 39.1936 22.6381 -7
      vertex 39.1936 22.6381 -4.18662
    endloop
  endfacet
  facet normal -0.595589 0.803289 0
    outer loop
      vertex 39.6666 22.9888 4.87379
      vertex 39.1936 22.6381 7
      vertex 39.6666 22.9888 7
    endloop
  endfacet
  facet normal -0.595622 0.803265 -1.13368e-05
    outer loop
      vertex 39.3482 22.7527 4.44456
      vertex 39.1936 22.6381 7
      vertex 39.6666 22.9888 4.87379
    endloop
  endfacet
  facet normal -0.595501 0.803355 0
    outer loop
      vertex 39.1936 22.6381 7
      vertex 39.3482 22.7527 4.44456
      vertex 39.1936 22.6381 4.18662
    endloop
  endfacet
  facet normal -0.857718 0.514121 0
    outer loop
      vertex 37.7085 20.8284 -7
      vertex 38.0112 21.3334 -0.227614
      vertex 38.0112 21.3334 -7
    endloop
  endfacet
  facet normal -0.857175 0.515026 -9.17265e-05
    outer loop
      vertex 38.0112 21.3334 -0.227614
      vertex 37.7085 20.8284 -7
      vertex 38 21.3148 0
    endloop
  endfacet
  facet normal -0.857175 0.515026 9.17265e-05
    outer loop
      vertex 37.7085 20.8284 7
      vertex 38.0112 21.3334 0.227614
      vertex 38 21.3148 0
    endloop
  endfacet
  facet normal -0.857757 0.514055 0
    outer loop
      vertex 37.7085 20.8284 7
      vertex 38 21.3148 0
      vertex 37.7085 20.8284 -7
    endloop
  endfacet
  facet normal -0.857718 0.514121 0
    outer loop
      vertex 38.0112 21.3334 0.227614
      vertex 37.7085 20.8284 7
      vertex 38.0112 21.3334 7
    endloop
  endfacet
  facet normal 0.427612 0.903962 0
    outer loop
      vertex 51.8284 23.2915 7
      vertex 51.2961 23.5433 5.98382
      vertex 51.2961 23.5433 7
    endloop
  endfacet
  facet normal 0.42751 0.904011 6.53074e-05
    outer loop
      vertex 51.8284 23.2915 7
      vertex 51.6569 23.3727 5.65685
      vertex 51.2961 23.5433 5.98382
    endloop
  endfacet
  facet normal 0.427928 0.903813 0
    outer loop
      vertex 51.6569 23.3727 5.65685
      vertex 51.8284 23.2915 7
      vertex 51.8284 23.2915 5.4676
    endloop
  endfacet
  facet normal 0.427928 0.903813 -0
    outer loop
      vertex 51.8284 23.2915 -7
      vertex 51.6569 23.3727 -5.65685
      vertex 51.8284 23.2915 -5.4676
    endloop
  endfacet
  facet normal 0.42751 0.904011 -6.53074e-05
    outer loop
      vertex 51.8284 23.2915 -7
      vertex 51.2961 23.5433 -5.98382
      vertex 51.6569 23.3727 -5.65685
    endloop
  endfacet
  facet normal 0.427612 0.903962 0
    outer loop
      vertex 51.2961 23.5433 -5.98382
      vertex 51.8284 23.2915 -7
      vertex 51.2961 23.5433 -7
    endloop
  endfacet
  facet normal 0.903962 0.427612 0
    outer loop
      vertex 54.5433 20.2961 7
      vertex 54.2915 20.8284 -7
      vertex 54.2915 20.8284 7
    endloop
  endfacet
  facet normal 0.903962 0.427612 0
    outer loop
      vertex 54.2915 20.8284 -7
      vertex 54.5433 20.2961 7
      vertex 54.5433 20.2961 -7
    endloop
  endfacet
  facet normal 0.903956 -0.427625 0
    outer loop
      vertex 54.2915 -0.828381 7
      vertex 54.5433 -0.296101 -7
      vertex 54.5433 -0.296101 7
    endloop
  endfacet
  facet normal 0.903956 -0.427625 0
    outer loop
      vertex 54.5433 -0.296101 -7
      vertex 54.2915 -0.828381 7
      vertex 54.2915 -0.828381 -7
    endloop
  endfacet
  facet normal 0.857735 -0.514092 0
    outer loop
      vertex 53.9888 -1.33342 7
      vertex 54.2915 -0.828381 -7
      vertex 54.2915 -0.828381 7
    endloop
  endfacet
  facet normal 0.857735 -0.514092 0
    outer loop
      vertex 54.2915 -0.828381 -7
      vertex 53.9888 -1.33342 7
      vertex 53.9888 -1.33342 -7
    endloop
  endfacet
  facet normal 0.998797 -0 0.0490395
    outer loop
      vertex 53.9615 21.3703 0.784137
      vertex 54 30 0
      vertex 53.9615 30 0.784137
    endloop
  endfacet
  facet normal 0.998799 -3.85682e-06 0.0489971
    outer loop
      vertex 53.9888 21.3334 0.227628
      vertex 54 30 0
      vertex 53.9615 21.3703 0.784137
    endloop
  endfacet
  facet normal 0.998792 0 0.0491436
    outer loop
      vertex 54 30 0
      vertex 53.9888 21.3334 0.227628
      vertex 54 21.3148 0
    endloop
  endfacet
  facet normal 0.989176 -0 0.146736
    outer loop
      vertex 53.8463 21.5256 1.56072
      vertex 53.9615 30 0.784137
      vertex 53.8463 30 1.56072
    endloop
  endfacet
  facet normal 0.989176 0 0.146736
    outer loop
      vertex 53.9615 30 0.784137
      vertex 53.8463 21.5256 1.56072
      vertex 53.9615 21.3703 0.784137
    endloop
  endfacet
  facet normal -0.0490672 0 0.998795
    outer loop
      vertex 45.2159 30 7.96148
      vertex 46 10 8
      vertex 46 30 8
    endloop
  endfacet
  facet normal -0.0490672 0 0.998795
    outer loop
      vertex 46 10 8
      vertex 45.2159 30 7.96148
      vertex 45.2159 10 7.96148
    endloop
  endfacet
  facet normal 0.671514 0 0.740992
    outer loop
      vertex 51.6569 30 5.65685
      vertex 51.2961 23.5433 5.98382
      vertex 51.6569 23.3727 5.65685
    endloop
  endfacet
  facet normal 0.671501 -0 0.741004
    outer loop
      vertex 51.0751 23.6223 6.18408
      vertex 51.6569 30 5.65685
      vertex 51.0751 30 6.18408
    endloop
  endfacet
  facet normal 0.671481 3.34099e-06 0.741022
    outer loop
      vertex 51.6569 30 5.65685
      vertex 51.0751 23.6223 6.18408
      vertex 51.2961 23.5433 5.98382
    endloop
  endfacet
  facet normal -0.740965 0 0.671543
    outer loop
      vertex 39.8159 30 5.07515
      vertex 40.3431 23.3727 5.65685
      vertex 40.3431 30 5.65685
    endloop
  endfacet
  facet normal -0.741001 -6.29149e-06 0.671504
    outer loop
      vertex 39.8159 30 5.07515
      vertex 40.1716 23.2915 5.4676
      vertex 40.3431 23.3727 5.65685
    endloop
  endfacet
  facet normal -0.740947 0 0.671563
    outer loop
      vertex 40.1716 23.2915 5.4676
      vertex 39.8159 30 5.07515
      vertex 39.8159 23.0783 5.07515
    endloop
  endfacet
  facet normal -0.427562 0 0.903986
    outer loop
      vertex 42.2288 30 7.05537
      vertex 42.9385 10 7.39104
      vertex 42.9385 30 7.39104
    endloop
  endfacet
  facet normal -0.427562 0 0.903986
    outer loop
      vertex 42.9385 10 7.39104
      vertex 42.2288 30 7.05537
      vertex 42.2288 10 7.05537
    endloop
  endfacet
  facet normal 0.90402 -0 0.427489
    outer loop
      vertex 53.0554 22.4124 3.77117
      vertex 53.391 30 3.06147
      vertex 53.0554 30 3.77117
    endloop
  endfacet
  facet normal 0.90405 -7.22704e-06 0.427426
    outer loop
      vertex 53.2426 22.2426 3.37522
      vertex 53.391 30 3.06147
      vertex 53.0554 22.4124 3.77117
    endloop
  endfacet
  facet normal 0.903981 0 0.427572
    outer loop
      vertex 53.391 30 3.06147
      vertex 53.2426 22.2426 3.37522
      vertex 53.391 22.0789 3.06147
    endloop
  endfacet
  facet normal 0.513989 0 0.857797
    outer loop
      vertex 50.4446 30 6.65176
      vertex 50.1705 23.8847 6.816
      vertex 50.4446 23.8161 6.65176
    endloop
  endfacet
  facet normal 0.514207 -1.32305e-05 0.857666
    outer loop
      vertex 50.4446 30 6.65176
      vertex 49.8636 23.9302 7
      vertex 50.1705 23.8847 6.816
    endloop
  endfacet
  facet normal 0.514093 1.55414e-06 0.857734
    outer loop
      vertex 49.7712 30 7.05537
      vertex 49.8636 23.9302 7
      vertex 50.4446 30 6.65176
    endloop
  endfacet
  facet normal 0.514018 -0 0.857779
    outer loop
      vertex 49.7712 10 7.05537
      vertex 49.8636 23.9302 7
      vertex 49.7712 30 7.05537
    endloop
  endfacet
  facet normal 0.514018 0 0.857779
    outer loop
      vertex 49.8636 23.9302 7
      vertex 49.7712 10 7.05537
      vertex 49.8636 10 7
    endloop
  endfacet
  facet normal -0.941539 0 0.336905
    outer loop
      vertex 38.3445 30 2.32228
      vertex 38.609 22.0789 3.06147
      vertex 38.609 30 3.06147
    endloop
  endfacet
  facet normal -0.941514 7.14817e-06 0.336973
    outer loop
      vertex 38.3445 30 2.32228
      vertex 38.3619 21.8064 2.37107
      vertex 38.609 22.0789 3.06147
    endloop
  endfacet
  facet normal -0.941895 0 0.335908
    outer loop
      vertex 38.3619 21.8064 2.37107
      vertex 38.3445 30 2.32228
      vertex 38.3445 21.7828 2.32228
    endloop
  endfacet
  facet normal -0.803194 0 0.595718
    outer loop
      vertex 39.3482 30 4.44456
      vertex 39.8159 23.0783 5.07515
      vertex 39.8159 30 5.07515
    endloop
  endfacet
  facet normal -0.803278 -1.60551e-05 0.595604
    outer loop
      vertex 39.3482 30 4.44456
      vertex 39.6666 22.9888 4.87379
      vertex 39.8159 23.0783 5.07515
    endloop
  endfacet
  facet normal -0.803153 0 0.595773
    outer loop
      vertex 39.6666 22.9888 4.87379
      vertex 39.3482 30 4.44456
      vertex 39.3482 22.7527 4.44456
    endloop
  endfacet
  facet normal -0.242967 0 0.970035
    outer loop
      vertex 43.6777 30 7.65552
      vertex 44.4393 10 7.84628
      vertex 44.4393 30 7.84628
    endloop
  endfacet
  facet normal -0.242967 0 0.970035
    outer loop
      vertex 44.4393 10 7.84628
      vertex 43.6777 30 7.65552
      vertex 43.6777 10 7.65552
    endloop
  endfacet
  facet normal 0.970019 -0 0.243027
    outer loop
      vertex 53.6555 21.7828 2.32228
      vertex 53.8463 30 1.56072
      vertex 53.6555 30 2.32228
    endloop
  endfacet
  facet normal 0.970019 0 0.243027
    outer loop
      vertex 53.8463 30 1.56072
      vertex 53.6555 21.7828 2.32228
      vertex 53.8463 21.5256 1.56072
    endloop
  endfacet
  facet normal 0.803194 -0 0.595718
    outer loop
      vertex 52.1841 23.0783 5.07515
      vertex 52.6518 30 4.44456
      vertex 52.1841 30 5.07515
    endloop
  endfacet
  facet normal 0.803278 -1.60551e-05 0.595604
    outer loop
      vertex 52.3334 22.9888 4.87379
      vertex 52.6518 30 4.44456
      vertex 52.1841 23.0783 5.07515
    endloop
  endfacet
  facet normal 0.803153 0 0.595773
    outer loop
      vertex 52.6518 30 4.44456
      vertex 52.3334 22.9888 4.87379
      vertex 52.6518 22.7527 4.44456
    endloop
  endfacet
  facet normal 0.857737 -0 0.514089
    outer loop
      vertex 52.6518 22.7527 4.44456
      vertex 53.0554 30 3.77117
      vertex 52.6518 30 4.44456
    endloop
  endfacet
  facet normal 0.857734 6.65375e-07 0.514094
    outer loop
      vertex 52.8064 22.6381 4.18662
      vertex 53.0554 30 3.77117
      vertex 52.6518 22.7527 4.44456
    endloop
  endfacet
  facet normal 0.857739 0 0.514086
    outer loop
      vertex 53.0554 30 3.77117
      vertex 52.8064 22.6381 4.18662
      vertex 53.0554 22.4124 3.77117
    endloop
  endfacet
  facet normal 0.146733 0 0.989176
    outer loop
      vertex 46.7841 30 7.96148
      vertex 47.5607 10 7.84628
      vertex 47.5607 30 7.84628
    endloop
  endfacet
  facet normal 0.146733 0 0.989176
    outer loop
      vertex 47.5607 10 7.84628
      vertex 46.7841 30 7.96148
      vertex 46.7841 10 7.96148
    endloop
  endfacet
  facet normal 0.242967 0 0.970035
    outer loop
      vertex 47.5607 30 7.84628
      vertex 48.3223 10 7.65552
      vertex 48.3223 30 7.65552
    endloop
  endfacet
  facet normal 0.242967 0 0.970035
    outer loop
      vertex 48.3223 10 7.65552
      vertex 47.5607 30 7.84628
      vertex 47.5607 10 7.84628
    endloop
  endfacet
  facet normal 0.595752 0 0.803169
    outer loop
      vertex 51.0751 30 6.18408
      vertex 50.7417 23.7416 6.43138
      vertex 51.0751 23.6223 6.18408
    endloop
  endfacet
  facet normal 0.595756 -0 0.803165
    outer loop
      vertex 50.4446 23.8161 6.65176
      vertex 51.0751 30 6.18408
      vertex 50.4446 30 6.65176
    endloop
  endfacet
  facet normal 0.595761 -7.93695e-07 0.803162
    outer loop
      vertex 51.0751 30 6.18408
      vertex 50.4446 23.8161 6.65176
      vertex 50.7417 23.7416 6.43138
    endloop
  endfacet
  facet normal -0.989176 0 0.146736
    outer loop
      vertex 38.0385 30 0.784137
      vertex 38.1537 21.5256 1.56072
      vertex 38.1537 30 1.56072
    endloop
  endfacet
  facet normal -0.989176 0 0.146736
    outer loop
      vertex 38.1537 21.5256 1.56072
      vertex 38.0385 30 0.784137
      vertex 38.0385 21.3703 0.784137
    endloop
  endfacet
  facet normal 0 1 0
    outer loop
      vertex 46 30 4.175
      vertex 46 30 8
      vertex 46.7841 30 7.96148
    endloop
  endfacet
  facet normal 0 1 0
    outer loop
      vertex 46.4092 30 4.1549
      vertex 46.7841 30 7.96148
      vertex 47.5607 30 7.84628
    endloop
  endfacet
  facet normal 0 1 0
    outer loop
      vertex 46 30 8
      vertex 46 30 4.175
      vertex 45.2159 30 7.96148
    endloop
  endfacet
  facet normal 0 1 0
    outer loop
      vertex 46.8145 30 4.09478
      vertex 47.5607 30 7.84628
      vertex 48.3223 30 7.65552
    endloop
  endfacet
  facet normal 0 1 -0
    outer loop
      vertex 45.5908 30 4.1549
      vertex 45.2159 30 7.96148
      vertex 46 30 4.175
    endloop
  endfacet
  facet normal 0 1 0
    outer loop
      vertex 47.2119 30 3.99522
      vertex 48.3223 30 7.65552
      vertex 49.0615 30 7.39104
    endloop
  endfacet
  facet normal 0 1 0
    outer loop
      vertex 45.2159 30 7.96148
      vertex 45.5908 30 4.1549
      vertex 44.4393 30 7.84628
    endloop
  endfacet
  facet normal 0 1 0
    outer loop
      vertex 47.5977 30 3.8572
      vertex 49.0615 30 7.39104
      vertex 49.7712 30 7.05537
    endloop
  endfacet
  facet normal 0 1 -0
    outer loop
      vertex 45.1855 30 4.09478
      vertex 44.4393 30 7.84628
      vertex 45.5908 30 4.1549
    endloop
  endfacet
  facet normal 0 1 0
    outer loop
      vertex 47.9681 30 3.68202
      vertex 49.7712 30 7.05537
      vertex 50.4446 30 6.65176
    endloop
  endfacet
  facet normal 0 1 0
    outer loop
      vertex 44.4393 30 7.84628
      vertex 45.1855 30 4.09478
      vertex 43.6777 30 7.65552
    endloop
  endfacet
  facet normal 0 1 0
    outer loop
      vertex 48.3195 30 3.47139
      vertex 50.4446 30 6.65176
      vertex 51.0751 30 6.18408
    endloop
  endfacet
  facet normal 0 1 -0
    outer loop
      vertex 44.7881 30 3.99522
      vertex 43.6777 30 7.65552
      vertex 45.1855 30 4.09478
    endloop
  endfacet
  facet normal 0 1 0
    outer loop
      vertex 48.6486 30 3.22732
      vertex 51.0751 30 6.18408
      vertex 51.6569 30 5.65685
    endloop
  endfacet
  facet normal 0 1 0
    outer loop
      vertex 43.6777 30 7.65552
      vertex 44.7881 30 3.99522
      vertex 42.9385 30 7.39104
    endloop
  endfacet
  facet normal 0 1 0
    outer loop
      vertex 48.9522 30 2.95217
      vertex 51.6569 30 5.65685
      vertex 52.1841 30 5.07515
    endloop
  endfacet
  facet normal 0 1 -0
    outer loop
      vertex 44.4023 30 3.8572
      vertex 42.9385 30 7.39104
      vertex 44.7881 30 3.99522
    endloop
  endfacet
  facet normal 0 1 0
    outer loop
      vertex 49.2273 30 2.64859
      vertex 52.1841 30 5.07515
      vertex 52.6518 30 4.44456
    endloop
  endfacet
  facet normal 0 1 0
    outer loop
      vertex 42.9385 30 7.39104
      vertex 44.4023 30 3.8572
      vertex 42.2288 30 7.05537
    endloop
  endfacet
  facet normal 0 1 -0
    outer loop
      vertex 44.0319 30 3.68202
      vertex 42.2288 30 7.05537
      vertex 44.4023 30 3.8572
    endloop
  endfacet
  facet normal 0 1 0
    outer loop
      vertex 46.7841 30 7.96148
      vertex 46.4092 30 4.1549
      vertex 46 30 4.175
    endloop
  endfacet
  facet normal 0 1 0
    outer loop
      vertex 47.5607 30 7.84628
      vertex 46.8145 30 4.09478
      vertex 46.4092 30 4.1549
    endloop
  endfacet
  facet normal 0 1 0
    outer loop
      vertex 48.3223 30 7.65552
      vertex 47.2119 30 3.99522
      vertex 46.8145 30 4.09478
    endloop
  endfacet
  facet normal 0 1 0
    outer loop
      vertex 49.0615 30 7.39104
      vertex 47.5977 30 3.8572
      vertex 47.2119 30 3.99522
    endloop
  endfacet
  facet normal 0 1 0
    outer loop
      vertex 49.4714 30 2.31951
      vertex 52.6518 30 4.44456
      vertex 53.0554 30 3.77117
    endloop
  endfacet
  facet normal 0 1 0
    outer loop
      vertex 49.7712 30 7.05537
      vertex 47.9681 30 3.68202
      vertex 47.5977 30 3.8572
    endloop
  endfacet
  facet normal 0 1 0
    outer loop
      vertex 50.4446 30 6.65176
      vertex 48.3195 30 3.47139
      vertex 47.9681 30 3.68202
    endloop
  endfacet
  facet normal 0 1 0
    outer loop
      vertex 51.0751 30 6.18408
      vertex 48.6486 30 3.22732
      vertex 48.3195 30 3.47139
    endloop
  endfacet
  facet normal 0 1 0
    outer loop
      vertex 49.682 30 1.96808
      vertex 53.0554 30 3.77117
      vertex 53.391 30 3.06147
    endloop
  endfacet
  facet normal 0 1 0
    outer loop
      vertex 51.6569 30 5.65685
      vertex 48.9522 30 2.95217
      vertex 48.6486 30 3.22732
    endloop
  endfacet
  facet normal 0 1 0
    outer loop
      vertex 52.1841 30 5.07515
      vertex 49.2273 30 2.64859
      vertex 48.9522 30 2.95217
    endloop
  endfacet
  facet normal 0 1 0
    outer loop
      vertex 49.8572 30 1.5977
      vertex 53.391 30 3.06147
      vertex 53.6555 30 2.32228
    endloop
  endfacet
  facet normal 0 1 0
    outer loop
      vertex 52.6518 30 4.44456
      vertex 49.4714 30 2.31951
      vertex 49.2273 30 2.64859
    endloop
  endfacet
  facet normal 0 1 0
    outer loop
      vertex 53.0554 30 3.77117
      vertex 49.682 30 1.96808
      vertex 49.4714 30 2.31951
    endloop
  endfacet
  facet normal 0 1 0
    outer loop
      vertex 53.391 30 3.06147
      vertex 49.8572 30 1.5977
      vertex 49.682 30 1.96808
    endloop
  endfacet
  facet normal 0 1 0
    outer loop
      vertex 49.9952 30 1.21194
      vertex 53.6555 30 2.32228
      vertex 53.8463 30 1.56072
    endloop
  endfacet
  facet normal 0 1 0
    outer loop
      vertex 53.6555 30 2.32228
      vertex 49.9952 30 1.21194
      vertex 49.8572 30 1.5977
    endloop
  endfacet
  facet normal 0 1 0
    outer loop
      vertex 53.8463 30 1.56072
      vertex 50.0948 30 0.814502
      vertex 49.9952 30 1.21194
    endloop
  endfacet
  facet normal 0 1 0
    outer loop
      vertex 53.9615 30 0.784137
      vertex 50.0948 30 0.814502
      vertex 53.8463 30 1.56072
    endloop
  endfacet
  facet normal 0 1 0
    outer loop
      vertex 53.9615 30 0.784137
      vertex 50.1549 30 0.409221
      vertex 50.0948 30 0.814502
    endloop
  endfacet
  facet normal 0 1 0
    outer loop
      vertex 54 30 0
      vertex 50.1549 30 0.409221
      vertex 53.9615 30 0.784137
    endloop
  endfacet
  facet normal 0 1 0
    outer loop
      vertex 54 30 0
      vertex 50.175 30 0
      vertex 50.1549 30 0.409221
    endloop
  endfacet
  facet normal 0 1 0
    outer loop
      vertex 54 30 0
      vertex 50.1549 30 -0.409221
      vertex 50.175 30 0
    endloop
  endfacet
  facet normal 0 1 -0
    outer loop
      vertex 53.9615 30 -0.784137
      vertex 50.1549 30 -0.409221
      vertex 54 30 0
    endloop
  endfacet
  facet normal 0 1 0
    outer loop
      vertex 53.9615 30 -0.784137
      vertex 50.0948 30 -0.814502
      vertex 50.1549 30 -0.409221
    endloop
  endfacet
  facet normal 0 1 -0
    outer loop
      vertex 53.8463 30 -1.56072
      vertex 50.0948 30 -0.814502
      vertex 53.9615 30 -0.784137
    endloop
  endfacet
  facet normal 0 1 0
    outer loop
      vertex 50.0948 30 -0.814502
      vertex 53.8463 30 -1.56072
      vertex 49.9952 30 -1.21194
    endloop
  endfacet
  facet normal 0 1 -0
    outer loop
      vertex 53.6555 30 -2.32228
      vertex 49.9952 30 -1.21194
      vertex 53.8463 30 -1.56072
    endloop
  endfacet
  facet normal 0 1 0
    outer loop
      vertex 49.9952 30 -1.21194
      vertex 53.6555 30 -2.32228
      vertex 49.8572 30 -1.5977
    endloop
  endfacet
  facet normal 0 1 -0
    outer loop
      vertex 53.391 30 -3.06147
      vertex 49.8572 30 -1.5977
      vertex 53.6555 30 -2.32228
    endloop
  endfacet
  facet normal 0 1 0
    outer loop
      vertex 49.8572 30 -1.5977
      vertex 53.391 30 -3.06147
      vertex 49.682 30 -1.96808
    endloop
  endfacet
  facet normal 0 1 -0
    outer loop
      vertex 53.0554 30 -3.77117
      vertex 49.682 30 -1.96808
      vertex 53.391 30 -3.06147
    endloop
  endfacet
  facet normal 0 1 0
    outer loop
      vertex 49.682 30 -1.96808
      vertex 53.0554 30 -3.77117
      vertex 49.4714 30 -2.31951
    endloop
  endfacet
  facet normal 0 1 -0
    outer loop
      vertex 52.6518 30 -4.44456
      vertex 49.4714 30 -2.31951
      vertex 53.0554 30 -3.77117
    endloop
  endfacet
  facet normal 0 1 0
    outer loop
      vertex 49.4714 30 -2.31951
      vertex 52.6518 30 -4.44456
      vertex 49.2273 30 -2.64859
    endloop
  endfacet
  facet normal 0 1 -0
    outer loop
      vertex 52.1841 30 -5.07515
      vertex 49.2273 30 -2.64859
      vertex 52.6518 30 -4.44456
    endloop
  endfacet
  facet normal 0 1 0
    outer loop
      vertex 49.2273 30 -2.64859
      vertex 52.1841 30 -5.07515
      vertex 48.9522 30 -2.95217
    endloop
  endfacet
  facet normal 0 1 -0
    outer loop
      vertex 51.6569 30 -5.65685
      vertex 48.9522 30 -2.95217
      vertex 52.1841 30 -5.07515
    endloop
  endfacet
  facet normal 0 1 0
    outer loop
      vertex 48.9522 30 -2.95217
      vertex 51.6569 30 -5.65685
      vertex 48.6486 30 -3.22732
    endloop
  endfacet
  facet normal 0 1 -0
    outer loop
      vertex 51.0751 30 -6.18408
      vertex 48.6486 30 -3.22732
      vertex 51.6569 30 -5.65685
    endloop
  endfacet
  facet normal 0 1 0
    outer loop
      vertex 48.6486 30 -3.22732
      vertex 51.0751 30 -6.18408
      vertex 48.3195 30 -3.47139
    endloop
  endfacet
  facet normal 0 1 -0
    outer loop
      vertex 50.4446 30 -6.65176
      vertex 48.3195 30 -3.47139
      vertex 51.0751 30 -6.18408
    endloop
  endfacet
  facet normal 0 1 -0
    outer loop
      vertex 49.7712 30 -7.05537
      vertex 47.9681 30 -3.68202
      vertex 50.4446 30 -6.65176
    endloop
  endfacet
  facet normal 0 1 0
    outer loop
      vertex 48.3195 30 -3.47139
      vertex 50.4446 30 -6.65176
      vertex 47.9681 30 -3.68202
    endloop
  endfacet
  facet normal 0 1 0
    outer loop
      vertex 42.2288 30 7.05537
      vertex 44.0319 30 3.68202
      vertex 41.5554 30 6.65176
    endloop
  endfacet
  facet normal 0 1 -0
    outer loop
      vertex 43.6805 30 3.47139
      vertex 41.5554 30 6.65176
      vertex 44.0319 30 3.68202
    endloop
  endfacet
  facet normal 0 1 0
    outer loop
      vertex 41.5554 30 6.65176
      vertex 43.6805 30 3.47139
      vertex 40.9249 30 6.18408
    endloop
  endfacet
  facet normal 0 1 -0
    outer loop
      vertex 43.3514 30 3.22732
      vertex 40.9249 30 6.18408
      vertex 43.6805 30 3.47139
    endloop
  endfacet
  facet normal 0 1 0
    outer loop
      vertex 40.9249 30 6.18408
      vertex 43.3514 30 3.22732
      vertex 40.3431 30 5.65685
    endloop
  endfacet
  facet normal 0 1 -0
    outer loop
      vertex 43.0478 30 2.95217
      vertex 40.3431 30 5.65685
      vertex 43.3514 30 3.22732
    endloop
  endfacet
  facet normal 0 1 0
    outer loop
      vertex 40.3431 30 5.65685
      vertex 43.0478 30 2.95217
      vertex 39.8159 30 5.07515
    endloop
  endfacet
  facet normal 0 1 -0
    outer loop
      vertex 42.7727 30 2.64859
      vertex 39.8159 30 5.07515
      vertex 43.0478 30 2.95217
    endloop
  endfacet
  facet normal 0 1 0
    outer loop
      vertex 39.8159 30 5.07515
      vertex 42.7727 30 2.64859
      vertex 39.3482 30 4.44456
    endloop
  endfacet
  facet normal 0 1 -0
    outer loop
      vertex 42.5286 30 2.31951
      vertex 39.3482 30 4.44456
      vertex 42.7727 30 2.64859
    endloop
  endfacet
  facet normal 0 1 0
    outer loop
      vertex 39.3482 30 4.44456
      vertex 42.5286 30 2.31951
      vertex 38.9446 30 3.77117
    endloop
  endfacet
  facet normal 0 1 -0
    outer loop
      vertex 42.318 30 1.96808
      vertex 38.9446 30 3.77117
      vertex 42.5286 30 2.31951
    endloop
  endfacet
  facet normal 0 1 0
    outer loop
      vertex 38.9446 30 3.77117
      vertex 42.318 30 1.96808
      vertex 38.609 30 3.06147
    endloop
  endfacet
  facet normal 0 1 -0
    outer loop
      vertex 42.1428 30 1.5977
      vertex 38.609 30 3.06147
      vertex 42.318 30 1.96808
    endloop
  endfacet
  facet normal 0 1 0
    outer loop
      vertex 38.609 30 3.06147
      vertex 42.1428 30 1.5977
      vertex 38.3445 30 2.32228
    endloop
  endfacet
  facet normal 0 1 -0
    outer loop
      vertex 42.0048 30 1.21194
      vertex 38.3445 30 2.32228
      vertex 42.1428 30 1.5977
    endloop
  endfacet
  facet normal 0 1 0
    outer loop
      vertex 38.3445 30 2.32228
      vertex 42.0048 30 1.21194
      vertex 38.1537 30 1.56072
    endloop
  endfacet
  facet normal 0 1 -0
    outer loop
      vertex 41.9052 30 0.814502
      vertex 38.1537 30 1.56072
      vertex 42.0048 30 1.21194
    endloop
  endfacet
  facet normal 0 1 0
    outer loop
      vertex 41.9052 30 0.814502
      vertex 38.0385 30 0.784137
      vertex 38.1537 30 1.56072
    endloop
  endfacet
  facet normal 0 1 -0
    outer loop
      vertex 41.8451 30 0.409221
      vertex 38.0385 30 0.784137
      vertex 41.9052 30 0.814502
    endloop
  endfacet
  facet normal 0 1 -0
    outer loop
      vertex 41.825 30 0
      vertex 38.0385 30 0.784137
      vertex 41.8451 30 0.409221
    endloop
  endfacet
  facet normal 0 1 0
    outer loop
      vertex 41.825 30 0
      vertex 38 30 0
      vertex 38.0385 30 0.784137
    endloop
  endfacet
  facet normal 0 1 0
    outer loop
      vertex 41.8451 30 -0.409221
      vertex 38 30 0
      vertex 41.825 30 0
    endloop
  endfacet
  facet normal 0 1 0
    outer loop
      vertex 41.8451 30 -0.409221
      vertex 38.0385 30 -0.784137
      vertex 38 30 0
    endloop
  endfacet
  facet normal 0 1 0
    outer loop
      vertex 41.9052 30 -0.814502
      vertex 38.0385 30 -0.784137
      vertex 41.8451 30 -0.409221
    endloop
  endfacet
  facet normal 0 1 0
    outer loop
      vertex 38.1537 30 -1.56072
      vertex 41.9052 30 -0.814502
      vertex 42.0048 30 -1.21194
    endloop
  endfacet
  facet normal 0 1 0
    outer loop
      vertex 41.9052 30 -0.814502
      vertex 38.1537 30 -1.56072
      vertex 38.0385 30 -0.784137
    endloop
  endfacet
  facet normal 0 1 0
    outer loop
      vertex 38.3445 30 -2.32228
      vertex 42.0048 30 -1.21194
      vertex 42.1428 30 -1.5977
    endloop
  endfacet
  facet normal 0 1 0
    outer loop
      vertex 38.609 30 -3.06147
      vertex 42.1428 30 -1.5977
      vertex 42.318 30 -1.96808
    endloop
  endfacet
  facet normal 0 1 0
    outer loop
      vertex 38.9446 30 -3.77117
      vertex 42.318 30 -1.96808
      vertex 42.5286 30 -2.31951
    endloop
  endfacet
  facet normal 0 1 0
    outer loop
      vertex 42.0048 30 -1.21194
      vertex 38.3445 30 -2.32228
      vertex 38.1537 30 -1.56072
    endloop
  endfacet
  facet normal 0 1 0
    outer loop
      vertex 39.3482 30 -4.44456
      vertex 42.5286 30 -2.31951
      vertex 42.7727 30 -2.64859
    endloop
  endfacet
  facet normal 0 1 0
    outer loop
      vertex 39.8159 30 -5.07515
      vertex 42.7727 30 -2.64859
      vertex 43.0478 30 -2.95217
    endloop
  endfacet
  facet normal 0 1 0
    outer loop
      vertex 42.1428 30 -1.5977
      vertex 38.609 30 -3.06147
      vertex 38.3445 30 -2.32228
    endloop
  endfacet
  facet normal 0 1 0
    outer loop
      vertex 40.3431 30 -5.65685
      vertex 43.0478 30 -2.95217
      vertex 43.3514 30 -3.22732
    endloop
  endfacet
  facet normal 0 1 0
    outer loop
      vertex 40.9249 30 -6.18408
      vertex 43.3514 30 -3.22732
      vertex 43.6805 30 -3.47139
    endloop
  endfacet
  facet normal 0 1 0
    outer loop
      vertex 41.5554 30 -6.65176
      vertex 43.6805 30 -3.47139
      vertex 44.0319 30 -3.68202
    endloop
  endfacet
  facet normal 0 1 0
    outer loop
      vertex 42.318 30 -1.96808
      vertex 38.9446 30 -3.77117
      vertex 38.609 30 -3.06147
    endloop
  endfacet
  facet normal 0 1 0
    outer loop
      vertex 42.2288 30 -7.05537
      vertex 44.0319 30 -3.68202
      vertex 44.4023 30 -3.8572
    endloop
  endfacet
  facet normal 0 1 0
    outer loop
      vertex 42.9385 30 -7.39104
      vertex 44.4023 30 -3.8572
      vertex 44.7881 30 -3.99522
    endloop
  endfacet
  facet normal 0 1 0
    outer loop
      vertex 43.6777 30 -7.65552
      vertex 44.7881 30 -3.99522
      vertex 45.1855 30 -4.09478
    endloop
  endfacet
  facet normal 0 1 0
    outer loop
      vertex 44.4393 30 -7.84628
      vertex 45.1855 30 -4.09478
      vertex 45.5908 30 -4.1549
    endloop
  endfacet
  facet normal 0 1 0
    outer loop
      vertex 42.5286 30 -2.31951
      vertex 39.3482 30 -4.44456
      vertex 38.9446 30 -3.77117
    endloop
  endfacet
  facet normal 0 1 0
    outer loop
      vertex 45.2159 30 -7.96148
      vertex 45.5908 30 -4.1549
      vertex 46 30 -4.175
    endloop
  endfacet
  facet normal 0 1 0
    outer loop
      vertex 47.9681 30 -3.68202
      vertex 49.7712 30 -7.05537
      vertex 47.5977 30 -3.8572
    endloop
  endfacet
  facet normal 0 1 -0
    outer loop
      vertex 49.0615 30 -7.39104
      vertex 47.5977 30 -3.8572
      vertex 49.7712 30 -7.05537
    endloop
  endfacet
  facet normal 0 1 0
    outer loop
      vertex 42.7727 30 -2.64859
      vertex 39.8159 30 -5.07515
      vertex 39.3482 30 -4.44456
    endloop
  endfacet
  facet normal 0 1 0
    outer loop
      vertex 47.5977 30 -3.8572
      vertex 49.0615 30 -7.39104
      vertex 47.2119 30 -3.99522
    endloop
  endfacet
  facet normal 0 1 0
    outer loop
      vertex 43.0478 30 -2.95217
      vertex 40.3431 30 -5.65685
      vertex 39.8159 30 -5.07515
    endloop
  endfacet
  facet normal 0 1 -0
    outer loop
      vertex 48.3223 30 -7.65552
      vertex 47.2119 30 -3.99522
      vertex 49.0615 30 -7.39104
    endloop
  endfacet
  facet normal 0 1 0
    outer loop
      vertex 43.3514 30 -3.22732
      vertex 40.9249 30 -6.18408
      vertex 40.3431 30 -5.65685
    endloop
  endfacet
  facet normal 0 1 0
    outer loop
      vertex 47.2119 30 -3.99522
      vertex 48.3223 30 -7.65552
      vertex 46.8145 30 -4.09478
    endloop
  endfacet
  facet normal 0 1 0
    outer loop
      vertex 43.6805 30 -3.47139
      vertex 41.5554 30 -6.65176
      vertex 40.9249 30 -6.18408
    endloop
  endfacet
  facet normal 0 1 -0
    outer loop
      vertex 47.5607 30 -7.84628
      vertex 46.8145 30 -4.09478
      vertex 48.3223 30 -7.65552
    endloop
  endfacet
  facet normal 0 1 0
    outer loop
      vertex 44.0319 30 -3.68202
      vertex 42.2288 30 -7.05537
      vertex 41.5554 30 -6.65176
    endloop
  endfacet
  facet normal 0 1 0
    outer loop
      vertex 46.8145 30 -4.09478
      vertex 47.5607 30 -7.84628
      vertex 46.4092 30 -4.1549
    endloop
  endfacet
  facet normal 0 1 0
    outer loop
      vertex 44.4023 30 -3.8572
      vertex 42.9385 30 -7.39104
      vertex 42.2288 30 -7.05537
    endloop
  endfacet
  facet normal 0 1 -0
    outer loop
      vertex 46.7841 30 -7.96148
      vertex 46.4092 30 -4.1549
      vertex 47.5607 30 -7.84628
    endloop
  endfacet
  facet normal 0 1 0
    outer loop
      vertex 44.7881 30 -3.99522
      vertex 43.6777 30 -7.65552
      vertex 42.9385 30 -7.39104
    endloop
  endfacet
  facet normal 0 1 0
    outer loop
      vertex 46.4092 30 -4.1549
      vertex 46.7841 30 -7.96148
      vertex 46 30 -4.175
    endloop
  endfacet
  facet normal 0 1 0
    outer loop
      vertex 45.1855 30 -4.09478
      vertex 44.4393 30 -7.84628
      vertex 43.6777 30 -7.65552
    endloop
  endfacet
  facet normal 0 1 0
    outer loop
      vertex 46 30 -8
      vertex 46 30 -4.175
      vertex 46.7841 30 -7.96148
    endloop
  endfacet
  facet normal 0 1 0
    outer loop
      vertex 45.5908 30 -4.1549
      vertex 45.2159 30 -7.96148
      vertex 44.4393 30 -7.84628
    endloop
  endfacet
  facet normal 0 1 0
    outer loop
      vertex 46 30 -4.175
      vertex 46 30 -8
      vertex 45.2159 30 -7.96148
    endloop
  endfacet
  facet normal -0.857737 0 0.514089
    outer loop
      vertex 38.9446 30 3.77117
      vertex 39.3482 22.7527 4.44456
      vertex 39.3482 30 4.44456
    endloop
  endfacet
  facet normal -0.857734 6.65375e-07 0.514094
    outer loop
      vertex 38.9446 30 3.77117
      vertex 39.1936 22.6381 4.18662
      vertex 39.3482 22.7527 4.44456
    endloop
  endfacet
  facet normal -0.857739 0 0.514086
    outer loop
      vertex 39.1936 22.6381 4.18662
      vertex 38.9446 30 3.77117
      vertex 38.9446 22.4124 3.77117
    endloop
  endfacet
  facet normal -0.970019 0 0.243027
    outer loop
      vertex 38.1537 30 1.56072
      vertex 38.3445 21.7828 2.32228
      vertex 38.3445 30 2.32228
    endloop
  endfacet
  facet normal -0.970019 0 0.243027
    outer loop
      vertex 38.3445 21.7828 2.32228
      vertex 38.1537 30 1.56072
      vertex 38.1537 21.5256 1.56072
    endloop
  endfacet
  facet normal 0 -1 0
    outer loop
      vertex 42.9385 10 -7.39104
      vertex 42.1364 10 -7
      vertex 42.2288 10 -7.05537
    endloop
  endfacet
  facet normal 0 -1 0
    outer loop
      vertex 42.1364 10 -7
      vertex 42.9385 10 -7.39104
      vertex 49.8636 10 -7
    endloop
  endfacet
  facet normal 0 -1 0
    outer loop
      vertex 49.0615 10 -7.39104
      vertex 49.8636 10 -7
      vertex 42.9385 10 -7.39104
    endloop
  endfacet
  facet normal 0 -1 0
    outer loop
      vertex 49.8636 10 -7
      vertex 49.0615 10 -7.39104
      vertex 49.7712 10 -7.05537
    endloop
  endfacet
  facet normal 0 -1 0
    outer loop
      vertex 43.6777 10 -7.65552
      vertex 49.0615 10 -7.39104
      vertex 42.9385 10 -7.39104
    endloop
  endfacet
  facet normal 0 -1 0
    outer loop
      vertex 43.6777 10 -7.65552
      vertex 48.3223 10 -7.65552
      vertex 49.0615 10 -7.39104
    endloop
  endfacet
  facet normal 0 -1 0
    outer loop
      vertex 44.4393 10 -7.84628
      vertex 48.3223 10 -7.65552
      vertex 43.6777 10 -7.65552
    endloop
  endfacet
  facet normal 0 -1 0
    outer loop
      vertex 44.4393 10 -7.84628
      vertex 47.5607 10 -7.84628
      vertex 48.3223 10 -7.65552
    endloop
  endfacet
  facet normal 0 -1 0
    outer loop
      vertex 45.2159 10 -7.96148
      vertex 47.5607 10 -7.84628
      vertex 44.4393 10 -7.84628
    endloop
  endfacet
  facet normal 0 -1 0
    outer loop
      vertex 45.2159 10 -7.96148
      vertex 46.7841 10 -7.96148
      vertex 47.5607 10 -7.84628
    endloop
  endfacet
  facet normal -0 -1 0
    outer loop
      vertex 46.7841 10 -7.96148
      vertex 45.2159 10 -7.96148
      vertex 46 10 -8
    endloop
  endfacet
  facet normal 0 -1 0
    outer loop
      vertex 45.2159 10 7.96148
      vertex 46.7841 10 7.96148
      vertex 46 10 8
    endloop
  endfacet
  facet normal 0 -1 0
    outer loop
      vertex 44.4393 10 7.84628
      vertex 46.7841 10 7.96148
      vertex 45.2159 10 7.96148
    endloop
  endfacet
  facet normal 0 -1 0
    outer loop
      vertex 44.4393 10 7.84628
      vertex 47.5607 10 7.84628
      vertex 46.7841 10 7.96148
    endloop
  endfacet
  facet normal 0 -1 0
    outer loop
      vertex 43.6777 10 7.65552
      vertex 47.5607 10 7.84628
      vertex 44.4393 10 7.84628
    endloop
  endfacet
  facet normal 0 -1 0
    outer loop
      vertex 43.6777 10 7.65552
      vertex 48.3223 10 7.65552
      vertex 47.5607 10 7.84628
    endloop
  endfacet
  facet normal 0 -1 0
    outer loop
      vertex 42.9385 10 7.39104
      vertex 48.3223 10 7.65552
      vertex 43.6777 10 7.65552
    endloop
  endfacet
  facet normal 0 -1 0
    outer loop
      vertex 42.9385 10 7.39104
      vertex 49.0615 10 7.39104
      vertex 48.3223 10 7.65552
    endloop
  endfacet
  facet normal 0 -1 0
    outer loop
      vertex 42.1364 10 7
      vertex 42.9385 10 7.39104
      vertex 42.2288 10 7.05537
    endloop
  endfacet
  facet normal 0 -1 -0
    outer loop
      vertex 42.9385 10 7.39104
      vertex 42.1364 10 7
      vertex 49.0615 10 7.39104
    endloop
  endfacet
  facet normal 0 -1 0
    outer loop
      vertex 49.8636 10 7
      vertex 49.0615 10 7.39104
      vertex 42.1364 10 7
    endloop
  endfacet
  facet normal 0 -1 0
    outer loop
      vertex 49.0615 10 7.39104
      vertex 49.8636 10 7
      vertex 49.7712 10 7.05537
    endloop
  endfacet
  facet normal -0.595756 0 0.803165
    outer loop
      vertex 40.9249 30 6.18408
      vertex 41.5554 23.8161 6.65176
      vertex 41.5554 30 6.65176
    endloop
  endfacet
  facet normal -0.595761 -7.93695e-07 0.803162
    outer loop
      vertex 41.5554 23.8161 6.65176
      vertex 40.9249 30 6.18408
      vertex 41.2583 23.7416 6.43138
    endloop
  endfacet
  facet normal -0.595752 0 0.803169
    outer loop
      vertex 41.2583 23.7416 6.43138
      vertex 40.9249 30 6.18408
      vertex 40.9249 23.6223 6.18408
    endloop
  endfacet
  facet normal -0.514018 0 0.857779
    outer loop
      vertex 42.2288 30 7.05537
      vertex 42.1364 23.9302 7
      vertex 42.2288 10 7.05537
    endloop
  endfacet
  facet normal -0.514093 1.55414e-06 0.857734
    outer loop
      vertex 41.5554 30 6.65176
      vertex 42.1364 23.9302 7
      vertex 42.2288 30 7.05537
    endloop
  endfacet
  facet normal -0.514207 -1.32305e-05 0.857666
    outer loop
      vertex 42.1364 23.9302 7
      vertex 41.5554 30 6.65176
      vertex 41.8295 23.8847 6.816
    endloop
  endfacet
  facet normal -0.513989 0 0.857797
    outer loop
      vertex 41.8295 23.8847 6.816
      vertex 41.5554 30 6.65176
      vertex 41.5554 23.8161 6.65176
    endloop
  endfacet
  facet normal -0.514018 0 0.857779
    outer loop
      vertex 42.2288 10 7.05537
      vertex 42.1364 23.9302 7
      vertex 42.1364 10 7
    endloop
  endfacet
  facet normal -0.146733 0 0.989176
    outer loop
      vertex 44.4393 30 7.84628
      vertex 45.2159 10 7.96148
      vertex 45.2159 30 7.96148
    endloop
  endfacet
  facet normal -0.146733 0 0.989176
    outer loop
      vertex 45.2159 10 7.96148
      vertex 44.4393 30 7.84628
      vertex 44.4393 10 7.84628
    endloop
  endfacet
  facet normal 0.998797 0 -0.0490395
    outer loop
      vertex 54 30 0
      vertex 53.9615 21.3703 -0.784137
      vertex 53.9615 30 -0.784137
    endloop
  endfacet
  facet normal 0.998799 -3.85682e-06 -0.0489971
    outer loop
      vertex 54 30 0
      vertex 53.9888 21.3334 -0.227628
      vertex 53.9615 21.3703 -0.784137
    endloop
  endfacet
  facet normal 0.998792 0 -0.0491436
    outer loop
      vertex 53.9888 21.3334 -0.227628
      vertex 54 30 0
      vertex 54 21.3148 0
    endloop
  endfacet
  facet normal -0.671481 3.34099e-06 -0.741022
    outer loop
      vertex 40.3431 30 -5.65685
      vertex 40.9249 23.6223 -6.18408
      vertex 40.7039 23.5433 -5.98382
    endloop
  endfacet
  facet normal -0.671514 -0 -0.740992
    outer loop
      vertex 40.3431 30 -5.65685
      vertex 40.7039 23.5433 -5.98382
      vertex 40.3431 23.3727 -5.65685
    endloop
  endfacet
  facet normal -0.671501 0 -0.741004
    outer loop
      vertex 40.9249 23.6223 -6.18408
      vertex 40.3431 30 -5.65685
      vertex 40.9249 30 -6.18408
    endloop
  endfacet
  facet normal -0.90402 0 -0.427489
    outer loop
      vertex 38.9446 22.4124 -3.77117
      vertex 38.609 30 -3.06147
      vertex 38.9446 30 -3.77117
    endloop
  endfacet
  facet normal -0.90405 -7.22704e-06 -0.427426
    outer loop
      vertex 38.7574 22.2426 -3.37522
      vertex 38.609 30 -3.06147
      vertex 38.9446 22.4124 -3.77117
    endloop
  endfacet
  facet normal -0.903981 -0 -0.427572
    outer loop
      vertex 38.609 30 -3.06147
      vertex 38.7574 22.2426 -3.37522
      vertex 38.609 22.0789 -3.06147
    endloop
  endfacet
  facet normal -0.989176 0 -0.146736
    outer loop
      vertex 38.1537 21.5256 -1.56072
      vertex 38.0385 30 -0.784137
      vertex 38.1537 30 -1.56072
    endloop
  endfacet
  facet normal -0.989176 -0 -0.146736
    outer loop
      vertex 38.0385 30 -0.784137
      vertex 38.1537 21.5256 -1.56072
      vertex 38.0385 21.3703 -0.784137
    endloop
  endfacet
  facet normal 0.146733 0 -0.989176
    outer loop
      vertex 46.7841 10 -7.96148
      vertex 47.5607 30 -7.84628
      vertex 47.5607 10 -7.84628
    endloop
  endfacet
  facet normal 0.146733 0 -0.989176
    outer loop
      vertex 47.5607 30 -7.84628
      vertex 46.7841 10 -7.96148
      vertex 46.7841 30 -7.96148
    endloop
  endfacet
  facet normal 0.941539 -0 0.336905
    outer loop
      vertex 53.391 22.0789 3.06147
      vertex 53.6555 30 2.32228
      vertex 53.391 30 3.06147
    endloop
  endfacet
  facet normal 0.941514 7.14817e-06 0.336973
    outer loop
      vertex 53.6381 21.8064 2.37107
      vertex 53.6555 30 2.32228
      vertex 53.391 22.0789 3.06147
    endloop
  endfacet
  facet normal 0.941895 0 0.335908
    outer loop
      vertex 53.6555 30 2.32228
      vertex 53.6381 21.8064 2.37107
      vertex 53.6555 21.7828 2.32228
    endloop
  endfacet
  facet normal 0.740965 -0 0.671543
    outer loop
      vertex 51.6569 23.3727 5.65685
      vertex 52.1841 30 5.07515
      vertex 51.6569 30 5.65685
    endloop
  endfacet
  facet normal 0.741001 -6.29149e-06 0.671504
    outer loop
      vertex 51.8284 23.2915 5.4676
      vertex 52.1841 30 5.07515
      vertex 51.6569 23.3727 5.65685
    endloop
  endfacet
  facet normal 0.740947 0 0.671563
    outer loop
      vertex 52.1841 30 5.07515
      vertex 51.8284 23.2915 5.4676
      vertex 52.1841 23.0783 5.07515
    endloop
  endfacet
  facet normal 0.0490672 0 0.998795
    outer loop
      vertex 46 30 8
      vertex 46.7841 10 7.96148
      vertex 46.7841 30 7.96148
    endloop
  endfacet
  facet normal 0.0490672 0 0.998795
    outer loop
      vertex 46.7841 10 7.96148
      vertex 46 30 8
      vertex 46 10 8
    endloop
  endfacet
  facet normal 0.427562 0 0.903986
    outer loop
      vertex 49.0615 30 7.39104
      vertex 49.7712 10 7.05537
      vertex 49.7712 30 7.05537
    endloop
  endfacet
  facet normal 0.427562 0 0.903986
    outer loop
      vertex 49.7712 10 7.05537
      vertex 49.0615 30 7.39104
      vertex 49.0615 10 7.39104
    endloop
  endfacet
  facet normal 0.336879 0 0.941548
    outer loop
      vertex 48.3223 30 7.65552
      vertex 49.0615 10 7.39104
      vertex 49.0615 30 7.39104
    endloop
  endfacet
  facet normal 0.336879 0 0.941548
    outer loop
      vertex 49.0615 10 7.39104
      vertex 48.3223 30 7.65552
      vertex 48.3223 10 7.65552
    endloop
  endfacet
  facet normal -0.90402 0 0.427489
    outer loop
      vertex 38.609 30 3.06147
      vertex 38.9446 22.4124 3.77117
      vertex 38.9446 30 3.77117
    endloop
  endfacet
  facet normal -0.90405 -7.22704e-06 0.427426
    outer loop
      vertex 38.609 30 3.06147
      vertex 38.7574 22.2426 3.37522
      vertex 38.9446 22.4124 3.77117
    endloop
  endfacet
  facet normal -0.903981 0 0.427572
    outer loop
      vertex 38.7574 22.2426 3.37522
      vertex 38.609 30 3.06147
      vertex 38.609 22.0789 3.06147
    endloop
  endfacet
  facet normal -0.998797 0 0.0490395
    outer loop
      vertex 38 30 0
      vertex 38.0385 21.3703 0.784137
      vertex 38.0385 30 0.784137
    endloop
  endfacet
  facet normal -0.998799 -3.96815e-06 0.0489959
    outer loop
      vertex 38 30 0
      vertex 38.0112 21.3334 0.227614
      vertex 38.0385 21.3703 0.784137
    endloop
  endfacet
  facet normal -0.998792 0 0.0491467
    outer loop
      vertex 38.0112 21.3334 0.227614
      vertex 38 30 0
      vertex 38 21.3148 0
    endloop
  endfacet
  facet normal -0.998797 0 -0.0490395
    outer loop
      vertex 38.0385 21.3703 -0.784137
      vertex 38 30 0
      vertex 38.0385 30 -0.784137
    endloop
  endfacet
  facet normal -0.998799 -3.96815e-06 -0.0489959
    outer loop
      vertex 38.0112 21.3334 -0.227614
      vertex 38 30 0
      vertex 38.0385 21.3703 -0.784137
    endloop
  endfacet
  facet normal -0.998792 -0 -0.0491467
    outer loop
      vertex 38 30 0
      vertex 38.0112 21.3334 -0.227614
      vertex 38 21.3148 0
    endloop
  endfacet
  facet normal -0.671501 0 0.741004
    outer loop
      vertex 40.3431 30 5.65685
      vertex 40.9249 23.6223 6.18408
      vertex 40.9249 30 6.18408
    endloop
  endfacet
  facet normal -0.671481 3.34099e-06 0.741022
    outer loop
      vertex 40.9249 23.6223 6.18408
      vertex 40.3431 30 5.65685
      vertex 40.7039 23.5433 5.98382
    endloop
  endfacet
  facet normal -0.671514 0 0.740992
    outer loop
      vertex 40.7039 23.5433 5.98382
      vertex 40.3431 30 5.65685
      vertex 40.3431 23.3727 5.65685
    endloop
  endfacet
  facet normal -0.336879 0 0.941548
    outer loop
      vertex 42.9385 30 7.39104
      vertex 43.6777 10 7.65552
      vertex 43.6777 30 7.65552
    endloop
  endfacet
  facet normal -0.336879 0 0.941548
    outer loop
      vertex 43.6777 10 7.65552
      vertex 42.9385 30 7.39104
      vertex 42.9385 10 7.39104
    endloop
  endfacet
  facet normal 0.90402 0 -0.427489
    outer loop
      vertex 53.391 30 -3.06147
      vertex 53.0554 22.4124 -3.77117
      vertex 53.0554 30 -3.77117
    endloop
  endfacet
  facet normal 0.90405 -7.22704e-06 -0.427426
    outer loop
      vertex 53.391 30 -3.06147
      vertex 53.2426 22.2426 -3.37522
      vertex 53.0554 22.4124 -3.77117
    endloop
  endfacet
  facet normal 0.903981 0 -0.427572
    outer loop
      vertex 53.2426 22.2426 -3.37522
      vertex 53.391 30 -3.06147
      vertex 53.391 22.0789 -3.06147
    endloop
  endfacet
  facet normal 0.740965 0 -0.671543
    outer loop
      vertex 52.1841 30 -5.07515
      vertex 51.6569 23.3727 -5.65685
      vertex 51.6569 30 -5.65685
    endloop
  endfacet
  facet normal 0.741001 -6.29149e-06 -0.671504
    outer loop
      vertex 52.1841 30 -5.07515
      vertex 51.8284 23.2915 -5.4676
      vertex 51.6569 23.3727 -5.65685
    endloop
  endfacet
  facet normal 0.740947 0 -0.671563
    outer loop
      vertex 51.8284 23.2915 -5.4676
      vertex 52.1841 30 -5.07515
      vertex 52.1841 23.0783 -5.07515
    endloop
  endfacet
  facet normal 0.514018 0 -0.857779
    outer loop
      vertex 49.8636 10 -7
      vertex 49.7712 10 -7.05537
      vertex 49.8636 23.9302 -7
    endloop
  endfacet
  facet normal 0.513989 0 -0.857797
    outer loop
      vertex 50.1705 23.8847 -6.816
      vertex 50.4446 30 -6.65176
      vertex 50.4446 23.8161 -6.65176
    endloop
  endfacet
  facet normal 0.514207 -1.32305e-05 -0.857666
    outer loop
      vertex 49.8636 23.9302 -7
      vertex 50.4446 30 -6.65176
      vertex 50.1705 23.8847 -6.816
    endloop
  endfacet
  facet normal 0.514093 1.55414e-06 -0.857734
    outer loop
      vertex 49.8636 23.9302 -7
      vertex 49.7712 30 -7.05537
      vertex 50.4446 30 -6.65176
    endloop
  endfacet
  facet normal 0.514018 0 -0.857779
    outer loop
      vertex 49.7712 30 -7.05537
      vertex 49.8636 23.9302 -7
      vertex 49.7712 10 -7.05537
    endloop
  endfacet
  facet normal 0.671514 0 -0.740992
    outer loop
      vertex 51.2961 23.5433 -5.98382
      vertex 51.6569 30 -5.65685
      vertex 51.6569 23.3727 -5.65685
    endloop
  endfacet
  facet normal 0.671481 3.34099e-06 -0.741022
    outer loop
      vertex 51.0751 23.6223 -6.18408
      vertex 51.6569 30 -5.65685
      vertex 51.2961 23.5433 -5.98382
    endloop
  endfacet
  facet normal 0.671501 0 -0.741004
    outer loop
      vertex 51.6569 30 -5.65685
      vertex 51.0751 23.6223 -6.18408
      vertex 51.0751 30 -6.18408
    endloop
  endfacet
  facet normal 0.0490672 0 -0.998795
    outer loop
      vertex 46 10 -8
      vertex 46.7841 30 -7.96148
      vertex 46.7841 10 -7.96148
    endloop
  endfacet
  facet normal 0.0490672 0 -0.998795
    outer loop
      vertex 46.7841 30 -7.96148
      vertex 46 10 -8
      vertex 46 30 -8
    endloop
  endfacet
  facet normal 0.336879 0 -0.941548
    outer loop
      vertex 48.3223 10 -7.65552
      vertex 49.0615 30 -7.39104
      vertex 49.0615 10 -7.39104
    endloop
  endfacet
  facet normal 0.336879 0 -0.941548
    outer loop
      vertex 49.0615 30 -7.39104
      vertex 48.3223 10 -7.65552
      vertex 48.3223 30 -7.65552
    endloop
  endfacet
  facet normal 0.427562 0 -0.903986
    outer loop
      vertex 49.0615 10 -7.39104
      vertex 49.7712 30 -7.05537
      vertex 49.7712 10 -7.05537
    endloop
  endfacet
  facet normal 0.427562 0 -0.903986
    outer loop
      vertex 49.7712 30 -7.05537
      vertex 49.0615 10 -7.39104
      vertex 49.0615 30 -7.39104
    endloop
  endfacet
  facet normal 0.242967 0 -0.970035
    outer loop
      vertex 47.5607 10 -7.84628
      vertex 48.3223 30 -7.65552
      vertex 48.3223 10 -7.65552
    endloop
  endfacet
  facet normal 0.242967 0 -0.970035
    outer loop
      vertex 48.3223 30 -7.65552
      vertex 47.5607 10 -7.84628
      vertex 47.5607 30 -7.84628
    endloop
  endfacet
  facet normal 0.970019 0 -0.243027
    outer loop
      vertex 53.8463 30 -1.56072
      vertex 53.6555 21.7828 -2.32228
      vertex 53.6555 30 -2.32228
    endloop
  endfacet
  facet normal 0.970019 0 -0.243027
    outer loop
      vertex 53.6555 21.7828 -2.32228
      vertex 53.8463 30 -1.56072
      vertex 53.8463 21.5256 -1.56072
    endloop
  endfacet
  facet normal 0.989176 0 -0.146736
    outer loop
      vertex 53.9615 30 -0.784137
      vertex 53.8463 21.5256 -1.56072
      vertex 53.8463 30 -1.56072
    endloop
  endfacet
  facet normal 0.989176 0 -0.146736
    outer loop
      vertex 53.8463 21.5256 -1.56072
      vertex 53.9615 30 -0.784137
      vertex 53.9615 21.3703 -0.784137
    endloop
  endfacet
  facet normal 0.595752 0 -0.803169
    outer loop
      vertex 50.7417 23.7416 -6.43138
      vertex 51.0751 30 -6.18408
      vertex 51.0751 23.6223 -6.18408
    endloop
  endfacet
  facet normal 0.595761 -7.93695e-07 -0.803162
    outer loop
      vertex 50.4446 23.8161 -6.65176
      vertex 51.0751 30 -6.18408
      vertex 50.7417 23.7416 -6.43138
    endloop
  endfacet
  facet normal 0.595756 0 -0.803165
    outer loop
      vertex 51.0751 30 -6.18408
      vertex 50.4446 23.8161 -6.65176
      vertex 50.4446 30 -6.65176
    endloop
  endfacet
  facet normal 0.941539 0 -0.336905
    outer loop
      vertex 53.6555 30 -2.32228
      vertex 53.391 22.0789 -3.06147
      vertex 53.391 30 -3.06147
    endloop
  endfacet
  facet normal 0.941514 7.14817e-06 -0.336973
    outer loop
      vertex 53.6555 30 -2.32228
      vertex 53.6381 21.8064 -2.37107
      vertex 53.391 22.0789 -3.06147
    endloop
  endfacet
  facet normal 0.941895 0 -0.335908
    outer loop
      vertex 53.6381 21.8064 -2.37107
      vertex 53.6555 30 -2.32228
      vertex 53.6555 21.7828 -2.32228
    endloop
  endfacet
  facet normal 0.803194 0 -0.595718
    outer loop
      vertex 52.6518 30 -4.44456
      vertex 52.1841 23.0783 -5.07515
      vertex 52.1841 30 -5.07515
    endloop
  endfacet
  facet normal 0.803278 -1.60551e-05 -0.595604
    outer loop
      vertex 52.6518 30 -4.44456
      vertex 52.3334 22.9888 -4.87379
      vertex 52.1841 23.0783 -5.07515
    endloop
  endfacet
  facet normal 0.803153 0 -0.595773
    outer loop
      vertex 52.3334 22.9888 -4.87379
      vertex 52.6518 30 -4.44456
      vertex 52.6518 22.7527 -4.44456
    endloop
  endfacet
  facet normal 0.857737 0 -0.514089
    outer loop
      vertex 53.0554 30 -3.77117
      vertex 52.6518 22.7527 -4.44456
      vertex 52.6518 30 -4.44456
    endloop
  endfacet
  facet normal 0.857734 6.65375e-07 -0.514094
    outer loop
      vertex 53.0554 30 -3.77117
      vertex 52.8064 22.6381 -4.18662
      vertex 52.6518 22.7527 -4.44456
    endloop
  endfacet
  facet normal 0.857739 0 -0.514086
    outer loop
      vertex 52.8064 22.6381 -4.18662
      vertex 53.0554 30 -3.77117
      vertex 53.0554 22.4124 -3.77117
    endloop
  endfacet
  facet normal -0.146733 0 -0.989176
    outer loop
      vertex 44.4393 10 -7.84628
      vertex 45.2159 30 -7.96148
      vertex 45.2159 10 -7.96148
    endloop
  endfacet
  facet normal -0.146733 0 -0.989176
    outer loop
      vertex 45.2159 30 -7.96148
      vertex 44.4393 10 -7.84628
      vertex 44.4393 30 -7.84628
    endloop
  endfacet
  facet normal -0.0490672 0 -0.998795
    outer loop
      vertex 45.2159 10 -7.96148
      vertex 46 30 -8
      vertex 46 10 -8
    endloop
  endfacet
  facet normal -0.0490672 0 -0.998795
    outer loop
      vertex 46 30 -8
      vertex 45.2159 10 -7.96148
      vertex 45.2159 30 -7.96148
    endloop
  endfacet
  facet normal -0.970019 0 -0.243027
    outer loop
      vertex 38.3445 21.7828 -2.32228
      vertex 38.1537 30 -1.56072
      vertex 38.3445 30 -2.32228
    endloop
  endfacet
  facet normal -0.970019 -0 -0.243027
    outer loop
      vertex 38.1537 30 -1.56072
      vertex 38.3445 21.7828 -2.32228
      vertex 38.1537 21.5256 -1.56072
    endloop
  endfacet
  facet normal -0.941539 0 -0.336905
    outer loop
      vertex 38.609 22.0789 -3.06147
      vertex 38.3445 30 -2.32228
      vertex 38.609 30 -3.06147
    endloop
  endfacet
  facet normal -0.941514 7.14817e-06 -0.336973
    outer loop
      vertex 38.3619 21.8064 -2.37107
      vertex 38.3445 30 -2.32228
      vertex 38.609 22.0789 -3.06147
    endloop
  endfacet
  facet normal -0.941895 -0 -0.335908
    outer loop
      vertex 38.3445 30 -2.32228
      vertex 38.3619 21.8064 -2.37107
      vertex 38.3445 21.7828 -2.32228
    endloop
  endfacet
  facet normal -0.242967 0 -0.970035
    outer loop
      vertex 43.6777 10 -7.65552
      vertex 44.4393 30 -7.84628
      vertex 44.4393 10 -7.84628
    endloop
  endfacet
  facet normal -0.242967 0 -0.970035
    outer loop
      vertex 44.4393 30 -7.84628
      vertex 43.6777 10 -7.65552
      vertex 43.6777 30 -7.65552
    endloop
  endfacet
  facet normal -0.595761 -7.93695e-07 -0.803162
    outer loop
      vertex 40.9249 30 -6.18408
      vertex 41.5554 23.8161 -6.65176
      vertex 41.2583 23.7416 -6.43138
    endloop
  endfacet
  facet normal -0.595752 -0 -0.803169
    outer loop
      vertex 40.9249 30 -6.18408
      vertex 41.2583 23.7416 -6.43138
      vertex 40.9249 23.6223 -6.18408
    endloop
  endfacet
  facet normal -0.595756 0 -0.803165
    outer loop
      vertex 41.5554 23.8161 -6.65176
      vertex 40.9249 30 -6.18408
      vertex 41.5554 30 -6.65176
    endloop
  endfacet
  facet normal -0.514018 -0 -0.857779
    outer loop
      vertex 42.1364 23.9302 -7
      vertex 42.2288 10 -7.05537
      vertex 42.1364 10 -7
    endloop
  endfacet
  facet normal -0.514018 0 -0.857779
    outer loop
      vertex 42.2288 10 -7.05537
      vertex 42.1364 23.9302 -7
      vertex 42.2288 30 -7.05537
    endloop
  endfacet
  facet normal -0.514207 -1.32305e-05 -0.857666
    outer loop
      vertex 41.5554 30 -6.65176
      vertex 42.1364 23.9302 -7
      vertex 41.8295 23.8847 -6.816
    endloop
  endfacet
  facet normal -0.513989 -0 -0.857797
    outer loop
      vertex 41.5554 30 -6.65176
      vertex 41.8295 23.8847 -6.816
      vertex 41.5554 23.8161 -6.65176
    endloop
  endfacet
  facet normal -0.514093 1.55414e-06 -0.857734
    outer loop
      vertex 42.1364 23.9302 -7
      vertex 41.5554 30 -6.65176
      vertex 42.2288 30 -7.05537
    endloop
  endfacet
  facet normal -0.427562 0 -0.903986
    outer loop
      vertex 42.2288 10 -7.05537
      vertex 42.9385 30 -7.39104
      vertex 42.9385 10 -7.39104
    endloop
  endfacet
  facet normal -0.427562 0 -0.903986
    outer loop
      vertex 42.9385 30 -7.39104
      vertex 42.2288 10 -7.05537
      vertex 42.2288 30 -7.05537
    endloop
  endfacet
  facet normal -0.857737 0 -0.514089
    outer loop
      vertex 39.3482 22.7527 -4.44456
      vertex 38.9446 30 -3.77117
      vertex 39.3482 30 -4.44456
    endloop
  endfacet
  facet normal -0.857734 6.65375e-07 -0.514094
    outer loop
      vertex 39.1936 22.6381 -4.18662
      vertex 38.9446 30 -3.77117
      vertex 39.3482 22.7527 -4.44456
    endloop
  endfacet
  facet normal -0.857739 -0 -0.514086
    outer loop
      vertex 38.9446 30 -3.77117
      vertex 39.1936 22.6381 -4.18662
      vertex 38.9446 22.4124 -3.77117
    endloop
  endfacet
  facet normal -0.803194 0 -0.595718
    outer loop
      vertex 39.8159 23.0783 -5.07515
      vertex 39.3482 30 -4.44456
      vertex 39.8159 30 -5.07515
    endloop
  endfacet
  facet normal -0.803278 -1.60551e-05 -0.595604
    outer loop
      vertex 39.6666 22.9888 -4.87379
      vertex 39.3482 30 -4.44456
      vertex 39.8159 23.0783 -5.07515
    endloop
  endfacet
  facet normal -0.803153 -0 -0.595773
    outer loop
      vertex 39.3482 30 -4.44456
      vertex 39.6666 22.9888 -4.87379
      vertex 39.3482 22.7527 -4.44456
    endloop
  endfacet
  facet normal -0.740965 0 -0.671543
    outer loop
      vertex 40.3431 23.3727 -5.65685
      vertex 39.8159 30 -5.07515
      vertex 40.3431 30 -5.65685
    endloop
  endfacet
  facet normal -0.741001 -6.29149e-06 -0.671504
    outer loop
      vertex 40.1716 23.2915 -5.4676
      vertex 39.8159 30 -5.07515
      vertex 40.3431 23.3727 -5.65685
    endloop
  endfacet
  facet normal -0.740947 -0 -0.671563
    outer loop
      vertex 39.8159 30 -5.07515
      vertex 40.1716 23.2915 -5.4676
      vertex 39.8159 23.0783 -5.07515
    endloop
  endfacet
  facet normal -0.336879 0 -0.941548
    outer loop
      vertex 42.9385 10 -7.39104
      vertex 43.6777 30 -7.65552
      vertex 43.6777 10 -7.65552
    endloop
  endfacet
  facet normal -0.336879 0 -0.941548
    outer loop
      vertex 43.6777 30 -7.65552
      vertex 42.9385 10 -7.39104
      vertex 42.9385 30 -7.39104
    endloop
  endfacet
  facet normal 1 -0 0
    outer loop
      vertex 11 -6.7 2.5
      vertex 11 -5.9 -2.5
      vertex 11 -5.9 2.5
    endloop
  endfacet
  facet normal 1 0 0
    outer loop
      vertex 11 -5.9 -2.5
      vertex 11 -6.7 2.5
      vertex 11 -6.7 -2.5
    endloop
  endfacet
  facet normal 0 0 -1
    outer loop
      vertex 34.9413 -7 2.5
      vertex 35 -6.7 2.5
      vertex 34.9961 -6.77841 2.5
    endloop
  endfacet
  facet normal 0 0 -1
    outer loop
      vertex 35 -6.7 2.5
      vertex 34.2 -5.1 2.5
      vertex 35 -5.9 2.5
    endloop
  endfacet
  facet normal 0 0 -1
    outer loop
      vertex 34.9413 -7 2.5
      vertex 34.9961 -6.77841 2.5
      vertex 34.9846 -6.85607 2.5
    endloop
  endfacet
  facet normal 0 0 -1
    outer loop
      vertex 35 -5.9 2.5
      vertex 34.2 -5.1 2.5
      vertex 34.9961 -5.82159 2.5
    endloop
  endfacet
  facet normal 0 0 -1
    outer loop
      vertex 34.9413 -7 2.5
      vertex 34.9846 -6.85607 2.5
      vertex 34.9656 -6.93223 2.5
    endloop
  endfacet
  facet normal 0 0 -1
    outer loop
      vertex 34.9961 -5.82159 2.5
      vertex 34.2 -5.1 2.5
      vertex 34.9846 -5.74393 2.5
    endloop
  endfacet
  facet normal -0 0 -1
    outer loop
      vertex 35 -6.7 2.5
      vertex 34.9413 -7 2.5
      vertex 34.2 -5.1 2.5
    endloop
  endfacet
  facet normal 0 0 -1
    outer loop
      vertex 34.9846 -5.74393 2.5
      vertex 34.2 -5.1 2.5
      vertex 34.9656 -5.66777 2.5
    endloop
  endfacet
  facet normal 0 0 -1
    outer loop
      vertex 34.9656 -5.66777 2.5
      vertex 34.2 -5.1 2.5
      vertex 34.9391 -5.59385 2.5
    endloop
  endfacet
  facet normal 0 0 -1
    outer loop
      vertex 34.9391 -5.59385 2.5
      vertex 34.2 -5.1 2.5
      vertex 34.9055 -5.52288 2.5
    endloop
  endfacet
  facet normal 0 0 -1
    outer loop
      vertex 34.9055 -5.52288 2.5
      vertex 34.2 -5.1 2.5
      vertex 34.8652 -5.45554 2.5
    endloop
  endfacet
  facet normal 0 0 -1
    outer loop
      vertex 34.8652 -5.45554 2.5
      vertex 34.2 -5.1 2.5
      vertex 34.8184 -5.39249 2.5
    endloop
  endfacet
  facet normal 0 0 -1
    outer loop
      vertex 34.8184 -5.39249 2.5
      vertex 34.2 -5.1 2.5
      vertex 34.7657 -5.33432 2.5
    endloop
  endfacet
  facet normal 0 0 -1
    outer loop
      vertex 34.7657 -5.33432 2.5
      vertex 34.2 -5.1 2.5
      vertex 34.7075 -5.28159 2.5
    endloop
  endfacet
  facet normal 0 0 -1
    outer loop
      vertex 34.7075 -5.28159 2.5
      vertex 34.2 -5.1 2.5
      vertex 34.6445 -5.23483 2.5
    endloop
  endfacet
  facet normal 0 0 -1
    outer loop
      vertex 34.6445 -5.23483 2.5
      vertex 34.2 -5.1 2.5
      vertex 34.5771 -5.19446 2.5
    endloop
  endfacet
  facet normal 0 0 -1
    outer loop
      vertex 34.5771 -5.19446 2.5
      vertex 34.2 -5.1 2.5
      vertex 34.5061 -5.1609 2.5
    endloop
  endfacet
  facet normal 0 0 -1
    outer loop
      vertex 34.5061 -5.1609 2.5
      vertex 34.2 -5.1 2.5
      vertex 34.4322 -5.13445 2.5
    endloop
  endfacet
  facet normal 0 0 -1
    outer loop
      vertex 34.4322 -5.13445 2.5
      vertex 34.2 -5.1 2.5
      vertex 34.3561 -5.11537 2.5
    endloop
  endfacet
  facet normal 0 0 -1
    outer loop
      vertex 34.3561 -5.11537 2.5
      vertex 34.2 -5.1 2.5
      vertex 34.2784 -5.10385 2.5
    endloop
  endfacet
  facet normal 0 0 -1
    outer loop
      vertex 34.9413 -7 2.5
      vertex 11.8 -5.1 2.5
      vertex 34.2 -5.1 2.5
    endloop
  endfacet
  facet normal 0 0 -1
    outer loop
      vertex 11.0587 -7 2.5
      vertex 11.8 -5.1 2.5
      vertex 34.9413 -7 2.5
    endloop
  endfacet
  facet normal 0 0 -1
    outer loop
      vertex 11 -6.7 2.5
      vertex 11.8 -5.1 2.5
      vertex 11.0587 -7 2.5
    endloop
  endfacet
  facet normal 0 0 -1
    outer loop
      vertex 11 -5.9 2.5
      vertex 11.8 -5.1 2.5
      vertex 11 -6.7 2.5
    endloop
  endfacet
  facet normal 0 0 -1
    outer loop
      vertex 11.8 -5.1 2.5
      vertex 11 -5.9 2.5
      vertex 11.7216 -5.10385 2.5
    endloop
  endfacet
  facet normal 0 0 -1
    outer loop
      vertex 11.7216 -5.10385 2.5
      vertex 11 -5.9 2.5
      vertex 11.6439 -5.11537 2.5
    endloop
  endfacet
  facet normal 0 0 -1
    outer loop
      vertex 11.6439 -5.11537 2.5
      vertex 11 -5.9 2.5
      vertex 11.5678 -5.13445 2.5
    endloop
  endfacet
  facet normal 0 0 -1
    outer loop
      vertex 11.5678 -5.13445 2.5
      vertex 11 -5.9 2.5
      vertex 11.4939 -5.1609 2.5
    endloop
  endfacet
  facet normal 0 0 -1
    outer loop
      vertex 11.4939 -5.1609 2.5
      vertex 11 -5.9 2.5
      vertex 11.4229 -5.19446 2.5
    endloop
  endfacet
  facet normal 0 0 -1
    outer loop
      vertex 11.4229 -5.19446 2.5
      vertex 11 -5.9 2.5
      vertex 11.3555 -5.23483 2.5
    endloop
  endfacet
  facet normal 0 0 -1
    outer loop
      vertex 11.3555 -5.23483 2.5
      vertex 11 -5.9 2.5
      vertex 11.2925 -5.28159 2.5
    endloop
  endfacet
  facet normal 0 0 -1
    outer loop
      vertex 11.2925 -5.28159 2.5
      vertex 11 -5.9 2.5
      vertex 11.2343 -5.33432 2.5
    endloop
  endfacet
  facet normal 0 0 -1
    outer loop
      vertex 11.2343 -5.33432 2.5
      vertex 11 -5.9 2.5
      vertex 11.1816 -5.39249 2.5
    endloop
  endfacet
  facet normal 0 0 -1
    outer loop
      vertex 11.1816 -5.39249 2.5
      vertex 11 -5.9 2.5
      vertex 11.1348 -5.45554 2.5
    endloop
  endfacet
  facet normal 0 0 -1
    outer loop
      vertex 11 -6.7 2.5
      vertex 11.0587 -7 2.5
      vertex 11.0344 -6.93223 2.5
    endloop
  endfacet
  facet normal 0 0 -1
    outer loop
      vertex 11.1348 -5.45554 2.5
      vertex 11 -5.9 2.5
      vertex 11.0945 -5.52288 2.5
    endloop
  endfacet
  facet normal 0 0 -1
    outer loop
      vertex 11 -6.7 2.5
      vertex 11.0344 -6.93223 2.5
      vertex 11.0154 -6.85607 2.5
    endloop
  endfacet
  facet normal 0 0 -1
    outer loop
      vertex 11.0945 -5.52288 2.5
      vertex 11 -5.9 2.5
      vertex 11.0609 -5.59385 2.5
    endloop
  endfacet
  facet normal 0 0 -1
    outer loop
      vertex 11 -6.7 2.5
      vertex 11.0154 -6.85607 2.5
      vertex 11.0039 -6.77841 2.5
    endloop
  endfacet
  facet normal 0 0 -1
    outer loop
      vertex 11.0609 -5.59385 2.5
      vertex 11 -5.9 2.5
      vertex 11.0344 -5.66777 2.5
    endloop
  endfacet
  facet normal 0 0 -1
    outer loop
      vertex 11.0344 -5.66777 2.5
      vertex 11 -5.9 2.5
      vertex 11.0154 -5.74393 2.5
    endloop
  endfacet
  facet normal 0 0 -1
    outer loop
      vertex 11.0154 -5.74393 2.5
      vertex 11 -5.9 2.5
      vertex 11.0039 -5.82159 2.5
    endloop
  endfacet
  facet normal -0.049048 -0.998796 0
    outer loop
      vertex 34.2 -5.1 -2.5
      vertex 34.2784 -5.10385 2.5
      vertex 34.2 -5.1 2.5
    endloop
  endfacet
  facet normal -0.049048 -0.998796 -0
    outer loop
      vertex 34.2784 -5.10385 2.5
      vertex 34.2 -5.1 -2.5
      vertex 34.2784 -5.10385 -2.5
    endloop
  endfacet
  facet normal -0.989213 0.146484 0
    outer loop
      vertex 34.9846 -6.85607 -2.5
      vertex 34.9961 -6.77841 2.5
      vertex 34.9961 -6.77841 -2.5
    endloop
  endfacet
  facet normal -0.989213 0.146484 0
    outer loop
      vertex 34.9961 -6.77841 2.5
      vertex 34.9846 -6.85607 -2.5
      vertex 34.9846 -6.85607 2.5
    endloop
  endfacet
  facet normal 0 -1 0
    outer loop
      vertex 11.8 -5.1 -2.5
      vertex 34.2 -5.1 2.5
      vertex 11.8 -5.1 2.5
    endloop
  endfacet
  facet normal 0 -1 -0
    outer loop
      vertex 34.2 -5.1 2.5
      vertex 11.8 -5.1 -2.5
      vertex 34.2 -5.1 -2.5
    endloop
  endfacet
  facet normal 0.941338 -0.337466 0
    outer loop
      vertex 11.0344 -5.66777 2.5
      vertex 11.0609 -5.59385 -2.5
      vertex 11.0609 -5.59385 2.5
    endloop
  endfacet
  facet normal 0.941338 -0.337466 0
    outer loop
      vertex 11.0609 -5.59385 -2.5
      vertex 11.0344 -5.66777 2.5
      vertex 11.0344 -5.66777 -2.5
    endloop
  endfacet
  facet normal 0.970262 0.242056 0
    outer loop
      vertex 11.0344 -6.93223 2.5
      vertex 11.0154 -6.85607 -2.5
      vertex 11.0154 -6.85607 2.5
    endloop
  endfacet
  facet normal 0.970262 0.242056 0
    outer loop
      vertex 11.0154 -6.85607 -2.5
      vertex 11.0344 -6.93223 2.5
      vertex 11.0344 -6.93223 -2.5
    endloop
  endfacet
  facet normal 0 0 1
    outer loop
      vertex 34.2 -5.1 -2.5
      vertex 35 -5.9 -2.5
      vertex 34.9961 -5.82159 -2.5
    endloop
  endfacet
  facet normal 0 0 1
    outer loop
      vertex 35 -5.9 -2.5
      vertex 34.2 -5.1 -2.5
      vertex 35 -6.7 -2.5
    endloop
  endfacet
  facet normal 0 0 1
    outer loop
      vertex 34.2 -5.1 -2.5
      vertex 34.9961 -5.82159 -2.5
      vertex 34.9846 -5.74393 -2.5
    endloop
  endfacet
  facet normal 0 -0 1
    outer loop
      vertex 34.9413 -7 -2.5
      vertex 35 -6.7 -2.5
      vertex 34.2 -5.1 -2.5
    endloop
  endfacet
  facet normal 0 0 1
    outer loop
      vertex 34.2 -5.1 -2.5
      vertex 34.9846 -5.74393 -2.5
      vertex 34.9656 -5.66777 -2.5
    endloop
  endfacet
  facet normal 0 0 1
    outer loop
      vertex 35 -6.7 -2.5
      vertex 34.9413 -7 -2.5
      vertex 34.9961 -6.77841 -2.5
    endloop
  endfacet
  facet normal 0 0 1
    outer loop
      vertex 34.9961 -6.77841 -2.5
      vertex 34.9413 -7 -2.5
      vertex 34.9846 -6.85607 -2.5
    endloop
  endfacet
  facet normal 0 0 1
    outer loop
      vertex 34.2 -5.1 -2.5
      vertex 34.9656 -5.66777 -2.5
      vertex 34.9391 -5.59385 -2.5
    endloop
  endfacet
  facet normal 0 0 1
    outer loop
      vertex 34.2 -5.1 -2.5
      vertex 34.9391 -5.59385 -2.5
      vertex 34.9055 -5.52288 -2.5
    endloop
  endfacet
  facet normal 0 0 1
    outer loop
      vertex 34.2 -5.1 -2.5
      vertex 34.9055 -5.52288 -2.5
      vertex 34.8652 -5.45554 -2.5
    endloop
  endfacet
  facet normal 0 0 1
    outer loop
      vertex 34.2 -5.1 -2.5
      vertex 34.8652 -5.45554 -2.5
      vertex 34.8184 -5.39249 -2.5
    endloop
  endfacet
  facet normal 0 0 1
    outer loop
      vertex 34.2 -5.1 -2.5
      vertex 34.8184 -5.39249 -2.5
      vertex 34.7657 -5.33432 -2.5
    endloop
  endfacet
  facet normal 0 0 1
    outer loop
      vertex 34.2 -5.1 -2.5
      vertex 34.7657 -5.33432 -2.5
      vertex 34.7075 -5.28159 -2.5
    endloop
  endfacet
  facet normal 0 0 1
    outer loop
      vertex 34.2 -5.1 -2.5
      vertex 34.7075 -5.28159 -2.5
      vertex 34.6445 -5.23483 -2.5
    endloop
  endfacet
  facet normal 0 0 1
    outer loop
      vertex 34.2 -5.1 -2.5
      vertex 34.6445 -5.23483 -2.5
      vertex 34.5771 -5.19446 -2.5
    endloop
  endfacet
  facet normal 0 0 1
    outer loop
      vertex 34.2 -5.1 -2.5
      vertex 34.5771 -5.19446 -2.5
      vertex 34.5061 -5.1609 -2.5
    endloop
  endfacet
  facet normal 0 0 1
    outer loop
      vertex 34.2 -5.1 -2.5
      vertex 34.5061 -5.1609 -2.5
      vertex 34.4322 -5.13445 -2.5
    endloop
  endfacet
  facet normal 0 0 1
    outer loop
      vertex 34.2 -5.1 -2.5
      vertex 34.4322 -5.13445 -2.5
      vertex 34.3561 -5.11537 -2.5
    endloop
  endfacet
  facet normal 0 0 1
    outer loop
      vertex 34.2 -5.1 -2.5
      vertex 34.3561 -5.11537 -2.5
      vertex 34.2784 -5.10385 -2.5
    endloop
  endfacet
  facet normal 0 0 1
    outer loop
      vertex 34.9846 -6.85607 -2.5
      vertex 34.9413 -7 -2.5
      vertex 34.9656 -6.93223 -2.5
    endloop
  endfacet
  facet normal -0 0 1
    outer loop
      vertex 11.8 -5.1 -2.5
      vertex 34.9413 -7 -2.5
      vertex 34.2 -5.1 -2.5
    endloop
  endfacet
  facet normal 0 0 1
    outer loop
      vertex 11 -5.9 -2.5
      vertex 11.8 -5.1 -2.5
      vertex 11.7216 -5.10385 -2.5
    endloop
  endfacet
  facet normal 0 0 1
    outer loop
      vertex 11 -5.9 -2.5
      vertex 11.7216 -5.10385 -2.5
      vertex 11.6439 -5.11537 -2.5
    endloop
  endfacet
  facet normal 0 0 1
    outer loop
      vertex 11 -5.9 -2.5
      vertex 11.6439 -5.11537 -2.5
      vertex 11.5678 -5.13445 -2.5
    endloop
  endfacet
  facet normal 0 0 1
    outer loop
      vertex 11 -5.9 -2.5
      vertex 11.5678 -5.13445 -2.5
      vertex 11.4939 -5.1609 -2.5
    endloop
  endfacet
  facet normal 0 0 1
    outer loop
      vertex 11 -5.9 -2.5
      vertex 11.4939 -5.1609 -2.5
      vertex 11.4229 -5.19446 -2.5
    endloop
  endfacet
  facet normal 0 0 1
    outer loop
      vertex 11 -5.9 -2.5
      vertex 11.4229 -5.19446 -2.5
      vertex 11.3555 -5.23483 -2.5
    endloop
  endfacet
  facet normal 0 0 1
    outer loop
      vertex 11 -5.9 -2.5
      vertex 11.3555 -5.23483 -2.5
      vertex 11.2925 -5.28159 -2.5
    endloop
  endfacet
  facet normal 0 0 1
    outer loop
      vertex 11 -5.9 -2.5
      vertex 11.2925 -5.28159 -2.5
      vertex 11.2343 -5.33432 -2.5
    endloop
  endfacet
  facet normal 0 0 1
    outer loop
      vertex 11 -5.9 -2.5
      vertex 11.2343 -5.33432 -2.5
      vertex 11.1816 -5.39249 -2.5
    endloop
  endfacet
  facet normal 0 0 1
    outer loop
      vertex 11 -5.9 -2.5
      vertex 11.1816 -5.39249 -2.5
      vertex 11.1348 -5.45554 -2.5
    endloop
  endfacet
  facet normal 0 0 1
    outer loop
      vertex 11 -5.9 -2.5
      vertex 11.1348 -5.45554 -2.5
      vertex 11.0945 -5.52288 -2.5
    endloop
  endfacet
  facet normal 0 0 1
    outer loop
      vertex 11 -5.9 -2.5
      vertex 11.0945 -5.52288 -2.5
      vertex 11.0609 -5.59385 -2.5
    endloop
  endfacet
  facet normal 0 0 1
    outer loop
      vertex 11.8 -5.1 -2.5
      vertex 11.0587 -7 -2.5
      vertex 34.9413 -7 -2.5
    endloop
  endfacet
  facet normal 0 0 1
    outer loop
      vertex 11 -5.9 -2.5
      vertex 11.0609 -5.59385 -2.5
      vertex 11.0344 -5.66777 -2.5
    endloop
  endfacet
  facet normal 0 0 1
    outer loop
      vertex 11.8 -5.1 -2.5
      vertex 11 -5.9 -2.5
      vertex 11 -6.7 -2.5
    endloop
  endfacet
  facet normal 0 0 1
    outer loop
      vertex 11 -5.9 -2.5
      vertex 11.0344 -5.66777 -2.5
      vertex 11.0154 -5.74393 -2.5
    endloop
  endfacet
  facet normal 0 0 1
    outer loop
      vertex 11.8 -5.1 -2.5
      vertex 11 -6.7 -2.5
      vertex 11.0587 -7 -2.5
    endloop
  endfacet
  facet normal 0 0 1
    outer loop
      vertex 11 -5.9 -2.5
      vertex 11.0154 -5.74393 -2.5
      vertex 11.0039 -5.82159 -2.5
    endloop
  endfacet
  facet normal 0 0 1
    outer loop
      vertex 11.0587 -7 -2.5
      vertex 11 -6.7 -2.5
      vertex 11.0344 -6.93223 -2.5
    endloop
  endfacet
  facet normal 0 0 1
    outer loop
      vertex 11.0344 -6.93223 -2.5
      vertex 11 -6.7 -2.5
      vertex 11.0154 -6.85607 -2.5
    endloop
  endfacet
  facet normal 0 0 1
    outer loop
      vertex 11.0154 -6.85607 -2.5
      vertex 11 -6.7 -2.5
      vertex 11.0039 -6.77841 -2.5
    endloop
  endfacet
  facet normal -0.970262 -0.242056 0
    outer loop
      vertex 34.9846 -5.74393 -2.5
      vertex 34.9656 -5.66777 2.5
      vertex 34.9656 -5.66777 -2.5
    endloop
  endfacet
  facet normal -0.970262 -0.242056 0
    outer loop
      vertex 34.9656 -5.66777 2.5
      vertex 34.9846 -5.74393 -2.5
      vertex 34.9846 -5.74393 2.5
    endloop
  endfacet
  facet normal 0.903823 -0.427906 0
    outer loop
      vertex 11.0609 -5.59385 2.5
      vertex 11.0945 -5.52288 -2.5
      vertex 11.0945 -5.52288 2.5
    endloop
  endfacet
  facet normal 0.903823 -0.427906 0
    outer loop
      vertex 11.0945 -5.52288 -2.5
      vertex 11.0609 -5.59385 2.5
      vertex 11.0609 -5.59385 -2.5
    endloop
  endfacet
  facet normal 0.51384 -0.857886 0
    outer loop
      vertex 11.3555 -5.23483 -2.5
      vertex 11.4229 -5.19446 2.5
      vertex 11.3555 -5.23483 2.5
    endloop
  endfacet
  facet normal 0.51384 -0.857886 0
    outer loop
      vertex 11.4229 -5.19446 2.5
      vertex 11.3555 -5.23483 -2.5
      vertex 11.4229 -5.19446 -2.5
    endloop
  endfacet
  facet normal 0.998765 -0.0496771 0
    outer loop
      vertex 11 -5.9 2.5
      vertex 11.0039 -5.82159 -2.5
      vertex 11.0039 -5.82159 2.5
    endloop
  endfacet
  facet normal 0.998765 -0.0496771 0
    outer loop
      vertex 11.0039 -5.82159 -2.5
      vertex 11 -5.9 2.5
      vertex 11 -5.9 -2.5
    endloop
  endfacet
  facet normal 0.989213 -0.146484 0
    outer loop
      vertex 11.0039 -5.82159 2.5
      vertex 11.0154 -5.74393 -2.5
      vertex 11.0154 -5.74393 2.5
    endloop
  endfacet
  facet normal 0.989213 -0.146484 0
    outer loop
      vertex 11.0154 -5.74393 -2.5
      vertex 11.0039 -5.82159 2.5
      vertex 11.0039 -5.82159 -2.5
    endloop
  endfacet
  facet normal 0.970262 -0.242056 0
    outer loop
      vertex 11.0154 -5.74393 2.5
      vertex 11.0344 -5.66777 -2.5
      vertex 11.0344 -5.66777 2.5
    endloop
  endfacet
  facet normal 0.970262 -0.242056 0
    outer loop
      vertex 11.0344 -5.66777 -2.5
      vertex 11.0154 -5.74393 2.5
      vertex 11.0154 -5.74393 -2.5
    endloop
  endfacet
  facet normal 0.998765 0.0496771 0
    outer loop
      vertex 11.0039 -6.77841 2.5
      vertex 11 -6.7 -2.5
      vertex 11 -6.7 2.5
    endloop
  endfacet
  facet normal 0.998765 0.0496771 0
    outer loop
      vertex 11 -6.7 -2.5
      vertex 11.0039 -6.77841 2.5
      vertex 11.0039 -6.77841 -2.5
    endloop
  endfacet
  facet normal 0.989213 0.146484 0
    outer loop
      vertex 11.0154 -6.85607 2.5
      vertex 11.0039 -6.77841 -2.5
      vertex 11.0039 -6.77841 2.5
    endloop
  endfacet
  facet normal 0.989213 0.146484 0
    outer loop
      vertex 11.0039 -6.77841 -2.5
      vertex 11.0154 -6.85607 2.5
      vertex 11.0154 -6.85607 -2.5
    endloop
  endfacet
  facet normal 0.941317 0.337524 0
    outer loop
      vertex 11.0587 -7 2.5
      vertex 11.0344 -6.93223 -2.5
      vertex 11.0344 -6.93223 2.5
    endloop
  endfacet
  facet normal 0.941317 0.337524 0
    outer loop
      vertex 11.0344 -6.93223 -2.5
      vertex 11.0587 -7 2.5
      vertex 11.0587 -7 -2.5
    endloop
  endfacet
  facet normal -0.998765 0.0496771 0
    outer loop
      vertex 34.9961 -6.77841 -2.5
      vertex 35 -6.7 2.5
      vertex 35 -6.7 -2.5
    endloop
  endfacet
  facet normal -0.998765 0.0496771 0
    outer loop
      vertex 35 -6.7 2.5
      vertex 34.9961 -6.77841 -2.5
      vertex 34.9961 -6.77841 2.5
    endloop
  endfacet
  facet normal 0.243195 -0.969977 0
    outer loop
      vertex 11.5678 -5.13445 -2.5
      vertex 11.6439 -5.11537 2.5
      vertex 11.5678 -5.13445 2.5
    endloop
  endfacet
  facet normal 0.243195 -0.969977 0
    outer loop
      vertex 11.6439 -5.11537 2.5
      vertex 11.5678 -5.13445 -2.5
      vertex 11.6439 -5.11537 -2.5
    endloop
  endfacet
  facet normal 0.049048 -0.998796 0
    outer loop
      vertex 11.7216 -5.10385 -2.5
      vertex 11.8 -5.1 2.5
      vertex 11.7216 -5.10385 2.5
    endloop
  endfacet
  facet normal 0.049048 -0.998796 0
    outer loop
      vertex 11.8 -5.1 2.5
      vertex 11.7216 -5.10385 -2.5
      vertex 11.8 -5.1 -2.5
    endloop
  endfacet
  facet normal -1 0 0
    outer loop
      vertex 35 -6.7 -2.5
      vertex 35 -5.9 2.5
      vertex 35 -5.9 -2.5
    endloop
  endfacet
  facet normal -1 -0 0
    outer loop
      vertex 35 -5.9 2.5
      vertex 35 -6.7 -2.5
      vertex 35 -6.7 2.5
    endloop
  endfacet
  facet normal -0.858077 -0.513521 0
    outer loop
      vertex 34.9055 -5.52288 -2.5
      vertex 34.8652 -5.45554 2.5
      vertex 34.8652 -5.45554 -2.5
    endloop
  endfacet
  facet normal -0.858077 -0.513521 0
    outer loop
      vertex 34.8652 -5.45554 2.5
      vertex 34.9055 -5.52288 -2.5
      vertex 34.9055 -5.52288 2.5
    endloop
  endfacet
  facet normal 0.858077 -0.513521 0
    outer loop
      vertex 11.0945 -5.52288 2.5
      vertex 11.1348 -5.45554 -2.5
      vertex 11.1348 -5.45554 2.5
    endloop
  endfacet
  facet normal 0.858077 -0.513521 0
    outer loop
      vertex 11.1348 -5.45554 -2.5
      vertex 11.0945 -5.52288 2.5
      vertex 11.0945 -5.52288 -2.5
    endloop
  endfacet
  facet normal 0.80297 -0.596019 0
    outer loop
      vertex 11.1348 -5.45554 2.5
      vertex 11.1816 -5.39249 -2.5
      vertex 11.1816 -5.39249 2.5
    endloop
  endfacet
  facet normal 0.80297 -0.596019 0
    outer loop
      vertex 11.1816 -5.39249 -2.5
      vertex 11.1348 -5.45554 2.5
      vertex 11.1348 -5.45554 -2.5
    endloop
  endfacet
  facet normal 0.671423 -0.741074 0
    outer loop
      vertex 11.2343 -5.33432 -2.5
      vertex 11.2925 -5.28159 2.5
      vertex 11.2343 -5.33432 2.5
    endloop
  endfacet
  facet normal 0.671423 -0.741074 0
    outer loop
      vertex 11.2925 -5.28159 2.5
      vertex 11.2343 -5.33432 -2.5
      vertex 11.2925 -5.28159 -2.5
    endloop
  endfacet
  facet normal 0.595995 -0.802988 0
    outer loop
      vertex 11.2925 -5.28159 -2.5
      vertex 11.3555 -5.23483 2.5
      vertex 11.2925 -5.28159 2.5
    endloop
  endfacet
  facet normal 0.595995 -0.802988 0
    outer loop
      vertex 11.3555 -5.23483 2.5
      vertex 11.2925 -5.28159 -2.5
      vertex 11.3555 -5.23483 -2.5
    endloop
  endfacet
  facet normal 0.146659 -0.989187 0
    outer loop
      vertex 11.6439 -5.11537 -2.5
      vertex 11.7216 -5.10385 2.5
      vertex 11.6439 -5.11537 2.5
    endloop
  endfacet
  facet normal 0.146659 -0.989187 0
    outer loop
      vertex 11.7216 -5.10385 2.5
      vertex 11.6439 -5.11537 -2.5
      vertex 11.7216 -5.10385 -2.5
    endloop
  endfacet
  facet normal 0.427342 -0.90409 0
    outer loop
      vertex 11.4229 -5.19446 -2.5
      vertex 11.4939 -5.1609 2.5
      vertex 11.4229 -5.19446 2.5
    endloop
  endfacet
  facet normal 0.427342 -0.90409 0
    outer loop
      vertex 11.4939 -5.1609 2.5
      vertex 11.4229 -5.19446 -2.5
      vertex 11.4939 -5.1609 -2.5
    endloop
  endfacet
  facet normal 0.336982 -0.941511 0
    outer loop
      vertex 11.4939 -5.1609 -2.5
      vertex 11.5678 -5.13445 2.5
      vertex 11.4939 -5.1609 2.5
    endloop
  endfacet
  facet normal 0.336982 -0.941511 0
    outer loop
      vertex 11.5678 -5.13445 2.5
      vertex 11.4939 -5.1609 -2.5
      vertex 11.5678 -5.13445 -2.5
    endloop
  endfacet
  facet normal -0.989213 -0.146484 0
    outer loop
      vertex 34.9961 -5.82159 -2.5
      vertex 34.9846 -5.74393 2.5
      vertex 34.9846 -5.74393 -2.5
    endloop
  endfacet
  facet normal -0.989213 -0.146484 0
    outer loop
      vertex 34.9846 -5.74393 2.5
      vertex 34.9961 -5.82159 -2.5
      vertex 34.9961 -5.82159 2.5
    endloop
  endfacet
  facet normal -0.998765 -0.0496771 0
    outer loop
      vertex 35 -5.9 -2.5
      vertex 34.9961 -5.82159 2.5
      vertex 34.9961 -5.82159 -2.5
    endloop
  endfacet
  facet normal -0.998765 -0.0496771 0
    outer loop
      vertex 34.9961 -5.82159 2.5
      vertex 35 -5.9 -2.5
      vertex 35 -5.9 2.5
    endloop
  endfacet
  facet normal -0.427342 -0.90409 0
    outer loop
      vertex 34.5061 -5.1609 -2.5
      vertex 34.5771 -5.19446 2.5
      vertex 34.5061 -5.1609 2.5
    endloop
  endfacet
  facet normal -0.427342 -0.90409 -0
    outer loop
      vertex 34.5771 -5.19446 2.5
      vertex 34.5061 -5.1609 -2.5
      vertex 34.5771 -5.19446 -2.5
    endloop
  endfacet
  facet normal -0.595995 -0.802988 0
    outer loop
      vertex 34.6445 -5.23483 -2.5
      vertex 34.7075 -5.28159 2.5
      vertex 34.6445 -5.23483 2.5
    endloop
  endfacet
  facet normal -0.595995 -0.802988 -0
    outer loop
      vertex 34.7075 -5.28159 2.5
      vertex 34.6445 -5.23483 -2.5
      vertex 34.7075 -5.28159 -2.5
    endloop
  endfacet
  facet normal -0.80297 -0.596019 0
    outer loop
      vertex 34.8652 -5.45554 -2.5
      vertex 34.8184 -5.39249 2.5
      vertex 34.8184 -5.39249 -2.5
    endloop
  endfacet
  facet normal -0.80297 -0.596019 0
    outer loop
      vertex 34.8184 -5.39249 2.5
      vertex 34.8652 -5.45554 -2.5
      vertex 34.8652 -5.45554 2.5
    endloop
  endfacet
  facet normal -0.671423 -0.741074 0
    outer loop
      vertex 34.7075 -5.28159 -2.5
      vertex 34.7657 -5.33432 2.5
      vertex 34.7075 -5.28159 2.5
    endloop
  endfacet
  facet normal -0.671423 -0.741074 -0
    outer loop
      vertex 34.7657 -5.33432 2.5
      vertex 34.7075 -5.28159 -2.5
      vertex 34.7657 -5.33432 -2.5
    endloop
  endfacet
  facet normal -0.903823 -0.427906 0
    outer loop
      vertex 34.9391 -5.59385 -2.5
      vertex 34.9055 -5.52288 2.5
      vertex 34.9055 -5.52288 -2.5
    endloop
  endfacet
  facet normal -0.903823 -0.427906 0
    outer loop
      vertex 34.9055 -5.52288 2.5
      vertex 34.9391 -5.59385 -2.5
      vertex 34.9391 -5.59385 2.5
    endloop
  endfacet
  facet normal -0.941338 -0.337466 0
    outer loop
      vertex 34.9656 -5.66777 -2.5
      vertex 34.9391 -5.59385 2.5
      vertex 34.9391 -5.59385 -2.5
    endloop
  endfacet
  facet normal -0.941338 -0.337466 0
    outer loop
      vertex 34.9391 -5.59385 2.5
      vertex 34.9656 -5.66777 -2.5
      vertex 34.9656 -5.66777 2.5
    endloop
  endfacet
  facet normal 0.741092 -0.671404 0
    outer loop
      vertex 11.1816 -5.39249 2.5
      vertex 11.2343 -5.33432 -2.5
      vertex 11.2343 -5.33432 2.5
    endloop
  endfacet
  facet normal 0.741092 -0.671404 0
    outer loop
      vertex 11.2343 -5.33432 -2.5
      vertex 11.1816 -5.39249 2.5
      vertex 11.1816 -5.39249 -2.5
    endloop
  endfacet
  facet normal -0.941317 0.337524 0
    outer loop
      vertex 34.9413 -7 -2.5
      vertex 34.9656 -6.93223 2.5
      vertex 34.9656 -6.93223 -2.5
    endloop
  endfacet
  facet normal -0.941317 0.337524 0
    outer loop
      vertex 34.9656 -6.93223 2.5
      vertex 34.9413 -7 -2.5
      vertex 34.9413 -7 2.5
    endloop
  endfacet
  facet normal -0.970262 0.242056 0
    outer loop
      vertex 34.9656 -6.93223 -2.5
      vertex 34.9846 -6.85607 2.5
      vertex 34.9846 -6.85607 -2.5
    endloop
  endfacet
  facet normal -0.970262 0.242056 0
    outer loop
      vertex 34.9846 -6.85607 2.5
      vertex 34.9656 -6.93223 -2.5
      vertex 34.9656 -6.93223 2.5
    endloop
  endfacet
  facet normal -0.336982 -0.941511 0
    outer loop
      vertex 34.4322 -5.13445 -2.5
      vertex 34.5061 -5.1609 2.5
      vertex 34.4322 -5.13445 2.5
    endloop
  endfacet
  facet normal -0.336982 -0.941511 -0
    outer loop
      vertex 34.5061 -5.1609 2.5
      vertex 34.4322 -5.13445 -2.5
      vertex 34.5061 -5.1609 -2.5
    endloop
  endfacet
  facet normal -0.146659 -0.989187 0
    outer loop
      vertex 34.2784 -5.10385 -2.5
      vertex 34.3561 -5.11537 2.5
      vertex 34.2784 -5.10385 2.5
    endloop
  endfacet
  facet normal -0.146659 -0.989187 -0
    outer loop
      vertex 34.3561 -5.11537 2.5
      vertex 34.2784 -5.10385 -2.5
      vertex 34.3561 -5.11537 -2.5
    endloop
  endfacet
  facet normal -0.741092 -0.671404 0
    outer loop
      vertex 34.8184 -5.39249 -2.5
      vertex 34.7657 -5.33432 2.5
      vertex 34.7657 -5.33432 -2.5
    endloop
  endfacet
  facet normal -0.741092 -0.671404 0
    outer loop
      vertex 34.7657 -5.33432 2.5
      vertex 34.8184 -5.39249 -2.5
      vertex 34.8184 -5.39249 2.5
    endloop
  endfacet
  facet normal -0.51384 -0.857886 0
    outer loop
      vertex 34.5771 -5.19446 -2.5
      vertex 34.6445 -5.23483 2.5
      vertex 34.5771 -5.19446 2.5
    endloop
  endfacet
  facet normal -0.51384 -0.857886 -0
    outer loop
      vertex 34.6445 -5.23483 2.5
      vertex 34.5771 -5.19446 -2.5
      vertex 34.6445 -5.23483 -2.5
    endloop
  endfacet
  facet normal -0.243195 -0.969977 0
    outer loop
      vertex 34.3561 -5.11537 -2.5
      vertex 34.4322 -5.13445 2.5
      vertex 34.3561 -5.11537 2.5
    endloop
  endfacet
  facet normal -0.243195 -0.969977 -0
    outer loop
      vertex 34.4322 -5.13445 2.5
      vertex 34.3561 -5.11537 -2.5
      vertex 34.4322 -5.13445 -2.5
    endloop
  endfacet
  facet normal 1 -0 0
    outer loop
      vertex 11 5.9 2.5
      vertex 11 6.7 -2.5
      vertex 11 6.7 2.5
    endloop
  endfacet
  facet normal 1 0 0
    outer loop
      vertex 11 6.7 -2.5
      vertex 11 5.9 2.5
      vertex 11 5.9 -2.5
    endloop
  endfacet
  facet normal 0 0 -1
    outer loop
      vertex 34.2 5.1 2.5
      vertex 35 5.9 2.5
      vertex 34.9961 5.82159 2.5
    endloop
  endfacet
  facet normal -0 0 -1
    outer loop
      vertex 35 5.9 2.5
      vertex 34.2 5.1 2.5
      vertex 35 6.7 2.5
    endloop
  endfacet
  facet normal 0 0 -1
    outer loop
      vertex 34.2 5.1 2.5
      vertex 34.9961 5.82159 2.5
      vertex 34.9846 5.74393 2.5
    endloop
  endfacet
  facet normal 0 -0 -1
    outer loop
      vertex 34.9413 7 2.5
      vertex 35 6.7 2.5
      vertex 34.2 5.1 2.5
    endloop
  endfacet
  facet normal 0 0 -1
    outer loop
      vertex 34.2 5.1 2.5
      vertex 34.9846 5.74393 2.5
      vertex 34.9656 5.66777 2.5
    endloop
  endfacet
  facet normal 0 0 -1
    outer loop
      vertex 35 6.7 2.5
      vertex 34.9413 7 2.5
      vertex 34.9961 6.77841 2.5
    endloop
  endfacet
  facet normal 0 0 -1
    outer loop
      vertex 34.9961 6.77841 2.5
      vertex 34.9413 7 2.5
      vertex 34.9846 6.85607 2.5
    endloop
  endfacet
  facet normal 0 0 -1
    outer loop
      vertex 34.2 5.1 2.5
      vertex 34.9656 5.66777 2.5
      vertex 34.9391 5.59385 2.5
    endloop
  endfacet
  facet normal 0 0 -1
    outer loop
      vertex 34.2 5.1 2.5
      vertex 34.9391 5.59385 2.5
      vertex 34.9055 5.52288 2.5
    endloop
  endfacet
  facet normal 0 0 -1
    outer loop
      vertex 34.2 5.1 2.5
      vertex 34.9055 5.52288 2.5
      vertex 34.8652 5.45554 2.5
    endloop
  endfacet
  facet normal 0 0 -1
    outer loop
      vertex 34.2 5.1 2.5
      vertex 34.8652 5.45554 2.5
      vertex 34.8184 5.39248 2.5
    endloop
  endfacet
  facet normal 0 0 -1
    outer loop
      vertex 34.2 5.1 2.5
      vertex 34.8184 5.39248 2.5
      vertex 34.7657 5.33431 2.5
    endloop
  endfacet
  facet normal 0 0 -1
    outer loop
      vertex 34.2 5.1 2.5
      vertex 34.7657 5.33431 2.5
      vertex 34.7075 5.28159 2.5
    endloop
  endfacet
  facet normal 0 0 -1
    outer loop
      vertex 34.2 5.1 2.5
      vertex 34.7075 5.28159 2.5
      vertex 34.6445 5.23482 2.5
    endloop
  endfacet
  facet normal 0 0 -1
    outer loop
      vertex 34.2 5.1 2.5
      vertex 34.6445 5.23482 2.5
      vertex 34.5771 5.19446 2.5
    endloop
  endfacet
  facet normal 0 0 -1
    outer loop
      vertex 34.2 5.1 2.5
      vertex 34.5771 5.19446 2.5
      vertex 34.5061 5.1609 2.5
    endloop
  endfacet
  facet normal 0 0 -1
    outer loop
      vertex 34.2 5.1 2.5
      vertex 34.5061 5.1609 2.5
      vertex 34.4322 5.13445 2.5
    endloop
  endfacet
  facet normal 0 0 -1
    outer loop
      vertex 34.2 5.1 2.5
      vertex 34.4322 5.13445 2.5
      vertex 34.3561 5.11537 2.5
    endloop
  endfacet
  facet normal 0 0 -1
    outer loop
      vertex 34.2 5.1 2.5
      vertex 34.3561 5.11537 2.5
      vertex 34.2784 5.10385 2.5
    endloop
  endfacet
  facet normal 0 0 -1
    outer loop
      vertex 34.9846 6.85607 2.5
      vertex 34.9413 7 2.5
      vertex 34.9656 6.93223 2.5
    endloop
  endfacet
  facet normal 0 0 -1
    outer loop
      vertex 11.8 5.1 2.5
      vertex 34.9413 7 2.5
      vertex 34.2 5.1 2.5
    endloop
  endfacet
  facet normal 0 0 -1
    outer loop
      vertex 11 5.9 2.5
      vertex 11.8 5.1 2.5
      vertex 11.7216 5.10385 2.5
    endloop
  endfacet
  facet normal 0 0 -1
    outer loop
      vertex 11 5.9 2.5
      vertex 11.7216 5.10385 2.5
      vertex 11.6439 5.11537 2.5
    endloop
  endfacet
  facet normal 0 0 -1
    outer loop
      vertex 11 5.9 2.5
      vertex 11.6439 5.11537 2.5
      vertex 11.5678 5.13445 2.5
    endloop
  endfacet
  facet normal 0 0 -1
    outer loop
      vertex 11 5.9 2.5
      vertex 11.5678 5.13445 2.5
      vertex 11.4939 5.1609 2.5
    endloop
  endfacet
  facet normal 0 0 -1
    outer loop
      vertex 11 5.9 2.5
      vertex 11.4939 5.1609 2.5
      vertex 11.4229 5.19446 2.5
    endloop
  endfacet
  facet normal 0 0 -1
    outer loop
      vertex 11 5.9 2.5
      vertex 11.4229 5.19446 2.5
      vertex 11.3555 5.23482 2.5
    endloop
  endfacet
  facet normal 0 0 -1
    outer loop
      vertex 11 5.9 2.5
      vertex 11.3555 5.23482 2.5
      vertex 11.2925 5.28159 2.5
    endloop
  endfacet
  facet normal 0 0 -1
    outer loop
      vertex 11 5.9 2.5
      vertex 11.2925 5.28159 2.5
      vertex 11.2343 5.33431 2.5
    endloop
  endfacet
  facet normal 0 0 -1
    outer loop
      vertex 11 5.9 2.5
      vertex 11.2343 5.33431 2.5
      vertex 11.1816 5.39248 2.5
    endloop
  endfacet
  facet normal 0 0 -1
    outer loop
      vertex 11 5.9 2.5
      vertex 11.1816 5.39248 2.5
      vertex 11.1348 5.45554 2.5
    endloop
  endfacet
  facet normal 0 0 -1
    outer loop
      vertex 11 5.9 2.5
      vertex 11.1348 5.45554 2.5
      vertex 11.0945 5.52288 2.5
    endloop
  endfacet
  facet normal 0 0 -1
    outer loop
      vertex 11 5.9 2.5
      vertex 11.0945 5.52288 2.5
      vertex 11.0609 5.59385 2.5
    endloop
  endfacet
  facet normal 0 0 -1
    outer loop
      vertex 11.8 5.1 2.5
      vertex 11.0587 7 2.5
      vertex 34.9413 7 2.5
    endloop
  endfacet
  facet normal 0 0 -1
    outer loop
      vertex 11 5.9 2.5
      vertex 11.0609 5.59385 2.5
      vertex 11.0344 5.66777 2.5
    endloop
  endfacet
  facet normal 0 0 -1
    outer loop
      vertex 11.8 5.1 2.5
      vertex 11 5.9 2.5
      vertex 11 6.7 2.5
    endloop
  endfacet
  facet normal 0 0 -1
    outer loop
      vertex 11 5.9 2.5
      vertex 11.0344 5.66777 2.5
      vertex 11.0154 5.74393 2.5
    endloop
  endfacet
  facet normal 0 0 -1
    outer loop
      vertex 11.8 5.1 2.5
      vertex 11 6.7 2.5
      vertex 11.0587 7 2.5
    endloop
  endfacet
  facet normal 0 0 -1
    outer loop
      vertex 11 5.9 2.5
      vertex 11.0154 5.74393 2.5
      vertex 11.0039 5.82159 2.5
    endloop
  endfacet
  facet normal 0 0 -1
    outer loop
      vertex 11.0587 7 2.5
      vertex 11 6.7 2.5
      vertex 11.0344 6.93223 2.5
    endloop
  endfacet
  facet normal 0 0 -1
    outer loop
      vertex 11.0344 6.93223 2.5
      vertex 11 6.7 2.5
      vertex 11.0154 6.85607 2.5
    endloop
  endfacet
  facet normal 0 0 -1
    outer loop
      vertex 11.0154 6.85607 2.5
      vertex 11 6.7 2.5
      vertex 11.0039 6.77841 2.5
    endloop
  endfacet
  facet normal 0 1 -0
    outer loop
      vertex 34.2 5.1 -2.5
      vertex 11.8 5.1 2.5
      vertex 34.2 5.1 2.5
    endloop
  endfacet
  facet normal 0 1 0
    outer loop
      vertex 11.8 5.1 2.5
      vertex 34.2 5.1 -2.5
      vertex 11.8 5.1 -2.5
    endloop
  endfacet
  facet normal -0.989213 0.146484 0
    outer loop
      vertex 34.9846 5.74393 -2.5
      vertex 34.9961 5.82159 2.5
      vertex 34.9961 5.82159 -2.5
    endloop
  endfacet
  facet normal -0.989213 0.146484 0
    outer loop
      vertex 34.9961 5.82159 2.5
      vertex 34.9846 5.74393 -2.5
      vertex 34.9846 5.74393 2.5
    endloop
  endfacet
  facet normal 0.941317 -0.337524 0
    outer loop
      vertex 11.0344 6.93223 2.5
      vertex 11.0587 7 -2.5
      vertex 11.0587 7 2.5
    endloop
  endfacet
  facet normal 0.941317 -0.337524 0
    outer loop
      vertex 11.0587 7 -2.5
      vertex 11.0344 6.93223 2.5
      vertex 11.0344 6.93223 -2.5
    endloop
  endfacet
  facet normal 0.970262 0.242056 0
    outer loop
      vertex 11.0344 5.66777 2.5
      vertex 11.0154 5.74393 -2.5
      vertex 11.0154 5.74393 2.5
    endloop
  endfacet
  facet normal 0.970262 0.242056 0
    outer loop
      vertex 11.0154 5.74393 -2.5
      vertex 11.0344 5.66777 2.5
      vertex 11.0344 5.66777 -2.5
    endloop
  endfacet
  facet normal 0 0 1
    outer loop
      vertex 34.9413 7 -2.5
      vertex 35 6.7 -2.5
      vertex 34.9961 6.77841 -2.5
    endloop
  endfacet
  facet normal 0 0 1
    outer loop
      vertex 35 6.7 -2.5
      vertex 34.2 5.1 -2.5
      vertex 35 5.9 -2.5
    endloop
  endfacet
  facet normal 0 0 1
    outer loop
      vertex 34.9413 7 -2.5
      vertex 34.9961 6.77841 -2.5
      vertex 34.9846 6.85607 -2.5
    endloop
  endfacet
  facet normal 0 0 1
    outer loop
      vertex 35 5.9 -2.5
      vertex 34.2 5.1 -2.5
      vertex 34.9961 5.82159 -2.5
    endloop
  endfacet
  facet normal 0 0 1
    outer loop
      vertex 34.9413 7 -2.5
      vertex 34.9846 6.85607 -2.5
      vertex 34.9656 6.93223 -2.5
    endloop
  endfacet
  facet normal 0 0 1
    outer loop
      vertex 34.9961 5.82159 -2.5
      vertex 34.2 5.1 -2.5
      vertex 34.9846 5.74393 -2.5
    endloop
  endfacet
  facet normal 0 0 1
    outer loop
      vertex 35 6.7 -2.5
      vertex 34.9413 7 -2.5
      vertex 34.2 5.1 -2.5
    endloop
  endfacet
  facet normal 0 0 1
    outer loop
      vertex 34.9846 5.74393 -2.5
      vertex 34.2 5.1 -2.5
      vertex 34.9656 5.66777 -2.5
    endloop
  endfacet
  facet normal 0 0 1
    outer loop
      vertex 34.9656 5.66777 -2.5
      vertex 34.2 5.1 -2.5
      vertex 34.9391 5.59385 -2.5
    endloop
  endfacet
  facet normal 0 0 1
    outer loop
      vertex 34.9391 5.59385 -2.5
      vertex 34.2 5.1 -2.5
      vertex 34.9055 5.52288 -2.5
    endloop
  endfacet
  facet normal 0 0 1
    outer loop
      vertex 34.9055 5.52288 -2.5
      vertex 34.2 5.1 -2.5
      vertex 34.8652 5.45554 -2.5
    endloop
  endfacet
  facet normal 0 0 1
    outer loop
      vertex 34.8652 5.45554 -2.5
      vertex 34.2 5.1 -2.5
      vertex 34.8184 5.39248 -2.5
    endloop
  endfacet
  facet normal 0 0 1
    outer loop
      vertex 34.8184 5.39248 -2.5
      vertex 34.2 5.1 -2.5
      vertex 34.7657 5.33431 -2.5
    endloop
  endfacet
  facet normal 0 0 1
    outer loop
      vertex 34.7657 5.33431 -2.5
      vertex 34.2 5.1 -2.5
      vertex 34.7075 5.28159 -2.5
    endloop
  endfacet
  facet normal 0 0 1
    outer loop
      vertex 34.7075 5.28159 -2.5
      vertex 34.2 5.1 -2.5
      vertex 34.6445 5.23482 -2.5
    endloop
  endfacet
  facet normal 0 0 1
    outer loop
      vertex 34.6445 5.23482 -2.5
      vertex 34.2 5.1 -2.5
      vertex 34.5771 5.19446 -2.5
    endloop
  endfacet
  facet normal 0 0 1
    outer loop
      vertex 34.5771 5.19446 -2.5
      vertex 34.2 5.1 -2.5
      vertex 34.5061 5.1609 -2.5
    endloop
  endfacet
  facet normal 0 0 1
    outer loop
      vertex 34.5061 5.1609 -2.5
      vertex 34.2 5.1 -2.5
      vertex 34.4322 5.13445 -2.5
    endloop
  endfacet
  facet normal 0 0 1
    outer loop
      vertex 34.4322 5.13445 -2.5
      vertex 34.2 5.1 -2.5
      vertex 34.3561 5.11537 -2.5
    endloop
  endfacet
  facet normal 0 0 1
    outer loop
      vertex 34.3561 5.11537 -2.5
      vertex 34.2 5.1 -2.5
      vertex 34.2784 5.10385 -2.5
    endloop
  endfacet
  facet normal 0 0 1
    outer loop
      vertex 34.9413 7 -2.5
      vertex 11.8 5.1 -2.5
      vertex 34.2 5.1 -2.5
    endloop
  endfacet
  facet normal -0 0 1
    outer loop
      vertex 11.0587 7 -2.5
      vertex 11.8 5.1 -2.5
      vertex 34.9413 7 -2.5
    endloop
  endfacet
  facet normal -0 0 1
    outer loop
      vertex 11 6.7 -2.5
      vertex 11.8 5.1 -2.5
      vertex 11.0587 7 -2.5
    endloop
  endfacet
  facet normal -0 0 1
    outer loop
      vertex 11 5.9 -2.5
      vertex 11.8 5.1 -2.5
      vertex 11 6.7 -2.5
    endloop
  endfacet
  facet normal 0 0 1
    outer loop
      vertex 11.8 5.1 -2.5
      vertex 11 5.9 -2.5
      vertex 11.7216 5.10385 -2.5
    endloop
  endfacet
  facet normal 0 0 1
    outer loop
      vertex 11.7216 5.10385 -2.5
      vertex 11 5.9 -2.5
      vertex 11.6439 5.11537 -2.5
    endloop
  endfacet
  facet normal 0 0 1
    outer loop
      vertex 11.6439 5.11537 -2.5
      vertex 11 5.9 -2.5
      vertex 11.5678 5.13445 -2.5
    endloop
  endfacet
  facet normal 0 0 1
    outer loop
      vertex 11.5678 5.13445 -2.5
      vertex 11 5.9 -2.5
      vertex 11.4939 5.1609 -2.5
    endloop
  endfacet
  facet normal 0 0 1
    outer loop
      vertex 11.4939 5.1609 -2.5
      vertex 11 5.9 -2.5
      vertex 11.4229 5.19446 -2.5
    endloop
  endfacet
  facet normal 0 0 1
    outer loop
      vertex 11.4229 5.19446 -2.5
      vertex 11 5.9 -2.5
      vertex 11.3555 5.23482 -2.5
    endloop
  endfacet
  facet normal 0 0 1
    outer loop
      vertex 11.3555 5.23482 -2.5
      vertex 11 5.9 -2.5
      vertex 11.2925 5.28159 -2.5
    endloop
  endfacet
  facet normal 0 0 1
    outer loop
      vertex 11.2925 5.28159 -2.5
      vertex 11 5.9 -2.5
      vertex 11.2343 5.33431 -2.5
    endloop
  endfacet
  facet normal 0 0 1
    outer loop
      vertex 11.2343 5.33431 -2.5
      vertex 11 5.9 -2.5
      vertex 11.1816 5.39248 -2.5
    endloop
  endfacet
  facet normal 0 0 1
    outer loop
      vertex 11.1816 5.39248 -2.5
      vertex 11 5.9 -2.5
      vertex 11.1348 5.45554 -2.5
    endloop
  endfacet
  facet normal 0 0 1
    outer loop
      vertex 11 6.7 -2.5
      vertex 11.0587 7 -2.5
      vertex 11.0344 6.93223 -2.5
    endloop
  endfacet
  facet normal 0 0 1
    outer loop
      vertex 11.1348 5.45554 -2.5
      vertex 11 5.9 -2.5
      vertex 11.0945 5.52288 -2.5
    endloop
  endfacet
  facet normal 0 0 1
    outer loop
      vertex 11 6.7 -2.5
      vertex 11.0344 6.93223 -2.5
      vertex 11.0154 6.85607 -2.5
    endloop
  endfacet
  facet normal 0 0 1
    outer loop
      vertex 11.0945 5.52288 -2.5
      vertex 11 5.9 -2.5
      vertex 11.0609 5.59385 -2.5
    endloop
  endfacet
  facet normal 0 0 1
    outer loop
      vertex 11 6.7 -2.5
      vertex 11.0154 6.85607 -2.5
      vertex 11.0039 6.77841 -2.5
    endloop
  endfacet
  facet normal 0 0 1
    outer loop
      vertex 11.0609 5.59385 -2.5
      vertex 11 5.9 -2.5
      vertex 11.0344 5.66777 -2.5
    endloop
  endfacet
  facet normal 0 0 1
    outer loop
      vertex 11.0344 5.66777 -2.5
      vertex 11 5.9 -2.5
      vertex 11.0154 5.74393 -2.5
    endloop
  endfacet
  facet normal 0 0 1
    outer loop
      vertex 11.0154 5.74393 -2.5
      vertex 11 5.9 -2.5
      vertex 11.0039 5.82159 -2.5
    endloop
  endfacet
  facet normal -0.513747 0.857942 0
    outer loop
      vertex 34.6445 5.23482 -2.5
      vertex 34.5771 5.19446 2.5
      vertex 34.6445 5.23482 2.5
    endloop
  endfacet
  facet normal -0.513747 0.857942 0
    outer loop
      vertex 34.5771 5.19446 2.5
      vertex 34.6445 5.23482 -2.5
      vertex 34.5771 5.19446 -2.5
    endloop
  endfacet
  facet normal -0.970262 -0.242056 0
    outer loop
      vertex 34.9846 6.85607 -2.5
      vertex 34.9656 6.93223 2.5
      vertex 34.9656 6.93223 -2.5
    endloop
  endfacet
  facet normal -0.970262 -0.242056 0
    outer loop
      vertex 34.9656 6.93223 2.5
      vertex 34.9846 6.85607 -2.5
      vertex 34.9846 6.85607 2.5
    endloop
  endfacet
  facet normal 0.998765 -0.0496771 0
    outer loop
      vertex 11 6.7 2.5
      vertex 11.0039 6.77841 -2.5
      vertex 11.0039 6.77841 2.5
    endloop
  endfacet
  facet normal 0.998765 -0.0496771 0
    outer loop
      vertex 11.0039 6.77841 -2.5
      vertex 11 6.7 2.5
      vertex 11 6.7 -2.5
    endloop
  endfacet
  facet normal 0.989213 -0.146484 0
    outer loop
      vertex 11.0039 6.77841 2.5
      vertex 11.0154 6.85607 -2.5
      vertex 11.0154 6.85607 2.5
    endloop
  endfacet
  facet normal 0.989213 -0.146484 0
    outer loop
      vertex 11.0154 6.85607 -2.5
      vertex 11.0039 6.77841 2.5
      vertex 11.0039 6.77841 -2.5
    endloop
  endfacet
  facet normal 0.970262 -0.242056 0
    outer loop
      vertex 11.0154 6.85607 2.5
      vertex 11.0344 6.93223 -2.5
      vertex 11.0344 6.93223 2.5
    endloop
  endfacet
  facet normal 0.970262 -0.242056 0
    outer loop
      vertex 11.0344 6.93223 -2.5
      vertex 11.0154 6.85607 2.5
      vertex 11.0154 6.85607 -2.5
    endloop
  endfacet
  facet normal 0.998765 0.0496771 0
    outer loop
      vertex 11.0039 5.82159 2.5
      vertex 11 5.9 -2.5
      vertex 11 5.9 2.5
    endloop
  endfacet
  facet normal 0.998765 0.0496771 0
    outer loop
      vertex 11 5.9 -2.5
      vertex 11.0039 5.82159 2.5
      vertex 11.0039 5.82159 -2.5
    endloop
  endfacet
  facet normal 0.989213 0.146484 0
    outer loop
      vertex 11.0154 5.74393 2.5
      vertex 11.0039 5.82159 -2.5
      vertex 11.0039 5.82159 2.5
    endloop
  endfacet
  facet normal 0.989213 0.146484 0
    outer loop
      vertex 11.0039 5.82159 -2.5
      vertex 11.0154 5.74393 2.5
      vertex 11.0154 5.74393 -2.5
    endloop
  endfacet
  facet normal 0.803015 0.595958 0
    outer loop
      vertex 11.1816 5.39248 2.5
      vertex 11.1348 5.45554 -2.5
      vertex 11.1348 5.45554 2.5
    endloop
  endfacet
  facet normal 0.803015 0.595958 0
    outer loop
      vertex 11.1348 5.45554 -2.5
      vertex 11.1816 5.39248 2.5
      vertex 11.1816 5.39248 -2.5
    endloop
  endfacet
  facet normal 0.049048 0.998796 -0
    outer loop
      vertex 11.8 5.1 -2.5
      vertex 11.7216 5.10385 2.5
      vertex 11.8 5.1 2.5
    endloop
  endfacet
  facet normal 0.049048 0.998796 0
    outer loop
      vertex 11.7216 5.10385 2.5
      vertex 11.8 5.1 -2.5
      vertex 11.7216 5.10385 -2.5
    endloop
  endfacet
  facet normal -0.741092 0.671404 0
    outer loop
      vertex 34.7657 5.33431 -2.5
      vertex 34.8184 5.39248 2.5
      vertex 34.8184 5.39248 -2.5
    endloop
  endfacet
  facet normal -0.741092 0.671404 0
    outer loop
      vertex 34.8184 5.39248 2.5
      vertex 34.7657 5.33431 -2.5
      vertex 34.7657 5.33431 2.5
    endloop
  endfacet
  facet normal -0.427342 0.90409 0
    outer loop
      vertex 34.5771 5.19446 -2.5
      vertex 34.5061 5.1609 2.5
      vertex 34.5771 5.19446 2.5
    endloop
  endfacet
  facet normal -0.427342 0.90409 0
    outer loop
      vertex 34.5061 5.1609 2.5
      vertex 34.5771 5.19446 -2.5
      vertex 34.5061 5.1609 -2.5
    endloop
  endfacet
  facet normal -0.858077 0.513521 0
    outer loop
      vertex 34.8652 5.45554 -2.5
      vertex 34.9055 5.52288 2.5
      vertex 34.9055 5.52288 -2.5
    endloop
  endfacet
  facet normal -0.858077 0.513521 0
    outer loop
      vertex 34.9055 5.52288 2.5
      vertex 34.8652 5.45554 -2.5
      vertex 34.8652 5.45554 2.5
    endloop
  endfacet
  facet normal 0.146659 0.989187 -0
    outer loop
      vertex 11.7216 5.10385 -2.5
      vertex 11.6439 5.11537 2.5
      vertex 11.7216 5.10385 2.5
    endloop
  endfacet
  facet normal 0.146659 0.989187 0
    outer loop
      vertex 11.6439 5.11537 2.5
      vertex 11.7216 5.10385 -2.5
      vertex 11.6439 5.11537 -2.5
    endloop
  endfacet
  facet normal -0.903823 0.427906 0
    outer loop
      vertex 34.9055 5.52288 -2.5
      vertex 34.9391 5.59385 2.5
      vertex 34.9391 5.59385 -2.5
    endloop
  endfacet
  facet normal -0.903823 0.427906 0
    outer loop
      vertex 34.9391 5.59385 2.5
      vertex 34.9055 5.52288 -2.5
      vertex 34.9055 5.52288 2.5
    endloop
  endfacet
  facet normal -1 0 0
    outer loop
      vertex 35 5.9 -2.5
      vertex 35 6.7 2.5
      vertex 35 6.7 -2.5
    endloop
  endfacet
  facet normal -1 -0 0
    outer loop
      vertex 35 6.7 2.5
      vertex 35 5.9 -2.5
      vertex 35 5.9 2.5
    endloop
  endfacet
  facet normal -0.998765 0.0496771 0
    outer loop
      vertex 34.9961 5.82159 -2.5
      vertex 35 5.9 2.5
      vertex 35 5.9 -2.5
    endloop
  endfacet
  facet normal -0.998765 0.0496771 0
    outer loop
      vertex 35 5.9 2.5
      vertex 34.9961 5.82159 -2.5
      vertex 34.9961 5.82159 2.5
    endloop
  endfacet
  facet normal 0.858077 0.513521 0
    outer loop
      vertex 11.1348 5.45554 2.5
      vertex 11.0945 5.52288 -2.5
      vertex 11.0945 5.52288 2.5
    endloop
  endfacet
  facet normal 0.858077 0.513521 0
    outer loop
      vertex 11.0945 5.52288 -2.5
      vertex 11.1348 5.45554 2.5
      vertex 11.1348 5.45554 -2.5
    endloop
  endfacet
  facet normal 0.903823 0.427906 0
    outer loop
      vertex 11.0945 5.52288 2.5
      vertex 11.0609 5.59385 -2.5
      vertex 11.0609 5.59385 2.5
    endloop
  endfacet
  facet normal 0.903823 0.427906 0
    outer loop
      vertex 11.0609 5.59385 -2.5
      vertex 11.0945 5.52288 2.5
      vertex 11.0945 5.52288 -2.5
    endloop
  endfacet
  facet normal 0.941338 0.337466 0
    outer loop
      vertex 11.0609 5.59385 2.5
      vertex 11.0344 5.66777 -2.5
      vertex 11.0344 5.66777 2.5
    endloop
  endfacet
  facet normal 0.941338 0.337466 0
    outer loop
      vertex 11.0344 5.66777 -2.5
      vertex 11.0609 5.59385 2.5
      vertex 11.0609 5.59385 -2.5
    endloop
  endfacet
  facet normal 0.671353 0.741137 -0
    outer loop
      vertex 11.2925 5.28159 -2.5
      vertex 11.2343 5.33431 2.5
      vertex 11.2925 5.28159 2.5
    endloop
  endfacet
  facet normal 0.671353 0.741137 0
    outer loop
      vertex 11.2343 5.33431 2.5
      vertex 11.2925 5.28159 -2.5
      vertex 11.2343 5.33431 -2.5
    endloop
  endfacet
  facet normal 0.336982 0.941511 -0
    outer loop
      vertex 11.5678 5.13445 -2.5
      vertex 11.4939 5.1609 2.5
      vertex 11.5678 5.13445 2.5
    endloop
  endfacet
  facet normal 0.336982 0.941511 0
    outer loop
      vertex 11.4939 5.1609 2.5
      vertex 11.5678 5.13445 -2.5
      vertex 11.4939 5.1609 -2.5
    endloop
  endfacet
  facet normal 0.243195 0.969977 -0
    outer loop
      vertex 11.6439 5.11537 -2.5
      vertex 11.5678 5.13445 2.5
      vertex 11.6439 5.11537 2.5
    endloop
  endfacet
  facet normal 0.243195 0.969977 0
    outer loop
      vertex 11.5678 5.13445 2.5
      vertex 11.6439 5.11537 -2.5
      vertex 11.5678 5.13445 -2.5
    endloop
  endfacet
  facet normal -0.596078 0.802927 0
    outer loop
      vertex 34.7075 5.28159 -2.5
      vertex 34.6445 5.23482 2.5
      vertex 34.7075 5.28159 2.5
    endloop
  endfacet
  facet normal -0.596078 0.802927 0
    outer loop
      vertex 34.6445 5.23482 2.5
      vertex 34.7075 5.28159 -2.5
      vertex 34.6445 5.23482 -2.5
    endloop
  endfacet
  facet normal -0.671353 0.741137 0
    outer loop
      vertex 34.7657 5.33431 -2.5
      vertex 34.7075 5.28159 2.5
      vertex 34.7657 5.33431 2.5
    endloop
  endfacet
  facet normal -0.671353 0.741137 0
    outer loop
      vertex 34.7075 5.28159 2.5
      vertex 34.7657 5.33431 -2.5
      vertex 34.7075 5.28159 -2.5
    endloop
  endfacet
  facet normal -0.803015 0.595958 0
    outer loop
      vertex 34.8184 5.39248 -2.5
      vertex 34.8652 5.45554 2.5
      vertex 34.8652 5.45554 -2.5
    endloop
  endfacet
  facet normal -0.803015 0.595958 0
    outer loop
      vertex 34.8652 5.45554 2.5
      vertex 34.8184 5.39248 -2.5
      vertex 34.8184 5.39248 2.5
    endloop
  endfacet
  facet normal -0.049048 0.998796 0
    outer loop
      vertex 34.2784 5.10385 -2.5
      vertex 34.2 5.1 2.5
      vertex 34.2784 5.10385 2.5
    endloop
  endfacet
  facet normal -0.049048 0.998796 0
    outer loop
      vertex 34.2 5.1 2.5
      vertex 34.2784 5.10385 -2.5
      vertex 34.2 5.1 -2.5
    endloop
  endfacet
  facet normal -0.989213 -0.146484 0
    outer loop
      vertex 34.9961 6.77841 -2.5
      vertex 34.9846 6.85607 2.5
      vertex 34.9846 6.85607 -2.5
    endloop
  endfacet
  facet normal -0.989213 -0.146484 0
    outer loop
      vertex 34.9846 6.85607 2.5
      vertex 34.9961 6.77841 -2.5
      vertex 34.9961 6.77841 2.5
    endloop
  endfacet
  facet normal -0.998765 -0.0496771 0
    outer loop
      vertex 35 6.7 -2.5
      vertex 34.9961 6.77841 2.5
      vertex 34.9961 6.77841 -2.5
    endloop
  endfacet
  facet normal -0.998765 -0.0496771 0
    outer loop
      vertex 34.9961 6.77841 2.5
      vertex 35 6.7 -2.5
      vertex 35 6.7 2.5
    endloop
  endfacet
  facet normal -0.941317 -0.337524 0
    outer loop
      vertex 34.9656 6.93223 -2.5
      vertex 34.9413 7 2.5
      vertex 34.9413 7 -2.5
    endloop
  endfacet
  facet normal -0.941317 -0.337524 0
    outer loop
      vertex 34.9413 7 2.5
      vertex 34.9656 6.93223 -2.5
      vertex 34.9656 6.93223 2.5
    endloop
  endfacet
  facet normal 0.741092 0.671404 0
    outer loop
      vertex 11.2343 5.33431 2.5
      vertex 11.1816 5.39248 -2.5
      vertex 11.1816 5.39248 2.5
    endloop
  endfacet
  facet normal 0.741092 0.671404 0
    outer loop
      vertex 11.1816 5.39248 -2.5
      vertex 11.2343 5.33431 2.5
      vertex 11.2343 5.33431 -2.5
    endloop
  endfacet
  facet normal 0.427342 0.90409 -0
    outer loop
      vertex 11.4939 5.1609 -2.5
      vertex 11.4229 5.19446 2.5
      vertex 11.4939 5.1609 2.5
    endloop
  endfacet
  facet normal 0.427342 0.90409 0
    outer loop
      vertex 11.4229 5.19446 2.5
      vertex 11.4939 5.1609 -2.5
      vertex 11.4229 5.19446 -2.5
    endloop
  endfacet
  facet normal 0.513747 0.857942 -0
    outer loop
      vertex 11.4229 5.19446 -2.5
      vertex 11.3555 5.23482 2.5
      vertex 11.4229 5.19446 2.5
    endloop
  endfacet
  facet normal 0.513747 0.857942 0
    outer loop
      vertex 11.3555 5.23482 2.5
      vertex 11.4229 5.19446 -2.5
      vertex 11.3555 5.23482 -2.5
    endloop
  endfacet
  facet normal 0.596078 0.802927 -0
    outer loop
      vertex 11.3555 5.23482 -2.5
      vertex 11.2925 5.28159 2.5
      vertex 11.3555 5.23482 2.5
    endloop
  endfacet
  facet normal 0.596078 0.802927 0
    outer loop
      vertex 11.2925 5.28159 2.5
      vertex 11.3555 5.23482 -2.5
      vertex 11.2925 5.28159 -2.5
    endloop
  endfacet
  facet normal -0.243195 0.969977 0
    outer loop
      vertex 34.4322 5.13445 -2.5
      vertex 34.3561 5.11537 2.5
      vertex 34.4322 5.13445 2.5
    endloop
  endfacet
  facet normal -0.243195 0.969977 0
    outer loop
      vertex 34.3561 5.11537 2.5
      vertex 34.4322 5.13445 -2.5
      vertex 34.3561 5.11537 -2.5
    endloop
  endfacet
  facet normal -0.146659 0.989187 0
    outer loop
      vertex 34.3561 5.11537 -2.5
      vertex 34.2784 5.10385 2.5
      vertex 34.3561 5.11537 2.5
    endloop
  endfacet
  facet normal -0.146659 0.989187 0
    outer loop
      vertex 34.2784 5.10385 2.5
      vertex 34.3561 5.11537 -2.5
      vertex 34.2784 5.10385 -2.5
    endloop
  endfacet
  facet normal -0.941338 0.337466 0
    outer loop
      vertex 34.9391 5.59385 -2.5
      vertex 34.9656 5.66777 2.5
      vertex 34.9656 5.66777 -2.5
    endloop
  endfacet
  facet normal -0.941338 0.337466 0
    outer loop
      vertex 34.9656 5.66777 2.5
      vertex 34.9391 5.59385 -2.5
      vertex 34.9391 5.59385 2.5
    endloop
  endfacet
  facet normal -0.970262 0.242056 0
    outer loop
      vertex 34.9656 5.66777 -2.5
      vertex 34.9846 5.74393 2.5
      vertex 34.9846 5.74393 -2.5
    endloop
  endfacet
  facet normal -0.970262 0.242056 0
    outer loop
      vertex 34.9846 5.74393 2.5
      vertex 34.9656 5.66777 -2.5
      vertex 34.9656 5.66777 2.5
    endloop
  endfacet
  facet normal -0.336982 0.941511 0
    outer loop
      vertex 34.5061 5.1609 -2.5
      vertex 34.4322 5.13445 2.5
      vertex 34.5061 5.1609 2.5
    endloop
  endfacet
  facet normal -0.336982 0.941511 0
    outer loop
      vertex 34.4322 5.13445 2.5
      vertex 34.5061 5.1609 -2.5
      vertex 34.4322 5.13445 -2.5
    endloop
  endfacet
  facet normal -0.998795 0 -0.0490798
    outer loop
      vertex 4.25 -11 0
      vertex 4.22953 11 0.416573
      vertex 4.25 11 0
    endloop
  endfacet
  facet normal -0.998795 -0 -0.0490798
    outer loop
      vertex 4.22953 11 0.416573
      vertex 4.25 -11 0
      vertex 4.22953 -11 0.416573
    endloop
  endfacet
  facet normal -0.970032 0 -0.242977
    outer loop
      vertex 4.16834 -11 0.829133
      vertex 4.067 11 1.23371
      vertex 4.16834 11 0.829133
    endloop
  endfacet
  facet normal -0.970032 -0 -0.242977
    outer loop
      vertex 4.067 11 1.23371
      vertex 4.16834 -11 0.829133
      vertex 4.067 -11 1.23371
    endloop
  endfacet
  facet normal 0.998795 0 -0.0490798
    outer loop
      vertex -4.22953 -11 0.416573
      vertex -4.25 11 0
      vertex -4.22953 11 0.416573
    endloop
  endfacet
  facet normal 0.998795 0 -0.0490798
    outer loop
      vertex -4.25 11 0
      vertex -4.22953 -11 0.416573
      vertex -4.25 -11 0
    endloop
  endfacet
  facet normal -0.0490798 0 -0.998795
    outer loop
      vertex 0 -11 4.25
      vertex 0.416573 11 4.22953
      vertex 0.416573 -11 4.22953
    endloop
  endfacet
  facet normal -0.0490798 0 -0.998795
    outer loop
      vertex 0.416573 11 4.22953
      vertex 0 -11 4.25
      vertex 0 11 4.25
    endloop
  endfacet
  facet normal -0.740949 0 -0.671561
    outer loop
      vertex 3.28529 -11 2.69617
      vertex 3.0052 11 3.0052
      vertex 3.28529 11 2.69617
    endloop
  endfacet
  facet normal -0.740949 -0 -0.671561
    outer loop
      vertex 3.0052 11 3.0052
      vertex 3.28529 -11 2.69617
      vertex 3.0052 -11 3.0052
    endloop
  endfacet
  facet normal 0.671561 0 -0.740949
    outer loop
      vertex -3.0052 -11 3.0052
      vertex -2.69617 11 3.28529
      vertex -2.69617 -11 3.28529
    endloop
  endfacet
  facet normal 0.671561 0 -0.740949
    outer loop
      vertex -2.69617 11 3.28529
      vertex -3.0052 -11 3.0052
      vertex -3.0052 11 3.0052
    endloop
  endfacet
  facet normal 0.336897 0 -0.941542
    outer loop
      vertex -1.6264 -11 3.92649
      vertex -1.23371 11 4.067
      vertex -1.23371 -11 4.067
    endloop
  endfacet
  facet normal 0.336897 0 -0.941542
    outer loop
      vertex -1.23371 11 4.067
      vertex -1.6264 -11 3.92649
      vertex -1.6264 11 3.92649
    endloop
  endfacet
  facet normal -0.427542 0 -0.903995
    outer loop
      vertex 1.6264 -11 3.92649
      vertex 2.00344 11 3.74817
      vertex 2.00344 -11 3.74817
    endloop
  endfacet
  facet normal -0.427542 0 -0.903995
    outer loop
      vertex 2.00344 11 3.74817
      vertex 1.6264 -11 3.92649
      vertex 1.6264 11 3.92649
    endloop
  endfacet
  facet normal 0.803199 0 -0.59571
    outer loop
      vertex -3.28529 -11 2.69617
      vertex -3.53375 11 2.36117
      vertex -3.28529 11 2.69617
    endloop
  endfacet
  facet normal 0.803199 0 -0.59571
    outer loop
      vertex -3.53375 11 2.36117
      vertex -3.28529 -11 2.69617
      vertex -3.53375 -11 2.36117
    endloop
  endfacet
  facet normal -0.671561 0 0.740949
    outer loop
      vertex 2.69617 11 -3.28529
      vertex 3.0052 -11 -3.0052
      vertex 3.0052 11 -3.0052
    endloop
  endfacet
  facet normal -0.671561 0 0.740949
    outer loop
      vertex 3.0052 -11 -3.0052
      vertex 2.69617 11 -3.28529
      vertex 2.69617 -11 -3.28529
    endloop
  endfacet
  facet normal -0.941542 0 0.336897
    outer loop
      vertex 3.92649 -11 -1.6264
      vertex 4.067 11 -1.23371
      vertex 3.92649 11 -1.6264
    endloop
  endfacet
  facet normal -0.941542 0 0.336897
    outer loop
      vertex 4.067 11 -1.23371
      vertex 3.92649 -11 -1.6264
      vertex 4.067 -11 -1.23371
    endloop
  endfacet
  facet normal 0.336897 0 0.941542
    outer loop
      vertex -1.6264 11 -3.92649
      vertex -1.23371 -11 -4.067
      vertex -1.23371 11 -4.067
    endloop
  endfacet
  facet normal 0.336897 0 0.941542
    outer loop
      vertex -1.23371 -11 -4.067
      vertex -1.6264 11 -3.92649
      vertex -1.6264 -11 -3.92649
    endloop
  endfacet
  facet normal -0.903995 0 -0.427542
    outer loop
      vertex 3.92649 -11 1.6264
      vertex 3.74817 11 2.00344
      vertex 3.92649 11 1.6264
    endloop
  endfacet
  facet normal -0.903995 -0 -0.427542
    outer loop
      vertex 3.74817 11 2.00344
      vertex 3.92649 -11 1.6264
      vertex 3.74817 -11 2.00344
    endloop
  endfacet
  facet normal -0.941542 0 -0.336897
    outer loop
      vertex 4.067 -11 1.23371
      vertex 3.92649 11 1.6264
      vertex 4.067 11 1.23371
    endloop
  endfacet
  facet normal -0.941542 -0 -0.336897
    outer loop
      vertex 3.92649 11 1.6264
      vertex 4.067 -11 1.23371
      vertex 3.92649 -11 1.6264
    endloop
  endfacet
  facet normal -0.857723 0 -0.514111
    outer loop
      vertex 3.74817 -11 2.00344
      vertex 3.53375 11 2.36117
      vertex 3.74817 11 2.00344
    endloop
  endfacet
  facet normal -0.857723 -0 -0.514111
    outer loop
      vertex 3.53375 11 2.36117
      vertex 3.74817 -11 2.00344
      vertex 3.53375 -11 2.36117
    endloop
  endfacet
  facet normal -0.242977 0 -0.970032
    outer loop
      vertex 0.829133 -11 4.16834
      vertex 1.23371 11 4.067
      vertex 1.23371 -11 4.067
    endloop
  endfacet
  facet normal -0.242977 0 -0.970032
    outer loop
      vertex 1.23371 11 4.067
      vertex 0.829133 -11 4.16834
      vertex 0.829133 11 4.16834
    endloop
  endfacet
  facet normal 0.903995 0 -0.427542
    outer loop
      vertex -3.74817 -11 2.00344
      vertex -3.92649 11 1.6264
      vertex -3.74817 11 2.00344
    endloop
  endfacet
  facet normal 0.903995 0 -0.427542
    outer loop
      vertex -3.92649 11 1.6264
      vertex -3.74817 -11 2.00344
      vertex -3.92649 -11 1.6264
    endloop
  endfacet
  facet normal 0.857723 0 -0.514111
    outer loop
      vertex -3.53375 -11 2.36117
      vertex -3.74817 11 2.00344
      vertex -3.53375 11 2.36117
    endloop
  endfacet
  facet normal 0.857723 0 -0.514111
    outer loop
      vertex -3.74817 11 2.00344
      vertex -3.53375 -11 2.36117
      vertex -3.74817 -11 2.00344
    endloop
  endfacet
  facet normal 0.970032 0 -0.242977
    outer loop
      vertex -4.067 -11 1.23371
      vertex -4.16834 11 0.829133
      vertex -4.067 11 1.23371
    endloop
  endfacet
  facet normal 0.970032 0 -0.242977
    outer loop
      vertex -4.16834 11 0.829133
      vertex -4.067 -11 1.23371
      vertex -4.16834 -11 0.829133
    endloop
  endfacet
  facet normal 0.514111 0 -0.857723
    outer loop
      vertex -2.36117 -11 3.53375
      vertex -2.00344 11 3.74817
      vertex -2.00344 -11 3.74817
    endloop
  endfacet
  facet normal 0.514111 0 -0.857723
    outer loop
      vertex -2.00344 11 3.74817
      vertex -2.36117 -11 3.53375
      vertex -2.36117 11 3.53375
    endloop
  endfacet
  facet normal -0.146713 0 0.989179
    outer loop
      vertex 0.416573 11 -4.22953
      vertex 0.829133 -11 -4.16834
      vertex 0.829133 11 -4.16834
    endloop
  endfacet
  facet normal -0.146713 0 0.989179
    outer loop
      vertex 0.829133 -11 -4.16834
      vertex 0.416573 11 -4.22953
      vertex 0.416573 -11 -4.22953
    endloop
  endfacet
  facet normal -0.242977 0 0.970032
    outer loop
      vertex 0.829133 11 -4.16834
      vertex 1.23371 -11 -4.067
      vertex 1.23371 11 -4.067
    endloop
  endfacet
  facet normal -0.242977 0 0.970032
    outer loop
      vertex 1.23371 -11 -4.067
      vertex 0.829133 11 -4.16834
      vertex 0.829133 -11 -4.16834
    endloop
  endfacet
  facet normal -0.59571 0 0.803199
    outer loop
      vertex 2.36117 11 -3.53375
      vertex 2.69617 -11 -3.28529
      vertex 2.69617 11 -3.28529
    endloop
  endfacet
  facet normal -0.59571 0 0.803199
    outer loop
      vertex 2.69617 -11 -3.28529
      vertex 2.36117 11 -3.53375
      vertex 2.36117 -11 -3.53375
    endloop
  endfacet
  facet normal -0.740949 0 0.671561
    outer loop
      vertex 3.0052 -11 -3.0052
      vertex 3.28529 11 -2.69617
      vertex 3.0052 11 -3.0052
    endloop
  endfacet
  facet normal -0.740949 0 0.671561
    outer loop
      vertex 3.28529 11 -2.69617
      vertex 3.0052 -11 -3.0052
      vertex 3.28529 -11 -2.69617
    endloop
  endfacet
  facet normal -0.803199 0 0.59571
    outer loop
      vertex 3.28529 -11 -2.69617
      vertex 3.53375 11 -2.36117
      vertex 3.28529 11 -2.69617
    endloop
  endfacet
  facet normal -0.803199 0 0.59571
    outer loop
      vertex 3.53375 11 -2.36117
      vertex 3.28529 -11 -2.69617
      vertex 3.53375 -11 -2.36117
    endloop
  endfacet
  facet normal -0.857723 0 0.514111
    outer loop
      vertex 3.53375 -11 -2.36117
      vertex 3.74817 11 -2.00344
      vertex 3.53375 11 -2.36117
    endloop
  endfacet
  facet normal -0.857723 0 0.514111
    outer loop
      vertex 3.74817 11 -2.00344
      vertex 3.53375 -11 -2.36117
      vertex 3.74817 -11 -2.00344
    endloop
  endfacet
  facet normal -0.970032 0 0.242977
    outer loop
      vertex 4.067 -11 -1.23371
      vertex 4.16834 11 -0.829133
      vertex 4.067 11 -1.23371
    endloop
  endfacet
  facet normal -0.970032 0 0.242977
    outer loop
      vertex 4.16834 11 -0.829133
      vertex 4.067 -11 -1.23371
      vertex 4.16834 -11 -0.829133
    endloop
  endfacet
  facet normal 0.0490798 0 0.998795
    outer loop
      vertex -0.416573 11 -4.22953
      vertex 0 -11 -4.25
      vertex 0 11 -4.25
    endloop
  endfacet
  facet normal 0.0490798 0 0.998795
    outer loop
      vertex 0 -11 -4.25
      vertex -0.416573 11 -4.22953
      vertex -0.416573 -11 -4.22953
    endloop
  endfacet
  facet normal 0.59571 0 0.803199
    outer loop
      vertex -2.69617 11 -3.28529
      vertex -2.36117 -11 -3.53375
      vertex -2.36117 11 -3.53375
    endloop
  endfacet
  facet normal 0.59571 0 0.803199
    outer loop
      vertex -2.36117 -11 -3.53375
      vertex -2.69617 11 -3.28529
      vertex -2.69617 -11 -3.28529
    endloop
  endfacet
  facet normal 0.740949 -0 0.671561
    outer loop
      vertex -3.28529 -11 -2.69617
      vertex -3.0052 11 -3.0052
      vertex -3.28529 11 -2.69617
    endloop
  endfacet
  facet normal 0.740949 0 0.671561
    outer loop
      vertex -3.0052 11 -3.0052
      vertex -3.28529 -11 -2.69617
      vertex -3.0052 -11 -3.0052
    endloop
  endfacet
  facet normal 0.903995 -0 0.427542
    outer loop
      vertex -3.92649 -11 -1.6264
      vertex -3.74817 11 -2.00344
      vertex -3.92649 11 -1.6264
    endloop
  endfacet
  facet normal 0.903995 0 0.427542
    outer loop
      vertex -3.74817 11 -2.00344
      vertex -3.92649 -11 -1.6264
      vertex -3.74817 -11 -2.00344
    endloop
  endfacet
  facet normal 0.998795 -0 0.0490798
    outer loop
      vertex -4.25 -11 0
      vertex -4.22953 11 -0.416573
      vertex -4.25 11 0
    endloop
  endfacet
  facet normal 0.998795 0 0.0490798
    outer loop
      vertex -4.22953 11 -0.416573
      vertex -4.25 -11 0
      vertex -4.22953 -11 -0.416573
    endloop
  endfacet
  facet normal -0.989179 0 -0.146713
    outer loop
      vertex 4.22953 -11 0.416573
      vertex 4.16834 11 0.829133
      vertex 4.22953 11 0.416573
    endloop
  endfacet
  facet normal -0.989179 -0 -0.146713
    outer loop
      vertex 4.16834 11 0.829133
      vertex 4.22953 -11 0.416573
      vertex 4.16834 -11 0.829133
    endloop
  endfacet
  facet normal -0.803199 0 -0.59571
    outer loop
      vertex 3.53375 -11 2.36117
      vertex 3.28529 11 2.69617
      vertex 3.53375 11 2.36117
    endloop
  endfacet
  facet normal -0.803199 -0 -0.59571
    outer loop
      vertex 3.28529 11 2.69617
      vertex 3.53375 -11 2.36117
      vertex 3.28529 -11 2.69617
    endloop
  endfacet
  facet normal -0.146713 0 -0.989179
    outer loop
      vertex 0.416573 -11 4.22953
      vertex 0.829133 11 4.16834
      vertex 0.829133 -11 4.16834
    endloop
  endfacet
  facet normal -0.146713 0 -0.989179
    outer loop
      vertex 0.829133 11 4.16834
      vertex 0.416573 -11 4.22953
      vertex 0.416573 11 4.22953
    endloop
  endfacet
  facet normal -0.336897 0 -0.941542
    outer loop
      vertex 1.23371 -11 4.067
      vertex 1.6264 11 3.92649
      vertex 1.6264 -11 3.92649
    endloop
  endfacet
  facet normal -0.336897 0 -0.941542
    outer loop
      vertex 1.6264 11 3.92649
      vertex 1.23371 -11 4.067
      vertex 1.23371 11 4.067
    endloop
  endfacet
  facet normal -0.514111 0 -0.857723
    outer loop
      vertex 2.00344 -11 3.74817
      vertex 2.36117 11 3.53375
      vertex 2.36117 -11 3.53375
    endloop
  endfacet
  facet normal -0.514111 0 -0.857723
    outer loop
      vertex 2.36117 11 3.53375
      vertex 2.00344 -11 3.74817
      vertex 2.00344 11 3.74817
    endloop
  endfacet
  facet normal -0.671561 0 -0.740949
    outer loop
      vertex 2.69617 -11 3.28529
      vertex 3.0052 11 3.0052
      vertex 3.0052 -11 3.0052
    endloop
  endfacet
  facet normal -0.671561 0 -0.740949
    outer loop
      vertex 3.0052 11 3.0052
      vertex 2.69617 -11 3.28529
      vertex 2.69617 11 3.28529
    endloop
  endfacet
  facet normal -0.59571 0 -0.803199
    outer loop
      vertex 2.36117 -11 3.53375
      vertex 2.69617 11 3.28529
      vertex 2.69617 -11 3.28529
    endloop
  endfacet
  facet normal -0.59571 0 -0.803199
    outer loop
      vertex 2.69617 11 3.28529
      vertex 2.36117 -11 3.53375
      vertex 2.36117 11 3.53375
    endloop
  endfacet
  facet normal 0.740949 0 -0.671561
    outer loop
      vertex -3.0052 -11 3.0052
      vertex -3.28529 11 2.69617
      vertex -3.0052 11 3.0052
    endloop
  endfacet
  facet normal 0.740949 0 -0.671561
    outer loop
      vertex -3.28529 11 2.69617
      vertex -3.0052 -11 3.0052
      vertex -3.28529 -11 2.69617
    endloop
  endfacet
  facet normal 0.989179 0 -0.146713
    outer loop
      vertex -4.16834 -11 0.829133
      vertex -4.22953 11 0.416573
      vertex -4.16834 11 0.829133
    endloop
  endfacet
  facet normal 0.989179 0 -0.146713
    outer loop
      vertex -4.22953 11 0.416573
      vertex -4.16834 -11 0.829133
      vertex -4.22953 -11 0.416573
    endloop
  endfacet
  facet normal 0.941542 0 -0.336897
    outer loop
      vertex -3.92649 -11 1.6264
      vertex -4.067 11 1.23371
      vertex -3.92649 11 1.6264
    endloop
  endfacet
  facet normal 0.941542 0 -0.336897
    outer loop
      vertex -4.067 11 1.23371
      vertex -3.92649 -11 1.6264
      vertex -4.067 -11 1.23371
    endloop
  endfacet
  facet normal 0.59571 0 -0.803199
    outer loop
      vertex -2.69617 -11 3.28529
      vertex -2.36117 11 3.53375
      vertex -2.36117 -11 3.53375
    endloop
  endfacet
  facet normal 0.59571 0 -0.803199
    outer loop
      vertex -2.36117 11 3.53375
      vertex -2.69617 -11 3.28529
      vertex -2.69617 11 3.28529
    endloop
  endfacet
  facet normal 0.427542 0 -0.903995
    outer loop
      vertex -2.00344 -11 3.74817
      vertex -1.6264 11 3.92649
      vertex -1.6264 -11 3.92649
    endloop
  endfacet
  facet normal 0.427542 0 -0.903995
    outer loop
      vertex -1.6264 11 3.92649
      vertex -2.00344 -11 3.74817
      vertex -2.00344 11 3.74817
    endloop
  endfacet
  facet normal 0.242977 0 -0.970032
    outer loop
      vertex -1.23371 -11 4.067
      vertex -0.829133 11 4.16834
      vertex -0.829133 -11 4.16834
    endloop
  endfacet
  facet normal 0.242977 0 -0.970032
    outer loop
      vertex -0.829133 11 4.16834
      vertex -1.23371 -11 4.067
      vertex -1.23371 11 4.067
    endloop
  endfacet
  facet normal 0.0490798 0 -0.998795
    outer loop
      vertex -0.416573 -11 4.22953
      vertex 0 11 4.25
      vertex 0 -11 4.25
    endloop
  endfacet
  facet normal 0.0490798 0 -0.998795
    outer loop
      vertex 0 11 4.25
      vertex -0.416573 -11 4.22953
      vertex -0.416573 11 4.22953
    endloop
  endfacet
  facet normal 0.146713 0 -0.989179
    outer loop
      vertex -0.829133 -11 4.16834
      vertex -0.416573 11 4.22953
      vertex -0.416573 -11 4.22953
    endloop
  endfacet
  facet normal 0.146713 0 -0.989179
    outer loop
      vertex -0.416573 11 4.22953
      vertex -0.829133 -11 4.16834
      vertex -0.829133 11 4.16834
    endloop
  endfacet
  facet normal -0.0490798 0 0.998795
    outer loop
      vertex 0 11 -4.25
      vertex 0.416573 -11 -4.22953
      vertex 0.416573 11 -4.22953
    endloop
  endfacet
  facet normal -0.0490798 0 0.998795
    outer loop
      vertex 0.416573 -11 -4.22953
      vertex 0 11 -4.25
      vertex 0 -11 -4.25
    endloop
  endfacet
  facet normal -0.336897 0 0.941542
    outer loop
      vertex 1.23371 11 -4.067
      vertex 1.6264 -11 -3.92649
      vertex 1.6264 11 -3.92649
    endloop
  endfacet
  facet normal -0.336897 0 0.941542
    outer loop
      vertex 1.6264 -11 -3.92649
      vertex 1.23371 11 -4.067
      vertex 1.23371 -11 -4.067
    endloop
  endfacet
  facet normal -0.427542 0 0.903995
    outer loop
      vertex 1.6264 11 -3.92649
      vertex 2.00344 -11 -3.74817
      vertex 2.00344 11 -3.74817
    endloop
  endfacet
  facet normal -0.427542 0 0.903995
    outer loop
      vertex 2.00344 -11 -3.74817
      vertex 1.6264 11 -3.92649
      vertex 1.6264 -11 -3.92649
    endloop
  endfacet
  facet normal -0.514111 0 0.857723
    outer loop
      vertex 2.00344 11 -3.74817
      vertex 2.36117 -11 -3.53375
      vertex 2.36117 11 -3.53375
    endloop
  endfacet
  facet normal -0.514111 0 0.857723
    outer loop
      vertex 2.36117 -11 -3.53375
      vertex 2.00344 11 -3.74817
      vertex 2.00344 -11 -3.74817
    endloop
  endfacet
  facet normal -0.903995 0 0.427542
    outer loop
      vertex 3.74817 -11 -2.00344
      vertex 3.92649 11 -1.6264
      vertex 3.74817 11 -2.00344
    endloop
  endfacet
  facet normal -0.903995 0 0.427542
    outer loop
      vertex 3.92649 11 -1.6264
      vertex 3.74817 -11 -2.00344
      vertex 3.92649 -11 -1.6264
    endloop
  endfacet
  facet normal 0.242977 0 0.970032
    outer loop
      vertex -1.23371 11 -4.067
      vertex -0.829133 -11 -4.16834
      vertex -0.829133 11 -4.16834
    endloop
  endfacet
  facet normal 0.242977 0 0.970032
    outer loop
      vertex -0.829133 -11 -4.16834
      vertex -1.23371 11 -4.067
      vertex -1.23371 -11 -4.067
    endloop
  endfacet
  facet normal 0.146713 0 0.989179
    outer loop
      vertex -0.829133 11 -4.16834
      vertex -0.416573 -11 -4.22953
      vertex -0.416573 11 -4.22953
    endloop
  endfacet
  facet normal 0.146713 0 0.989179
    outer loop
      vertex -0.416573 -11 -4.22953
      vertex -0.829133 11 -4.16834
      vertex -0.829133 -11 -4.16834
    endloop
  endfacet
  facet normal 0.514111 0 0.857723
    outer loop
      vertex -2.36117 11 -3.53375
      vertex -2.00344 -11 -3.74817
      vertex -2.00344 11 -3.74817
    endloop
  endfacet
  facet normal 0.514111 0 0.857723
    outer loop
      vertex -2.00344 -11 -3.74817
      vertex -2.36117 11 -3.53375
      vertex -2.36117 -11 -3.53375
    endloop
  endfacet
  facet normal 0.427542 0 0.903995
    outer loop
      vertex -2.00344 11 -3.74817
      vertex -1.6264 -11 -3.92649
      vertex -1.6264 11 -3.92649
    endloop
  endfacet
  facet normal 0.427542 0 0.903995
    outer loop
      vertex -1.6264 -11 -3.92649
      vertex -2.00344 11 -3.74817
      vertex -2.00344 -11 -3.74817
    endloop
  endfacet
  facet normal 0.671561 0 0.740949
    outer loop
      vertex -3.0052 11 -3.0052
      vertex -2.69617 -11 -3.28529
      vertex -2.69617 11 -3.28529
    endloop
  endfacet
  facet normal 0.671561 0 0.740949
    outer loop
      vertex -2.69617 -11 -3.28529
      vertex -3.0052 11 -3.0052
      vertex -3.0052 -11 -3.0052
    endloop
  endfacet
  facet normal 0.803199 -0 0.59571
    outer loop
      vertex -3.53375 -11 -2.36117
      vertex -3.28529 11 -2.69617
      vertex -3.53375 11 -2.36117
    endloop
  endfacet
  facet normal 0.803199 0 0.59571
    outer loop
      vertex -3.28529 11 -2.69617
      vertex -3.53375 -11 -2.36117
      vertex -3.28529 -11 -2.69617
    endloop
  endfacet
  facet normal 0.857723 -0 0.514111
    outer loop
      vertex -3.74817 -11 -2.00344
      vertex -3.53375 11 -2.36117
      vertex -3.74817 11 -2.00344
    endloop
  endfacet
  facet normal 0.857723 0 0.514111
    outer loop
      vertex -3.53375 11 -2.36117
      vertex -3.74817 -11 -2.00344
      vertex -3.53375 -11 -2.36117
    endloop
  endfacet
  facet normal 0.989179 -0 0.146713
    outer loop
      vertex -4.22953 -11 -0.416573
      vertex -4.16834 11 -0.829133
      vertex -4.22953 11 -0.416573
    endloop
  endfacet
  facet normal 0.989179 0 0.146713
    outer loop
      vertex -4.16834 11 -0.829133
      vertex -4.22953 -11 -0.416573
      vertex -4.16834 -11 -0.829133
    endloop
  endfacet
  facet normal 0.970032 -0 0.242977
    outer loop
      vertex -4.16834 -11 -0.829133
      vertex -4.067 11 -1.23371
      vertex -4.16834 11 -0.829133
    endloop
  endfacet
  facet normal 0.970032 0 0.242977
    outer loop
      vertex -4.067 11 -1.23371
      vertex -4.16834 -11 -0.829133
      vertex -4.067 -11 -1.23371
    endloop
  endfacet
  facet normal 0.941542 -0 0.336897
    outer loop
      vertex -4.067 -11 -1.23371
      vertex -3.92649 11 -1.6264
      vertex -4.067 11 -1.23371
    endloop
  endfacet
  facet normal 0.941542 0 0.336897
    outer loop
      vertex -3.92649 11 -1.6264
      vertex -4.067 -11 -1.23371
      vertex -3.92649 -11 -1.6264
    endloop
  endfacet
  facet normal -0.989179 0 0.146713
    outer loop
      vertex 4.16834 -11 -0.829133
      vertex 4.22953 11 -0.416573
      vertex 4.16834 11 -0.829133
    endloop
  endfacet
  facet normal -0.989179 0 0.146713
    outer loop
      vertex 4.22953 11 -0.416573
      vertex 4.16834 -11 -0.829133
      vertex 4.22953 -11 -0.416573
    endloop
  endfacet
  facet normal -0.998795 0 0.0490798
    outer loop
      vertex 4.22953 -11 -0.416573
      vertex 4.25 11 0
      vertex 4.22953 11 -0.416573
    endloop
  endfacet
  facet normal -0.998795 0 0.0490798
    outer loop
      vertex 4.25 11 0
      vertex 4.22953 -11 -0.416573
      vertex 4.25 -11 0
    endloop
  endfacet
  facet normal -0.998796 0 -0.0490586
    outer loop
      vertex 50.175 6 0
      vertex 50.1549 30 0.409221
      vertex 50.175 30 0
    endloop
  endfacet
  facet normal -0.998796 -0 -0.0490586
    outer loop
      vertex 50.1549 30 0.409221
      vertex 50.175 6 0
      vertex 50.1549 6 0.409221
    endloop
  endfacet
  facet normal 0.336843 0 -0.941561
    outer loop
      vertex 44.4023 6 3.8572
      vertex 44.7881 30 3.99522
      vertex 44.7881 6 3.99522
    endloop
  endfacet
  facet normal 0.336843 0 -0.941561
    outer loop
      vertex 44.7881 30 3.99522
      vertex 44.4023 6 3.8572
      vertex 44.4023 30 3.8572
    endloop
  endfacet
  facet normal -0.998796 0 0.0490586
    outer loop
      vertex 50.1549 6 -0.409221
      vertex 50.175 30 0
      vertex 50.1549 30 -0.409221
    endloop
  endfacet
  facet normal -0.998796 0 0.0490586
    outer loop
      vertex 50.175 30 0
      vertex 50.1549 6 -0.409221
      vertex 50.175 6 0
    endloop
  endfacet
  facet normal -0.903967 0 -0.427602
    outer loop
      vertex 49.8572 6 1.5977
      vertex 49.682 30 1.96808
      vertex 49.8572 30 1.5977
    endloop
  endfacet
  facet normal -0.903967 -0 -0.427602
    outer loop
      vertex 49.682 30 1.96808
      vertex 49.8572 6 1.5977
      vertex 49.682 6 1.96808
    endloop
  endfacet
  facet normal -0.857771 0 -0.514033
    outer loop
      vertex 49.682 6 1.96808
      vertex 49.4714 30 2.31951
      vertex 49.682 30 1.96808
    endloop
  endfacet
  facet normal -0.857771 -0 -0.514033
    outer loop
      vertex 49.4714 30 2.31951
      vertex 49.682 6 1.96808
      vertex 49.4714 6 2.31951
    endloop
  endfacet
  facet normal -0.514119 0 -0.857719
    outer loop
      vertex 47.9681 6 3.68202
      vertex 48.3195 30 3.47139
      vertex 48.3195 6 3.47139
    endloop
  endfacet
  facet normal -0.514119 0 -0.857719
    outer loop
      vertex 48.3195 30 3.47139
      vertex 47.9681 6 3.68202
      vertex 47.9681 30 3.68202
    endloop
  endfacet
  facet normal -0.514119 0 0.857719
    outer loop
      vertex 47.9681 30 -3.68202
      vertex 48.3195 6 -3.47139
      vertex 48.3195 30 -3.47139
    endloop
  endfacet
  facet normal -0.514119 0 0.857719
    outer loop
      vertex 48.3195 6 -3.47139
      vertex 47.9681 30 -3.68202
      vertex 47.9681 6 -3.68202
    endloop
  endfacet
  facet normal 0.903967 -0 0.427602
    outer loop
      vertex 42.1428 6 -1.5977
      vertex 42.318 30 -1.96808
      vertex 42.1428 30 -1.5977
    endloop
  endfacet
  facet normal 0.903967 0 0.427602
    outer loop
      vertex 42.318 30 -1.96808
      vertex 42.1428 6 -1.5977
      vertex 42.318 6 -1.96808
    endloop
  endfacet
  facet normal -0.803164 0 -0.595759
    outer loop
      vertex 49.4714 6 2.31951
      vertex 49.2273 30 2.64859
      vertex 49.4714 30 2.31951
    endloop
  endfacet
  facet normal -0.803164 -0 -0.595759
    outer loop
      vertex 49.2273 30 2.64859
      vertex 49.4714 6 2.31951
      vertex 49.2273 6 2.64859
    endloop
  endfacet
  facet normal -0.671536 0 -0.740972
    outer loop
      vertex 48.6486 6 3.22732
      vertex 48.9522 30 2.95217
      vertex 48.9522 6 2.95217
    endloop
  endfacet
  facet normal -0.671536 0 -0.740972
    outer loop
      vertex 48.9522 30 2.95217
      vertex 48.6486 6 3.22732
      vertex 48.6486 30 3.22732
    endloop
  endfacet
  facet normal -0.243018 0 -0.970022
    outer loop
      vertex 46.8145 6 4.09478
      vertex 47.2119 30 3.99522
      vertex 47.2119 6 3.99522
    endloop
  endfacet
  facet normal -0.243018 0 -0.970022
    outer loop
      vertex 47.2119 30 3.99522
      vertex 46.8145 6 4.09478
      vertex 46.8145 30 4.09478
    endloop
  endfacet
  facet normal -0.146729 0 -0.989177
    outer loop
      vertex 46.4092 6 4.1549
      vertex 46.8145 30 4.09478
      vertex 46.8145 6 4.09478
    endloop
  endfacet
  facet normal -0.146729 0 -0.989177
    outer loop
      vertex 46.8145 30 4.09478
      vertex 46.4092 6 4.1549
      vertex 46.4092 30 4.1549
    endloop
  endfacet
  facet normal -0.595688 0 -0.803216
    outer loop
      vertex 48.3195 6 3.47139
      vertex 48.6486 30 3.22732
      vertex 48.6486 6 3.22732
    endloop
  endfacet
  facet normal -0.595688 0 -0.803216
    outer loop
      vertex 48.6486 30 3.22732
      vertex 48.3195 6 3.47139
      vertex 48.3195 30 3.47139
    endloop
  endfacet
  facet normal 0.998796 0 -0.0490586
    outer loop
      vertex 41.8451 6 0.409221
      vertex 41.825 30 0
      vertex 41.8451 30 0.409221
    endloop
  endfacet
  facet normal 0.998796 0 -0.0490586
    outer loop
      vertex 41.825 30 0
      vertex 41.8451 6 0.409221
      vertex 41.825 6 0
    endloop
  endfacet
  facet normal 0 1 0
    outer loop
      vertex 46.4092 6 4.1549
      vertex 45.5908 6 4.1549
      vertex 46 6 4.175
    endloop
  endfacet
  facet normal 0 1 0
    outer loop
      vertex 46.8145 6 4.09478
      vertex 45.5908 6 4.1549
      vertex 46.4092 6 4.1549
    endloop
  endfacet
  facet normal 0 1 0
    outer loop
      vertex 46.8145 6 4.09478
      vertex 45.1855 6 4.09478
      vertex 45.5908 6 4.1549
    endloop
  endfacet
  facet normal 0 1 0
    outer loop
      vertex 47.2119 6 3.99522
      vertex 45.1855 6 4.09478
      vertex 46.8145 6 4.09478
    endloop
  endfacet
  facet normal 0 1 0
    outer loop
      vertex 47.2119 6 3.99522
      vertex 44.7881 6 3.99522
      vertex 45.1855 6 4.09478
    endloop
  endfacet
  facet normal 0 1 0
    outer loop
      vertex 47.5977 6 3.8572
      vertex 44.7881 6 3.99522
      vertex 47.2119 6 3.99522
    endloop
  endfacet
  facet normal 0 1 0
    outer loop
      vertex 47.5977 6 3.8572
      vertex 44.4023 6 3.8572
      vertex 44.7881 6 3.99522
    endloop
  endfacet
  facet normal 0 1 0
    outer loop
      vertex 47.9681 6 3.68202
      vertex 44.4023 6 3.8572
      vertex 47.5977 6 3.8572
    endloop
  endfacet
  facet normal 0 1 0
    outer loop
      vertex 47.9681 6 3.68202
      vertex 44.0319 6 3.68202
      vertex 44.4023 6 3.8572
    endloop
  endfacet
  facet normal 0 1 0
    outer loop
      vertex 48.3195 6 3.47139
      vertex 44.0319 6 3.68202
      vertex 47.9681 6 3.68202
    endloop
  endfacet
  facet normal 0 1 0
    outer loop
      vertex 48.3195 6 3.47139
      vertex 43.6805 6 3.47139
      vertex 44.0319 6 3.68202
    endloop
  endfacet
  facet normal 0 1 0
    outer loop
      vertex 48.6486 6 3.22732
      vertex 43.6805 6 3.47139
      vertex 48.3195 6 3.47139
    endloop
  endfacet
  facet normal 0 1 0
    outer loop
      vertex 48.6486 6 3.22732
      vertex 43.3514 6 3.22732
      vertex 43.6805 6 3.47139
    endloop
  endfacet
  facet normal 0 1 0
    outer loop
      vertex 48.9522 6 2.95217
      vertex 43.3514 6 3.22732
      vertex 48.6486 6 3.22732
    endloop
  endfacet
  facet normal 0 1 0
    outer loop
      vertex 48.9522 6 2.95217
      vertex 43.0478 6 2.95217
      vertex 43.3514 6 3.22732
    endloop
  endfacet
  facet normal 0 1 0
    outer loop
      vertex 49.2273 6 2.64859
      vertex 43.0478 6 2.95217
      vertex 48.9522 6 2.95217
    endloop
  endfacet
  facet normal 0 1 0
    outer loop
      vertex 49.2273 6 2.64859
      vertex 42.7727 6 2.64859
      vertex 43.0478 6 2.95217
    endloop
  endfacet
  facet normal 0 1 0
    outer loop
      vertex 49.4714 6 2.31951
      vertex 42.7727 6 2.64859
      vertex 49.2273 6 2.64859
    endloop
  endfacet
  facet normal 0 1 0
    outer loop
      vertex 49.4714 6 2.31951
      vertex 42.5286 6 2.31951
      vertex 42.7727 6 2.64859
    endloop
  endfacet
  facet normal 0 1 0
    outer loop
      vertex 49.682 6 1.96808
      vertex 42.5286 6 2.31951
      vertex 49.4714 6 2.31951
    endloop
  endfacet
  facet normal 0 1 0
    outer loop
      vertex 49.682 6 1.96808
      vertex 42.318 6 1.96808
      vertex 42.5286 6 2.31951
    endloop
  endfacet
  facet normal 0 1 0
    outer loop
      vertex 49.8572 6 1.5977
      vertex 42.318 6 1.96808
      vertex 49.682 6 1.96808
    endloop
  endfacet
  facet normal 0 1 0
    outer loop
      vertex 49.8572 6 1.5977
      vertex 42.1428 6 1.5977
      vertex 42.318 6 1.96808
    endloop
  endfacet
  facet normal 0 1 0
    outer loop
      vertex 49.9952 6 1.21194
      vertex 42.1428 6 1.5977
      vertex 49.8572 6 1.5977
    endloop
  endfacet
  facet normal 0 1 0
    outer loop
      vertex 49.9952 6 1.21194
      vertex 42.0048 6 1.21194
      vertex 42.1428 6 1.5977
    endloop
  endfacet
  facet normal 0 1 0
    outer loop
      vertex 50.0948 6 0.814502
      vertex 42.0048 6 1.21194
      vertex 49.9952 6 1.21194
    endloop
  endfacet
  facet normal 0 1 0
    outer loop
      vertex 50.0948 6 0.814502
      vertex 41.9052 6 0.814502
      vertex 42.0048 6 1.21194
    endloop
  endfacet
  facet normal 0 1 0
    outer loop
      vertex 50.1549 6 0.409221
      vertex 41.9052 6 0.814502
      vertex 50.0948 6 0.814502
    endloop
  endfacet
  facet normal 0 1 0
    outer loop
      vertex 50.1549 6 0.409221
      vertex 41.8451 6 0.409221
      vertex 41.9052 6 0.814502
    endloop
  endfacet
  facet normal 0 1 0
    outer loop
      vertex 50.175 6 0
      vertex 41.8451 6 0.409221
      vertex 50.1549 6 0.409221
    endloop
  endfacet
  facet normal 0 1 0
    outer loop
      vertex 50.175 6 0
      vertex 41.825 6 0
      vertex 41.8451 6 0.409221
    endloop
  endfacet
  facet normal 0 1 -0
    outer loop
      vertex 50.1549 6 -0.409221
      vertex 41.825 6 0
      vertex 50.175 6 0
    endloop
  endfacet
  facet normal 0 1 0
    outer loop
      vertex 50.1549 6 -0.409221
      vertex 41.8451 6 -0.409221
      vertex 41.825 6 0
    endloop
  endfacet
  facet normal 0 1 -0
    outer loop
      vertex 50.0948 6 -0.814502
      vertex 41.8451 6 -0.409221
      vertex 50.1549 6 -0.409221
    endloop
  endfacet
  facet normal 0 1 0
    outer loop
      vertex 50.0948 6 -0.814502
      vertex 41.9052 6 -0.814502
      vertex 41.8451 6 -0.409221
    endloop
  endfacet
  facet normal 0 1 -0
    outer loop
      vertex 49.9952 6 -1.21194
      vertex 41.9052 6 -0.814502
      vertex 50.0948 6 -0.814502
    endloop
  endfacet
  facet normal 0 1 0
    outer loop
      vertex 49.9952 6 -1.21194
      vertex 42.0048 6 -1.21194
      vertex 41.9052 6 -0.814502
    endloop
  endfacet
  facet normal 0 1 -0
    outer loop
      vertex 49.8572 6 -1.5977
      vertex 42.0048 6 -1.21194
      vertex 49.9952 6 -1.21194
    endloop
  endfacet
  facet normal 0 1 0
    outer loop
      vertex 49.8572 6 -1.5977
      vertex 42.1428 6 -1.5977
      vertex 42.0048 6 -1.21194
    endloop
  endfacet
  facet normal 0 1 -0
    outer loop
      vertex 49.682 6 -1.96808
      vertex 42.1428 6 -1.5977
      vertex 49.8572 6 -1.5977
    endloop
  endfacet
  facet normal 0 1 0
    outer loop
      vertex 49.682 6 -1.96808
      vertex 42.318 6 -1.96808
      vertex 42.1428 6 -1.5977
    endloop
  endfacet
  facet normal 0 1 -0
    outer loop
      vertex 49.4714 6 -2.31951
      vertex 42.318 6 -1.96808
      vertex 49.682 6 -1.96808
    endloop
  endfacet
  facet normal 0 1 0
    outer loop
      vertex 49.4714 6 -2.31951
      vertex 42.5286 6 -2.31951
      vertex 42.318 6 -1.96808
    endloop
  endfacet
  facet normal 0 1 -0
    outer loop
      vertex 49.2273 6 -2.64859
      vertex 42.5286 6 -2.31951
      vertex 49.4714 6 -2.31951
    endloop
  endfacet
  facet normal 0 1 0
    outer loop
      vertex 49.2273 6 -2.64859
      vertex 42.7727 6 -2.64859
      vertex 42.5286 6 -2.31951
    endloop
  endfacet
  facet normal 0 1 -0
    outer loop
      vertex 48.9522 6 -2.95217
      vertex 42.7727 6 -2.64859
      vertex 49.2273 6 -2.64859
    endloop
  endfacet
  facet normal 0 1 0
    outer loop
      vertex 48.9522 6 -2.95217
      vertex 43.0478 6 -2.95217
      vertex 42.7727 6 -2.64859
    endloop
  endfacet
  facet normal 0 1 -0
    outer loop
      vertex 48.6486 6 -3.22732
      vertex 43.0478 6 -2.95217
      vertex 48.9522 6 -2.95217
    endloop
  endfacet
  facet normal 0 1 0
    outer loop
      vertex 48.6486 6 -3.22732
      vertex 43.3514 6 -3.22732
      vertex 43.0478 6 -2.95217
    endloop
  endfacet
  facet normal 0 1 -0
    outer loop
      vertex 48.3195 6 -3.47139
      vertex 43.3514 6 -3.22732
      vertex 48.6486 6 -3.22732
    endloop
  endfacet
  facet normal 0 1 0
    outer loop
      vertex 48.3195 6 -3.47139
      vertex 43.6805 6 -3.47139
      vertex 43.3514 6 -3.22732
    endloop
  endfacet
  facet normal 0 1 -0
    outer loop
      vertex 47.9681 6 -3.68202
      vertex 43.6805 6 -3.47139
      vertex 48.3195 6 -3.47139
    endloop
  endfacet
  facet normal 0 1 0
    outer loop
      vertex 47.9681 6 -3.68202
      vertex 44.0319 6 -3.68202
      vertex 43.6805 6 -3.47139
    endloop
  endfacet
  facet normal 0 1 -0
    outer loop
      vertex 47.5977 6 -3.8572
      vertex 44.0319 6 -3.68202
      vertex 47.9681 6 -3.68202
    endloop
  endfacet
  facet normal 0 1 0
    outer loop
      vertex 47.5977 6 -3.8572
      vertex 44.4023 6 -3.8572
      vertex 44.0319 6 -3.68202
    endloop
  endfacet
  facet normal 0 1 -0
    outer loop
      vertex 47.2119 6 -3.99522
      vertex 44.4023 6 -3.8572
      vertex 47.5977 6 -3.8572
    endloop
  endfacet
  facet normal 0 1 0
    outer loop
      vertex 47.2119 6 -3.99522
      vertex 44.7881 6 -3.99522
      vertex 44.4023 6 -3.8572
    endloop
  endfacet
  facet normal 0 1 -0
    outer loop
      vertex 46.8145 6 -4.09478
      vertex 44.7881 6 -3.99522
      vertex 47.2119 6 -3.99522
    endloop
  endfacet
  facet normal 0 1 0
    outer loop
      vertex 46.8145 6 -4.09478
      vertex 45.1855 6 -4.09478
      vertex 44.7881 6 -3.99522
    endloop
  endfacet
  facet normal 0 1 -0
    outer loop
      vertex 46.4092 6 -4.1549
      vertex 45.1855 6 -4.09478
      vertex 46.8145 6 -4.09478
    endloop
  endfacet
  facet normal 0 1 0
    outer loop
      vertex 46.4092 6 -4.1549
      vertex 45.5908 6 -4.1549
      vertex 45.1855 6 -4.09478
    endloop
  endfacet
  facet normal -0 1 0
    outer loop
      vertex 45.5908 6 -4.1549
      vertex 46.4092 6 -4.1549
      vertex 46 6 -4.175
    endloop
  endfacet
  facet normal 0.941565 0 -0.336831
    outer loop
      vertex 42.1428 6 1.5977
      vertex 42.0048 30 1.21194
      vertex 42.1428 30 1.5977
    endloop
  endfacet
  facet normal 0.941565 0 -0.336831
    outer loop
      vertex 42.0048 30 1.21194
      vertex 42.1428 6 1.5977
      vertex 42.0048 6 1.21194
    endloop
  endfacet
  facet normal 0.970004 0 -0.243088
    outer loop
      vertex 42.0048 6 1.21194
      vertex 41.9052 30 0.814502
      vertex 42.0048 30 1.21194
    endloop
  endfacet
  facet normal 0.970004 0 -0.243088
    outer loop
      vertex 41.9052 30 0.814502
      vertex 42.0048 6 1.21194
      vertex 41.9052 6 0.814502
    endloop
  endfacet
  facet normal 0.803164 0 -0.595759
    outer loop
      vertex 42.7727 6 2.64859
      vertex 42.5286 30 2.31951
      vertex 42.7727 30 2.64859
    endloop
  endfacet
  facet normal 0.803164 0 -0.595759
    outer loop
      vertex 42.5286 30 2.31951
      vertex 42.7727 6 2.64859
      vertex 42.5286 6 2.31951
    endloop
  endfacet
  facet normal 0.74101 0 -0.671493
    outer loop
      vertex 43.0478 6 2.95217
      vertex 42.7727 30 2.64859
      vertex 43.0478 30 2.95217
    endloop
  endfacet
  facet normal 0.74101 0 -0.671493
    outer loop
      vertex 42.7727 30 2.64859
      vertex 43.0478 6 2.95217
      vertex 42.7727 6 2.64859
    endloop
  endfacet
  facet normal 0.146729 0 -0.989177
    outer loop
      vertex 45.1855 6 4.09478
      vertex 45.5908 30 4.1549
      vertex 45.5908 6 4.1549
    endloop
  endfacet
  facet normal 0.146729 0 -0.989177
    outer loop
      vertex 45.5908 30 4.1549
      vertex 45.1855 6 4.09478
      vertex 45.1855 30 4.09478
    endloop
  endfacet
  facet normal 0.514119 0 -0.857719
    outer loop
      vertex 43.6805 6 3.47139
      vertex 44.0319 30 3.68202
      vertex 44.0319 6 3.68202
    endloop
  endfacet
  facet normal 0.514119 0 -0.857719
    outer loop
      vertex 44.0319 30 3.68202
      vertex 43.6805 6 3.47139
      vertex 43.6805 30 3.47139
    endloop
  endfacet
  facet normal 0.427543 0 -0.903995
    outer loop
      vertex 44.0319 6 3.68202
      vertex 44.4023 30 3.8572
      vertex 44.4023 6 3.8572
    endloop
  endfacet
  facet normal 0.427543 0 -0.903995
    outer loop
      vertex 44.4023 30 3.8572
      vertex 44.0319 6 3.68202
      vertex 44.0319 30 3.68202
    endloop
  endfacet
  facet normal 0.671536 0 -0.740972
    outer loop
      vertex 43.0478 6 2.95217
      vertex 43.3514 30 3.22732
      vertex 43.3514 6 3.22732
    endloop
  endfacet
  facet normal 0.671536 0 -0.740972
    outer loop
      vertex 43.3514 30 3.22732
      vertex 43.0478 6 2.95217
      vertex 43.0478 30 2.95217
    endloop
  endfacet
  facet normal -0.970004 0 0.243088
    outer loop
      vertex 49.9952 6 -1.21194
      vertex 50.0948 30 -0.814502
      vertex 49.9952 30 -1.21194
    endloop
  endfacet
  facet normal -0.970004 0 0.243088
    outer loop
      vertex 50.0948 30 -0.814502
      vertex 49.9952 6 -1.21194
      vertex 50.0948 6 -0.814502
    endloop
  endfacet
  facet normal 0.671536 0 0.740972
    outer loop
      vertex 43.0478 30 -2.95217
      vertex 43.3514 6 -3.22732
      vertex 43.3514 30 -3.22732
    endloop
  endfacet
  facet normal 0.671536 0 0.740972
    outer loop
      vertex 43.3514 6 -3.22732
      vertex 43.0478 30 -2.95217
      vertex 43.0478 6 -2.95217
    endloop
  endfacet
  facet normal 0.803164 -0 0.595759
    outer loop
      vertex 42.5286 6 -2.31951
      vertex 42.7727 30 -2.64859
      vertex 42.5286 30 -2.31951
    endloop
  endfacet
  facet normal 0.803164 0 0.595759
    outer loop
      vertex 42.7727 30 -2.64859
      vertex 42.5286 6 -2.31951
      vertex 42.7727 6 -2.64859
    endloop
  endfacet
  facet normal -0.0490611 0 0.998796
    outer loop
      vertex 46 30 -4.175
      vertex 46.4092 6 -4.1549
      vertex 46.4092 30 -4.1549
    endloop
  endfacet
  facet normal -0.0490611 0 0.998796
    outer loop
      vertex 46.4092 6 -4.1549
      vertex 46 30 -4.175
      vertex 46 6 -4.175
    endloop
  endfacet
  facet normal -0.146729 0 0.989177
    outer loop
      vertex 46.4092 30 -4.1549
      vertex 46.8145 6 -4.09478
      vertex 46.8145 30 -4.09478
    endloop
  endfacet
  facet normal -0.146729 0 0.989177
    outer loop
      vertex 46.8145 6 -4.09478
      vertex 46.4092 30 -4.1549
      vertex 46.4092 6 -4.1549
    endloop
  endfacet
  facet normal -0.941565 0 -0.336831
    outer loop
      vertex 49.9952 6 1.21194
      vertex 49.8572 30 1.5977
      vertex 49.9952 30 1.21194
    endloop
  endfacet
  facet normal -0.941565 -0 -0.336831
    outer loop
      vertex 49.8572 30 1.5977
      vertex 49.9952 6 1.21194
      vertex 49.8572 6 1.5977
    endloop
  endfacet
  facet normal -0.989183 0 -0.146688
    outer loop
      vertex 50.1549 6 0.409221
      vertex 50.0948 30 0.814502
      vertex 50.1549 30 0.409221
    endloop
  endfacet
  facet normal -0.989183 -0 -0.146688
    outer loop
      vertex 50.0948 30 0.814502
      vertex 50.1549 6 0.409221
      vertex 50.0948 6 0.814502
    endloop
  endfacet
  facet normal -0.74101 0 -0.671493
    outer loop
      vertex 49.2273 6 2.64859
      vertex 48.9522 30 2.95217
      vertex 49.2273 30 2.64859
    endloop
  endfacet
  facet normal -0.74101 -0 -0.671493
    outer loop
      vertex 48.9522 30 2.95217
      vertex 49.2273 6 2.64859
      vertex 48.9522 6 2.95217
    endloop
  endfacet
  facet normal -0.0490611 0 -0.998796
    outer loop
      vertex 46 6 4.175
      vertex 46.4092 30 4.1549
      vertex 46.4092 6 4.1549
    endloop
  endfacet
  facet normal -0.0490611 0 -0.998796
    outer loop
      vertex 46.4092 30 4.1549
      vertex 46 6 4.175
      vertex 46 30 4.175
    endloop
  endfacet
  facet normal 0.0490611 0 -0.998796
    outer loop
      vertex 45.5908 6 4.1549
      vertex 46 30 4.175
      vertex 46 6 4.175
    endloop
  endfacet
  facet normal 0.0490611 0 -0.998796
    outer loop
      vertex 46 30 4.175
      vertex 45.5908 6 4.1549
      vertex 45.5908 30 4.1549
    endloop
  endfacet
  facet normal -0.427543 0 -0.903995
    outer loop
      vertex 47.5977 6 3.8572
      vertex 47.9681 30 3.68202
      vertex 47.9681 6 3.68202
    endloop
  endfacet
  facet normal -0.427543 0 -0.903995
    outer loop
      vertex 47.9681 30 3.68202
      vertex 47.5977 6 3.8572
      vertex 47.5977 30 3.8572
    endloop
  endfacet
  facet normal -0.336843 0 -0.941561
    outer loop
      vertex 47.2119 6 3.99522
      vertex 47.5977 30 3.8572
      vertex 47.5977 6 3.8572
    endloop
  endfacet
  facet normal -0.336843 0 -0.941561
    outer loop
      vertex 47.5977 30 3.8572
      vertex 47.2119 6 3.99522
      vertex 47.2119 30 3.99522
    endloop
  endfacet
  facet normal 0.989183 0 -0.146688
    outer loop
      vertex 41.9052 6 0.814502
      vertex 41.8451 30 0.409221
      vertex 41.9052 30 0.814502
    endloop
  endfacet
  facet normal 0.989183 0 -0.146688
    outer loop
      vertex 41.8451 30 0.409221
      vertex 41.9052 6 0.814502
      vertex 41.8451 6 0.409221
    endloop
  endfacet
  facet normal 0.857771 0 -0.514033
    outer loop
      vertex 42.5286 6 2.31951
      vertex 42.318 30 1.96808
      vertex 42.5286 30 2.31951
    endloop
  endfacet
  facet normal 0.857771 0 -0.514033
    outer loop
      vertex 42.318 30 1.96808
      vertex 42.5286 6 2.31951
      vertex 42.318 6 1.96808
    endloop
  endfacet
  facet normal 0.903967 0 -0.427602
    outer loop
      vertex 42.318 6 1.96808
      vertex 42.1428 30 1.5977
      vertex 42.318 30 1.96808
    endloop
  endfacet
  facet normal 0.903967 0 -0.427602
    outer loop
      vertex 42.1428 30 1.5977
      vertex 42.318 6 1.96808
      vertex 42.1428 6 1.5977
    endloop
  endfacet
  facet normal 0.243018 0 -0.970022
    outer loop
      vertex 44.7881 6 3.99522
      vertex 45.1855 30 4.09478
      vertex 45.1855 6 4.09478
    endloop
  endfacet
  facet normal 0.243018 0 -0.970022
    outer loop
      vertex 45.1855 30 4.09478
      vertex 44.7881 6 3.99522
      vertex 44.7881 30 3.99522
    endloop
  endfacet
  facet normal 0.595688 0 -0.803216
    outer loop
      vertex 43.3514 6 3.22732
      vertex 43.6805 30 3.47139
      vertex 43.6805 6 3.47139
    endloop
  endfacet
  facet normal 0.595688 0 -0.803216
    outer loop
      vertex 43.6805 30 3.47139
      vertex 43.3514 6 3.22732
      vertex 43.3514 30 3.22732
    endloop
  endfacet
  facet normal -0.989183 0 0.146688
    outer loop
      vertex 50.0948 6 -0.814502
      vertex 50.1549 30 -0.409221
      vertex 50.0948 30 -0.814502
    endloop
  endfacet
  facet normal -0.989183 0 0.146688
    outer loop
      vertex 50.1549 30 -0.409221
      vertex 50.0948 6 -0.814502
      vertex 50.1549 6 -0.409221
    endloop
  endfacet
  facet normal -0.903967 0 0.427602
    outer loop
      vertex 49.682 6 -1.96808
      vertex 49.8572 30 -1.5977
      vertex 49.682 30 -1.96808
    endloop
  endfacet
  facet normal -0.903967 0 0.427602
    outer loop
      vertex 49.8572 30 -1.5977
      vertex 49.682 6 -1.96808
      vertex 49.8572 6 -1.5977
    endloop
  endfacet
  facet normal -0.671536 0 0.740972
    outer loop
      vertex 48.6486 30 -3.22732
      vertex 48.9522 6 -2.95217
      vertex 48.9522 30 -2.95217
    endloop
  endfacet
  facet normal -0.671536 0 0.740972
    outer loop
      vertex 48.9522 6 -2.95217
      vertex 48.6486 30 -3.22732
      vertex 48.6486 6 -3.22732
    endloop
  endfacet
  facet normal 0.0490611 0 0.998796
    outer loop
      vertex 45.5908 30 -4.1549
      vertex 46 6 -4.175
      vertex 46 30 -4.175
    endloop
  endfacet
  facet normal 0.0490611 0 0.998796
    outer loop
      vertex 46 6 -4.175
      vertex 45.5908 30 -4.1549
      vertex 45.5908 6 -4.1549
    endloop
  endfacet
  facet normal 0.998796 -0 0.0490586
    outer loop
      vertex 41.825 6 0
      vertex 41.8451 30 -0.409221
      vertex 41.825 30 0
    endloop
  endfacet
  facet normal 0.998796 0 0.0490586
    outer loop
      vertex 41.8451 30 -0.409221
      vertex 41.825 6 0
      vertex 41.8451 6 -0.409221
    endloop
  endfacet
  facet normal 0.970004 -0 0.243088
    outer loop
      vertex 41.9052 6 -0.814502
      vertex 42.0048 30 -1.21194
      vertex 41.9052 30 -0.814502
    endloop
  endfacet
  facet normal 0.970004 0 0.243088
    outer loop
      vertex 42.0048 30 -1.21194
      vertex 41.9052 6 -0.814502
      vertex 42.0048 6 -1.21194
    endloop
  endfacet
  facet normal 0.74101 -0 0.671493
    outer loop
      vertex 42.7727 6 -2.64859
      vertex 43.0478 30 -2.95217
      vertex 42.7727 30 -2.64859
    endloop
  endfacet
  facet normal 0.74101 0 0.671493
    outer loop
      vertex 43.0478 30 -2.95217
      vertex 42.7727 6 -2.64859
      vertex 43.0478 6 -2.95217
    endloop
  endfacet
  facet normal -0.243018 0 0.970022
    outer loop
      vertex 46.8145 30 -4.09478
      vertex 47.2119 6 -3.99522
      vertex 47.2119 30 -3.99522
    endloop
  endfacet
  facet normal -0.243018 0 0.970022
    outer loop
      vertex 47.2119 6 -3.99522
      vertex 46.8145 30 -4.09478
      vertex 46.8145 6 -4.09478
    endloop
  endfacet
  facet normal -0.427543 0 0.903995
    outer loop
      vertex 47.5977 30 -3.8572
      vertex 47.9681 6 -3.68202
      vertex 47.9681 30 -3.68202
    endloop
  endfacet
  facet normal -0.427543 0 0.903995
    outer loop
      vertex 47.9681 6 -3.68202
      vertex 47.5977 30 -3.8572
      vertex 47.5977 6 -3.8572
    endloop
  endfacet
  facet normal -0.970004 0 -0.243088
    outer loop
      vertex 50.0948 6 0.814502
      vertex 49.9952 30 1.21194
      vertex 50.0948 30 0.814502
    endloop
  endfacet
  facet normal -0.970004 -0 -0.243088
    outer loop
      vertex 49.9952 30 1.21194
      vertex 50.0948 6 0.814502
      vertex 49.9952 6 1.21194
    endloop
  endfacet
  facet normal -0.941565 0 0.336831
    outer loop
      vertex 49.8572 6 -1.5977
      vertex 49.9952 30 -1.21194
      vertex 49.8572 30 -1.5977
    endloop
  endfacet
  facet normal -0.941565 0 0.336831
    outer loop
      vertex 49.9952 30 -1.21194
      vertex 49.8572 6 -1.5977
      vertex 49.9952 6 -1.21194
    endloop
  endfacet
  facet normal -0.595688 0 0.803216
    outer loop
      vertex 48.3195 30 -3.47139
      vertex 48.6486 6 -3.22732
      vertex 48.6486 30 -3.22732
    endloop
  endfacet
  facet normal -0.595688 0 0.803216
    outer loop
      vertex 48.6486 6 -3.22732
      vertex 48.3195 30 -3.47139
      vertex 48.3195 6 -3.47139
    endloop
  endfacet
  facet normal -0.74101 0 0.671493
    outer loop
      vertex 48.9522 6 -2.95217
      vertex 49.2273 30 -2.64859
      vertex 48.9522 30 -2.95217
    endloop
  endfacet
  facet normal -0.74101 0 0.671493
    outer loop
      vertex 49.2273 30 -2.64859
      vertex 48.9522 6 -2.95217
      vertex 49.2273 6 -2.64859
    endloop
  endfacet
  facet normal -0.803164 0 0.595759
    outer loop
      vertex 49.2273 6 -2.64859
      vertex 49.4714 30 -2.31951
      vertex 49.2273 30 -2.64859
    endloop
  endfacet
  facet normal -0.803164 0 0.595759
    outer loop
      vertex 49.4714 30 -2.31951
      vertex 49.2273 6 -2.64859
      vertex 49.4714 6 -2.31951
    endloop
  endfacet
  facet normal -0.857771 0 0.514033
    outer loop
      vertex 49.4714 6 -2.31951
      vertex 49.682 30 -1.96808
      vertex 49.4714 30 -2.31951
    endloop
  endfacet
  facet normal -0.857771 0 0.514033
    outer loop
      vertex 49.682 30 -1.96808
      vertex 49.4714 6 -2.31951
      vertex 49.682 6 -1.96808
    endloop
  endfacet
  facet normal 0.336843 0 0.941561
    outer loop
      vertex 44.4023 30 -3.8572
      vertex 44.7881 6 -3.99522
      vertex 44.7881 30 -3.99522
    endloop
  endfacet
  facet normal 0.336843 0 0.941561
    outer loop
      vertex 44.7881 6 -3.99522
      vertex 44.4023 30 -3.8572
      vertex 44.4023 6 -3.8572
    endloop
  endfacet
  facet normal 0.243018 0 0.970022
    outer loop
      vertex 44.7881 30 -3.99522
      vertex 45.1855 6 -4.09478
      vertex 45.1855 30 -4.09478
    endloop
  endfacet
  facet normal 0.243018 0 0.970022
    outer loop
      vertex 45.1855 6 -4.09478
      vertex 44.7881 30 -3.99522
      vertex 44.7881 6 -3.99522
    endloop
  endfacet
  facet normal 0.989183 -0 0.146688
    outer loop
      vertex 41.8451 6 -0.409221
      vertex 41.9052 30 -0.814502
      vertex 41.8451 30 -0.409221
    endloop
  endfacet
  facet normal 0.989183 0 0.146688
    outer loop
      vertex 41.9052 30 -0.814502
      vertex 41.8451 6 -0.409221
      vertex 41.9052 6 -0.814502
    endloop
  endfacet
  facet normal 0.941565 -0 0.336831
    outer loop
      vertex 42.0048 6 -1.21194
      vertex 42.1428 30 -1.5977
      vertex 42.0048 30 -1.21194
    endloop
  endfacet
  facet normal 0.941565 0 0.336831
    outer loop
      vertex 42.1428 30 -1.5977
      vertex 42.0048 6 -1.21194
      vertex 42.1428 6 -1.5977
    endloop
  endfacet
  facet normal 0.857771 -0 0.514033
    outer loop
      vertex 42.318 6 -1.96808
      vertex 42.5286 30 -2.31951
      vertex 42.318 30 -1.96808
    endloop
  endfacet
  facet normal 0.857771 0 0.514033
    outer loop
      vertex 42.5286 30 -2.31951
      vertex 42.318 6 -1.96808
      vertex 42.5286 6 -2.31951
    endloop
  endfacet
  facet normal -0.336843 0 0.941561
    outer loop
      vertex 47.2119 30 -3.99522
      vertex 47.5977 6 -3.8572
      vertex 47.5977 30 -3.8572
    endloop
  endfacet
  facet normal -0.336843 0 0.941561
    outer loop
      vertex 47.5977 6 -3.8572
      vertex 47.2119 30 -3.99522
      vertex 47.2119 6 -3.99522
    endloop
  endfacet
  facet normal 0.146729 0 0.989177
    outer loop
      vertex 45.1855 30 -4.09478
      vertex 45.5908 6 -4.1549
      vertex 45.5908 30 -4.1549
    endloop
  endfacet
  facet normal 0.146729 0 0.989177
    outer loop
      vertex 45.5908 6 -4.1549
      vertex 45.1855 30 -4.09478
      vertex 45.1855 6 -4.09478
    endloop
  endfacet
  facet normal 0.595688 0 0.803216
    outer loop
      vertex 43.3514 30 -3.22732
      vertex 43.6805 6 -3.47139
      vertex 43.6805 30 -3.47139
    endloop
  endfacet
  facet normal 0.595688 0 0.803216
    outer loop
      vertex 43.6805 6 -3.47139
      vertex 43.3514 30 -3.22732
      vertex 43.3514 6 -3.22732
    endloop
  endfacet
  facet normal 0.514119 0 0.857719
    outer loop
      vertex 43.6805 30 -3.47139
      vertex 44.0319 6 -3.68202
      vertex 44.0319 30 -3.68202
    endloop
  endfacet
  facet normal 0.514119 0 0.857719
    outer loop
      vertex 44.0319 6 -3.68202
      vertex 43.6805 30 -3.47139
      vertex 43.6805 6 -3.47139
    endloop
  endfacet
  facet normal 0.427543 0 0.903995
    outer loop
      vertex 44.0319 30 -3.68202
      vertex 44.4023 6 -3.8572
      vertex 44.4023 30 -3.8572
    endloop
  endfacet
  facet normal 0.427543 0 0.903995
    outer loop
      vertex 44.4023 6 -3.8572
      vertex 44.0319 30 -3.68202
      vertex 44.0319 6 -3.68202
    endloop
  endfacet
endsolid OpenSCAD_Model
